cluster_id,Name,City,STATE,LATITUDE,LONGITUDE,Facility_Type,GASOLINE,DISTILLATE,JETFUEL,capacity_gallons_total,model_capacity,capacity_value_status,capacity_estimation_method,capacity_source_reference,nearest_observed_distance_km
L_0001,"""Alice Mae's"" Shoppers Cache - The Laundry",Chugiak,AK,61.394112,-149.463351,,Y,N,N,10000.0,238.0952381,existing_value_preserved,Existing clustered capacity retained.,,
L_0002,10th Street Tesoro,Juneau,AK,58.301778,-133.576369,Gas Station,Y,Y,N,24000.0,571.4285714,existing_value_preserved,Existing clustered capacity retained.,,
L_0003,10th Street Tesoro | Tesoro Alaska,Juneau,AK,58.3016455,-134.4238424,,Y,Y,N,24000.0,571.4285714,existing_value_preserved,Existing clustered capacity retained.,,
L_0004,2 Go Mart-Tesoro Northstore #0077,Palmer,AK,61.59375,-149.121063,,Y,Y,N,16000.0,380.952381,existing_value_preserved,Existing clustered capacity retained.,,
L_0005,2 Go Mart-Tesoro Northstore #0079,Anchorage,AK,61.194843,-149.867541,,Y,N,N,26000.0,619.047619,existing_value_preserved,Existing clustered capacity retained.,,
L_0006,2Go Mart Tesoro #80,Anchorage,AK,61.166043,-149.8679325,,Y,N,N,15000.0,357.1428571,existing_value_preserved,Existing clustered capacity retained.,,
L_0007,2Go Mart-Tesoro Northstore #101,Fairbanks,AK,64.813608,-147.7094805,,Y,Y,N,40000.0,952.3809524,existing_value_preserved,Existing clustered capacity retained.,,
L_0008,2Go Mart-Tesoro Northstore #111,Fairbanks,AK,64.855449,-147.8119905,,Y,Y,N,30000.0,714.2857143,existing_value_preserved,Existing clustered capacity retained.,,
L_0009,2Go Mart-Tesoro Northstore #112,North Pole,AK,64.759149,-147.349701,,Y,N,N,12000.0,285.7142857,existing_value_preserved,Existing clustered capacity retained.,,
L_0010,2Go Mart-Tesoro Northstore #115 | Tesoro,Fairbanks,AK,64.8537534,-147.7149018,,Y,N,N,26000.0,619.047619,existing_value_preserved,Existing clustered capacity retained.,,
L_0011,2Go Mart-Tesoro Northstore #12,Wasilla,AK,61.581276,-149.440752,,Y,N,N,15000.0,357.1428571,existing_value_preserved,Existing clustered capacity retained.,,
L_0012,2Go Mart-Tesoro Northstore #14,Anchorage,AK,61.220997,-149.7774915,,Y,N,N,15000.0,357.1428571,existing_value_preserved,Existing clustered capacity retained.,,
L_0013,2Go Mart-Tesoro Northstore #15,Anchorage,AK,61.109415,-149.8596525,,Y,Y,N,24000.0,571.4285714,existing_value_preserved,Existing clustered capacity retained.,,
L_0014,2Go Mart-Tesoro Northstore #2,Anchorage,AK,61.179039,-149.9400225,,Y,N,N,12000.0,285.7142857,existing_value_preserved,Existing clustered capacity retained.,,
L_0015,2Go Mart-Tesoro Northstore #201,Kenai,AK,60.6355697,-151.3471165,,Y,N,N,15000.0,357.1428571,existing_value_preserved,Existing clustered capacity retained.,,
L_0016,2Go Mart-Tesoro Northstore #203,Soldotna,AK,60.4947248,-151.0684811,,Y,N,N,12000.0,285.7142857,existing_value_preserved,Existing clustered capacity retained.,,
L_0017,2Go Mart-Tesoro Northstore #207,Soldotna,AK,60.4836857,-151.0660374,,Y,N,N,15000.0,357.1428571,existing_value_preserved,Existing clustered capacity retained.,,
L_0018,2Go Mart-Tesoro Northstore #3,Anchorage,AK,61.159392,-149.834934,,Y,N,N,12000.0,285.7142857,existing_value_preserved,Existing clustered capacity retained.,,
L_0019,2Go Mart-Tesoro Northstore #52,Wasilla,AK,61.5823784,-149.6303509,,Y,N,N,26000.0,619.047619,existing_value_preserved,Existing clustered capacity retained.,,
L_0020,2Go Mart-Tesoro Northstore #53,Wasilla,AK,61.577874,-149.4095625,,Y,N,N,26000.0,619.047619,existing_value_preserved,Existing clustered capacity retained.,,
L_0021,2Go Mart-Tesoro Northstore #54,Girdwood,AK,60.940269,-149.1721425,,Y,Y,N,40000.0,952.3809524,existing_value_preserved,Existing clustered capacity retained.,,
L_0022,2Go Mart-Tesoro Northstore #55,Anchorage,AK,61.217154,-149.732694,,Y,N,N,25000.0,595.2380952,existing_value_preserved,Existing clustered capacity retained.,,
L_0023,2Go Mart-Tesoro Northstore #61,Anchorage,AK,61.154802,-149.8916025,,Y,N,N,18000.0,428.5714286,existing_value_preserved,Existing clustered capacity retained.,,
L_0024,2Go Mart-Tesoro Northstore #71,Anchorage,AK,61.1380668,-149.8476547,,Y,N,N,26000.0,619.047619,existing_value_preserved,Existing clustered capacity retained.,,
L_0025,2Go Mart-Tesoro Northstore #72,Anchorage,AK,61.195878,-149.8820535,,Y,N,N,20000.0,476.1904762,existing_value_preserved,Existing clustered capacity retained.,,
L_0026,2Go Mart-Tesoro Northstore #73,Eagle River,AK,61.329753,-149.566581,,Y,N,N,20000.0,476.1904762,existing_value_preserved,Existing clustered capacity retained.,,
L_0027,2Go Mart-Tesoro Northstore #76,Wasilla,AK,61.584138,-149.358591,,Y,N,N,15000.0,357.1428571,existing_value_preserved,Existing clustered capacity retained.,,
L_0028,2Go Mart-Tesoro Northstore #78 | Newman's Hilltop Tesoro | Townsite Foodmart & Liquor,Willow,AK,61.73824,-150.04442,,Y,Y,N,54000.0,1285.714286,existing_value_preserved,Existing clustered capacity retained.,,
L_0029,33 Mile Roadhouse,,AK,59.4310941,-136.178421,,N,N,N,5226.651548582245,124.44408449005344,imputed_spatial_idw,Five-nearest-neighbor inverse-distance estimate; clipped to observed p10-p90 (47.619048-714.285714 barrels).,Internal interpolation from positive-capacity clustered last-mile nodes.,45.86134068569309
L_0030,611th CES/CEAN Galena Airport,Galena,AK,64.738894,-155.049469,Unknown,N,Y,N,775.0,18.45238095,existing_value_preserved,Existing clustered capacity retained.,,
L_0031,673 CES/CEIEC,JBER,AK,61.249278,-148.196328,Unknown,Y,Y,N,8750.0,208.3333333,existing_value_preserved,Existing clustered capacity retained.,,
L_0032,A-Frame Services,Nenana,AK,64.551582,-149.0959035,,Y,Y,N,16000.0,380.952381,existing_value_preserved,Existing clustered capacity retained.,,
L_0033,A-Frame Services,Nenana,AK,64.557792,-148.902983,Gas Station,Y,Y,N,16000.0,380.952381,existing_value_preserved,Existing clustered capacity retained.,,
L_0034,AAFES Express,,AK,64.831505,-147.6816573,,N,N,N,9812.251053556529,233.6250250846792,imputed_spatial_idw,Five-nearest-neighbor inverse-distance estimate; clipped to observed p10-p90 (47.619048-714.285714 barrels).,Internal interpolation from positive-capacity clustered last-mile nodes.,1.3955430231775043
L_0035,AAFES Gas Station,,AK,61.2370812,-149.846566,,N,N,N,16171.179476986066,385.02808278538254,imputed_spatial_idw,Five-nearest-neighbor inverse-distance estimate; clipped to observed p10-p90 (47.619048-714.285714 barrels).,Internal interpolation from positive-capacity clustered last-mile nodes.,1.5449787630194054
L_0036,Acres Kwik Trip,,AK,61.1244207,-146.2667745,,N,N,N,23153.958331633963,551.284722181761,imputed_spatial_idw,Five-nearest-neighbor inverse-distance estimate; clipped to observed p10-p90 (47.619048-714.285714 barrels).,Internal interpolation from positive-capacity clustered last-mile nodes.,0.0583438535809534
L_0037,ACS - Plant Service Complex,Anchorage,AK,61.186122,-149.872464,,Y,Y,N,20000.0,476.1904762,existing_value_preserved,Existing clustered capacity retained.,,
L_0038,ACS - Plant Service Complex,Anchorage,AK,61.186167,-148.125161,Utilities,N,N,N,1000.0,23.80952381,existing_value_preserved,Existing clustered capacity retained.,,
L_0039,Adak Petroleum Community Fuel Facility,Adak,AK,51.853324,-176.6551375,Gas Station / Community Fuel Facility,Y,N,Y,71100.0,1692.857142857143,observed_authoritative,"State BulkFuel Inventory: Adak Petroleum Bulk Fuel Facility, 4 tanks, 71,100 gallons.",https://maps.commerce.alaska.gov/server/rest/services/Services/CDO_Utilities/MapServer/48,
L_0040,ADF&G - Kodiak Airport Hanger,Kodiak,AK,57.787703,-151.597561,Unknown,N,N,N,500.0,11.9047619,existing_value_preserved,Existing clustered capacity retained.,,
L_0041,ADFCS - Alaska Psychiatric Institute,Anchorage,AK,61.186122,-148.169844,Utilities,N,Y,N,15000.0,357.1428571,existing_value_preserved,Existing clustered capacity retained.,,
L_0042,ADOA-Palmer State Office Building,Palmer,AK,61.600983,-148.896075,Utilities,N,Y,N,10000.0,238.0952381,existing_value_preserved,Existing clustered capacity retained.,,
L_0043,ADOA-Palmer State Office Building,Palmer,AK,61.60185,-149.1047325,,N,Y,N,10000.0,238.0952381,existing_value_preserved,Existing clustered capacity retained.,,
L_0044,ADOC - Anchorage Correctional Center-West,Anchorage,AK,61.218432,-149.857722,,N,Y,N,10000.0,238.0952381,existing_value_preserved,Existing clustered capacity retained.,,
L_0045,ADOC - Hiland Mountain Correctional Center,Eagle River,AK,61.30305,-149.581251,,N,Y,N,3000.0,71.42857143,existing_value_preserved,Existing clustered capacity retained.,,
L_0046,ADOC - Mat-Su Pretrial Facility,Palmer,AK,61.602102,-149.109012,,N,Y,N,600.0,14.28571429,existing_value_preserved,Existing clustered capacity retained.,,
L_0047,ADOC - Palmer Correctional Center,Palmer,AK,61.663707,-149.0872307,,Y,Y,N,4000.0,95.23809524,existing_value_preserved,Existing clustered capacity retained.,,
L_0048,ADOC - Palmer Correctional Center,Palmer,AK,61.692481,-148.987644,Unknown,N,Y,N,2250.0,53.57142857,existing_value_preserved,Existing clustered capacity retained.,,
L_0049,ADOC - Spring Creek Correctional Center,Seward,AK,60.093892,-148.668303,Utilities,N,Y,N,30000.0,714.2857143,existing_value_preserved,Existing clustered capacity retained.,,
L_0050,ADOC - Spring Creek Correctional Center,Seward,AK,60.1871848,-149.3808101,,N,Y,N,30000.0,714.2857143,existing_value_preserved,Existing clustered capacity retained.,,
L_0051,ADOC - Yukon-Kuskokwim Correctional Center,Bethel,AK,60.7844677,-161.7905096,,N,Y,N,2000.0,47.61904762,existing_value_preserved,Existing clustered capacity retained.,,
L_0052,"ADOT Proj #Z62541, former Holiday #618",Fairbanks,AK,64.847883,-146.295489,Gas Station,N,N,N,300.0,7.14285714,existing_value_preserved,Existing clustered capacity retained.,,
L_0053,ADOT&PF Fairbanks M&O Shop,Fairbanks,AK,64.825965,-147.7726515,,N,Y,N,10000.0,238.0952381,existing_value_preserved,Existing clustered capacity retained.,,
L_0054,ADOT&PF Fairbanks M&O Shop,Fairbanks,AK,64.826106,-146.227564,Gas Station,N,Y,N,10000.0,238.0952381,existing_value_preserved,Existing clustered capacity retained.,,
L_0055,ADOTPF - Alaska Psychiatric Institute,Anchorage,AK,61.185942,-149.8295925,,N,Y,N,15000.0,357.1428571,existing_value_preserved,Existing clustered capacity retained.,,
L_0056,ADOTPF - Cordova Maintenance Station,Cordova,AK,60.4455177,-145.0988092,,N,N,N,1000.0,23.80952381,existing_value_preserved,Existing clustered capacity retained.,,
L_0057,ADOTPF - Kodiak Maintenance Shop,Kodiak,AK,57.759878,-152.515858,Unknown,Y,Y,N,10000.0,238.0952381,existing_value_preserved,Existing clustered capacity retained.,,
L_0058,ADOTPF - Maintenance & Operation Craig,Craig,AK,55.552222,-132.904444,Utilities,N,N,N,550.0,13.0952381,existing_value_preserved,Existing clustered capacity retained.,,
L_0059,ADOTPF - Maintenance & Operation Craig | Shaub-Ellison Tire & Fuel,Craig,AK,55.5279,-133.1146353,,Y,N,N,8550.0,203.5714286,existing_value_preserved,Existing clustered capacity retained.,,
L_0060,ADOTPF - Thompson Pass Maintenance Station,Valdez,AK,61.140561,-145.7474,Unknown,Y,N,N,4100.0,97.61904762,existing_value_preserved,Existing clustered capacity retained.,,
L_0061,Air Arctic,Fairbanks,AK,64.810164,-146.149517,Air Taxi (Airline),Y,N,Y,15000.0,357.1428571,existing_value_preserved,Existing clustered capacity retained.,,
L_0062,Air Arctic,Fairbanks,AK,64.810278,-147.8497635,,Y,Y,N,14000.0,333.3333333,existing_value_preserved,Existing clustered capacity retained.,,
L_0063,Airport Gas and Oil,Fairbanks,AK,64.826083,-146.142572,Gas Station,Y,Y,N,30000.0,714.2857143,existing_value_preserved,Existing clustered capacity retained.,,
L_0064,Airport Gas and Oil | Airport Gas & Oil,Fairbanks,AK,64.827104,-147.8543713,,Y,Y,N,26000.0,619.047619,existing_value_preserved,Existing clustered capacity retained.,,
L_0065,Airport Store,Northway,AK,62.962325,-141.928888,Gas Station,Y,N,Y,5000.0,119.047619,existing_value_preserved,Existing clustered capacity retained.,,
L_0066,"Alaska Aerofuel, Inc.",Fairbanks,AK,64.806246,-147.8905335,,Y,N,N,10000.0,238.0952381,existing_value_preserved,Existing clustered capacity retained.,,
L_0067,Alaska Chevron,Fairbanks,AK,64.849032,-147.7192815,,Y,Y,N,16000.0,380.952381,existing_value_preserved,Existing clustered capacity retained.,,
L_0068,Alaska Fuel Services,Fairbanks,AK,64.839903,-146.280514,Gas Station,Y,N,N,25300.0,602.3809524,existing_value_preserved,Existing clustered capacity retained.,,
L_0069,Alaska Marine Lines,Ketchikan,AK,55.352664,-131.6895525,,N,Y,N,1100.0,26.19047619,existing_value_preserved,Existing clustered capacity retained.,,
L_0070,"Alaska Oil Sales, Inc",Soldotna,AK,60.491025,-151.159023,,Y,Y,N,20000.0,476.1904762,existing_value_preserved,Existing clustered capacity retained.,,
L_0071,Alaska Veterans and Pioneers Home,Palmer,AK,61.596342,-149.1133815,,N,Y,N,1500.0,35.71428571,existing_value_preserved,Existing clustered capacity retained.,,
L_0072,Alaska Veterans and Pioneers Home,Palmer,AK,61.597872,-148.886072,Unknown,N,Y,N,1500.0,35.71428571,existing_value_preserved,Existing clustered capacity retained.,,
L_0073,Alpine Mini-Mart,Wrangell,AK,56.463084,-132.374763,,Y,N,N,8000.0,190.4761905,existing_value_preserved,Existing clustered capacity retained.,,
L_0074,AMHS - Auke Bay Ferry Terminal,Juneau,AK,58.3824498,-134.6871233,,N,Y,N,1000.0,23.80952381,existing_value_preserved,Existing clustered capacity retained.,,
L_0075,AMHS - Skagway Ferry Terminal,Skagway,AK,59.5813461,-135.1971383,,N,Y,N,1000.0,23.80952381,existing_value_preserved,Existing clustered capacity retained.,,
L_0076,Anchorage Clean Sweep,Anchorage,AK,61.154414,-148.140403,Unknown,N,N,N,200.0,4.76190476,existing_value_preserved,Existing clustered capacity retained.,,
L_0077,"Anchorage Executive Airpark Association, Inc.",Anchorage,AK,61.162922,-149.987283,Gas Station,N,N,Y,20000.0,476.1904762,existing_value_preserved,Existing clustered capacity retained.,,
L_0078,"Anchorage Executive Airpark Association, Inc.",Anchorage,AK,61.163244,-149.98716,,N,N,Y,20000.0,476.1904762,existing_value_preserved,Existing clustered capacity retained.,,
L_0079,Anchorage Rental Car Center,Anchorage,AK,61.1745217,-149.9747158,,Y,N,N,12000.0,285.7142857,existing_value_preserved,Existing clustered capacity retained.,,
L_0080,Anchorage Rental Car Center,Anchorage,AK,61.176167,-148.019533,Gas Station,Y,N,N,12000.0,285.7142857,existing_value_preserved,Existing clustered capacity retained.,,
L_0081,AT&T - Anchorage Multi-Purpose Bldg,Anchorage,AK,61.231527,-149.8747005,,Y,N,N,15000.0,357.1428571,existing_value_preserved,Existing clustered capacity retained.,,
L_0082,AT&T - Anchorage Multi-Purpose Bldg,Anchorage,AK,61.233181,-148.1258,Utilities,Y,N,N,15000.0,357.1428571,existing_value_preserved,Existing clustered capacity retained.,,
L_0083,AT&T - Beaver Creek Microwave Repeater,Northway,AK,63.058853,-141.828925,Utilities,N,Y,N,5000.0,119.047619,existing_value_preserved,Existing clustered capacity retained.,,
L_0084,AT&T - Beaver Creek Microwave Repeater,Tok,AK,63.3374373,-143.0104856,,N,Y,N,5000.0,119.047619,existing_value_preserved,Existing clustered capacity retained.,,
L_0085,AT&T - Black Rapids Microwave Repeater,Delta Junction,AK,63.498734,-145.850278,Utilities,N,Y,N,10000.0,238.0952381,existing_value_preserved,Existing clustered capacity retained.,,
L_0086,AT&T - Canyon Creek Microwave Repeater,Fairbanks,AK,64.305725,-145.4524,Utilities,N,Y,N,5000.0,119.047619,existing_value_preserved,Existing clustered capacity retained.,,
L_0087,AT&T - Canyon Creek Microwave Repeater,Fairbanks,AK,64.311912,-146.542032,,N,Y,N,5000.0,119.047619,existing_value_preserved,Existing clustered capacity retained.,,
L_0088,AT&T - Cathedral Microwave Repeater,Tok,AK,63.384756,-142.2038,Utilities,N,Y,N,5000.0,119.047619,existing_value_preserved,Existing clustered capacity retained.,,
L_0089,AT&T - Eagle River Earth Station,Eagle River,AK,61.2924091,-149.409799,,N,Y,N,2500.0,59.52380952,existing_value_preserved,Existing clustered capacity retained.,,
L_0090,AT&T - Eagle River Earth Station,Eagle River,AK,61.299464,-148.552008,Utilities,N,Y,N,2500.0,59.52380952,existing_value_preserved,Existing clustered capacity retained.,,
L_0091,AT&T - Gerstle River Microwave Repeater,Delta Junction,AK,63.799572,-144.991619,Utilities,N,Y,N,10000.0,238.0952381,existing_value_preserved,Existing clustered capacity retained.,,
L_0092,AT&T - Gerstle River Microwave Repeater,Delta Junction,AK,64.04665,-145.73621,,N,Y,N,10000.0,238.0952381,existing_value_preserved,Existing clustered capacity retained.,,
L_0093,AT&T - Harding Lake Microwave Repeater,Salcha,AK,64.409414,-145.042481,Utilities,N,Y,N,5000.0,119.047619,existing_value_preserved,Existing clustered capacity retained.,,
L_0094,AT&T - Harding Lake Microwave Repeater,Salcha,AK,64.452564,-146.913381,,N,Y,N,5000.0,119.047619,existing_value_preserved,Existing clustered capacity retained.,,
L_0095,AT&T - Juneau Toll Center,Juneau,AK,58.3393,-133.510561,Utilities,N,N,N,2000.0,47.61904762,existing_value_preserved,Existing clustered capacity retained.,,
L_0096,AT&T - Knob Ridge Microwave Repeater,Tok,AK,63.648683,-144.065653,Utilities,N,Y,N,5000.0,119.047619,existing_value_preserved,Existing clustered capacity retained.,,
L_0097,AT&T - Kodiak Earth Station,Kodiak,AK,57.79161,-152.398251,,N,Y,N,2000.0,47.61904762,existing_value_preserved,Existing clustered capacity retained.,,
L_0098,AT&T - Kodiak Earth Station,Kodiak,AK,57.791728,-151.601497,Utilities,N,Y,N,2000.0,47.61904762,existing_value_preserved,Existing clustered capacity retained.,,
L_0099,AT&T - McCallum Microwave Repeater,Delta Junction,AK,63.237969,-144.351244,Utilities,N,Y,N,10000.0,238.0952381,existing_value_preserved,Existing clustered capacity retained.,,
L_0100,AT&T - Mud Bay Microwave Repeater,Sitka,AK,57.15,-134.283333,Utilities,N,Y,N,4000.0,95.23809524,existing_value_preserved,Existing clustered capacity retained.,,
L_0101,AT&T - Mud Bay Microwave Repeater | USPS - Craig,Sitka,AK,57.05362,-135.3363,,N,Y,N,9000.0,214.2857143,existing_value_preserved,Existing clustered capacity retained.,,
L_0102,AT&T - Neklasson Lake Earth Station,Palmer,AK,61.619547,-148.743192,Utilities,N,Y,N,5000.0,119.047619,existing_value_preserved,Existing clustered capacity retained.,,
L_0103,AT&T - Neklasson Lake Earth Station,Palmer,AK,61.620093,-149.2564905,,N,Y,N,5000.0,119.047619,existing_value_preserved,Existing clustered capacity retained.,,
L_0104,AT&T - Paxson Annex,Delta Junction,AK,63.026106,-145.494847,Utilities,N,Y,N,5000.0,119.047619,existing_value_preserved,Existing clustered capacity retained.,,
L_0105,AT&T - Paxson Annex,Delta Junction,AK,63.3820838,-143.5938119,,N,Y,N,5000.0,119.047619,existing_value_preserved,Existing clustered capacity retained.,,
L_0106,AT&T - Sawmill Microwave Repeater,Palmer,AK,61.806683,-148.334722,Utilities,N,Y,N,5000.0,119.047619,existing_value_preserved,Existing clustered capacity retained.,,
L_0107,AT&T - Sawmill Microwave Repeater,Palmer,AK,61.9415938,-147.1583364,,N,Y,N,5000.0,119.047619,existing_value_preserved,Existing clustered capacity retained.,,
L_0108,AT&T - Tok Junction Microwave Repeater,Tok,AK,63.336564,-142.9844715,,N,Y,N,5000.0,119.047619,existing_value_preserved,Existing clustered capacity retained.,,
L_0109,AT&T - Tok Junction Microwave Repeater,Tok,AK,63.337081,-141.014897,Utilities,N,Y,N,5000.0,119.047619,existing_value_preserved,Existing clustered capacity retained.,,
L_0110,AT&T - Tolsona Microwave Repeater,Glennallen,AK,62.104444,-145.825556,Utilities,N,Y,N,5000.0,119.047619,existing_value_preserved,Existing clustered capacity retained.,,
L_0111,AT&T Anchorage Toll Center,Anchorage,AK,61.231831,-148.125047,Utilities,N,Y,N,10000.0,238.0952381,existing_value_preserved,Existing clustered capacity retained.,,
L_0112,AT&T Anchorage Toll Center,Anchorage,AK,61.232364,-149.873724,,N,Y,N,10000.0,238.0952381,existing_value_preserved,Existing clustered capacity retained.,,
L_0113,AT&T Delta Junction Facility,Delta Junction,AK,64.037453,-144.270033,Utilities,N,Y,N,5000.0,119.047619,existing_value_preserved,Existing clustered capacity retained.,,
L_0114,AT&T Delta Junction Facility,Delta Junction,AK,64.0377306,-145.7316419,,N,Y,N,5000.0,119.047619,existing_value_preserved,Existing clustered capacity retained.,,
L_0115,AT&T Donnelly Dome Microwave Repeater,Delta Junction,AK,63.787358,-144.136664,Utilities,N,Y,N,10000.0,238.0952381,existing_value_preserved,Existing clustered capacity retained.,,
L_0116,AT&T Paxson Microwave Repeater,Delta Junction,AK,62.958881,-144.527517,Utilities,N,Y,N,10000.0,238.0952381,existing_value_preserved,Existing clustered capacity retained.,,
L_0117,AT&T Tahneta Pass Microwave Repeater,Glennallen,AK,61.832844,-146.672408,Utilities,N,Y,N,5000.0,119.047619,existing_value_preserved,Existing clustered capacity retained.,,
L_0118,AVTEC  Alaska Vocational Technical Center,Seward,AK,60.125919,-149.43386,Utilities,N,N,N,1000.0,23.80952381,existing_value_preserved,Existing clustered capacity retained.,,
L_0119,Badger Gas,North Pole,AK,64.8201165,-147.4420288,,Y,Y,N,24000.0,571.4285714,existing_value_preserved,Existing clustered capacity retained.,,
L_0120,Badger Gas,North Pole,AK,64.820603,-146.558583,Gas Station,Y,Y,N,24000.0,571.4285714,existing_value_preserved,Existing clustered capacity retained.,,
L_0121,Bartlett Memorial Hospital,Juneau,AK,58.328531,-134.465,Utilities,N,Y,N,20000.0,476.1904762,existing_value_preserved,Existing clustered capacity retained.,,
L_0122,Basin Road Well House LCB Water Treatment Building,Juneau,AK,58.3073202,-134.4019605,,N,Y,N,1500.0,35.71428571,existing_value_preserved,Existing clustered capacity retained.,,
L_0123,Basin Road Well House LCB Water Treatment Building,Juneau,AK,58.307369,-133.596756,Utilities,N,Y,N,1500.0,35.71428571,existing_value_preserved,Existing clustered capacity retained.,,
L_0124,Baycrest Fuel & Store,,AK,59.6580507,-151.6387954,,N,N,N,30000.0000006,714.2857143,imputed_spatial_idw,Five-nearest-neighbor inverse-distance estimate; clipped to observed p10-p90 (47.619048-714.285714 barrels).,Internal interpolation from positive-capacity clustered last-mile nodes.,0.0698135661475853
L_0125,Beaverbrook - Sourdough Fuel,North Pole,AK,64.761354,-147.3472035,,Y,Y,N,25000.0,595.2380952,existing_value_preserved,Existing clustered capacity retained.,,
L_0126,Beaverbrook - Sourdough Fuel,North Pole,AK,64.762422,-146.652067,Gas Station,Y,Y,N,20000.0,476.1904762,existing_value_preserved,Existing clustered capacity retained.,,
L_0127,"Bettles Lodge, Inc",Bettles,AK,66.918658,-150.481878,Gas Station,Y,Y,N,10000.0,238.0952381,existing_value_preserved,Existing clustered capacity retained.,,
L_0128,"Bettles Lodge, Inc",Bettles,AK,66.922245,-151.510545,,Y,Y,N,10000.0,238.0952381,existing_value_preserved,Existing clustered capacity retained.,,
L_0129,Big Corner Shell,Anchorage,AK,61.195689,-149.91399,,Y,Y,N,20000.0,476.1904762,existing_value_preserved,Existing clustered capacity retained.,,
L_0130,Big John's Chevron,Kenai,AK,60.555222,-151.251714,,Y,N,N,20000.0,476.1904762,existing_value_preserved,Existing clustered capacity retained.,,
L_0131,Big John's Chevron,Kenai,AK,60.555267,-150.748519,Gas Station,Y,N,N,20000.0,476.1904762,existing_value_preserved,Existing clustered capacity retained.,,
L_0132,Big John's K-Beach Short Stop,Soldotna,AK,60.487335,-151.157034,,Y,N,N,18000.0,428.5714286,existing_value_preserved,Existing clustered capacity retained.,,
L_0133,Big John's K-Beach Short Stop,Soldotna,AK,60.48745,-150.843983,Gas Station,Y,N,N,18000.0,428.5714286,existing_value_preserved,Existing clustered capacity retained.,,
L_0134,Big Lake Super Store,Wasilla,AK,61.553283,-148.181506,Gas Station,Y,N,N,12000.0,285.7142857,existing_value_preserved,Existing clustered capacity retained.,,
L_0135,Big Lake Super Store,Wasilla,AK,61.553412,-149.818824,,Y,N,N,12000.0,285.7142857,existing_value_preserved,Existing clustered capacity retained.,,
L_0136,Big Lake TEXACO,Big Lake,AK,61.554164,-149.814,Gas Station,N,N,N,500.0,11.9047619,existing_value_preserved,Existing clustered capacity retained.,,
L_0137,Big Mike's Service Center,Anchorage,AK,61.155198,-149.9516325,,Y,N,N,12000.0,285.7142857,existing_value_preserved,Existing clustered capacity retained.,,
L_0138,Big Mike's Service Center,Anchorage,AK,61.15545,-148.048764,Gas Station,Y,N,N,12000.0,285.7142857,existing_value_preserved,Existing clustered capacity retained.,,
L_0139,Bigfoot Auto Service Inc.,Haines,AK,59.2352899,-135.4667153,Gas Station,Y,N,N,6000.0,142.8571429,existing_value_preserved,Existing clustered capacity retained.,,
L_0140,Black Bear Store,Klawock,AK,55.552039,-132.918167,Gas Station,Y,Y,N,5000.0,119.047619,existing_value_preserved,Existing clustered capacity retained.,,
L_0141,Black Bear Store,Klawock,AK,55.5593535,-133.0800773,,Y,Y,N,6000.0,142.8571429,existing_value_preserved,Existing clustered capacity retained.,,
L_0142,BLM Anchorage Field Office (AFO),Anchorage,AK,61.156119,-148.206775,Utilities,N,N,N,2000.0,47.61904762,existing_value_preserved,Existing clustered capacity retained.,,
L_0143,BLM Anchorage Field Office (AFO),Anchorage,AK,61.15626,-149.794704,,N,Y,N,4000.0,95.23809524,existing_value_preserved,Existing clustered capacity retained.,,
L_0144,BLM Northern District Office,Fairbanks,AK,64.8381263,-147.8126966,,N,Y,N,10000.0,238.0952381,existing_value_preserved,Existing clustered capacity retained.,,
L_0145,BLM Northern District Office,Fairbanks,AK,64.840544,-147.813664,Utilities,N,Y,N,10000.0,238.0952381,existing_value_preserved,Existing clustered capacity retained.,,
L_0146,Bonanza Express,Nome,AK,64.500542,-164.590894,Gas Station,Y,Y,N,36000.0,857.1428571,existing_value_preserved,Existing clustered capacity retained.,,
L_0147,Bonanza Express,Nome,AK,64.5008237,-165.4082118,,Y,N,N,26000.0,619.047619,existing_value_preserved,Existing clustered capacity retained.,,
L_0148,Boniface Chevron,Anchorage,AK,61.19478,-149.778072,,Y,Y,N,20000.0,476.1904762,existing_value_preserved,Existing clustered capacity retained.,,
L_0149,Boniface Chevron,Anchorage,AK,61.195044,-148.222481,Gas Station,Y,Y,N,20000.0,476.1904762,existing_value_preserved,Existing clustered capacity retained.,,
L_0150,Boniface Shell,Anchorage,AK,61.209406,-148.222178,Gas Station,Y,N,N,10000.0,238.0952381,existing_value_preserved,Existing clustered capacity retained.,,
L_0151,Boniface Shell | Shell | Shell Express,Anchorage,AK,61.2093508,-149.7776664,,Y,N,N,10000.0,238.0952381,existing_value_preserved,Existing clustered capacity retained.,,
L_0152,BPXA - Anchorage Building,Anchorage,AK,61.192089,-149.864643,,N,Y,N,4000.0,95.23809524,existing_value_preserved,Existing clustered capacity retained.,,
L_0153,Bristol Express,Dillingham,AK,59.040461,-157.532439,Gas Station,Y,N,N,4000.0,95.23809524,existing_value_preserved,Existing clustered capacity retained.,,
L_0154,Bristol Express,Dillingham,AK,59.040573,-158.4641625,,Y,N,N,4000.0,95.23809524,existing_value_preserved,Existing clustered capacity retained.,,
L_0155,Buffalo Center Service,Delta Junction,AK,64.04099,-145.73374,Gas Station,Y,Y,N,22000.0,523.8095238,existing_value_preserved,Existing clustered capacity retained.,,
L_0156,Buffalo Center Service,Delta Junction,AK,64.0428568,-145.7285916,,Y,Y,N,10000.0,238.0952381,existing_value_preserved,Existing clustered capacity retained.,,
L_0157,Cal Worthington Ford,Anchorage,AK,61.202889,-149.8702635,,N,N,N,550.0,13.0952381,existing_value_preserved,Existing clustered capacity retained.,,
L_0158,Cal Worthington Ford,Anchorage,AK,61.202942,-148.130333,Auto Dealership,N,N,N,550.0,13.0952381,existing_value_preserved,Existing clustered capacity retained.,,
L_0159,Camper City Super Service,Tok,AK,63.334717,-141.02475,Gas Station,Y,Y,N,24000.0,571.4285714,existing_value_preserved,Existing clustered capacity retained.,,
L_0160,Cape Sarichef RRL,Anchorage,AK,54.582475,-163.085517,Unknown,N,N,N,6886.967610115441,163.9754192884629,imputed_spatial_idw,Five-nearest-neighbor inverse-distance estimate; clipped to observed p10-p90 (47.619048-714.285714 barrels).,Internal interpolation from positive-capacity clustered last-mile nodes.,72.71428716056258
L_0161,"Capital Service, Inc.",Juneau,AK,58.300724,-134.4209326,,Y,N,N,12000.0,285.7142857,existing_value_preserved,Existing clustered capacity retained.,,
L_0162,"Capital Service, Inc.",Juneau,AK,58.300725,-133.579456,Gas Station,Y,N,N,15000.0,357.1428571,existing_value_preserved,Existing clustered capacity retained.,,
L_0163,Capitol Transit (bus Barn),Juneau,AK,58.370278,-133.3925,Utilities,N,N,N,10000.0,238.0952381,existing_value_preserved,Existing clustered capacity retained.,,
L_0164,Carlile Transportaiton Gas Station,Anchorage,AK,61.220907,-149.8521915,,N,Y,N,2000.0,47.61904762,existing_value_preserved,Existing clustered capacity retained.,,
L_0165,Carlile Transportation Fuel Station,Anchorage,AK,61.220812,-149.851537,Truck/Transporter,N,Y,N,12000.0,285.7142857,existing_value_preserved,Existing clustered capacity retained.,,
L_0166,Carr's Fuel Center #1807,Eagle River,AK,61.322556,-149.574075,Gas Station,Y,N,N,20000.0,476.1904762,existing_value_preserved,Existing clustered capacity retained.,,
L_0167,Carr's Fuel Center #1807,Eagle River,AK,61.324425,-149.5731105,,Y,N,N,20000.0,476.1904762,existing_value_preserved,Existing clustered capacity retained.,,
L_0168,Carr's Fuel Center #520,Anchorage,AK,61.216038,-149.81706,,Y,Y,N,40000.0,952.3809524,existing_value_preserved,Existing clustered capacity retained.,,
L_0169,Carrs,,AK,61.3239458,-149.5737837,,N,N,N,22000.00000044,523.80952382,imputed_spatial_idw,Five-nearest-neighbor inverse-distance estimate; clipped to observed p10-p90 (47.619048-714.285714 barrels).,Internal interpolation from positive-capacity clustered last-mile nodes.,0.0642612959368358
L_0170,Carrs - Safeway #1739,Palmer,AK,61.598358,-149.126751,,Y,N,N,20000.0,476.1904762,existing_value_preserved,Existing clustered capacity retained.,,
L_0171,Carrs - Safeway #1739,Palmer,AK,61.599097,-149.124903,Gas Station,Y,N,N,20000.0,476.1904762,existing_value_preserved,Existing clustered capacity retained.,,
L_0172,Carrs - Safeway #1805,Anchorage,AK,61.195108,-148.082822,Gas Station,Y,N,N,20000.0,476.1904762,existing_value_preserved,Existing clustered capacity retained.,,
L_0173,Carrs - Safeway #1805 | Carrs Gas Station,Anchorage,AK,61.1950151,-149.9167752,,Y,N,N,20000.0,476.1904762,existing_value_preserved,Existing clustered capacity retained.,,
L_0174,Carrs - Safeway #1813,Anchorage,AK,61.109211,-146.142822,Gas Station,Y,Y,N,40000.0,952.3809524,existing_value_preserved,Existing clustered capacity retained.,,
L_0175,Carrs - Safeway #1813,Anchorage,AK,61.110252,-149.8571415,,Y,N,N,20000.0,476.1904762,existing_value_preserved,Existing clustered capacity retained.,,
L_0176,Carrs - Safeway Fuel #2628,Anchorage,AK,61.142242,-148.153061,Gas Station,Y,N,N,20000.0,476.1904762,existing_value_preserved,Existing clustered capacity retained.,,
L_0177,Carrs - Safeway Fuel #2628,Anchorage,AK,61.142454,-149.8469535,,Y,N,N,20000.0,476.1904762,existing_value_preserved,Existing clustered capacity retained.,,
L_0178,Cascade Convenience Center,Sitka,AK,57.04875,-135.3106215,,Y,N,N,12000.0,285.7142857,existing_value_preserved,Existing clustered capacity retained.,,
L_0179,Cascade Convenience Center,Sitka,AK,57.049828,-134.687203,Gas Station,Y,N,N,12000.0,285.7142857,existing_value_preserved,Existing clustered capacity retained.,,
L_0180,Central Peninsula General Hospital,Soldotna,AK,60.493111,-150.920856,Utilities,N,N,N,10000.0,238.0952381,existing_value_preserved,Existing clustered capacity retained.,,
L_0181,Central Peninsula General Hospital,Soldotna,AK,60.493347,-151.0771905,,N,Y,N,12000.0,285.7142857,existing_value_preserved,Existing clustered capacity retained.,,
L_0182,Chevron,,AK,59.642528,-151.5376064,,N,N,N,10955.116992094374,260.83611885938984,imputed_spatial_idw,Five-nearest-neighbor inverse-distance estimate; clipped to observed p10-p90 (47.619048-714.285714 barrels).,Internal interpolation from positive-capacity clustered last-mile nodes.,0.0309425874079544
L_0183,Chevron,,AK,61.1385255,-149.8350649,,N,N,N,28599.99999948,680.95238094,imputed_spatial_idw,Five-nearest-neighbor inverse-distance estimate; clipped to observed p10-p90 (47.619048-714.285714 barrels).,Internal interpolation from positive-capacity clustered last-mile nodes.,0.0326311539829486
L_0184,Chevron,,AK,61.5819015,-149.466503,,N,N,N,19106.43372150571,454.9150886072788,imputed_spatial_idw,Five-nearest-neighbor inverse-distance estimate; clipped to observed p10-p90 (47.619048-714.285714 barrels).,Internal interpolation from positive-capacity clustered last-mile nodes.,0.0306444711446965
L_0185,Chevron,,AK,61.5819809,-149.466017,,N,N,N,19076.027123644468,454.1911219915349,imputed_spatial_idw,Five-nearest-neighbor inverse-distance estimate; clipped to observed p10-p90 (47.619048-714.285714 barrels).,Internal interpolation from positive-capacity clustered last-mile nodes.,0.0316117382347131
L_0186,Chevron,,AK,64.8492789,-147.7192366,,N,N,N,14399.999999700003,342.85714285000006,imputed_spatial_idw,Five-nearest-neighbor inverse-distance estimate; clipped to observed p10-p90 (47.619048-714.285714 barrels).,Internal interpolation from positive-capacity clustered last-mile nodes.,0.0275359426558328
L_0187,Chicken Pump Station,,AK,64.0724546,-141.934515,,N,N,N,16401.959002405518,390.5228333906076,imputed_spatial_idw,Five-nearest-neighbor inverse-distance estimate; clipped to observed p10-p90 (47.619048-714.285714 barrels).,Internal interpolation from positive-capacity clustered last-mile nodes.,77.6085724583097
L_0188,Chugach Electric Association,Anchorage,AK,61.168906,-149.908611,Gas Station,Y,Y,N,11500.0,273.8095238,existing_value_preserved,Existing clustered capacity retained.,,
L_0189,"Chugach Electric Association, Inc.",Anchorage,AK,61.169049,-149.9126715,,Y,Y,N,20000.0,476.1904762,existing_value_preserved,Existing clustered capacity retained.,,
L_0190,CIMG - Creekside Chevron,Anchorage,AK,61.173207,-149.86899,,Y,Y,N,30000.0,714.2857143,existing_value_preserved,Existing clustered capacity retained.,,
L_0191,CIMG - Creekside Chevron,Anchorage,AK,61.173369,-148.1312,Gas Station,Y,Y,N,30000.0,714.2857143,existing_value_preserved,Existing clustered capacity retained.,,
L_0192,CIMG - Triple A Chevron,Anchorage,AK,61.209468,-149.823504,,Y,Y,N,30000.0,714.2857143,existing_value_preserved,Existing clustered capacity retained.,,
L_0193,CIMG - Triple A Chevron,Anchorage,AK,61.209628,-148.176178,Gas Station,Y,Y,N,15040.0,358.0952381,existing_value_preserved,Existing clustered capacity retained.,,
L_0194,CIMG-Dimond Chevron,Anchorage,AK,61.137036,-149.921082,,Y,Y,N,30000.0,714.2857143,existing_value_preserved,Existing clustered capacity retained.,,
L_0195,CIMG-Dimond Chevron,Anchorage,AK,61.137261,-149.921003,Gas Station,Y,Y,N,30000.0,714.2857143,existing_value_preserved,Existing clustered capacity retained.,,
L_0196,CIMG-Downtown Chevron,Anchorage,AK,61.216439,-148.13195,Gas Station,Y,Y,N,30000.0,714.2857143,existing_value_preserved,Existing clustered capacity retained.,,
L_0197,CIMG-Downtown Chevron,Anchorage,AK,61.216479,-149.8678335,,Y,Y,N,30000.0,714.2857143,existing_value_preserved,Existing clustered capacity retained.,,
L_0198,CIMG-Eagle River Chevron,Eagle River,AK,61.327558,-148.429033,Gas Station,Y,Y,N,30000.0,714.2857143,existing_value_preserved,Existing clustered capacity retained.,,
L_0199,CIMG-Eagle River Chevron,Eagle River,AK,61.327721,-149.5706727,,Y,Y,N,30000.0,714.2857143,existing_value_preserved,Existing clustered capacity retained.,,
L_0200,CIMG-Fireweed Chevron,Anchorage,AK,61.197408,-149.868792,,Y,Y,N,27000.0,642.8571429,existing_value_preserved,Existing clustered capacity retained.,,
L_0201,CIMG-Fireweed Chevron,Anchorage,AK,61.197622,-148.131222,Gas Station,Y,Y,N,32000.0,761.9047619,existing_value_preserved,Existing clustered capacity retained.,,
L_0202,CIMG-Fountain Chevron,Anchorage,AK,61.187381,-148.086397,Gas Station,Y,Y,N,30000.0,714.2857143,existing_value_preserved,Existing clustered capacity retained.,,
L_0203,CIMG-Fountain Chevron | Chevron,Anchorage,AK,61.187176,-149.9136933,,Y,Y,N,30000.0,714.2857143,existing_value_preserved,Existing clustered capacity retained.,,
L_0204,CIMG-Hillside Chevron/McChevron,Anchorage,AK,61.138233,-149.835114,,Y,Y,N,32000.0,761.9047619,existing_value_preserved,Existing clustered capacity retained.,,
L_0205,CIMG-Hillside Chevron/McChevron,Anchorage,AK,61.138669,-148.1648,Gas Station,Y,Y,N,27000.0,642.8571429,existing_value_preserved,Existing clustered capacity retained.,,
L_0206,CIMG-Midtown Chevron,Anchorage,AK,61.195469,-148.0876,Gas Station,Y,Y,N,30000.0,714.2857143,existing_value_preserved,Existing clustered capacity retained.,,
L_0207,CIMG-Midtown Chevron,Anchorage,AK,61.195626,-149.9122215,,Y,Y,N,30000.0,714.2857143,existing_value_preserved,Existing clustered capacity retained.,,
L_0208,CIMG-Muldoon Chevron,Anchorage,AK,61.218211,-148.267203,Gas Station,Y,Y,N,24000.0,571.4285714,existing_value_preserved,Existing clustered capacity retained.,,
L_0209,CIMG-Muldoon Chevron | Chevron,Anchorage,AK,61.2183388,-149.7330883,,Y,Y,N,24000.0,571.4285714,existing_value_preserved,Existing clustered capacity retained.,,
L_0210,CIMG-Palmer Chevron,Palmer,AK,61.599628,-148.878708,Gas Station,Y,Y,N,21000.0,500.0,existing_value_preserved,Existing clustered capacity retained.,,
L_0211,CIMG-Palmer Chevron,Palmer,AK,61.599924,-149.121234,,Y,Y,N,21000.0,500.0,existing_value_preserved,Existing clustered capacity retained.,,
L_0212,CIMG-Southside Chevron,Anchorage,AK,61.120586,-148.137606,Gas Station,Y,N,N,15000.0,357.1428571,existing_value_preserved,Existing clustered capacity retained.,,
L_0213,CIMG-Southside Chevron,Anchorage,AK,61.12062,-149.8626,,Y,N,N,15000.0,357.1428571,existing_value_preserved,Existing clustered capacity retained.,,
L_0214,"CIRI dba 2525 C St, LLC",Anchorage,AK,61.197138,-149.88645,,N,Y,N,300.0,7.14285714,existing_value_preserved,Existing clustered capacity retained.,,
L_0215,"City & Borough of Wrangell, Public Safety Building",Wrangell,AK,56.46941,-132.37777,Utilities,N,Y,N,4000.0,95.23809524,existing_value_preserved,Existing clustered capacity retained.,,
L_0216,City of Fairbanks Dept of Public Works,Fairbanks,AK,64.828478,-146.230789,Utilities,N,Y,N,10000.0,238.0952381,existing_value_preserved,Existing clustered capacity retained.,,
L_0217,City of Fairbanks Dept of Public Works | 2Go Mart-Tesoro Northstore #114,Fairbanks,AK,64.8283539,-147.7785086,,Y,Y,N,25000.0,595.2380952,existing_value_preserved,Existing clustered capacity retained.,,
L_0218,City of Juneau Downtown Firestation,Juneau,AK,58.30095,-133.578764,Utilities,N,Y,N,550.0,13.0952381,existing_value_preserved,Existing clustered capacity retained.,,
L_0219,City of Juneau Downtown Firestation,Juneau,AK,58.301028,-134.42175,,N,Y,N,550.0,13.0952381,existing_value_preserved,Existing clustered capacity retained.,,
L_0220,CJ's Cardlock,Valdez,AK,61.124463,-146.2656915,,Y,N,N,12000.0,285.7142857,existing_value_preserved,Existing clustered capacity retained.,,
L_0221,"Claire Air, LLC",Fairbanks,AK,64.810152,-147.881484,,Y,N,N,4000.0,95.23809524,existing_value_preserved,Existing clustered capacity retained.,,
L_0222,Clearwater Store,Delta Junction,AK,64.056022,-144.516014,Gas Station,Y,N,N,2000.0,47.61904762,existing_value_preserved,Existing clustered capacity retained.,,
L_0223,Cline's Tesoro,Anchorage,AK,61.217797,-148.128717,Gas Station,Y,N,N,26000.0,619.047619,existing_value_preserved,Existing clustered capacity retained.,,
L_0224,Cline's Tesoro,Anchorage,AK,61.217847,-149.8714425,,Y,N,N,26000.0,619.047619,existing_value_preserved,Existing clustered capacity retained.,,
L_0225,Coast Tesoro,Ninilchik,AK,60.039258,-150.324272,Gas Station,Y,Y,N,12000.0,285.7142857,existing_value_preserved,Existing clustered capacity retained.,,
L_0226,Coast Tesoro,Ninilchik,AK,60.039369,-151.675074,,Y,Y,N,20000.0,476.1904762,existing_value_preserved,Existing clustered capacity retained.,,
L_0227,Coldfoot Camp,,AK,67.2516115,-150.1779408,,N,N,N,5728.1902147542605,136.38548130367286,imputed_spatial_idw,Five-nearest-neighbor inverse-distance estimate; clipped to observed p10-p90 (47.619048-714.285714 barrels).,Internal interpolation from positive-capacity clustered last-mile nodes.,39.29170715926926
L_0228,Cook's Corner - Sterling Tesoro,Sterling,AK,60.535347,-149.255728,Gas Station,Y,Y,N,18000.0,428.5714286,existing_value_preserved,Existing clustered capacity retained.,,
L_0229,Cook's Corner - Sterling Tesoro,Sterling,AK,60.5354418,-150.7444818,,Y,Y,N,14000.0,333.3333333,existing_value_preserved,Existing clustered capacity retained.,,
L_0230,Cordova Community Medical Center - City Hospital,Cordova,AK,60.54146,-145.75072,,N,Y,N,10000.0,238.0952381,existing_value_preserved,Existing clustered capacity retained.,,
L_0231,Corner Gas Station,,AK,59.4562106,-135.3186176,,N,N,N,7803.686507514717,185.80205970273136,imputed_spatial_idw,Five-nearest-neighbor inverse-distance estimate; clipped to observed p10-p90 (47.619048-714.285714 barrels).,Internal interpolation from positive-capacity clustered last-mile nodes.,0.0344578464400467
L_0232,Corner Station,Skagway,AK,59.4559331,-135.3183462,,Y,N,N,18000.0,428.5714286,existing_value_preserved,Existing clustered capacity retained.,,
L_0233,Corner Station,Skagway,AK,59.456303,-134.681572,Gas Station,Y,N,N,18000.0,428.5714286,existing_value_preserved,Existing clustered capacity retained.,,
L_0234,Costco #10,Anchorage,AK,61.143327,-149.8842315,,Y,Y,N,35000.0,833.3333333,existing_value_preserved,Existing clustered capacity retained.,,
L_0235,Costco #10,Anchorage,AK,61.1444,-148.118158,Gas Station,Y,Y,N,35000.0,833.3333333,existing_value_preserved,Existing clustered capacity retained.,,
L_0236,Costco #63,Anchorage,AK,61.210311,-148.193272,Gas Station,Y,N,N,20000.0,476.1904762,existing_value_preserved,Existing clustered capacity retained.,,
L_0237,Costco #63,Anchorage,AK,61.210809,-149.804334,,Y,N,N,20000.0,476.1904762,existing_value_preserved,Existing clustered capacity retained.,,
L_0238,Costco Fuel Store #1342,Fairbanks,AK,64.85395,-147.708794,Gas Station,Y,N,N,30000.0,714.2857143,existing_value_preserved,Existing clustered capacity retained.,,
L_0239,Costco Fuel Store #3616,Fairbanks,AK,64.8523543,-147.7099393,,Y,N,N,30000.0,714.2857143,existing_value_preserved,Existing clustered capacity retained.,,
L_0240,Crowley Fuels - ACE Fuels,Wasilla,AK,61.571659,-148.459714,Gas Station,Y,N,N,6000.0,142.8571429,existing_value_preserved,Existing clustered capacity retained.,,
L_0241,Crowley Fuels - ACE Fuels,Wasilla,AK,61.572735,-149.5478295,,Y,N,N,6000.0,142.8571429,existing_value_preserved,Existing clustered capacity retained.,,
L_0242,Crowley Fuels - Ace Hangars & Fuels,Anchorage,AK,61.214202,-149.838642,,Y,N,Y,10000.0,238.0952381,existing_value_preserved,Existing clustered capacity retained.,,
L_0243,Crowley Fuels - Ace Hangars & Fuels,Anchorage,AK,61.214878,-148.159233,Gas Station,Y,N,Y,10000.0,238.0952381,existing_value_preserved,Existing clustered capacity retained.,,
L_0244,"Crowley Fuels - Delta Junction | Delta Petro-Wash, LLC | Tanana Trading Post | US Army Cold Regions Test Center | AT&T - McCallum Microwave Repeater | AT&T - Black Rapids Microwave Repeater",Delta Junction,AK,63.5759619,-145.8692407,,Y,Y,N,104000.0,2476.190476,existing_value_preserved,Existing clustered capacity retained.,,
L_0245,Crowley Fuels - Kenai Airport,Kenai,AK,60.566247,-151.2437535,,Y,Y,N,24000.0,571.4285714,existing_value_preserved,Existing clustered capacity retained.,,
L_0246,Crowley Fuels - Kenai Airport,Kenai,AK,60.567136,-150.755625,Gas Station,Y,N,Y,24000.0,571.4285714,existing_value_preserved,Existing clustered capacity retained.,,
L_0247,Crowley Fuels - Kenai Service Station,Kenai,AK,60.564453,-151.2432499,,Y,N,N,12000.0,285.7142857,existing_value_preserved,Existing clustered capacity retained.,,
L_0248,Crowley Fuels - Nome Service Station,Nome,AK,64.505799,-165.4028955,,Y,Y,N,8000.0,190.4761905,existing_value_preserved,Existing clustered capacity retained.,,
L_0249,Crowley Fuels - Nome Service Station,Nome,AK,64.505833,-164.403611,Gas Station,Y,Y,N,8000.0,190.4761905,existing_value_preserved,Existing clustered capacity retained.,,
L_0250,Crowley Fuels - North Dock,Valdez,AK,61.1261684,-146.3530531,,Y,Y,N,15000.0,357.1428571,existing_value_preserved,Existing clustered capacity retained.,,
L_0251,Crowley Fuels - Palmer-Wasilla Kwik Kard,Wasilla,AK,61.583697,-149.3883135,,Y,Y,N,24000.0,571.4285714,existing_value_preserved,Existing clustered capacity retained.,,
L_0252,Crowley Fuels - Palmer-Wasilla Kwik Kard,Wasilla,AK,61.584067,-148.611758,Gas Station,Y,Y,N,24000.0,571.4285714,existing_value_preserved,Existing clustered capacity retained.,,
L_0253,Crowley Fuels - Parks & Vine Extension,Wasilla,AK,61.580647,-148.39965,Gas Station,Y,Y,N,48000.0,1142.857143,existing_value_preserved,Existing clustered capacity retained.,,
L_0254,Crowley Fuels - Parks & Vine Extension | Shell,Wasilla,AK,61.5806197,-149.6041685,,Y,Y,N,72000.0,1714.285714,existing_value_preserved,Existing clustered capacity retained.,,
L_0255,Crowley Fuels - South Dock,Valdez,AK,61.124519,-145.655028,Gas Station,Y,N,N,24000.0,571.4285714,existing_value_preserved,Existing clustered capacity retained.,,
L_0256,Crowley Fuels - South Dock,Valdez,AK,61.1246577,-146.3448297,,Y,N,N,24000.0,571.4285714,existing_value_preserved,Existing clustered capacity retained.,,
L_0257,Crowley Fuels - Springer Cardlock,Palmer,AK,61.585983,-149.111982,,Y,Y,N,50000.0,1190.47619,existing_value_preserved,Existing clustered capacity retained.,,
L_0258,Crowley Fuels - Valdez Petroleum Services,Valdez,AK,61.1252215,-146.2632528,,Y,Y,N,40000.0,952.3809524,existing_value_preserved,Existing clustered capacity retained.,,
L_0259,Curry's Corner,Fairbanks,AK,64.888086,-146.372031,Gas Station,Y,N,N,12000.0,285.7142857,existing_value_preserved,Existing clustered capacity retained.,,
L_0260,Curry's Corner,Fairbanks,AK,64.888272,-147.627801,,Y,N,N,12000.0,285.7142857,existing_value_preserved,Existing clustered capacity retained.,,
L_0261,D&D Airpark,Anchorage,AK,61.21125,-149.8499505,,Y,N,N,10000.0,238.0952381,existing_value_preserved,Existing clustered capacity retained.,,
L_0262,D&D Airpark,Anchorage,AK,61.211658,-148.149125,Aircraft Owner,Y,N,N,10000.0,238.0952381,existing_value_preserved,Existing clustered capacity retained.,,
L_0263,DEG dba Haines Express Gas,Haines,AK,59.237911,-134.555036,Gas Station,Y,N,N,4000.0,95.23809524,existing_value_preserved,Existing clustered capacity retained.,,
L_0264,"DEG, Inc.",Haines,AK,59.2378547,-135.444752,,Y,N,N,4000.0,95.23809524,existing_value_preserved,Existing clustered capacity retained.,,
L_0265,Dehart's Auke Bay Store,Juneau,AK,58.3864952,-134.6450702,,Y,N,N,15000.0,357.1428571,existing_value_preserved,Existing clustered capacity retained.,,
L_0266,"Delta Petro-Wash, LLC",Delta Junction,AK,64.031094,-144.268544,Gas Station,Y,Y,N,53000.0,1261.904762,existing_value_preserved,Existing clustered capacity retained.,,
L_0267,Dimond Shell,Anchorage,AK,61.145073,-149.864742,,Y,Y,N,20000.0,476.1904762,existing_value_preserved,Existing clustered capacity retained.,,
L_0268,Dimond Shell,Anchorage,AK,61.145189,-148.135519,Gas Station,Y,Y,N,20000.0,476.1904762,existing_value_preserved,Existing clustered capacity retained.,,
L_0269,Dollar Thrifty Alaska Service Bldg,Anchorage,AK,61.174636,-149.971111,Gas Station,Y,N,N,10000.0,238.0952381,existing_value_preserved,Existing clustered capacity retained.,,
L_0270,Don Cassel - fleet vehicle fueling,Anchorage,AK,61.182054,-149.9124015,,Y,N,N,1500.0,35.71428571,existing_value_preserved,Existing clustered capacity retained.,,
L_0271,Douglas Depot,,AK,58.276798,-134.3955694,,N,N,N,12627.450707115177,300.653588264647,imputed_spatial_idw,Five-nearest-neighbor inverse-distance estimate; clipped to observed p10-p90 (47.619048-714.285714 barrels).,Internal interpolation from positive-capacity clustered last-mile nodes.,2.6225390857426807
L_0272,Downtown A&W Shell,Anchorage,AK,61.207906,-148.133456,Gas Station,Y,N,N,10000.0,238.0952381,existing_value_preserved,Existing clustered capacity retained.,,
L_0273,Downtown A&W Shell,Anchorage,AK,61.207938,-149.866362,,Y,N,N,10000.0,238.0952381,existing_value_preserved,Existing clustered capacity retained.,,
L_0274,Doyon Utilities at Fort Greely (FGA),Fort Greely,AK,63.95555,-145.73199,,N,Y,N,35000.0,833.3333333,existing_value_preserved,Existing clustered capacity retained.,,
L_0275,Doyon Utilities at Fort Greely (FGA),Fort Greely,AK,63.973722,-144.283867,Utilities,N,Y,N,35000.0,833.3333333,existing_value_preserved,Existing clustered capacity retained.,,
L_0276,Doyon Utilities at Fort Wainwright (FWA),Fort Wainwright,AK,64.828797,-146.356556,Utilities,N,Y,N,2000.0,47.61904762,existing_value_preserved,Existing clustered capacity retained.,,
L_0277,Eagle River Shell,Eagle River,AK,61.322458,-148.430317,Gas Station,Y,N,N,15000.0,357.1428571,existing_value_preserved,Existing clustered capacity retained.,,
L_0278,Eagle River Shell,Eagle River,AK,61.322643,-149.5694835,,Y,N,N,20000.0,476.1904762,existing_value_preserved,Existing clustered capacity retained.,,
L_0279,Eaglecrest Ski Area,Juneau,AK,58.276456,-133.486847,Utilities,N,Y,N,6000.0,142.8571429,existing_value_preserved,Existing clustered capacity retained.,,
L_0280,Eaglecrest Ski Area,Juneau,AK,58.29966,-134.406594,,N,Y,N,12000.0,285.7142857,existing_value_preserved,Existing clustered capacity retained.,,
L_0281,Eco,,AK,62.2876575,-145.3549015,,N,N,N,4985.170250566984,118.69452977540436,imputed_spatial_idw,Five-nearest-neighbor inverse-distance estimate; clipped to observed p10-p90 (47.619048-714.285714 barrels).,Internal interpolation from positive-capacity clustered last-mile nodes.,13.654403472498544
L_0282,Essential 1,Anchorage,AK,61.172908,-149.897639,Gas Station,Y,Y,Y,72000.0,1714.285714,existing_value_preserved,Existing clustered capacity retained.,,
L_0283,Essential 1 Homer,Homer,AK,59.642775,-151.53786,,Y,N,N,12000.0,285.7142857,existing_value_preserved,Existing clustered capacity retained.,,
L_0284,Essential 1 Nikiski,Kenai,AK,60.730317,-150.697586,Gas Station,Y,Y,N,30000.0,714.2857143,existing_value_preserved,Existing clustered capacity retained.,,
L_0285,Essential 1 Nikiski,Kenai,AK,60.730416,-151.302483,,Y,Y,N,30000.0,714.2857143,existing_value_preserved,Existing clustered capacity retained.,,
L_0286,Essential One - Bird Creek,Indian,AK,60.969753,-148.551356,Gas Station,Y,N,N,15000.0,357.1428571,existing_value_preserved,Existing clustered capacity retained.,,
L_0287,Essential One - Bird Creek,Indian,AK,60.9825228,-149.5852993,,Y,N,N,12000.0,285.7142857,existing_value_preserved,Existing clustered capacity retained.,,
L_0288,Essential One - Seward | Essential One,Seward,AK,60.1248166,-149.437807,Gas Station,Y,N,N,15000.0,357.1428571,existing_value_preserved,Existing clustered capacity retained.,,
L_0289,Essential One - Wasilla #1,Wasilla,AK,61.583562,-149.3792415,,Y,Y,N,60000.0,1428.571429,existing_value_preserved,Existing clustered capacity retained.,,
L_0290,Essential One - Wasilla #1,Wasilla,AK,61.584481,-149.382244,Gas Station,Y,Y,N,61000.0,1452.380952,existing_value_preserved,Existing clustered capacity retained.,,
L_0291,Ester Gas,Ester,AK,64.844217,-147.989558,Gas Station,Y,N,N,12000.0,285.7142857,existing_value_preserved,Existing clustered capacity retained.,,
L_0292,Ester Gas,,AK,64.8442266,-148.0095291,,N,N,N,12460.9318318909,296.68885314025954,imputed_spatial_idw,Five-nearest-neighbor inverse-distance estimate; clipped to observed p10-p90 (47.619048-714.285714 barrels).,Internal interpolation from positive-capacity clustered last-mile nodes.,0.1041489326678309
L_0293,Ester Gas,Ester,AK,64.8445763,-148.0115732,,Y,N,N,12000.0,285.7142857,existing_value_preserved,Existing clustered capacity retained.,,
L_0294,Eureka Lodge Tesoro,,AK,61.9380632,-147.172292,,N,N,N,5392.47162873673,128.39218163658882,imputed_spatial_idw,Five-nearest-neighbor inverse-distance estimate; clipped to observed p10-p90 (47.619048-714.285714 barrels).,Internal interpolation from positive-capacity clustered last-mile nodes.,0.8288349300745048
L_0295,Evergreen Elementary,Wrangell,AK,56.47249,-132.37477,Utilities,N,Y,N,3000.0,71.42857143,existing_value_preserved,Existing clustered capacity retained.,,
L_0296,Express,,AK,64.6774508,-147.0910649,,N,N,N,19146.69292796897,455.8736411421184,imputed_spatial_idw,Five-nearest-neighbor inverse-distance estimate; clipped to observed p10-p90 (47.619048-714.285714 barrels).,Internal interpolation from positive-capacity clustered last-mile nodes.,6.514719832078903
L_0297,FAA - Fort Yukon Vortac Facility,Fort Yukon,AK,66.56696,-145.25843,,N,Y,N,500.0,11.9047619,existing_value_preserved,Existing clustered capacity retained.,,
L_0298,FAA AFSS Kenai,Kenai,AK,60.567732,-151.2390915,,N,Y,N,3000.0,71.42857143,existing_value_preserved,Existing clustered capacity retained.,,
L_0299,FAA Anchorage,Anchorage,AK,61.1764636,-149.9677873,,N,Y,N,500.0,11.9047619,existing_value_preserved,Existing clustered capacity retained.,,
L_0300,FAA Anchorage Air Route Traffic Control,JBER-EAFB,AK,61.228847,-148.218006,Gas Station,N,Y,N,10000.0,238.0952381,existing_value_preserved,Existing clustered capacity retained.,,
L_0301,FAA Anchorage Merrill Field,Anchorage,AK,61.2173234,-149.8446244,,N,Y,N,4000.0,95.23809524,existing_value_preserved,Existing clustered capacity retained.,,
L_0302,FAA Bethel SFO ATCT,Aniak,AK,61.7909934,-156.5920818,,N,Y,N,2000.0,47.61904762,existing_value_preserved,Existing clustered capacity retained.,,
L_0303,FAA Bettles,Bettles,AK,66.893229,-151.563067,Utilities,N,Y,N,500.0,11.9047619,existing_value_preserved,Existing clustered capacity retained.,,
L_0304,FAA Bettles,Bettles,AK,66.91634,-151.52141,,N,Y,N,500.0,11.9047619,existing_value_preserved,Existing clustered capacity retained.,,
L_0305,FAA Cold Bay,Cold Bay,AK,55.20109,-162.71688,,Y,N,N,1500.0,35.71428571,existing_value_preserved,Existing clustered capacity retained.,,
L_0306,FAA Cordova,Cordova,AK,60.5437,-145.73407,,Y,Y,N,2000.0,47.61904762,existing_value_preserved,Existing clustered capacity retained.,,
L_0307,FAA Fairbanks,Fairbanks,AK,64.827453,-146.184908,Utilities,N,Y,N,500.0,11.9047619,existing_value_preserved,Existing clustered capacity retained.,,
L_0308,FAA Fairbanks,Fairbanks,AK,64.827693,-147.811302,,N,Y,N,2500.0,59.52380952,existing_value_preserved,Existing clustered capacity retained.,,
L_0309,FAA Gulkana,Gakona,AK,62.5479646,-143.3612308,,N,Y,N,500.0,11.9047619,existing_value_preserved,Existing clustered capacity retained.,,
L_0310,FAA Johnstone Point,Cordova,AK,60.23802,-142.3127765,,N,Y,N,2000.0,47.61904762,existing_value_preserved,Existing clustered capacity retained.,,
L_0311,FAA Kotzebue,Kotzebue,AK,66.886564,-161.387514,Unknown,N,N,N,2000.0,47.61904762,existing_value_preserved,Existing clustered capacity retained.,,
L_0312,FAA McGrath,McGrath,AK,62.957072,-154.399983,Unknown,N,N,N,1000.0,23.80952381,existing_value_preserved,Existing clustered capacity retained.,,
L_0313,FAA Moses Point,Elim,AK,64.6224407,-162.2399924,,N,Y,N,6000.0,142.8571429,existing_value_preserved,Existing clustered capacity retained.,,
L_0314,FAA Moses Point,Elim,AK,64.696578,-161.928739,Utilities,N,Y,N,6000.0,142.8571429,existing_value_preserved,Existing clustered capacity retained.,,
L_0315,FAA Nome,Nome,AK,64.50709,-165.4421,,N,Y,N,500.0,11.9047619,existing_value_preserved,Existing clustered capacity retained.,,
L_0316,FAA Tanana,Tanana,AK,65.166667,-151.933333,Unknown,N,N,N,1064.0,25.33333333,existing_value_preserved,Existing clustered capacity retained.,,
L_0317,FAA Woody Island,Kodiak,AK,57.7963427,-152.3906373,,N,Y,N,1000.0,23.80952381,existing_value_preserved,Existing clustered capacity retained.,,
L_0318,Fairbanks Daily News-Miner,Fairbanks,AK,64.846508,-146.277011,Truck/Transporter,Y,N,N,2000.0,47.61904762,existing_value_preserved,Existing clustered capacity retained.,,
L_0319,"Fairbanks Daily News-Miner, Inc.",Fairbanks,AK,64.846305,-147.723093,,Y,N,N,2000.0,47.61904762,existing_value_preserved,Existing clustered capacity retained.,,
L_0320,Fairbanks Fire Department,Fairbanks,AK,64.838223,-147.717864,,N,Y,N,5000.0,119.047619,existing_value_preserved,Existing clustered capacity retained.,,
L_0321,Fairbanks Fire Department,Fairbanks,AK,64.838372,-146.282381,Utilities,N,Y,N,5000.0,119.047619,existing_value_preserved,Existing clustered capacity retained.,,
L_0322,Fairbanks Memorial Hospital,Fairbanks,AK,64.831681,-146.258597,Utilities,N,Y,N,50000.0,1190.47619,existing_value_preserved,Existing clustered capacity retained.,,
L_0323,Fairbanks Memorial Hospital,Fairbanks,AK,64.8329326,-147.7365873,,N,Y,N,20000.0,476.1904762,existing_value_preserved,Existing clustered capacity retained.,,
L_0324,Fairbanks Pioneer Home,Fairbanks,AK,64.832742,-147.7702035,,N,Y,N,6000.0,142.8571429,existing_value_preserved,Existing clustered capacity retained.,,
L_0325,Fairbanks Pioneer Home,Fairbanks,AK,64.834397,-147.772069,Utilities,N,N,N,6000.0,142.8571429,existing_value_preserved,Existing clustered capacity retained.,,
L_0326,Fairbanks Police Department,Fairbanks,AK,64.839006,-146.278678,Utilities,N,Y,N,1000.0,23.80952381,existing_value_preserved,Existing clustered capacity retained.,,
L_0327,Fairbanks Police Department,Fairbanks,AK,64.839222,-147.7183905,,N,Y,N,1000.0,23.80952381,existing_value_preserved,Existing clustered capacity retained.,,
L_0328,Fairview Marketplace - Wasilla Shell,Wasilla,AK,61.568244,-148.682225,Gas Station,Y,N,N,18000.0,428.5714286,existing_value_preserved,Existing clustered capacity retained.,,
L_0329,Fairview Marketplace - Wasilla Shell,Wasilla,AK,61.568316,-149.319324,,Y,N,N,18000.0,428.5714286,existing_value_preserved,Existing clustered capacity retained.,,
L_0330,Family Fuel,Skagway,AK,59.453917,-135.320703,Gas Station,Y,N,N,3000.0,71.42857143,existing_value_preserved,Existing clustered capacity retained.,,
L_0331,Family Fuel,Skagway,AK,59.4542343,-135.3200224,,Y,N,N,3000.0,71.42857143,existing_value_preserved,Existing clustered capacity retained.,,
L_0332,Federal Express EMD,Anchorage,AK,61.189628,-148.001136,Utilities,N,N,N,2500.0,59.52380952,existing_value_preserved,Existing clustered capacity retained.,,
L_0333,Federal Express EMD,Anchorage,AK,61.18965,-149.9974605,,Y,Y,N,18500.0,440.4761905,existing_value_preserved,Existing clustered capacity retained.,,
L_0334,Fire Lake Flying Club,Eagle River,AK,61.348059,-149.549904,,Y,N,N,2000.0,47.61904762,existing_value_preserved,Existing clustered capacity retained.,,
L_0335,Fire Lake Flying Club,Eagle River,AK,61.348236,-148.450897,Air Taxi (Airline),Y,N,N,2000.0,47.61904762,existing_value_preserved,Existing clustered capacity retained.,,
L_0336,Fisher's Fuel - Healy Services,Healy,AK,63.875861,-148.980778,Gas Station,Y,Y,N,27600.0,657.1428571,existing_value_preserved,Existing clustered capacity retained.,,
L_0337,Fisher's Fuel - Healy Services | Cantwell Food Mart | Tsesyu Service Station,Denali Park | Cantwell,AK,63.812152,-148.9699092,,Y,Y,N,66600.0,1585.714286,existing_value_preserved,Existing clustered capacity retained.,,
L_0338,Fisher's Fuel Inc,,AK,63.8759836,-149.0192835,,N,N,N,30000.0000006,714.2857143,imputed_spatial_idw,Five-nearest-neighbor inverse-distance estimate; clipped to observed p10-p90 (47.619048-714.285714 barrels).,Internal interpolation from positive-capacity clustered last-mile nodes.,1.1960788207535282
L_0339,"Fisher's Fuel, Inc.",,AK,61.5686276,-149.7067624,,N,N,N,30000.0000006,714.2857143,imputed_spatial_idw,Five-nearest-neighbor inverse-distance estimate; clipped to observed p10-p90 (47.619048-714.285714 barrels).,Internal interpolation from positive-capacity clustered last-mile nodes.,0.0811949544062815
L_0340,Fisher's Hill Top Tesoro,Sutton,AK,61.708408,-147.064228,Gas Station,Y,Y,N,13000.0,309.5238095,existing_value_preserved,Existing clustered capacity retained.,,
L_0341,Fisher's Hill Top Tesoro,Sutton,AK,61.710057,-148.9395015,,Y,Y,N,13000.0,309.5238095,existing_value_preserved,Existing clustered capacity retained.,,
L_0342,Fisherman's Bend,Juneau,AK,58.386645,-134.6496615,,Y,N,N,30000.0,714.2857143,existing_value_preserved,Existing clustered capacity retained.,,
L_0343,Fisherman's Bend,Juneau,AK,58.387103,-133.349242,Gas Station,Y,N,N,30000.0,714.2857143,existing_value_preserved,Existing clustered capacity retained.,,
L_0344,Fishers Bulk Fuel Facility,Wasilla,AK,61.568037,-149.7058605,,Y,Y,N,33000.0,785.7142857,existing_value_preserved,Existing clustered capacity retained.,,
L_0345,Fishhook Food Mart,Wasilla,AK,61.613838,-149.396292,,Y,Y,N,22000.0,523.8095238,existing_value_preserved,Existing clustered capacity retained.,,
L_0346,Fishhook Food Mart,Wasilla,AK,61.614075,-140.604961,Gas Station,Y,Y,N,22000.0,523.8095238,existing_value_preserved,Existing clustered capacity retained.,,
L_0347,FNSB - Administrative Office Bldg,Fairbanks,AK,64.8454139,-147.7236752,,N,Y,N,3000.0,71.42857143,existing_value_preserved,Existing clustered capacity retained.,,
L_0348,FNSB - Anne Hopkins Wien Elementary School,Fairbanks,AK,64.857249,-147.749391,,N,Y,N,10000.0,238.0952381,existing_value_preserved,Existing clustered capacity retained.,,
L_0349,FNSB - Anne Hopkins Wien Elementary School,Fairbanks,AK,64.857675,-146.250917,Utilities,N,Y,N,10000.0,238.0952381,existing_value_preserved,Existing clustered capacity retained.,,
L_0350,FNSB - Arctic Light Elementary School,Fort Wainwright,AK,64.828403,-146.313839,Utilities,N,Y,N,1000.0,23.80952381,existing_value_preserved,Existing clustered capacity retained.,,
L_0351,FNSB - Barnette Elementary School,Fairbanks,AK,64.8389632,-147.7259421,,N,Y,N,5000.0,119.047619,existing_value_preserved,Existing clustered capacity retained.,,
L_0352,FNSB - Big Dipper Ice Arena,Fairbanks,AK,64.828836,-147.7529235,,Y,N,N,2500.0,59.52380952,existing_value_preserved,Existing clustered capacity retained.,,
L_0353,FNSB - Chena Lake Recreation Area,North Pole,AK,64.7336777,-147.2588875,,Y,N,N,2000.0,47.61904762,existing_value_preserved,Existing clustered capacity retained.,,
L_0354,FNSB - Denali Elementary School,Fairbanks,AK,64.839798,-147.749112,,N,Y,N,5000.0,119.047619,existing_value_preserved,Existing clustered capacity retained.,,
L_0355,FNSB - Denali Elementary School,Fairbanks,AK,64.840603,-146.251686,Utilities,N,Y,N,5000.0,119.047619,existing_value_preserved,Existing clustered capacity retained.,,
L_0356,FNSB - Effie Kokrine Charter School,Fairbanks,AK,64.84725,-147.840651,,N,Y,N,500.0,11.9047619,existing_value_preserved,Existing clustered capacity retained.,,
L_0357,FNSB - Effie Kokrine Charter School,Fairbanks,AK,64.847869,-146.161142,Utilities,N,Y,N,2500.0,59.52380952,existing_value_preserved,Existing clustered capacity retained.,,
L_0358,FNSB - Hunter Elementary School,Fairbanks,AK,64.832328,-147.7313235,,N,Y,N,5000.0,119.047619,existing_value_preserved,Existing clustered capacity retained.,,
L_0359,FNSB - Hunter Elementary School,Fairbanks,AK,64.832708,-146.269533,Utilities,N,Y,N,5000.0,119.047619,existing_value_preserved,Existing clustered capacity retained.,,
L_0360,FNSB - Hutchison Career Center,Fairbanks,AK,64.850319,-147.8154105,,N,Y,N,500.0,11.9047619,existing_value_preserved,Existing clustered capacity retained.,,
L_0361,FNSB - Hutchison Career Center,Fairbanks,AK,64.852253,-146.184572,Utilities,N,Y,N,1000.0,23.80952381,existing_value_preserved,Existing clustered capacity retained.,,
L_0362,FNSB - John Carlson Community Activity Center,Fairbanks,AK,64.842678,-146.236544,Unknown,N,N,N,15000.0,357.1428571,existing_value_preserved,Existing clustered capacity retained.,,
L_0363,FNSB - Joy Elementary School,Fairbanks,AK,64.860019,-146.277167,Utilities,N,Y,N,4000.0,95.23809524,existing_value_preserved,Existing clustered capacity retained.,,
L_0364,FNSB - Joy Elementary School,Fairbanks,AK,64.860795,-147.726414,,N,Y,N,4000.0,95.23809524,existing_value_preserved,Existing clustered capacity retained.,,
L_0365,FNSB - Ladd Elementary School,Fairbanks,AK,64.848264,-147.665622,Utilities,N,Y,N,5000.0,119.047619,existing_value_preserved,Existing clustered capacity retained.,,
L_0366,FNSB - Lathrop High School,Fairbanks,AK,64.835388,-147.7346535,,N,Y,N,10000.0,238.0952381,existing_value_preserved,Existing clustered capacity retained.,,
L_0367,FNSB - Lathrop High School,Fairbanks,AK,64.835586,-146.266256,Utilities,N,Y,N,10000.0,238.0952381,existing_value_preserved,Existing clustered capacity retained.,,
L_0368,FNSB - Midnight Sun Elementary (former Badger Elem,North Pole,AK,64.804725,-147.4145325,,N,Y,N,4000.0,95.23809524,existing_value_preserved,Existing clustered capacity retained.,,
L_0369,FNSB - Midnight Sun Elementary (former Badger Elem,North Pole,AK,64.805178,-146.586128,Utilities,N,Y,N,4000.0,95.23809524,existing_value_preserved,Existing clustered capacity retained.,,
L_0370,FNSB - Noel Wien Public Library,Fairbanks,AK,64.8384344,-147.7386354,,N,Y,N,7000.0,166.6666667,existing_value_preserved,Existing clustered capacity retained.,,
L_0371,FNSB - Nordale Elementary School,Fairbanks,AK,64.846512,-147.692061,,N,Y,N,5000.0,119.047619,existing_value_preserved,Existing clustered capacity retained.,,
L_0372,FNSB - Nordale Elementary School,Fairbanks,AK,64.847442,-146.307311,Utilities,N,Y,N,5000.0,119.047619,existing_value_preserved,Existing clustered capacity retained.,,
L_0373,FNSB - North Pole Elementary School,North Pole,AK,64.752222,-146.651358,Utilities,N,Y,N,10000.0,238.0952381,existing_value_preserved,Existing clustered capacity retained.,,
L_0374,FNSB - North Pole Elementary School,North Pole,AK,64.752615,-147.348063,,N,Y,N,10000.0,238.0952381,existing_value_preserved,Existing clustered capacity retained.,,
L_0375,FNSB - North Pole High School,North Pole,AK,64.7472,-146.629125,Utilities,N,Y,N,8000.0,190.4761905,existing_value_preserved,Existing clustered capacity retained.,,
L_0376,FNSB - North Pole High School,North Pole,AK,64.74791,-147.36566,,N,Y,N,8000.0,190.4761905,existing_value_preserved,Existing clustered capacity retained.,,
L_0377,FNSB - North Pole Middle School | FNSB - Wescott Memorial Pool,North Pole,AK,64.7478122,-147.3441034,,N,Y,N,15000.0,357.1428571,existing_value_preserved,Existing clustered capacity retained.,,
L_0378,FNSB - Pearl Creek Elementary School,Fairbanks,AK,64.890558,-147.815901,,N,Y,N,4000.0,95.23809524,existing_value_preserved,Existing clustered capacity retained.,,
L_0379,FNSB - Pearl Creek Elementary School,Fairbanks,AK,64.891669,-146.184814,Utilities,N,Y,N,4000.0,95.23809524,existing_value_preserved,Existing clustered capacity retained.,,
L_0380,FNSB - Pioneer Park,Fairbanks,AK,64.8371685,-147.7775584,,Y,N,N,1000.0,23.80952381,existing_value_preserved,Existing clustered capacity retained.,,
L_0381,FNSB - Randy Smith Middle School,Fairbanks,AK,64.855208,-146.248944,Utilities,N,Y,N,10000.0,238.0952381,existing_value_preserved,Existing clustered capacity retained.,,
L_0382,FNSB - Randy Smith Middle School,Fairbanks,AK,64.855278,-147.7507005,,N,Y,N,10000.0,238.0952381,existing_value_preserved,Existing clustered capacity retained.,,
L_0383,FNSB - Ryan Middle School,Fairbanks,AK,64.83515,-146.264458,Utilities,N,Y,N,2000.0,47.61904762,existing_value_preserved,Existing clustered capacity retained.,,
L_0384,FNSB - Ryan Middle School,Fairbanks,AK,64.8366699,-147.7318785,,N,Y,N,2000.0,47.61904762,existing_value_preserved,Existing clustered capacity retained.,,
L_0385,FNSB - Salcha Elementary,Salcha,AK,64.481508,-146.9625705,,N,Y,N,2000.0,47.61904762,existing_value_preserved,Existing clustered capacity retained.,,
L_0386,FNSB - Salcha Elementary,Salcha,AK,64.482467,-145.022172,Utilities,N,Y,N,2000.0,47.61904762,existing_value_preserved,Existing clustered capacity retained.,,
L_0387,FNSB - Tanana Middle School,Fairbanks,AK,64.845744,-146.332144,Utilities,N,Y,N,6000.0,142.8571429,existing_value_preserved,Existing clustered capacity retained.,,
L_0388,FNSB - Ticasuk Brown Elementary School,North Pole,AK,64.825344,-146.465994,Utilities,N,Y,N,4000.0,95.23809524,existing_value_preserved,Existing clustered capacity retained.,,
L_0389,FNSB - Ticasuk Brown Elementary School,North Pole,AK,64.825677,-147.5324505,,N,Y,N,4000.0,95.23809524,existing_value_preserved,Existing clustered capacity retained.,,
L_0390,FNSB - Transit Garage - Bus Maintenance,Fairbanks,AK,64.818864,-147.77595,,N,Y,N,10000.0,238.0952381,existing_value_preserved,Existing clustered capacity retained.,,
L_0391,FNSB - Transit Garage - Bus Maintenance,Fairbanks,AK,64.818994,-146.222681,Gas Station,N,Y,N,10000.0,238.0952381,existing_value_preserved,Existing clustered capacity retained.,,
L_0392,FNSB - Two Rivers Elementary School,Fairbanks,AK,64.876158,-147.03669,,N,Y,N,2000.0,47.61904762,existing_value_preserved,Existing clustered capacity retained.,,
L_0393,FNSB - Two Rivers Elementary School,Fairbanks,AK,64.878083,-146.96025,Utilities,N,Y,N,2000.0,47.61904762,existing_value_preserved,Existing clustered capacity retained.,,
L_0394,FNSB - University Park Elementary School,Fairbanks,AK,64.845135,-147.847491,,N,Y,N,4000.0,95.23809524,existing_value_preserved,Existing clustered capacity retained.,,
L_0395,FNSB - University Park Elementary School,Fairbanks,AK,64.846111,-146.153925,Utilities,N,Y,N,4000.0,95.23809524,existing_value_preserved,Existing clustered capacity retained.,,
L_0396,FNSB - Weller Elementary School,Fairbanks,AK,64.887678,-147.591891,,N,Y,N,4000.0,95.23809524,existing_value_preserved,Existing clustered capacity retained.,,
L_0397,FNSB - Weller Elementary School,Fairbanks,AK,64.887781,-146.407119,Utilities,N,Y,N,4000.0,95.23809524,existing_value_preserved,Existing clustered capacity retained.,,
L_0398,FNSB - West Valley High School,Fairbanks,AK,64.851255,-147.8229705,,N,Y,N,10000.0,238.0952381,existing_value_preserved,Existing clustered capacity retained.,,
L_0399,FNSB - West Valley High School,Fairbanks,AK,64.851972,-147.824389,Utilities,N,Y,N,10000.0,238.0952381,existing_value_preserved,Existing clustered capacity retained.,,
L_0400,FNSB - Woodriver Elementary School,Fairbanks,AK,64.839456,-147.870774,,N,Y,N,6000.0,142.8571429,existing_value_preserved,Existing clustered capacity retained.,,
L_0401,FNSB - Woodriver Elementary School,Fairbanks,AK,64.839508,-146.127889,Utilities,N,Y,N,6000.0,142.8571429,existing_value_preserved,Existing clustered capacity retained.,,
L_0402,Fort Greely,Fort Greely,AK,63.97405,-144.283614,Gas Station,Y,Y,N,55500.0,1321.428571,existing_value_preserved,Existing clustered capacity retained.,,
L_0403,Fort Wainwright,Fort Wainwright,AK,64.826972,-146.388525,Gas Station,Y,Y,N,22500.0,535.7142857,existing_value_preserved,Existing clustered capacity retained.,,
L_0404,Fred Meyer,,AK,60.4893475,-151.051331,,N,N,N,17251.343219262824,410.7462671253053,imputed_spatial_idw,Five-nearest-neighbor inverse-distance estimate; clipped to observed p10-p90 (47.619048-714.285714 barrels).,Internal interpolation from positive-capacity clustered last-mile nodes.,0.1131769769223007
L_0405,Fred Meyer #11 Fuel Stop,Anchorage,AK,61.194144,-148.133117,Gas Station,Y,Y,N,38000.0,904.7619048,existing_value_preserved,Existing clustered capacity retained.,,
L_0406,Fred Meyer #11 Fuel Stop,Anchorage,AK,61.194348,-149.864841,,Y,Y,N,38000.0,904.7619048,existing_value_preserved,Existing clustered capacity retained.,,
L_0407,Fred Meyer #158 Fuel Stop,Juneau,AK,58.358944,-133.441008,Gas Station,Y,N,N,20000.0,476.1904762,existing_value_preserved,Existing clustered capacity retained.,,
L_0408,Fred Meyer #158 Fuel Stop,Juneau,AK,58.359348,-134.5614435,,Y,N,N,16000.0,380.952381,existing_value_preserved,Existing clustered capacity retained.,,
L_0409,Fred Meyer #17 Fuel Stop,Soldotna,AK,60.489477,-151.0492815,,Y,N,N,20000.0,476.1904762,existing_value_preserved,Existing clustered capacity retained.,,
L_0410,Fred Meyer #17 Fuel Stop,Soldotna,AK,60.489486,-150.948864,Gas Station,Y,N,N,20000.0,476.1904762,existing_value_preserved,Existing clustered capacity retained.,,
L_0411,Fred Meyer #18 Fuel Stop,Anchorage,AK,61.210856,-148.265503,Gas Station,Y,Y,N,40000.0,952.3809524,existing_value_preserved,Existing clustered capacity retained.,,
L_0412,Fred Meyer #18 Fuel Stop,Anchorage,AK,61.211115,-149.736672,,Y,Y,N,40000.0,952.3809524,existing_value_preserved,Existing clustered capacity retained.,,
L_0413,Fred Meyer #224 Fuel Stop,Fairbanks,AK,64.854206,-146.312747,Gas Station,Y,N,N,20000.0,476.1904762,existing_value_preserved,Existing clustered capacity retained.,,
L_0414,Fred Meyer #224 Fuel Stop,Fairbanks,AK,64.854342,-147.6902025,,Y,N,N,16000.0,380.952381,existing_value_preserved,Existing clustered capacity retained.,,
L_0415,Fred Meyer #485 Fuel Stop,Fairbanks,AK,64.836281,-146.180386,Gas Station,Y,Y,N,40000.0,952.3809524,existing_value_preserved,Existing clustered capacity retained.,,
L_0416,Fred Meyer #485 Fuel Stop,Fairbanks,AK,64.8365768,-147.8171927,,Y,Y,N,40000.0,952.3809524,existing_value_preserved,Existing clustered capacity retained.,,
L_0417,Fred Meyer #649 Fuel Stop,Palmer,AK,61.606056,-148.882981,Gas Station,Y,Y,N,48000.0,1142.857143,existing_value_preserved,Existing clustered capacity retained.,,
L_0418,Fred Meyer #649 Fuel Stop,Palmer,AK,61.606107,-149.117301,,Y,Y,N,48000.0,1142.857143,existing_value_preserved,Existing clustered capacity retained.,,
L_0419,Fred Meyer #653Fuel Stop,Wasilla,AK,61.57388,-149.39602,Gas Station,Y,Y,N,38000.0,904.7619048,existing_value_preserved,Existing clustered capacity retained.,,
L_0420,Fred Meyer #656 Fuel Stop,Anchorage,AK,61.1371,-148.162794,Gas Station,Y,Y,N,40000.0,952.3809524,existing_value_preserved,Existing clustered capacity retained.,,
L_0421,Fred Meyer #656 Fuel Stop,Anchorage,AK,61.137198,-149.8372425,,Y,Y,N,40000.0,952.3809524,existing_value_preserved,Existing clustered capacity retained.,,
L_0422,Fred Meyer #668 Fuel Stop,Eagle River,AK,61.340586,-148.441494,Gas Station,Y,Y,N,36000.0,857.1428571,existing_value_preserved,Existing clustered capacity retained.,,
L_0423,Fred Meyer #668 Fuel Stop,Eagle River,AK,61.3418014,-149.5586149,,Y,Y,N,36000.0,857.1428571,existing_value_preserved,Existing clustered capacity retained.,,
L_0424,Fred Meyer #71 Fuel Stop,Anchorage,AK,61.137856,-148.077417,Gas Station,Y,Y,N,38000.0,904.7619048,existing_value_preserved,Existing clustered capacity retained.,,
L_0425,Fred Meyer #71 Fuel Stop,Anchorage,AK,61.15318,-149.89162,,Y,Y,N,38000.0,904.7619048,existing_value_preserved,Existing clustered capacity retained.,,
L_0426,Garrett's Tesoro,Anchorage,AK,61.173315,-149.897331,,Y,Y,N,24000.0,571.4285714,existing_value_preserved,Existing clustered capacity retained.,,
L_0427,Gas N Go,Kodiak,AK,57.790394,-151.593706,Gas Station,Y,N,N,12000.0,285.7142857,existing_value_preserved,Existing clustered capacity retained.,,
L_0428,Gas N Go,Kodiak,AK,57.7905356,-152.4058759,,Y,N,N,12000.0,285.7142857,existing_value_preserved,Existing clustered capacity retained.,,
L_0429,Gas-n-Go,Juneau,AK,58.350132,-134.492661,,Y,N,N,20000.0,476.1904762,existing_value_preserved,Existing clustered capacity retained.,,
L_0430,Gas-n-Go,Juneau,AK,59.349917,-133.507303,Gas Station,Y,N,N,20000.0,476.1904762,existing_value_preserved,Existing clustered capacity retained.,,
L_0431,Gateway Liquor & Food Mart,Seward,AK,60.118967,-148.559106,Gas Station,Y,Y,N,16000.0,380.952381,existing_value_preserved,Existing clustered capacity retained.,,
L_0432,Gateway Liquor & Food Mart | Chevron;Gateway Liquor & Food Mart,Seward,AK,60.11878,-149.4409901,,Y,Y,N,16000.0,380.952381,existing_value_preserved,Existing clustered capacity retained.,,
L_0433,GB Tower - KAKM,Wasilla,AK,61.422189,-148.125081,Utilities,N,Y,N,5000.0,119.047619,existing_value_preserved,Existing clustered capacity retained.,,
L_0434,GB Tower - KAKM,Wasilla,AK,61.5264397,-150.0826505,,N,Y,N,5000.0,119.047619,existing_value_preserved,Existing clustered capacity retained.,,
L_0435,GCI Bald Mountain Remote Telecomm,Palmer,AK,61.6019591,-149.1134552,,N,Y,N,2000.0,47.61904762,existing_value_preserved,Existing clustered capacity retained.,,
L_0436,GCI Ocean Terminal Building,Whittier,AK,60.774989,-147.312003,Utilities,N,Y,N,4000.0,95.23809524,existing_value_preserved,Existing clustered capacity retained.,,
L_0437,Glennallen Fuel and Auto Service | Glennallen Towing and Recovery,,AK,62.1076632,-145.5348793,,N,N,N,7393.579715748036,176.03761227971515,imputed_spatial_idw,Five-nearest-neighbor inverse-distance estimate; clipped to observed p10-p90 (47.619048-714.285714 barrels).,Internal interpolation from positive-capacity clustered last-mile nodes.,5.795551913071041
L_0438,Glennallen Fuel and Service,Glennallen,AK,62.107542,-144.465353,Gas Station,Y,N,N,8000.0,190.4761905,existing_value_preserved,Existing clustered capacity retained.,,
L_0439,"Gold Hill, Inc.",Fairbanks,AK,64.847106,-147.95109,,Y,N,N,12000.0,285.7142857,existing_value_preserved,Existing clustered capacity retained.,,
L_0440,"Goldpanner Service, Inc.",Fairbanks,AK,64.839672,-147.7192725,,Y,N,N,25000.0,595.2380952,existing_value_preserved,Existing clustered capacity retained.,,
L_0441,Goldstream General Store,Fairbanks,AK,64.913428,-146.09365,Gas Station,Y,N,N,6000.0,142.8571429,existing_value_preserved,Existing clustered capacity retained.,,
L_0442,Goldstream General Store,Fairbanks,AK,64.9136344,-147.9056039,,Y,N,N,6000.0,142.8571429,existing_value_preserved,Existing clustered capacity retained.,,
L_0443,Grayling Native Store,Grayling,AK,62.9011954,-160.0661073,,Y,N,N,10137.0,241.3571429,existing_value_preserved,Existing clustered capacity retained.,,
L_0444,Grayling Native Store,Grayling,AK,62.903781,-159.935589,Unknown,Y,N,N,7042.0,167.6666667,existing_value_preserved,Existing clustered capacity retained.,,
L_0445,"Great Circle Flight Services, LLC",Anchorage,AK,61.165125,-149.986692,,Y,Y,N,23000.0,547.6190476,existing_value_preserved,Existing clustered capacity retained.,,
L_0446,"Great Circle Flight Services, LLC",Anchorage,AK,61.165492,-149.986147,Air Taxi (Airline),Y,Y,N,23000.0,547.6190476,existing_value_preserved,Existing clustered capacity retained.,,
L_0447,Grizzly Ridge,,AK,60.4900881,-149.8261166,,N,N,N,6146.639832273446,146.34856743508203,imputed_spatial_idw,Five-nearest-neighbor inverse-distance estimate; clipped to observed p10-p90 (47.619048-714.285714 barrels).,Internal interpolation from positive-capacity clustered last-mile nodes.,0.0386397674186516
L_0448,Grizzly Ridge,Cooper Landing,AK,60.490147,-148.17385,Gas Station,Y,N,N,5000.0,119.047619,existing_value_preserved,Existing clustered capacity retained.,,
L_0449,Grizzly Ridge,Cooper Landing,AK,60.490422,-149.826312,,Y,N,N,5000.0,119.047619,existing_value_preserved,Existing clustered capacity retained.,,
L_0450,GSA - Fairbanks Federal Building,Fairbanks,AK,64.8382972,-147.706476,,N,Y,N,15000.0,357.1428571,existing_value_preserved,Existing clustered capacity retained.,,
L_0451,GSA - Juneau Courthouse,Juneau,AK,58.301754,-134.4114896,,N,Y,N,15000.0,357.1428571,existing_value_preserved,Existing clustered capacity retained.,,
L_0452,GSA - Juneau Courthouse,Juneau,AK,58.301867,-133.580236,Utilities,N,Y,N,15000.0,357.1428571,existing_value_preserved,Existing clustered capacity retained.,,
L_0453,GSA - US Border Station Tok,Tok,AK,62.620711,-140.992858,Utilities,N,Y,N,10000.0,238.0952381,existing_value_preserved,Existing clustered capacity retained.,,
L_0454,Gustavus Dray,,AK,58.412341,-135.7269038,,N,N,N,16642.527688223185,396.2506592434092,imputed_spatial_idw,Five-nearest-neighbor inverse-distance estimate; clipped to observed p10-p90 (47.619048-714.285714 barrels).,Internal interpolation from positive-capacity clustered last-mile nodes.,60.67742103117718
L_0455,GZ Gas Station,,AK,66.5660243,-145.2562171,,N,N,N,2000.00000004,47.61904762,imputed_spatial_idw,Five-nearest-neighbor inverse-distance estimate; clipped to observed p10-p90 (47.619048-714.285714 barrels).,Internal interpolation from positive-capacity clustered last-mile nodes.,0.1428325837582084
L_0456,Halibut Point Marine Services,Sitka,AK,57.056733,-135.345294,,Y,N,N,20000.0,476.1904762,existing_value_preserved,Existing clustered capacity retained.,,
L_0457,Halibut Point Marine Services,Sitka,AK,57.056736,-134.655436,Gas Station,Y,N,N,20000.0,476.1904762,existing_value_preserved,Existing clustered capacity retained.,,
L_0458,Hertz Rent-A-Car #1270-11,Anchorage,AK,61.1767041,-149.968555,,Y,N,N,10000.0,238.0952381,existing_value_preserved,Existing clustered capacity retained.,,
L_0459,Hertz Rental Car Return Shop,Fairbanks,AK,64.825956,-146.142044,Auto Dealership,N,Y,N,1000.0,23.80952381,existing_value_preserved,Existing clustered capacity retained.,,
L_0460,Hertz Rental Car Return Shop,Fairbanks,AK,64.826019,-147.8573505,,N,Y,N,2000.0,47.61904762,existing_value_preserved,Existing clustered capacity retained.,,
L_0461,Hilcorp North Slope Benson Building,Anchorage,AK,61.192231,-148.134372,Utilities,N,Y,N,19000.0,452.3809524,existing_value_preserved,Existing clustered capacity retained.,,
L_0462,Hilltop Truck Stop Café,Fairbanks,AK,65.024028,-146.348567,Gas Station,Y,Y,N,25000.0,595.2380952,existing_value_preserved,Existing clustered capacity retained.,,
L_0463,Hilltop Truck Stop Café,Fairbanks,AK,65.024829,-147.6527715,,Y,Y,N,25000.0,595.2380952,existing_value_preserved,Existing clustered capacity retained.,,
L_0464,"Hinchinbrook Aero Fuel, LLC",Palmer,AK,61.5871,-148.906994,Gas Station,Y,N,Y,24000.0,571.4285714,existing_value_preserved,Existing clustered capacity retained.,,
L_0465,"Hinchinbrook Aero Fuel, LLC",Palmer,AK,61.587675,-149.093721,,Y,N,Y,24000.0,571.4285714,existing_value_preserved,Existing clustered capacity retained.,,
L_0466,Holiday,,AK,61.1450404,-149.853794,,N,N,N,18999.99999912,452.38095236,imputed_spatial_idw,Five-nearest-neighbor inverse-distance estimate; clipped to observed p10-p90 (47.619048-714.285714 barrels).,Internal interpolation from positive-capacity clustered last-mile nodes.,0.2538405705494794
L_0467,Holiday #601,Anchorage,AK,61.208469,-149.8076415,,Y,N,N,10000.0,238.0952381,existing_value_preserved,Existing clustered capacity retained.,,
L_0468,Holiday #601,Anchorage,AK,61.208639,-148.192214,Gas Station,Y,N,N,15000.0,357.1428571,existing_value_preserved,Existing clustered capacity retained.,,
L_0469,Holiday #602,Anchorage,AK,61.124325,-148.134797,Gas Station,Y,Y,N,30000.0,714.2857143,existing_value_preserved,Existing clustered capacity retained.,,
L_0470,Holiday #602,Anchorage,AK,61.124445,-149.867532,,Y,Y,N,25000.0,595.2380952,existing_value_preserved,Existing clustered capacity retained.,,
L_0471,Holiday #605,Wasilla,AK,61.581361,-148.561442,Gas Station,Y,Y,N,30000.0,714.2857143,existing_value_preserved,Existing clustered capacity retained.,,
L_0472,Holiday #605,Wasilla,AK,61.581582,-149.4386505,,Y,Y,N,20000.0,476.1904762,existing_value_preserved,Existing clustered capacity retained.,,
L_0473,Holiday #606,Anchorage,AK,61.1441771,-149.849415,,Y,Y,N,25000.0,595.2380952,existing_value_preserved,Existing clustered capacity retained.,,
L_0474,Holiday #606,Anchorage,AK,61.145244,-148.1458,Gas Station,Y,Y,N,30000.0,714.2857143,existing_value_preserved,Existing clustered capacity retained.,,
L_0475,Holiday #607,Anchorage,AK,61.195528,-148.221078,Gas Station,Y,N,N,10000.0,238.0952381,existing_value_preserved,Existing clustered capacity retained.,,
L_0476,Holiday #607,Anchorage,AK,61.195608,-149.7791025,,Y,N,N,10000.0,238.0952381,existing_value_preserved,Existing clustered capacity retained.,,
L_0477,Holiday #610,Anchorage,AK,61.2171,-149.8537455,Gas Station,Y,Y,N,25000.0,595.2380952,existing_value_preserved,Existing clustered capacity retained.,,
L_0478,Holiday #611,Anchorage,AK,61.108217,-148.145847,Gas Station,Y,Y,N,20000.0,476.1904762,existing_value_preserved,Existing clustered capacity retained.,,
L_0479,Holiday #611,Anchorage,AK,61.108299,-149.853591,,Y,Y,N,20000.0,476.1904762,existing_value_preserved,Existing clustered capacity retained.,,
L_0480,Holiday #614,Anchorage,AK,61.203631,-148.265703,Gas Station,Y,N,N,10000.0,238.0952381,existing_value_preserved,Existing clustered capacity retained.,,
L_0481,Holiday #614,Anchorage,AK,61.203735,-149.73444,,Y,N,N,10000.0,238.0952381,existing_value_preserved,Existing clustered capacity retained.,,
L_0482,Holiday #620,Anchorage,AK,61.180317,-149.82615,,Y,Y,N,25000.0,595.2380952,existing_value_preserved,Existing clustered capacity retained.,,
L_0483,Holiday #620,Anchorage,AK,61.180414,-148.173342,Gas Station,Y,Y,N,25000.0,595.2380952,existing_value_preserved,Existing clustered capacity retained.,,
L_0484,Holiday #622,Fairbanks,AK,64.825475,-146.286108,Gas Station,Y,Y,N,25000.0,595.2380952,existing_value_preserved,Existing clustered capacity retained.,,
L_0485,Holiday #622,Fairbanks,AK,64.826172,-147.7138005,,Y,Y,N,20000.0,476.1904762,existing_value_preserved,Existing clustered capacity retained.,,
L_0486,Holiday #624,Anchorage,AK,61.1404,-148.04875,Gas Station,Y,N,N,20000.0,476.1904762,existing_value_preserved,Existing clustered capacity retained.,,
L_0487,Holiday #624,Anchorage,AK,61.140573,-149.9512725,,Y,N,N,10000.0,238.0952381,existing_value_preserved,Existing clustered capacity retained.,,
L_0488,Holiday #625,Anchorage,AK,61.158699,-149.8349205,,Y,N,N,15000.0,357.1428571,existing_value_preserved,Existing clustered capacity retained.,,
L_0489,Holiday #625,Anchorage,AK,61.158983,-149.833967,Gas Station,Y,N,N,10000.0,238.0952381,existing_value_preserved,Existing clustered capacity retained.,,
L_0490,Holiday #626,Fairbanks,AK,64.8487488,-147.8303285,,Y,Y,N,20000.0,476.1904762,existing_value_preserved,Existing clustered capacity retained.,,
L_0491,Holiday #626,Fairbanks,AK,64.848808,-146.169828,Gas Station,Y,Y,N,25000.0,595.2380952,existing_value_preserved,Existing clustered capacity retained.,,
L_0492,Holiday #628,Anchorage,AK,61.226514,-149.794353,,Y,N,N,10000.0,238.0952381,existing_value_preserved,Existing clustered capacity retained.,,
L_0493,Holiday #628,Anchorage,AK,61.226589,-148.206144,Gas Station,Y,N,N,20000.0,476.1904762,existing_value_preserved,Existing clustered capacity retained.,,
L_0494,Holiday #629,Anchorage,AK,61.137989,-148.081947,Gas Station,Y,Y,N,20000.0,476.1904762,existing_value_preserved,Existing clustered capacity retained.,,
L_0495,Holiday #629,Anchorage,AK,61.138125,-149.917491,,Y,Y,N,25000.0,595.2380952,existing_value_preserved,Existing clustered capacity retained.,,
L_0496,Holiday #630,Anchorage,AK,61.18645,-148.086131,Gas Station,Y,Y,N,20000.0,476.1904762,existing_value_preserved,Existing clustered capacity retained.,,
L_0497,Holiday #630 | Holiday,Anchorage,AK,61.1862136,-149.9138935,,Y,N,N,10000.0,238.0952381,existing_value_preserved,Existing clustered capacity retained.,,
L_0498,Holiday #631,Anchorage,AK,61.220853,-149.733171,,Y,Y,N,25000.0,595.2380952,existing_value_preserved,Existing clustered capacity retained.,,
L_0499,Holiday #631,Anchorage,AK,61.220889,-148.268142,Gas Station,Y,Y,N,25000.0,595.2380952,existing_value_preserved,Existing clustered capacity retained.,,
L_0500,Holiday #632,Anchorage,AK,61.181181,-148.132464,Gas Station,Y,Y,N,30000.0,714.2857143,existing_value_preserved,Existing clustered capacity retained.,,
L_0501,Holiday #632 | Holiday,Anchorage,AK,61.1810838,-149.867098,,Y,Y,N,20000.0,476.1904762,existing_value_preserved,Existing clustered capacity retained.,,
L_0502,Holiday #635,Soldotna,AK,60.48795,-150.946214,Gas Station,Y,Y,N,25000.0,595.2380952,existing_value_preserved,Existing clustered capacity retained.,,
L_0503,Holiday #635,Soldotna,AK,60.488145,-151.053822,,Y,Y,N,25000.0,595.2380952,existing_value_preserved,Existing clustered capacity retained.,,
L_0504,Holiday #636,Kenai,AK,60.557319,-151.240113,,Y,Y,N,30000.0,714.2857143,existing_value_preserved,Existing clustered capacity retained.,,
L_0505,Holiday #636,Kenai,AK,60.557508,-150.759336,Gas Station,Y,Y,N,25000.0,595.2380952,existing_value_preserved,Existing clustered capacity retained.,,
L_0506,Holiday #637,Anchorage,AK,61.209997,-148.222108,Gas Station,Y,Y,N,30000.0,714.2857143,existing_value_preserved,Existing clustered capacity retained.,,
L_0507,Holiday #637,Anchorage,AK,61.210197,-149.77737,,Y,Y,N,30000.0,714.2857143,existing_value_preserved,Existing clustered capacity retained.,,
L_0508,Holiday #638,Anchorage,AK,61.188281,-148.112811,Gas Station,Y,Y,N,30000.0,714.2857143,existing_value_preserved,Existing clustered capacity retained.,,
L_0509,Holiday #638,Anchorage,AK,61.188723,-149.8868325,,Y,Y,N,25000.0,595.2380952,existing_value_preserved,Existing clustered capacity retained.,,
L_0510,Holiday #639,Anchorage,AK,61.158573,-149.9231025,,Y,Y,N,24000.0,571.4285714,existing_value_preserved,Existing clustered capacity retained.,,
L_0511,Holiday #639,Anchorage,AK,61.158664,-148.077397,Gas Station,Y,Y,N,32000.0,761.9047619,existing_value_preserved,Existing clustered capacity retained.,,
L_0512,Holiday #640,Fairbanks,AK,64.8594615,-147.6851087,,Y,Y,N,40000.0,952.3809524,existing_value_preserved,Existing clustered capacity retained.,,
L_0513,Holiday #640,Fairbanks,AK,64.859894,-146.30405,Gas Station,Y,Y,N,40000.0,952.3809524,existing_value_preserved,Existing clustered capacity retained.,,
L_0514,Holiday #650,Wasilla,AK,61.583039,-148.369103,Gas Station,Y,Y,N,25000.0,595.2380952,existing_value_preserved,Existing clustered capacity retained.,,
L_0515,Holiday #650,Wasilla,AK,61.583103,-149.636754,,Y,Y,N,20000.0,476.1904762,existing_value_preserved,Existing clustered capacity retained.,,
L_0516,Holiday Circle K #2746641,Fairbanks,AK,60.847281,-147.785556,Gas Station,Y,Y,N,32000.0,761.9047619,existing_value_preserved,Existing clustered capacity retained.,,
L_0517,Home Run Oil,,AK,59.6648118,-151.4625685,,N,N,N,8811.649223793122,209.8011719950744,imputed_spatial_idw,Five-nearest-neighbor inverse-distance estimate; clipped to observed p10-p90 (47.619048-714.285714 barrels).,Internal interpolation from positive-capacity clustered last-mile nodes.,2.857000067722002
L_0518,Homer Chevron,Homer,AK,59.642342,-150.462517,Gas Station,Y,N,N,15000.0,357.1428571,existing_value_preserved,Existing clustered capacity retained.,,
L_0519,Homer Marina,Homer,AK,59.603409,-151.4167515,,Y,Y,N,40000.0,952.3809524,existing_value_preserved,Existing clustered capacity retained.,,
L_0520,"Homer Public Works, Sewage Plant",Homer,AK,59.641647,-150.465997,Utilities,Y,Y,N,8500.0,202.3809524,existing_value_preserved,Existing clustered capacity retained.,,
L_0521,"Homer Public Works, Sewage Plant",Homer,AK,59.641902,-151.534044,,Y,Y,N,8000.0,190.4761905,existing_value_preserved,Existing clustered capacity retained.,,
L_0522,Hub of Alaska | Glennallen Fuels | AT&T - Tolsona Microwave Repeater,Glennallen,AK,62.0953555,-146.2508628,,Y,Y,N,41000.0,976.1904762,existing_value_preserved,Existing clustered capacity retained.,,
L_0523,"Iliamna Air Taxi, Inc.",Iliamna,AK,59.755819,-153.092467,Air Taxi (Airline),Y,N,Y,21000.0,500.0,existing_value_preserved,Existing clustered capacity retained.,,
L_0524,"Iliamna Air Taxi, Inc.",Iliamna,AK,60.5000412,-153.225795,,Y,N,Y,19000.0,452.3809524,existing_value_preserved,Existing clustered capacity retained.,,
L_0525,Jack's Tesoro Service,Delta Junction,AK,64.0398938,-145.7342116,,Y,N,N,12000.0,285.7142857,existing_value_preserved,Existing clustered capacity retained.,,
L_0526,JBER Fort Richardson,JBER-EAFB,AK,61.273919,-148.354619,Unknown,Y,Y,N,47550.0,1132.142857,existing_value_preserved,Existing clustered capacity retained.,,
L_0527,Just A Store,Fairbanks,AK,64.8471441,-147.8686304,,Y,N,N,10000.0,238.0952381,existing_value_preserved,Existing clustered capacity retained.,,
L_0528,Justa Store,Fairbanks,AK,64.847253,-146.131572,Gas Station,Y,N,N,10000.0,238.0952381,existing_value_preserved,Existing clustered capacity retained.,,
L_0529,Kasilof Riverview Lodge,Kasilof,AK,60.3184596,-151.2606706,,Y,Y,N,8000.0,190.4761905,existing_value_preserved,Existing clustered capacity retained.,,
L_0530,Kenai Pressure Plant,Kenai,AK,60.713339,-150.647269,Utilities,N,N,N,6700.0,159.5238095,existing_value_preserved,Existing clustered capacity retained.,,
L_0531,Ketchikan General Hospital,Ketchikan,AK,55.35295,-131.686433,Utilities,N,N,N,12000.0,285.7142857,existing_value_preserved,Existing clustered capacity retained.,,
L_0532,Ketchikan General Hospital,Ketchikan,AK,55.353969,-131.685984,,N,Y,N,6000.0,142.8571429,existing_value_preserved,Existing clustered capacity retained.,,
L_0533,Ketchikan International Airport,Ketchikan,AK,55.351828,-130.297731,Gas Station,N,Y,N,8500.0,202.3809524,existing_value_preserved,Existing clustered capacity retained.,,
L_0534,Ketchikan International Airport,Ketchikan,AK,55.3573757,-131.6866672,,Y,N,N,5500.0,130.952381,existing_value_preserved,Existing clustered capacity retained.,,
L_0535,Ketchikan Pioneer Home,Ketchikan,AK,55.356,-130.308333,Unknown,N,Y,N,4000.0,95.23809524,existing_value_preserved,Existing clustered capacity retained.,,
L_0536,Ketchikan Pioneer Home,Ketchikan,AK,55.356156,-131.6919015,,N,Y,N,4000.0,95.23809524,existing_value_preserved,Existing clustered capacity retained.,,
L_0537,KFQD,Wasilla,AK,61.333883,-149.965539,Utilities,N,Y,N,5000.0,119.047619,existing_value_preserved,Existing clustered capacity retained.,,
L_0538,Klawock Delta Fuels Gas Station,Klawock,AK,55.5507442,-133.0966564,,Y,N,N,5000.0,119.047619,existing_value_preserved,Existing clustered capacity retained.,,
L_0539,Klawock Delta Fuels Gas Station,Klawock,AK,55.552278,-132.906778,Gas Station,Y,N,N,5000.0,119.047619,existing_value_preserved,Existing clustered capacity retained.,,
L_0540,Knik Super Store,Big Lake,AK,61.516458,-149.622813,,Y,N,N,15000.0,357.1428571,existing_value_preserved,Existing clustered capacity retained.,,
L_0541,Knik Super Store,Big Lake,AK,61.516469,-148.376767,Gas Station,Y,N,N,15000.0,357.1428571,existing_value_preserved,Existing clustered capacity retained.,,
L_0542,Knoebel's Union 76 Auto Service,Glennallen,AK,62.106211,-145.646247,Gas Station,Y,N,N,5800.0,138.0952381,existing_value_preserved,Existing clustered capacity retained.,,
L_0543,Kodiak Public Works,Kodiak,AK,57.80682,-152.368461,,Y,Y,N,4000.0,95.23809524,existing_value_preserved,Existing clustered capacity retained.,,
L_0544,L N M Services,Wrangell,AK,56.470833,-131.6175,Gas Station,Y,N,N,3000.0,71.42857143,existing_value_preserved,Existing clustered capacity retained.,,
L_0545,L N M Services,Wrangell,AK,56.471562,-132.38586,,Y,N,N,6000.0,142.8571429,existing_value_preserved,Existing clustered capacity retained.,,
L_0546,Lake Aire Complex,Anchorage,AK,61.179919,-149.977778,Air Taxi (Airline),N,N,Y,2000.0,47.61904762,existing_value_preserved,Existing clustered capacity retained.,,
L_0547,Last Chance Gas,,AK,56.1207344,-133.1299718,,N,N,N,6276.951217832689,149.45121947220687,imputed_spatial_idw,Five-nearest-neighbor inverse-distance estimate; clipped to observed p10-p90 (47.619048-714.285714 barrels).,Internal interpolation from positive-capacity clustered last-mile nodes.,49.51525137288033
L_0548,Legislative Affairs Agency - LAA,Anchorage,AK,61.193034,-149.911443,,N,Y,N,1000.0,23.80952381,existing_value_preserved,Existing clustered capacity retained.,,
L_0549,Lena Point Earth Station,Juneau,AK,58.394475,-133.2349,Utilities,N,N,N,5000.0,119.047619,existing_value_preserved,Existing clustered capacity retained.,,
L_0550,Lighthouse Service,Ketchikan,AK,55.429122,-130.212342,Gas Station,Y,Y,N,9000.0,214.2857143,existing_value_preserved,Existing clustered capacity retained.,,
L_0551,Lighthouse Service,Ketchikan,AK,55.429236,-131.7873735,,Y,Y,N,6000.0,142.8571429,existing_value_preserved,Existing clustered capacity retained.,,
L_0552,MARC Flight Center,Soldotna,AK,60.478317,-151.036632,,Y,N,N,12000.0,285.7142857,existing_value_preserved,Existing clustered capacity retained.,,
L_0553,"Maritime Helicopters, Inc.",Homer,AK,59.641272,-151.4983005,,N,N,Y,6000.0,142.8571429,existing_value_preserved,Existing clustered capacity retained.,,
L_0554,Mat-Su Regional Medical Center,Palmer,AK,61.559369,-148.749878,Utilities,N,Y,N,15000.0,357.1428571,existing_value_preserved,Existing clustered capacity retained.,,
L_0555,Mat-Su Regional Medical Center,Palmer,AK,61.56297,-149.2578135,,N,Y,N,15000.0,357.1428571,existing_value_preserved,Existing clustered capacity retained.,,
L_0556,Mat-Su Regional Outpatient Center,Wasilla,AK,61.586331,-148.573269,Utilities,N,Y,N,500.0,11.9047619,existing_value_preserved,Existing clustered capacity retained.,,
L_0557,Mat-Su Regional Outpatient Center,Wasilla,AK,61.586559,-149.425623,,N,Y,N,500.0,11.9047619,existing_value_preserved,Existing clustered capacity retained.,,
L_0558,Mentasta Lodge,Gakona,AK,62.7158113,-144.2343058,,Y,N,N,6000.0,142.8571429,existing_value_preserved,Existing clustered capacity retained.,,
L_0559,Mike's Airport Express,Juneau,AK,58.363331,-133.415006,Gas Station,Y,N,N,12000.0,285.7142857,existing_value_preserved,Existing clustered capacity retained.,,
L_0560,Mike's Airport Express,Juneau,AK,58.363425,-134.58492,,Y,N,N,12000.0,285.7142857,existing_value_preserved,Existing clustered capacity retained.,,
L_0561,"Mike's University Service, Inc.",Fairbanks,AK,64.85742,-147.798504,,Y,N,N,20000.0,476.1904762,existing_value_preserved,Existing clustered capacity retained.,,
L_0562,"Mike's University Service, Inc.",Fairbanks,AK,64.857883,-146.202403,Gas Station,Y,N,N,20000.0,476.1904762,existing_value_preserved,Existing clustered capacity retained.,,
L_0563,Mill Bay Gas & Go,Kodiak,AK,57.816828,-151.645119,Gas Station,Y,Y,N,6000.0,142.8571429,existing_value_preserved,Existing clustered capacity retained.,,
L_0564,Mill Bay Gas & Go,Kodiak,AK,57.817044,-152.355042,,Y,Y,N,6000.0,142.8571429,existing_value_preserved,Existing clustered capacity retained.,,
L_0565,MOA - Alaska Center For The Performing Arts,Anchorage,AK,61.217055,-149.894343,,N,Y,N,1000.0,23.80952381,existing_value_preserved,Existing clustered capacity retained.,,
L_0566,MOA - Alaska Center For The Performing Arts,Anchorage,AK,61.21715,-148.104825,Utilities,N,Y,N,1000.0,23.80952381,existing_value_preserved,Existing clustered capacity retained.,,
L_0567,MOA - Anchorage Police Headquarters,Anchorage,AK,61.178823,-149.807853,,Y,Y,N,16000.0,380.952381,existing_value_preserved,Existing clustered capacity retained.,,
L_0568,MOA - Anchorage Police Headquarters,Anchorage,AK,61.179656,-148.195272,Gas Station,Y,Y,N,16000.0,380.952381,existing_value_preserved,Existing clustered capacity retained.,,
L_0569,MOA - Anchorage Water & Wastewater Utility,Anchorage,AK,61.192503,-149.89941,,Y,N,N,4000.0,95.23809524,existing_value_preserved,Existing clustered capacity retained.,,
L_0570,MOA - Anchorage Water & Wastewater Utility,Anchorage,AK,61.192917,-148.099953,Gas Station,Y,N,N,4000.0,95.23809524,existing_value_preserved,Existing clustered capacity retained.,,
L_0571,MOA - Fire Station # 3,Anchorage,AK,61.2124413,-149.8233672,,N,Y,N,2500.0,59.52380952,existing_value_preserved,Existing clustered capacity retained.,,
L_0572,MOA - Fire Station # 3,Anchorage,AK,61.212497,-148.176422,Gas Station,N,Y,N,2500.0,59.52380952,existing_value_preserved,Existing clustered capacity retained.,,
L_0573,MOA - Fire Station # 5,Anchorage,AK,61.186059,-149.9242815,,N,Y,N,2500.0,59.52380952,existing_value_preserved,Existing clustered capacity retained.,,
L_0574,MOA - Fire Station # 5,Anchorage,AK,61.186083,-148.076122,Utilities,N,Y,N,2500.0,59.52380952,existing_value_preserved,Existing clustered capacity retained.,,
L_0575,MOA - Fire Station #9,Anchorage,AK,61.0946328,-149.8338636,,N,Y,N,2500.0,59.52380952,existing_value_preserved,Existing clustered capacity retained.,,
L_0576,MOA - Fire Station #9,Anchorage,AK,61.094658,-148.166447,Gas Station,N,Y,N,2500.0,59.52380952,existing_value_preserved,Existing clustered capacity retained.,,
L_0577,MOA - Loussac Library,Anchorage,AK,61.187242,-148.120592,Unknown,N,Y,N,1000.0,23.80952381,existing_value_preserved,Existing clustered capacity retained.,,
L_0578,MOA - Loussac Library,Anchorage,AK,61.18749,-149.877423,,N,Y,N,1000.0,23.80952381,existing_value_preserved,Existing clustered capacity retained.,,
L_0579,MOA - New Transit Maintenance Facility,Anchorage,AK,61.177302,-149.812001,Gas Station,N,Y,N,32000.0,761.9047619,existing_value_preserved,Existing clustered capacity retained.,,
L_0580,MOA - New Transit Maintenance Facility,Anchorage,AK,61.17777,-149.811354,,N,Y,N,32000.0,761.9047619,existing_value_preserved,Existing clustered capacity retained.,,
L_0581,MOA - Spenard Recreation Center,Anchorage,AK,61.176333,-148.078842,Unknown,N,Y,N,6000.0,142.8571429,existing_value_preserved,Existing clustered capacity retained.,,
L_0582,MOA - Spenard Recreation Center,Anchorage,AK,61.176717,-149.9212035,,N,Y,N,6000.0,142.8571429,existing_value_preserved,Existing clustered capacity retained.,,
L_0583,MOA - Sullivan Arena,Anchorage,AK,61.204374,-149.8734135,,N,Y,N,600.0,14.28571429,existing_value_preserved,Existing clustered capacity retained.,,
L_0584,MOA - Sullivan Arena,Anchorage,AK,61.205431,-148.128306,Utilities,N,Y,N,600.0,14.28571429,existing_value_preserved,Existing clustered capacity retained.,,
L_0585,MOA Chugiak Senior Center,Chugiak,AK,61.397163,-149.46588,,N,Y,N,600.0,14.28571429,existing_value_preserved,Existing clustered capacity retained.,,
L_0586,MOA Chugiak Senior Center,Chugiak,AK,61.398658,-149.466031,Utilities,N,Y,N,600.0,14.28571429,existing_value_preserved,Existing clustered capacity retained.,,
L_0587,MOA Solid Waste Services Central Transfer Station,Anchorage,AK,61.170084,-149.861844,,N,Y,N,8000.0,190.4761905,existing_value_preserved,Existing clustered capacity retained.,,
L_0588,MOA Solid Waste Services Central Transfer Station,Anchorage,AK,61.170847,-148.137656,Unknown,N,Y,N,8000.0,190.4761905,existing_value_preserved,Existing clustered capacity retained.,,
L_0589,MOA-SWS Anchorage Regional Landfill,Eagle River,AK,61.295311,-148.404092,Unknown,N,Y,N,13000.0,309.5238095,existing_value_preserved,Existing clustered capacity retained.,,
L_0590,MOA-SWS Anchorage Regional Landfill,Eagle River,AK,61.3125212,-149.5390183,,N,Y,N,16000.0,380.952381,existing_value_preserved,Existing clustered capacity retained.,,
L_0591,Moose Creek General Store,North Pole,AK,64.716966,-147.192273,,Y,N,N,10000.0,238.0952381,existing_value_preserved,Existing clustered capacity retained.,,
L_0592,Moose Creek General Store,North Pole,AK,64.71755,-146.806819,Gas Station,Y,N,N,10000.0,238.0952381,existing_value_preserved,Existing clustered capacity retained.,,
L_0593,Mountain View Gas & Grocery,,AK,61.9539356,-145.3062741,,N,N,N,5206.460813835566,123.96335271037064,imputed_spatial_idw,Five-nearest-neighbor inverse-distance estimate; clipped to observed p10-p90 (47.619048-714.285714 barrels).,Internal interpolation from positive-capacity clustered last-mile nodes.,24.516403921966635
L_0594,Mountain View Shell,Anchorage,AK,61.2245033,-149.8125572,Gas Station,Y,Y,N,20000.0,476.1904762,existing_value_preserved,Existing clustered capacity retained.,,
L_0595,MSB-Butte Public Safety Building,Palmer,AK,61.544754,-149.032251,,Y,Y,N,1000.0,23.80952381,existing_value_preserved,Existing clustered capacity retained.,,
L_0596,MSB-Butte Public Safety Building,Palmer,AK,61.544878,-148.967244,Unknown,Y,Y,N,1000.0,23.80952381,existing_value_preserved,Existing clustered capacity retained.,,
L_0597,MSB-Cottonwood Public Safety Bldg,Wasilla,AK,61.586689,-148.638344,Unknown,Y,Y,N,4000.0,95.23809524,existing_value_preserved,Existing clustered capacity retained.,,
L_0598,MSB-Cottonwood Public Safety Bldg,Wasilla,AK,61.58862,-149.3626725,,Y,Y,N,4000.0,95.23809524,existing_value_preserved,Existing clustered capacity retained.,,
L_0599,MSB-Matanuska-Susitna Borough Admin,Palmer,AK,61.599608,-149.10855,Utilities,N,Y,N,4000.0,95.23809524,existing_value_preserved,Existing clustered capacity retained.,,
L_0600,MSB-Matanuska-Susitna Borough Admin,Palmer,AK,61.599843,-149.107284,,N,Y,N,4000.0,95.23809524,existing_value_preserved,Existing clustered capacity retained.,,
L_0601,MSB-Sutton Public Safety Building,Sutton,AK,61.709382,-148.893372,,Y,Y,N,1000.0,23.80952381,existing_value_preserved,Existing clustered capacity retained.,,
L_0602,MSB-Sutton Public Safety Building,Sutton,AK,61.709825,-147.105786,Unknown,Y,Y,N,1000.0,23.80952381,existing_value_preserved,Existing clustered capacity retained.,,
L_0603,MT Auto LLC | Reed's Service,Anchorage,AK,61.1053265,-149.8589358,Gas Station,Y,N,N,20000.0,476.1904762,existing_value_preserved,Existing clustered capacity retained.,,
L_0604,Mt. Edgecombe High School,Sitka,AK,57.051525,-134.647319,Unknown,N,N,N,10000.0,238.0952381,existing_value_preserved,Existing clustered capacity retained.,,
L_0605,Nelson Island Area School,Toksook Bay,AK,60.530556,-164.896667,Unknown,N,N,N,4192.258582970147,99.81568054690824,imputed_spatial_idw,Five-nearest-neighbor inverse-distance estimate; clipped to observed p10-p90 (47.619048-714.285714 barrels).,Internal interpolation from positive-capacity clustered last-mile nodes.,171.57262547332658
L_0606,Newman's Hilltop Tesoro,Willow,AK,61.730978,-149.960508,Gas Station,Y,N,N,12000.0,285.7142857,existing_value_preserved,Existing clustered capacity retained.,,
L_0607,Niff's Badger Road Tesoro,North Pole,AK,64.816785,-147.5672805,,Y,N,N,12000.0,285.7142857,existing_value_preserved,Existing clustered capacity retained.,,
L_0608,Niff's Badger Road Tesoro,North Pole,AK,64.817117,-146.431975,Gas Station,Y,N,N,12000.0,285.7142857,existing_value_preserved,Existing clustered capacity retained.,,
L_0609,NOAA NESDIS CDA Station,Fairbanks,AK,64.976186,-146.484392,Unknown,Y,Y,N,38000.0,904.7619048,existing_value_preserved,Existing clustered capacity retained.,,
L_0610,NOAA NESDIS CDA Station,Fairbanks,AK,64.977516,-147.510693,,Y,Y,N,33000.0,785.7142857,existing_value_preserved,Existing clustered capacity retained.,,
L_0611,Nome Annex Post Office,Nome,AK,64.5006652,-165.4056714,,N,Y,N,4000.0,95.23809524,existing_value_preserved,Existing clustered capacity retained.,,
L_0612,Nome Federal Building,Nome,AK,64.4980168,-165.410917,,N,Y,N,4000.0,95.23809524,existing_value_preserved,Existing clustered capacity retained.,,
L_0613,Nome Federal Building & US Post Office,Nome,AK,64.497817,-164.5895,Unknown,N,Y,N,4000.0,95.23809524,existing_value_preserved,Existing clustered capacity retained.,,
L_0614,North Pacific Fuel Petro Star Gas n Go,Unalaska,AK,53.8814338,-166.5491483,,Y,Y,N,16000.0,380.952381,existing_value_preserved,Existing clustered capacity retained.,,
L_0615,Northern Energy Corporation,Tok,AK,63.338044,-142.991275,Gas Station,Y,Y,N,24000.0,571.4285714,existing_value_preserved,Existing clustered capacity retained.,,
L_0616,Northern Energy Corporation | GSA - US Border Station Tok | AT&T - Cathedral Microwave Repeater | AT&T - Knob Ridge Microwave Repeater,Tok,AK,63.326088,-142.8511875,,Y,Y,N,30500.0,726.1904762,existing_value_preserved,Existing clustered capacity retained.,,
L_0617,NorthStar Trekking - Douglas Island Base.,Juneau,AK,58.331835,-134.4978225,,N,Y,N,12000.0,285.7142857,existing_value_preserved,Existing clustered capacity retained.,,
L_0618,NorthStar Trekking - Douglas Island Base.,Juneau,AK,58.332108,-133.5025,Air Taxi (Airline),N,Y,N,12500.0,297.6190476,existing_value_preserved,Existing clustered capacity retained.,,
L_0619,"O Morleys, Inc.",Delta Junction,AK,64.039411,-144.267142,Gas Station,Y,N,N,12000.0,285.7142857,existing_value_preserved,Existing clustered capacity retained.,,
L_0620,Palmquist Services,Wasilla,AK,61.578056,-148.560969,Unknown,Y,Y,N,1500.0,35.71428571,existing_value_preserved,Existing clustered capacity retained.,,
L_0621,Parks Highway Chevron,Fairbanks,AK,64.84536,-147.949884,,Y,Y,N,16000.0,380.952381,existing_value_preserved,Existing clustered capacity retained.,,
L_0622,Paxson Microwave Repeater,Delta Junction,AK,63.5370597,-145.8632646,,N,Y,N,10000.0,238.0952381,existing_value_preserved,Existing clustered capacity retained.,,
L_0623,Peter's Creek Chevron,Chugiak,AK,61.408153,-149.452042,Gas Station,Y,N,N,10000.0,238.0952381,existing_value_preserved,Existing clustered capacity retained.,,
L_0624,Peter's Creek Chevron,Chugiak,AK,61.408629,-149.451381,,Y,N,N,12000.0,285.7142857,existing_value_preserved,Existing clustered capacity retained.,,
L_0625,"Petersburg Motors, Inc.",Petersburg,AK,56.810144,-131.044422,Gas Station,Y,N,N,5500.0,130.952381,existing_value_preserved,Existing clustered capacity retained.,,
L_0626,"Petersburg Motors, Inc. | Petersburg Motors",Petersburg,AK,56.8112495,-132.9545561,,Y,N,N,5500.0,130.952381,existing_value_preserved,Existing clustered capacity retained.,,
L_0627,Petro Express,Sitka,AK,57.0550094,-135.3474218,,Y,Y,N,16000.0,380.952381,existing_value_preserved,Existing clustered capacity retained.,,
L_0628,Petro Express,Sitka,AK,57.056,-135.34759,Gas Station,Y,Y,N,16000.0,380.952381,existing_value_preserved,Existing clustered capacity retained.,,
L_0629,Petro Express,,AK,59.7836814,-151.8332761,,N,N,N,13695.45031830645,326.08215043586785,imputed_spatial_idw,Five-nearest-neighbor inverse-distance estimate; clipped to observed p10-p90 (47.619048-714.285714 barrels).,Internal interpolation from positive-capacity clustered last-mile nodes.,0.5829064367297163
L_0630,Petro Express Kodiak,Kodiak,AK,57.808853,-151.633125,Gas Station,Y,N,N,10000.0,238.0952381,existing_value_preserved,Existing clustered capacity retained.,,
L_0631,Petro Express Kodiak,Kodiak,AK,57.808953,-152.3671335,,Y,N,N,11000.0,261.9047619,existing_value_preserved,Existing clustered capacity retained.,,
L_0632,Petro Marine,,AK,59.6034475,-151.4265388,,N,N,N,27017.41202586537,643.2717149015565,imputed_spatial_idw,Five-nearest-neighbor inverse-distance estimate; clipped to observed p10-p90 (47.619048-714.285714 barrels).,Internal interpolation from positive-capacity clustered last-mile nodes.,0.5506768219509287
L_0633,Petro Marine,,AK,59.6041354,-151.4181896,,N,N,N,27366.035728645504,651.5722792534643,imputed_spatial_idw,Five-nearest-neighbor inverse-distance estimate; clipped to observed p10-p90 (47.619048-714.285714 barrels).,Internal interpolation from positive-capacity clustered last-mile nodes.,0.1143269790880187
L_0634,Petro One,Petersburg,AK,56.807747,-131.031086,Gas Station,Y,N,N,3000.0,71.42857143,existing_value_preserved,Existing clustered capacity retained.,,
L_0635,Petro One,,AK,58.3575277,-134.5595809,,N,N,N,13643.720931202832,324.8504983619722,imputed_spatial_idw,Five-nearest-neighbor inverse-distance estimate; clipped to observed p10-p90 (47.619048-714.285714 barrels).,Internal interpolation from positive-capacity clustered last-mile nodes.,0.2297266847581792
L_0636,Pink Elephant Splash & Dash Car Wash,Anchorage,AK,61.14636,-149.86296,,Y,N,N,15000.0,357.1428571,existing_value_preserved,Existing clustered capacity retained.,,
L_0637,Pink Elephant Splash & Dash Car Wash,Anchorage,AK,61.14638,-149.863608,Gas Station,Y,N,N,15000.0,357.1428571,existing_value_preserved,Existing clustered capacity retained.,,
L_0638,Pleasant Valley Store,Two Rivers,AK,64.879848,-146.880954,,Y,Y,N,15000.0,357.1428571,existing_value_preserved,Existing clustered capacity retained.,,
L_0639,Pleasant Valley Store,Two Rivers,AK,64.880197,-145.120189,Gas Station,Y,Y,N,15000.0,357.1428571,existing_value_preserved,Existing clustered capacity retained.,,
L_0640,PMS Homer Truck Yard,Homer,AK,59.640169,-150.498431,Gas Station,N,Y,N,20000.0,476.1904762,existing_value_preserved,Existing clustered capacity retained.,,
L_0641,PMS Homer Truck Yard,Homer,AK,59.640453,-151.5018825,,N,Y,N,20000.0,476.1904762,existing_value_preserved,Existing clustered capacity retained.,,
L_0642,Prestige Care,Anchorage,AK,61.225569,-149.715531,,N,Y,N,1000.0,23.80952381,existing_value_preserved,Existing clustered capacity retained.,,
L_0643,Providence Hospital,Anchorage,AK,61.187634,-149.819103,,N,Y,N,2000.0,47.61904762,existing_value_preserved,Existing clustered capacity retained.,,
L_0644,Providence Hospital,Anchorage,AK,61.188497,-148.182228,Utilities,N,Y,N,2000.0,47.61904762,existing_value_preserved,Existing clustered capacity retained.,,
L_0645,Providence Seward Medical Center,Seward,AK,60.10525,-149.446944,Utilities,N,Y,N,6000.0,142.8571429,existing_value_preserved,Existing clustered capacity retained.,,
L_0646,Providence Seward Medical Center,Seward,AK,60.10533,-149.446341,,N,Y,N,6000.0,142.8571429,existing_value_preserved,Existing clustered capacity retained.,,
L_0647,PSI North Pacific Fuel Gas n Go,Unalaska,AK,53.884397,-165.446256,Gas Station,Y,Y,N,16000.0,380.952381,existing_value_preserved,Existing clustered capacity retained.,,
L_0648,Riverview Quick Stop,North Pole,AK,64.832778,-146.483178,Gas Station,Y,Y,N,27000.0,642.8571429,existing_value_preserved,Existing clustered capacity retained.,,
L_0649,Riverview Quik Stop,North Pole,AK,64.8323727,-147.5199524,,Y,Y,N,27000.0,642.8571429,existing_value_preserved,Existing clustered capacity retained.,,
L_0650,Ron's Service and Towing,Fairbanks,AK,64.844731,-146.284464,Gas Station,Y,N,N,25500.0,607.1428571,existing_value_preserved,Existing clustered capacity retained.,,
L_0651,Ron's Service and Towing | Chevron,Fairbanks,AK,64.8445959,-147.7154415,,Y,N,N,25000.0,595.2380952,existing_value_preserved,Existing clustered capacity retained.,,
L_0652,Ross Aviation,Anchorage,AK,61.164558,-149.981094,,N,Y,N,29388.0,699.7142857,existing_value_preserved,Existing clustered capacity retained.,,
L_0653,Safeway Fuel #2754,Fairbanks,AK,64.836279,-147.8135835,,Y,N,N,20000.0,476.1904762,existing_value_preserved,Existing clustered capacity retained.,,
L_0654,Safeway Fuel #2754,Fairbanks,AK,65.836106,-146.187822,Gas Station,Y,N,N,20000.0,476.1904762,existing_value_preserved,Existing clustered capacity retained.,,
L_0655,Safeway Fuel Station,,AK,55.3488792,-131.67531,,N,N,N,9320.000000556,221.904761918,imputed_spatial_idw,Five-nearest-neighbor inverse-distance estimate; clipped to observed p10-p90 (47.619048-714.285714 barrels).,Internal interpolation from positive-capacity clustered last-mile nodes.,0.0652516268594759
L_0656,Safeway Fuel Station #1820,Juneau,AK,58.371372,-134.5967415,,Y,N,N,20000.0,476.1904762,existing_value_preserved,Existing clustered capacity retained.,,
L_0657,Safeway Fuel Station #1820,Juneau,AK,58.371608,-133.403122,Gas Station,Y,N,N,20000.0,476.1904762,existing_value_preserved,Existing clustered capacity retained.,,
L_0658,Safeway Fuel Station #3410,Fairbanks,AK,64.85004,-147.6986805,,Y,N,N,20000.0,476.1904762,existing_value_preserved,Existing clustered capacity retained.,,
L_0659,Safeway Fuel Station #3410,Fairbanks,AK,64.883942,-146.352014,Gas Station,Y,N,N,20000.0,476.1904762,existing_value_preserved,Existing clustered capacity retained.,,
L_0660,Safeway Gasoline #1818,Ketchikan,AK,55.348794,-130.324694,Gas Station,Y,N,N,20000.0,476.1904762,existing_value_preserved,Existing clustered capacity retained.,,
L_0661,Safeway Gasoline #1818,Ketchikan,AK,55.3494181,-131.6749015,,Y,N,N,20000.0,476.1904762,existing_value_preserved,Existing clustered capacity retained.,,
L_0662,Sam's Club #6603,Fairbanks,AK,64.852857,-147.707334,,N,Y,N,10000.0,238.0952381,existing_value_preserved,Existing clustered capacity retained.,,
L_0663,Seward Marketplace,Seward,AK,60.123639,-148.561439,Gas Station,Y,N,N,26000.0,619.047619,existing_value_preserved,Existing clustered capacity retained.,,
L_0664,Seward Marketplace,Seward,AK,60.124023,-149.4384615,,Y,N,N,26000.0,619.047619,existing_value_preserved,Existing clustered capacity retained.,,
L_0665,Shaan-Seet,Craig,AK,55.478141,-133.129604,Gas Station,Y,Y,N,16000.0,380.952381,existing_value_preserved,Existing clustered capacity retained.,,
L_0666,Shaub-Ellison Tire & Fuel,Craig,AK,55.476517,-132.864706,Gas Station,Y,N,N,8000.0,190.4761905,existing_value_preserved,Existing clustered capacity retained.,,
L_0667,Sheldon Air Service LLC,Talkeetna,AK,62.320374,-150.0996735,,Y,N,N,3000.0,71.42857143,existing_value_preserved,Existing clustered capacity retained.,,
L_0668,Sheldon Air Service LLC,Talkeetna,AK,62.321158,-149.902269,Gas Station,Y,N,N,3000.0,71.42857143,existing_value_preserved,Existing clustered capacity retained.,,
L_0669,Shell,,AK,60.1237948,-149.4385365,,N,N,N,13595.06459450219,323.69201415481405,imputed_spatial_idw,Five-nearest-neighbor inverse-distance estimate; clipped to observed p10-p90 (47.619048-714.285714 barrels).,Internal interpolation from positive-capacity clustered last-mile nodes.,0.0257125172831176
L_0670,Shell,Anchorage,AK,61.176367,-148.041817,Gas Station,Y,N,N,10000.0,238.0952381,existing_value_preserved,Existing clustered capacity retained.,,
L_0671,Shell,,AK,61.5809035,-149.6039639,,N,N,N,30000.0000006,714.2857143,imputed_spatial_idw,Five-nearest-neighbor inverse-distance estimate; clipped to observed p10-p90 (47.619048-714.285714 barrels).,Internal interpolation from positive-capacity clustered last-mile nodes.,0.0333629656792378
L_0672,Shell,,AK,61.5838176,-149.6307735,,N,N,N,30000.0000006,714.2857143,imputed_spatial_idw,Five-nearest-neighbor inverse-distance estimate; clipped to observed p10-p90 (47.619048-714.285714 barrels).,Internal interpolation from positive-capacity clustered last-mile nodes.,0.0656253612970707
L_0673,Shell,,AK,63.3337059,-142.9639623,,N,N,N,20354.838458432005,484.6390109150477,imputed_spatial_idw,Five-nearest-neighbor inverse-distance estimate; clipped to observed p10-p90 (47.619048-714.285714 barrels).,Internal interpolation from positive-capacity clustered last-mile nodes.,1.0671004341993566
L_0674,Shoreside King Street Truck Stop,Anchorage,AK,61.136865,-149.8797315,,N,Y,N,30000.0,714.2857143,existing_value_preserved,Existing clustered capacity retained.,,
L_0675,Shoreside Service Station,Cordova,AK,60.5441399,-145.7586734,,Y,Y,N,10100.0,240.4761905,existing_value_preserved,Existing clustered capacity retained.,,
L_0676,Shoreside Tesoro Truck Stop,Anchorage,AK,61.221894,-148.153497,Gas Station,Y,Y,N,41000.0,976.1904762,existing_value_preserved,Existing clustered capacity retained.,,
L_0677,Shoreside Tesoro Truck Stop,Anchorage,AK,61.22196,-149.8466925,,Y,Y,N,41000.0,976.1904762,existing_value_preserved,Existing clustered capacity retained.,,
L_0678,Shoreside Whittier | GCI Ocean Terminal Building,Whittier,AK,60.77251,-148.6855,,Y,Y,N,46000.0,1095.238095,existing_value_preserved,Existing clustered capacity retained.,,
L_0679,Short Stop Services,Homer,AK,59.657544,-151.6380615,,Y,Y,N,45000.0,1071.428571,existing_value_preserved,Existing clustered capacity retained.,,
L_0680,Short Stop Services,Homer,AK,59.658111,-150.361783,Gas Station,Y,Y,N,45000.0,1071.428571,existing_value_preserved,Existing clustered capacity retained.,,
L_0681,Signature Flight Support,Anchorage,AK,61.164306,-149.9875515,,N,Y,N,30000.0,714.2857143,existing_value_preserved,Existing clustered capacity retained.,,
L_0682,Signature Flight Support,Anchorage,AK,61.164561,-148.013631,Air Taxi (Airline),N,Y,N,30000.0,714.2857143,existing_value_preserved,Existing clustered capacity retained.,,
L_0683,Silver Fox Roadhouse,Delta Junction,AK,63.6907699,-144.5652359,,Y,N,N,12000.0,285.7142857,existing_value_preserved,Existing clustered capacity retained.,,
L_0684,Silver Fox Roadhouse,,AK,63.9018178,-145.2402846,,N,N,N,14305.485185189358,340.6067901235561,imputed_spatial_idw,Five-nearest-neighbor inverse-distance estimate; clipped to observed p10-p90 (47.619048-714.285714 barrels).,Internal interpolation from positive-capacity clustered last-mile nodes.,16.66594425017018
L_0685,Silver Fox Roadhouse,Delta Junction,AK,63.901942,-144.760183,Gas Station,Y,N,N,12000.0,285.7142857,existing_value_preserved,Existing clustered capacity retained.,,
L_0686,Simard Automotive,Fairbanks,AK,64.837485,-147.7254015,,Y,N,N,25000.0,595.2380952,existing_value_preserved,Existing clustered capacity retained.,,
L_0687,Simard Automotive,Fairbanks,AK,64.837517,-146.274228,Gas Station,Y,N,N,25000.0,595.2380952,existing_value_preserved,Existing clustered capacity retained.,,
L_0688,Sitka High School,Sitka,AK,57.057908,-134.664042,Utilities,N,Y,N,8000.0,190.4761905,existing_value_preserved,Existing clustered capacity retained.,,
L_0689,Sitka High School,Sitka,AK,57.062277,-135.339111,,N,Y,N,8000.0,190.4761905,existing_value_preserved,Existing clustered capacity retained.,,
L_0690,Sitka Pioneer Home,Sitka,AK,57.049893,-135.338094,,N,Y,N,5000.0,119.047619,existing_value_preserved,Existing clustered capacity retained.,,
L_0691,Sitka Pioneer Home,Sitka,AK,57.0501,-135.33739,Unknown,N,Y,N,5000.0,119.047619,existing_value_preserved,Existing clustered capacity retained.,,
L_0692,Sitka Street Pump Station,Juneau,AK,58.296667,-133.566667,Utilities,N,Y,N,240.0,5.71428571,existing_value_preserved,Existing clustered capacity retained.,,
L_0693,"Smokey Bay Air, Inc.",Homer,AK,59.6393725,-151.4859727,,Y,N,N,10000.0,238.0952381,existing_value_preserved,Existing clustered capacity retained.,,
L_0694,Sourdough Danby Station,Fairbanks,AK,64.852367,-146.249214,Gas Station,Y,Y,N,20000.0,476.1904762,existing_value_preserved,Existing clustered capacity retained.,,
L_0695,Sourdough Danby Station,Fairbanks,AK,64.852389,-147.7504125,,Y,Y,N,30000.0,714.2857143,existing_value_preserved,Existing clustered capacity retained.,,
L_0696,Sourdough Fuel,,AK,64.8692189,-147.6739738,,N,N,N,23077.16335327723,549.4562703161245,imputed_spatial_idw,Five-nearest-neighbor inverse-distance estimate; clipped to observed p10-p90 (47.619048-714.285714 barrels).,Internal interpolation from positive-capacity clustered last-mile nodes.,1.2057200473740934
L_0697,Sourdough Fuel Plaza Gas,North Pole,AK,64.7569375,-147.3524586,,Y,Y,N,20000.0,476.1904762,existing_value_preserved,Existing clustered capacity retained.,,
L_0698,Sourdough Fuel Plaza Gas,North Pole,AK,64.757369,-146.646283,Gas Station,Y,Y,N,20000.0,476.1904762,existing_value_preserved,Existing clustered capacity retained.,,
L_0699,Sourdough Gas & Go,Fairbanks,AK,64.8371777,-147.7505758,,Y,Y,N,27000.0,642.8571429,existing_value_preserved,Existing clustered capacity retained.,,
L_0700,Sourdough Gas & Go,Fairbanks,AK,64.837228,-146.248986,Gas Station,Y,Y,N,27000.0,642.8571429,existing_value_preserved,Existing clustered capacity retained.,,
L_0701,Southeast Island Fuel | S.E. Island Fuel,Petersburg,AK,56.8079858,-132.970371,,Y,N,N,3000.0,71.42857143,existing_value_preserved,Existing clustered capacity retained.,,
L_0702,Speedway Express #5300,Anchorage,AK,61.195572,-148.117289,Gas Station,Y,N,N,15000.0,357.1428571,existing_value_preserved,Existing clustered capacity retained.,,
L_0703,Speedway Express #5301 | 2Go Mart-Tesoro Northstore #206,Kenai,AK,60.5552675,-151.2504258,Gas Station,Y,N,N,15000.0,357.1428571,existing_value_preserved,Existing clustered capacity retained.,,
L_0704,Speedway Express #5302,Anchorage,AK,61.109067,-148.140658,Gas Station,Y,Y,N,24000.0,571.4285714,existing_value_preserved,Existing clustered capacity retained.,,
L_0705,Speedway Express #5303,Eagle River,AK,61.329586,-148.432797,Gas Station,Y,N,N,15000.0,357.1428571,existing_value_preserved,Existing clustered capacity retained.,,
L_0706,Speedway Express #5304,Wasilla,AK,61.577467,-148.590061,Gas Station,Y,N,N,26000.0,619.047619,existing_value_preserved,Existing clustered capacity retained.,,
L_0707,Speedway Express #5305,Anchorage,AK,61.138692,-148.153342,Gas Station,Y,N,N,26000.0,619.047619,existing_value_preserved,Existing clustered capacity retained.,,
L_0708,Speedway Express #5306,Fairbanks,AK,64.827667,-146.220581,Gas Station,Y,N,N,15000.0,357.1428571,existing_value_preserved,Existing clustered capacity retained.,,
L_0709,Speedway Express #5307,Wasilla,AK,61.581078,-148.558725,Gas Station,Y,N,N,15000.0,357.1428571,existing_value_preserved,Existing clustered capacity retained.,,
L_0710,Speedway Express #5308 | 2Go Mart-Tesoro Northstore #65,Wasilla,AK,61.5522425,-149.534657,Gas Station,Y,N,N,15000.0,357.1428571,existing_value_preserved,Existing clustered capacity retained.,,
L_0711,Speedway Express #5309,Anchorage,AK,61.194744,-148.132683,Gas Station,Y,N,N,26000.0,619.047619,existing_value_preserved,Existing clustered capacity retained.,,
L_0712,Speedway Express #5310,North Pole,AK,64.760061,-146.650197,Gas Station,Y,N,N,15000.0,357.1428571,existing_value_preserved,Existing clustered capacity retained.,,
L_0713,Speedway Express #5311,Anchorage,AK,61.221241,-149.777992,Gas Station,Y,N,N,12000.0,285.7142857,existing_value_preserved,Existing clustered capacity retained.,,
L_0714,Speedway Express #5312,Soldotna,AK,60.494761,-150.9315,Gas Station,Y,N,N,12000.0,285.7142857,existing_value_preserved,Existing clustered capacity retained.,,
L_0715,Speedway Express #5313,Fairbanks,AK,64.813581,-146.290661,Gas Station,Y,Y,N,40000.0,952.3809524,existing_value_preserved,Existing clustered capacity retained.,,
L_0716,Speedway Express #5314,Wasilla,AK,61.584367,-148.641417,Gas Station,Y,N,N,15000.0,357.1428571,existing_value_preserved,Existing clustered capacity retained.,,
L_0717,Speedway Express #5315,Fairbanks,AK,64.855578,-146.187914,Gas Station,Y,Y,N,30000.0,714.2857143,existing_value_preserved,Existing clustered capacity retained.,,
L_0718,Speedway Express #5316,Palmer,AK,61.5938,-148.879656,Gas Station,Y,Y,N,23000.0,547.6190476,existing_value_preserved,Existing clustered capacity retained.,,
L_0719,Speedway Express #5317,Soldotna,AK,60.483542,-150.933711,Gas Station,Y,N,N,20000.0,476.1904762,existing_value_preserved,Existing clustered capacity retained.,,
L_0720,Speedway Express #5318,Kenai,AK,60.664225,-151.368703,Gas Station,Y,N,N,15000.0,357.1428571,existing_value_preserved,Existing clustered capacity retained.,,
L_0721,Speedway Express #5319,Anchorage,AK,61.179106,-148.060453,Gas Station,Y,N,N,12000.0,285.7142857,existing_value_preserved,Existing clustered capacity retained.,,
L_0722,Speedway Express #5323,Anchorage,AK,61.1661,-148.131825,Gas Station,Y,N,N,15000.0,357.1428571,existing_value_preserved,Existing clustered capacity retained.,,
L_0723,Speedway Express #5324,Anchorage,AK,61.159397,-148.165272,Gas Station,Y,N,N,12000.0,285.7142857,existing_value_preserved,Existing clustered capacity retained.,,
L_0724,Speedway Express #5325,Wasilla,AK,61.582025,-148.369208,Gas Station,Y,N,N,26000.0,619.047619,existing_value_preserved,Existing clustered capacity retained.,,
L_0725,Speedway Express #5326,Anchorage,AK,61.154833,-148.108283,Gas Station,Y,N,N,18000.0,428.5714286,existing_value_preserved,Existing clustered capacity retained.,,
L_0726,Speedway Express #5328,Fairbanks,AK,64.853886,-146.285214,Gas Station,Y,N,N,26000.0,619.047619,existing_value_preserved,Existing clustered capacity retained.,,
L_0727,Speedway Express #5329,Girdwood,AK,60.940419,-148.828983,Gas Station,Y,Y,N,40000.0,952.3809524,existing_value_preserved,Existing clustered capacity retained.,,
L_0728,Speedway Express #5330,Talkeetna,AK,62.136958,-149.959472,Gas Station,Y,Y,N,24000.0,571.4285714,existing_value_preserved,Existing clustered capacity retained.,,
L_0729,Spenard Shell,Anchorage,AK,61.198297,-148.09415,Gas Station,Y,N,N,10000.0,238.0952381,existing_value_preserved,Existing clustered capacity retained.,,
L_0730,Spenard Shell,Anchorage,AK,61.1983404,-149.9054901,,Y,N,N,10000.0,238.0952381,existing_value_preserved,Existing clustered capacity retained.,,
L_0731,"Spernak Airways, Inc.",Anchorage,AK,61.21422,-149.8484925,,Y,N,N,10000.0,238.0952381,existing_value_preserved,Existing clustered capacity retained.,,
L_0732,"Spernak Airways, Inc.",Anchorage,AK,61.214831,-148.150572,Air Taxi (Airline),Y,N,N,10000.0,238.0952381,existing_value_preserved,Existing clustered capacity retained.,,
L_0733,Spirit Mountain Gas,,AK,61.5190985,-144.4418424,,N,N,N,4933.270526166233,117.458822051577,imputed_spatial_idw,Five-nearest-neighbor inverse-distance estimate; clipped to observed p10-p90 (47.619048-714.285714 barrels).,Internal interpolation from positive-capacity clustered last-mile nodes.,22.803228613318986
L_0734,St Elias Auto Center,Yakutat,AK,59.545136,-139.728611,Gas Station,Y,N,N,4000.0,95.23809524,existing_value_preserved,Existing clustered capacity retained.,,
L_0735,St Elias Auto Center,Yakutat,AK,59.5471728,-139.7291393,,Y,N,N,4000.0,95.23809524,existing_value_preserved,Existing clustered capacity retained.,,
L_0736,"Statter Harbor Food & Fuel, LLC",Juneau,AK,58.386186,-133.355419,Gas Station,Y,N,N,15000.0,357.1428571,existing_value_preserved,Existing clustered capacity retained.,,
L_0737,Stelling Enterprises,Dillingham,AK,59.044628,-158.500553,Gas Station,Y,N,N,2000.0,47.61904762,existing_value_preserved,Existing clustered capacity retained.,,
L_0738,Stelling Enterprises,Dillingham,AK,59.0461764,-158.5014825,,Y,N,N,2000.0,47.61904762,existing_value_preserved,Existing clustered capacity retained.,,
L_0739,Sunrise Inn,Cooper Landing,AK,60.485025,-150.1122479,,Y,N,N,6000.0,142.8571429,existing_value_preserved,Existing clustered capacity retained.,,
L_0740,Sunrise Inn,Cooper Landing,AK,60.485397,-148.267831,Gas Station,Y,N,N,6000.0,142.8571429,existing_value_preserved,Existing clustered capacity retained.,,
L_0741,"Swissport USA, Inc.",Anchorage,AK,61.175339,-148.032539,Air Taxi (Airline),Y,Y,N,20500.0,488.0952381,existing_value_preserved,Existing clustered capacity retained.,,
L_0742,"Swissport USA, Inc.",Anchorage,AK,61.175655,-149.9678415,,Y,Y,N,20000.0,476.1904762,existing_value_preserved,Existing clustered capacity retained.,,
L_0743,Tack's General Store,Fairbanks,AK,64.882075,-145.127736,Gas Station,Y,N,N,6000.0,142.8571429,existing_value_preserved,Existing clustered capacity retained.,,
L_0744,Talkeetna Public Safety Bldg,Talkeetna,AK,62.318763,-150.1064325,,Y,Y,N,2000.0,47.61904762,existing_value_preserved,Existing clustered capacity retained.,,
L_0745,Talkeetna Public Safety Bldg,Talkeetna,AK,62.318789,-149.892681,Gas Station,Y,Y,N,2000.0,47.61904762,existing_value_preserved,Existing clustered capacity retained.,,
L_0746,Tanana Gas Company,Tanana,AK,65.1704928,-152.0807946,,Y,N,N,10000.0,238.0952381,existing_value_preserved,Existing clustered capacity retained.,,
L_0747,Tanana Gas Company,Tanana,AK,65.170964,-151.913839,Gas Station,Y,N,N,10000.0,238.0952381,existing_value_preserved,Existing clustered capacity retained.,,
L_0748,Tanana Valley Clinic,Fairbanks,AK,64.839006,-146.286806,Utilities,N,Y,N,16359.999999084002,389.52380950200006,imputed_spatial_idw,Five-nearest-neighbor inverse-distance estimate; clipped to observed p10-p90 (47.619048-714.285714 barrels).,Internal interpolation from positive-capacity clustered last-mile nodes.,0.2207581259519976
L_0749,Tanana Valley Clinic,Fairbanks,AK,64.839168,-147.712563,,N,Y,N,2000.0,47.61904762,existing_value_preserved,Existing clustered capacity retained.,,
L_0750,Tapraq Fuel Company,,AK,63.5219139,-162.2877034,,N,N,N,7405.375902416617,176.3184738670623,imputed_spatial_idw,Five-nearest-neighbor inverse-distance estimate; clipped to observed p10-p90 (47.619048-714.285714 barrels).,Internal interpolation from positive-capacity clustered last-mile nodes.,122.39513971914702
L_0751,Tatsuda's Gas At Last,Ketchikan,AK,55.3391,-131.634703,Gas Station,Y,N,N,9200.0,219.047619,existing_value_preserved,Existing clustered capacity retained.,,
L_0752,Tatsuda's Gas At Last,Ketchikan,AK,55.3392,-131.6358405,,Y,N,N,10000.0,238.0952381,existing_value_preserved,Existing clustered capacity retained.,,
L_0753,Tazlina River Trading Post,Glennallen,AK,62.059431,-144.573142,Gas Station,Y,N,N,4000.0,95.23809524,existing_value_preserved,Existing clustered capacity retained.,,
L_0754,Tazlina River Trading Post,Glennallen,AK,62.174222,-145.4558357,,Y,N,N,4000.0,95.23809524,existing_value_preserved,Existing clustered capacity retained.,,
L_0755,Ted Stevens International  Airport,Anchorage,AK,61.180594,-148.005567,Gas Station,Y,Y,N,9000.0,214.2857143,existing_value_preserved,Existing clustered capacity retained.,,
L_0756,Ted Stevens International  Airport,Anchorage,AK,61.1829,-149.982111,,Y,Y,N,9000.0,214.2857143,existing_value_preserved,Existing clustered capacity retained.,,
L_0757,"Temsco Helicopters, Inc.",Petersburg,AK,56.805367,-132.935744,Air Taxi (Airline),Y,N,Y,10000.0,238.0952381,existing_value_preserved,Existing clustered capacity retained.,,
L_0758,"Temsco Helicopters, Inc.",Petersburg,AK,56.8064395,-132.9332059,,N,N,Y,5000.0,119.047619,existing_value_preserved,Existing clustered capacity retained.,,
L_0759,"Temsco Helicopters, Inc.",Juneau,AK,58.355322,-133.439822,Air Taxi (Airline),N,N,Y,8000.0,190.4761905,existing_value_preserved,Existing clustered capacity retained.,,
L_0760,"Temsco Helicopters, Inc.",Juneau,AK,58.355388,-134.5595805,,N,N,Y,8000.0,190.4761905,existing_value_preserved,Existing clustered capacity retained.,,
L_0761,Temsco Peninsula Point Facility,Ketchikan,AK,55.3827014,-131.7350084,,Y,N,N,10000.0,238.0952381,existing_value_preserved,Existing clustered capacity retained.,,
L_0762,Temsco Peninsula Point Facility,Ketchikan,AK,55.383781,-130.263686,Air Taxi (Airline),N,N,Y,10000.0,238.0952381,existing_value_preserved,Existing clustered capacity retained.,,
L_0763,Tesoro,,AK,59.7102635,-151.3395435,,N,N,N,14933.547358337131,355.5606513889793,imputed_spatial_idw,Five-nearest-neighbor inverse-distance estimate; clipped to observed p10-p90 (47.619048-714.285714 barrels).,Internal interpolation from positive-capacity clustered last-mile nodes.,11.082543386194724
L_0764,Tesoro,,AK,61.124212,-146.2633709,,N,N,N,23235.81228985815,553.2336259490036,imputed_spatial_idw,Five-nearest-neighbor inverse-distance estimate; clipped to observed p10-p90 (47.619048-714.285714 barrels).,Internal interpolation from positive-capacity clustered last-mile nodes.,0.1124304222536767
L_0765,Tesoro,,AK,61.1790921,-149.9395343,,N,N,N,5119.00427657137,121.88105420408024,imputed_spatial_idw,Five-nearest-neighbor inverse-distance estimate; clipped to observed p10-p90 (47.619048-714.285714 barrels).,Internal interpolation from positive-capacity clustered last-mile nodes.,0.0268274114547244
L_0766,Tesoro,,AK,61.5532015,-149.818652,,N,N,N,15274.790425331312,363.6854863174122,imputed_spatial_idw,Five-nearest-neighbor inverse-distance estimate; clipped to observed p10-p90 (47.619048-714.285714 barrels).,Internal interpolation from positive-capacity clustered last-mile nodes.,0.0251170167347671
L_0767,Tesoro,,AK,61.6135245,-149.5109556,,N,N,N,18437.119570009563,438.97903738118,imputed_spatial_idw,Five-nearest-neighbor inverse-distance estimate; clipped to observed p10-p90 (47.619048-714.285714 barrels).,Internal interpolation from positive-capacity clustered last-mile nodes.,0.0330086755720941
L_0768,Tesoro,,AK,61.731105,-150.0393734,,N,N,N,30000.0000006,714.2857143,imputed_spatial_idw,Five-nearest-neighbor inverse-distance estimate; clipped to observed p10-p90 (47.619048-714.285714 barrels).,Internal interpolation from positive-capacity clustered last-mile nodes.,0.8366983159499773
L_0769,Tesoro,,AK,61.7363093,-144.9518611,,N,N,N,4854.918579346922,115.59329950826005,imputed_spatial_idw,Five-nearest-neighbor inverse-distance estimate; clipped to observed p10-p90 (47.619048-714.285714 barrels).,Internal interpolation from positive-capacity clustered last-mile nodes.,40.50620647271678
L_0770,Tesoro,,AK,62.8886699,-143.6793554,,N,N,N,6155.017660587901,146.54803953780717,imputed_spatial_idw,Five-nearest-neighbor inverse-distance estimate; clipped to observed p10-p90 (47.619048-714.285714 barrels).,Internal interpolation from positive-capacity clustered last-mile nodes.,34.13092831654956
L_0771,Tessoro,,AK,61.1089255,-149.8596687,,N,N,N,20038.380371237497,477.10429455327375,imputed_spatial_idw,Five-nearest-neighbor inverse-distance estimate; clipped to observed p10-p90 (47.619048-714.285714 barrels).,Internal interpolation from positive-capacity clustered last-mile nodes.,0.0544369493061983
L_0772,The Aero Roost,Homer,AK,59.640939,-151.4813715,,Y,N,N,1500.0,35.71428571,existing_value_preserved,Existing clustered capacity retained.,,
L_0773,The Aero Roost,Homer,AK,59.641372,-150.519017,Aircraft Owner,Y,N,N,1500.0,35.71428571,existing_value_preserved,Existing clustered capacity retained.,,
L_0774,The Frontier Building,Anchorage,AK,61.187261,-148.116044,Utilities,N,Y,N,500.0,11.9047619,existing_value_preserved,Existing clustered capacity retained.,,
L_0775,The Frontier Building,Anchorage,AK,61.187436,-149.8862835,,N,Y,N,500.0,11.9047619,existing_value_preserved,Existing clustered capacity retained.,,
L_0776,The Gas Line II,Fairbanks,AK,64.841814,-146.274692,Gas Station,Y,N,N,15000.0,357.1428571,existing_value_preserved,Existing clustered capacity retained.,,
L_0777,The Gas Line II,Fairbanks,AK,64.848753,-147.6953505,,Y,N,N,15000.0,357.1428571,existing_value_preserved,Existing clustered capacity retained.,,
L_0778,The Green Store,Palmer,AK,61.539975,-149.0353425,,Y,N,N,8000.0,190.4761905,existing_value_preserved,Existing clustered capacity retained.,,
L_0779,The Green Store,Palmer,AK,61.541291,-149.035031,Gas Station,Y,N,N,8000.0,190.4761905,existing_value_preserved,Existing clustered capacity retained.,,
L_0780,Three Bears #27 Big Lake,Big Lake,AK,61.544717,-148.183886,Gas Station,Y,Y,N,30000.0,714.2857143,existing_value_preserved,Existing clustered capacity retained.,,
L_0781,Three Bears #27 Big Lake,Big Lake,AK,61.545087,-149.816331,,Y,Y,N,30000.0,714.2857143,existing_value_preserved,Existing clustered capacity retained.,,
L_0782,Three Bears #35,Palmer,AK,61.60697,-149.11755,Gas Station,Y,N,N,20000.0,476.1904762,existing_value_preserved,Existing clustered capacity retained.,,
L_0783,Three Bears #44 | Gold Hill,Fairbanks,AK,64.8468827,-147.9512812,Gas Station,Y,N,N,12000.0,285.7142857,existing_value_preserved,Existing clustered capacity retained.,,
L_0784,Three Bears #45,Healy,AK,63.865114,-148.981786,Gas Station,Y,Y,N,36000.0,857.1428571,existing_value_preserved,Existing clustered capacity retained.,,
L_0785,Three Bears #45 | Tri-Valley Gas,Healy,AK,64.0502267,-149.1782582,,Y,Y,N,52000.0,1238.095238,existing_value_preserved,Existing clustered capacity retained.,,
L_0786,Three Bears #56 Sterling,Sterling,AK,60.533236,-150.7375,Gas Station,Y,Y,N,36000.0,857.1428571,existing_value_preserved,Existing clustered capacity retained.,,
L_0787,Three Bears #85,Wasilla,AK,61.536025,-148.417667,Gas Station,Y,N,N,26000.0,619.047619,existing_value_preserved,Existing clustered capacity retained.,,
L_0788,Three Bears #85,Wasilla,AK,61.536528,-149.582862,,Y,N,N,26000.0,619.047619,existing_value_preserved,Existing clustered capacity retained.,,
L_0789,Three Bears Alaska #102,Chugiak,AK,61.403796,-149.466834,,Y,Y,N,30000.0,714.2857143,existing_value_preserved,Existing clustered capacity retained.,,
L_0790,Three Bears Alaska #102,Chugiak,AK,61.403892,-148.530803,Gas Station,Y,Y,N,30000.0,714.2857143,existing_value_preserved,Existing clustered capacity retained.,,
L_0791,Three Bears Alaska #82,Wasilla,AK,61.583685,-149.631982,,Y,Y,N,30000.0,714.2857143,existing_value_preserved,Existing clustered capacity retained.,,
L_0792,Three Bears Alaska #82,Wasilla,AK,61.584378,-148.370739,Gas Station,Y,Y,N,30000.0,714.2857143,existing_value_preserved,Existing clustered capacity retained.,,
L_0793,"Three Bears Alaska, Inc. #60",Palmer,AK,61.599783,-148.756414,Gas Station,Y,N,N,25000.0,595.2380952,existing_value_preserved,Existing clustered capacity retained.,,
L_0794,"Three Bears Alaska, Inc. #60",Palmer,AK,61.600149,-149.2451415,,Y,N,N,25000.0,595.2380952,existing_value_preserved,Existing clustered capacity retained.,,
L_0795,Three Bears Kenai,Kenai,AK,60.558467,-151.236549,Gas Station,Y,Y,N,30000.0,714.2857143,existing_value_preserved,Existing clustered capacity retained.,,
L_0796,Three Bears Ninilchik,Ninilchik,AK,60.040888,-151.676388,Gas Station,Y,Y,N,41000.0,976.1904762,existing_value_preserved,Existing clustered capacity retained.,,
L_0797,Three Bears Sudzy Car Wash,Wasilla,AK,61.57394,-149.42162,Gas Station,Y,Y,N,34000.0,809.5238095,existing_value_preserved,Existing clustered capacity retained.,,
L_0798,"Three Mile Creek Services, Inc.",Tyonek,AK,61.149164,-151.07605,Gas Station,Y,N,N,5000.0,119.047619,existing_value_preserved,Existing clustered capacity retained.,,
L_0799,"Three Mile Creek Services, Inc.",Anchorage,AK,61.21753,-149.85826,,Y,N,N,5000.0,119.047619,existing_value_preserved,Existing clustered capacity retained.,,
L_0800,Thurmond's FarWest Auto,Anchor Point,AK,59.778392,-150.167497,Gas Station,Y,N,N,12000.0,285.7142857,existing_value_preserved,Existing clustered capacity retained.,,
L_0801,Thurmond's FarWest Auto | Thurmond's,Anchor Point,AK,59.7784572,-151.8324138,,Y,N,N,12000.0,285.7142857,existing_value_preserved,Existing clustered capacity retained.,,
L_0802,Tiekel River Lodge,Valdez,AK,61.1007088,-145.8538242,,Y,N,N,3000.0,71.42857143,existing_value_preserved,Existing clustered capacity retained.,,
L_0803,Tiekel River Lodge,Valdez,AK,61.383267,-144.763328,Gas Station,Y,N,N,3000.0,71.42857143,existing_value_preserved,Existing clustered capacity retained.,,
L_0804,TJ Seggy's,,AK,60.403948,-151.1656208,,N,N,N,12396.60779833647,295.1573285318207,imputed_spatial_idw,Five-nearest-neighbor inverse-distance estimate; clipped to observed p10-p90 (47.619048-714.285714 barrels).,Internal interpolation from positive-capacity clustered last-mile nodes.,0.0290883187240066
L_0805,TJ Seggy's,Soldotna,AK,60.403956,-150.834275,Gas Station,Y,Y,N,10000.0,238.0952381,existing_value_preserved,Existing clustered capacity retained.,,
L_0806,TJ Seggy's,Soldotna,AK,60.404067,-151.1660925,,Y,Y,N,10000.0,238.0952381,existing_value_preserved,Existing clustered capacity retained.,,
L_0807,Tk's Mini-Mart,Wrangell,AK,56.423225,-132.541419,Gas Station,Y,N,N,8000.0,190.4761905,existing_value_preserved,Existing clustered capacity retained.,,
L_0808,Townsite Foodmart & Liquor,Willow,AK,61.759572,-149.955375,Gas Station,Y,N,N,15000.0,357.1428571,existing_value_preserved,Existing clustered capacity retained.,,
L_0809,TPI Bulk Plant,Fairbanks,AK,64.812132,-147.743532,,N,Y,Y,75000.0,1785.714286,existing_value_preserved,Existing clustered capacity retained.,,
L_0810,Tsesyu Service Station,Cantwell,AK,63.390014,-147.096506,Gas Station,Y,Y,N,15000.0,357.1428571,existing_value_preserved,Existing clustered capacity retained.,,
L_0811,Turner's Corner,Palmer,AK,61.685208,-149.240961,,Y,N,N,20000.0,476.1904762,existing_value_preserved,Existing clustered capacity retained.,,
L_0812,Turner's Corner,Palmer,AK,61.685578,-148.759217,Gas Station,Y,N,N,20000.0,476.1904762,existing_value_preserved,Existing clustered capacity retained.,,
L_0813,UAA - Gordon Hartlieb Building,Anchorage,AK,61.19064,-149.818122,,Y,N,N,3000.0,71.42857143,existing_value_preserved,Existing clustered capacity retained.,,
L_0814,UAA - Gordon Hartlieb Building,Anchorage,AK,61.190958,-149.831667,Gas Station,Y,N,N,3000.0,71.42857143,existing_value_preserved,Existing clustered capacity retained.,,
L_0815,UAA - Kodiak,Kodiak,AK,57.804706,-151.6332,Utilities,N,N,N,2000.0,47.61904762,existing_value_preserved,Existing clustered capacity retained.,,
L_0816,UAA Aviation  Facility,Anchorage,AK,61.21422,-149.8284405,,Y,N,N,1000.0,23.80952381,existing_value_preserved,Existing clustered capacity retained.,,
L_0817,UAF Biological Research & Diagnostics Bldg,Fairbanks,AK,64.8409099,-147.86623,,N,Y,N,10000.0,238.0952381,existing_value_preserved,Existing clustered capacity retained.,,
L_0818,UAF Biological Research & Diagnostics Bldg,Fairbanks,AK,64.85979,-147.84384,Utilities,N,Y,N,10000.0,238.0952381,existing_value_preserved,Existing clustered capacity retained.,,
L_0819,University Alaska Fairbanks - Physical Plant,Fairbanks,AK,64.853933,-146.183722,Gas Station,Y,Y,N,7000.0,166.6666667,existing_value_preserved,Existing clustered capacity retained.,,
L_0820,University Alaska Fairbanks - Physical Plant,Fairbanks,AK,64.8548665,-147.8171296,,Y,Y,N,7000.0,166.6666667,existing_value_preserved,Existing clustered capacity retained.,,
L_0821,Unnamed last-mile facility,,AK,55.5523652,-133.0813462,,N,N,N,6312.633700226529,150.30080238634594,imputed_spatial_idw,Five-nearest-neighbor inverse-distance estimate; clipped to observed p10-p90 (47.619048-714.285714 barrels).,Internal interpolation from positive-capacity clustered last-mile nodes.,0.781151731626803
L_0822,Unnamed last-mile facility,,AK,55.5529766,-133.0838031,,N,N,N,6315.590367281549,150.37119922098927,imputed_spatial_idw,Five-nearest-neighbor inverse-distance estimate; clipped to observed p10-p90 (47.619048-714.285714 barrels).,Internal interpolation from positive-capacity clustered last-mile nodes.,0.7467938880953676
L_0823,Unnamed last-mile facility,,AK,56.810047,-132.9712058,,N,N,N,5278.440178473279,125.67714710650664,imputed_spatial_idw,Five-nearest-neighbor inverse-distance estimate; clipped to observed p10-p90 (47.619048-714.285714 barrels).,Internal interpolation from positive-capacity clustered last-mile nodes.,0.234760983997766
L_0824,Unnamed last-mile facility,,AK,59.2356403,-135.463908,,N,N,N,6405.152419759771,152.5036290418993,imputed_spatial_idw,Five-nearest-neighbor inverse-distance estimate; clipped to observed p10-p90 (47.619048-714.285714 barrels).,Internal interpolation from positive-capacity clustered last-mile nodes.,0.1643573063760694
L_0825,Unnamed last-mile facility,,AK,59.6402027,-151.5019677,,N,N,N,9449.772123505596,224.99457436918087,imputed_spatial_idw,Five-nearest-neighbor inverse-distance estimate; clipped to observed p10-p90 (47.619048-714.285714 barrels).,Internal interpolation from positive-capacity clustered last-mile nodes.,0.0282410232796193
L_0826,Unnamed last-mile facility,,AK,59.6423175,-151.5381972,,N,N,N,10945.497549693348,260.6070845165083,imputed_spatial_idw,Five-nearest-neighbor inverse-distance estimate; clipped to observed p10-p90 (47.619048-714.285714 barrels).,Internal interpolation from positive-capacity clustered last-mile nodes.,0.0542865198868235
L_0827,Unnamed last-mile facility,,AK,59.6581885,-151.6376647,,N,N,N,30000.0000006,714.2857143,imputed_spatial_idw,Five-nearest-neighbor inverse-distance estimate; clipped to observed p10-p90 (47.619048-714.285714 barrels).,Internal interpolation from positive-capacity clustered last-mile nodes.,0.0750513109606479
L_0828,Unnamed last-mile facility,,AK,60.0394267,-151.6757053,,N,N,N,30000.0000006,714.2857143,imputed_spatial_idw,Five-nearest-neighbor inverse-distance estimate; clipped to observed p10-p90 (47.619048-714.285714 barrels).,Internal interpolation from positive-capacity clustered last-mile nodes.,0.0356391901526982
L_0829,Unnamed last-mile facility,,AK,60.3180827,-151.2614712,,N,N,N,9514.308608084595,226.5311573353476,imputed_spatial_idw,Five-nearest-neighbor inverse-distance estimate; clipped to observed p10-p90 (47.619048-714.285714 barrels).,Internal interpolation from positive-capacity clustered last-mile nodes.,0.0608248478219441
L_0830,Unnamed last-mile facility,,AK,60.4834156,-151.0658533,,N,N,N,17169.505095814628,408.79774037653874,imputed_spatial_idw,Five-nearest-neighbor inverse-distance estimate; clipped to observed p10-p90 (47.619048-714.285714 barrels).,Internal interpolation from positive-capacity clustered last-mile nodes.,0.0316819572737997
L_0831,Unnamed last-mile facility,,AK,60.4855589,-149.7327086,,N,N,N,9373.759245996176,223.1847439522899,imputed_spatial_idw,Five-nearest-neighbor inverse-distance estimate; clipped to observed p10-p90 (47.619048-714.285714 barrels).,Internal interpolation from positive-capacity clustered last-mile nodes.,5.155596910687021
L_0832,Unnamed last-mile facility,,AK,60.5012459,-150.9821859,,N,N,N,17969.61044492882,427.8478677364005,imputed_spatial_idw,Five-nearest-neighbor inverse-distance estimate; clipped to observed p10-p90 (47.619048-714.285714 barrels).,Internal interpolation from positive-capacity clustered last-mile nodes.,2.244958759189478
L_0833,Unnamed last-mile facility,,AK,60.9699769,-149.4492745,,N,N,N,18511.303964416347,440.7453324861035,imputed_spatial_idw,Five-nearest-neighbor inverse-distance estimate; clipped to observed p10-p90 (47.619048-714.285714 barrels).,Internal interpolation from positive-capacity clustered last-mile nodes.,7.469790625686307
L_0834,Unnamed last-mile facility,,AK,61.1245687,-149.8646153,,N,N,N,22257.737278156827,529.9461256704006,imputed_spatial_idw,Five-nearest-neighbor inverse-distance estimate; clipped to observed p10-p90 (47.619048-714.285714 barrels).,Internal interpolation from positive-capacity clustered last-mile nodes.,0.1572208257092867
L_0835,Unnamed last-mile facility,,AK,61.1250446,-146.2680165,,N,N,N,23121.52816818374,550.5125754329462,imputed_spatial_idw,Five-nearest-neighbor inverse-distance estimate; clipped to observed p10-p90 (47.619048-714.285714 barrels).,Internal interpolation from positive-capacity clustered last-mile nodes.,0.140600483688094
L_0836,Unnamed last-mile facility,,AK,61.188572,-149.8872004,,N,N,N,6399.999999623999,152.380952372,imputed_spatial_idw,Five-nearest-neighbor inverse-distance estimate; clipped to observed p10-p90 (47.619048-714.285714 barrels).,Internal interpolation from positive-capacity clustered last-mile nodes.,0.0258959622226206
L_0837,Unnamed last-mile facility,,AK,61.3298105,-149.5670961,,N,N,N,22000.00000044,523.80952382,imputed_spatial_idw,Five-nearest-neighbor inverse-distance estimate; clipped to observed p10-p90 (47.619048-714.285714 barrels).,Internal interpolation from positive-capacity clustered last-mile nodes.,0.0282134628519645
L_0838,Unnamed last-mile facility,,AK,61.5485666,-149.0342963,,N,N,N,6275.64180939176,149.4200430807562,imputed_spatial_idw,Five-nearest-neighbor inverse-distance estimate; clipped to observed p10-p90 (47.619048-714.285714 barrels).,Internal interpolation from positive-capacity clustered last-mile nodes.,0.4375707676897967
L_0839,Unnamed last-mile facility,,AK,61.5840724,-149.388037,,N,N,N,30000.0000006,714.2857143,imputed_spatial_idw,Five-nearest-neighbor inverse-distance estimate; clipped to observed p10-p90 (47.619048-714.285714 barrels).,Internal interpolation from positive-capacity clustered last-mile nodes.,0.0442324555003523
L_0840,Unnamed last-mile facility,,AK,61.6142474,-149.3951588,,N,N,N,22242.743796340244,529.589138008101,imputed_spatial_idw,Five-nearest-neighbor inverse-distance estimate; clipped to observed p10-p90 (47.619048-714.285714 barrels).,Internal interpolation from positive-capacity clustered last-mile nodes.,0.0752390344724877
L_0841,Unnamed last-mile facility,,AK,61.7074677,-144.8794134,,N,N,N,4799.219173849903,114.26712318690248,imputed_spatial_idw,Five-nearest-neighbor inverse-distance estimate; clipped to observed p10-p90 (47.619048-714.285714 barrels).,Internal interpolation from positive-capacity clustered last-mile nodes.,36.57037625975767
L_0842,Unnamed last-mile facility,,AK,61.7085602,-148.935143,,N,N,N,8458.31954431121,201.3885605788384,imputed_spatial_idw,Five-nearest-neighbor inverse-distance estimate; clipped to observed p10-p90 (47.619048-714.285714 barrels).,Internal interpolation from positive-capacity clustered last-mile nodes.,0.2836561268696863
L_0843,Unnamed last-mile facility,,AK,61.7359841,-144.9522829,,N,N,N,4854.28990066883,115.57833096830548,imputed_spatial_idw,Five-nearest-neighbor inverse-distance estimate; clipped to observed p10-p90 (47.619048-714.285714 barrels).,Internal interpolation from positive-capacity clustered last-mile nodes.,40.47669130202479
L_0844,Unnamed last-mile facility,,AK,61.7392339,-150.0429199,,N,N,N,30000.0000006,714.2857143,imputed_spatial_idw,Five-nearest-neighbor inverse-distance estimate; clipped to observed p10-p90 (47.619048-714.285714 barrels).,Internal interpolation from positive-capacity clustered last-mile nodes.,0.1358376247627726
L_0845,Unnamed last-mile facility,,AK,62.1070001,-145.4862295,,N,N,N,7399.602820959823,176.18101954666244,imputed_spatial_idw,Five-nearest-neighbor inverse-distance estimate; clipped to observed p10-p90 (47.619048-714.285714 barrels).,Internal interpolation from positive-capacity clustered last-mile nodes.,7.639767419205802
L_0846,Unnamed last-mile facility,,AK,62.1166198,-145.4778993,,N,N,N,7200.464536503763,171.43963182151816,imputed_spatial_idw,Five-nearest-neighbor inverse-distance estimate; clipped to observed p10-p90 (47.619048-714.285714 barrels).,Internal interpolation from positive-capacity clustered last-mile nodes.,6.5068447749657645
L_0847,Unnamed last-mile facility,,AK,62.314346,-150.232217,,N,N,N,4437.587812831882,105.65685268647336,imputed_spatial_idw,Five-nearest-neighbor inverse-distance estimate; clipped to observed p10-p90 (47.619048-714.285714 barrels).,Internal interpolation from positive-capacity clustered last-mile nodes.,6.516523824710113
L_0848,Unnamed last-mile facility,,AK,62.3257111,-150.2376915,,N,N,N,4415.978004401997,105.14233343814278,imputed_spatial_idw,Five-nearest-neighbor inverse-distance estimate; clipped to observed p10-p90 (47.619048-714.285714 barrels).,Internal interpolation from positive-capacity clustered last-mile nodes.,6.823398039144157
L_0849,Unnamed last-mile facility,,AK,62.5291734,-145.5169757,,N,N,N,10739.527859303502,255.703044269131,imputed_spatial_idw,Five-nearest-neighbor inverse-distance estimate; clipped to observed p10-p90 (47.619048-714.285714 barrels).,Internal interpolation from positive-capacity clustered last-mile nodes.,39.59472610339134
L_0850,Unnamed last-mile facility,,AK,62.5859025,-144.6518487,,N,N,N,6575.875359833251,156.56846094841077,imputed_spatial_idw,Five-nearest-neighbor inverse-distance estimate; clipped to observed p10-p90 (47.619048-714.285714 barrels).,Internal interpolation from positive-capacity clustered last-mile nodes.,25.760911476550262
L_0851,Unnamed last-mile facility,,AK,62.5919075,-144.6487058,,N,N,N,6588.838046070377,156.87709633500896,imputed_spatial_idw,Five-nearest-neighbor inverse-distance estimate; clipped to observed p10-p90 (47.619048-714.285714 barrels).,Internal interpolation from positive-capacity clustered last-mile nodes.,25.256001784184644
L_0852,Unnamed last-mile facility,,AK,62.6861923,-164.6309363,,N,N,N,11249.923581276673,267.8553233637303,imputed_spatial_idw,Five-nearest-neighbor inverse-distance estimate; clipped to observed p10-p90 (47.619048-714.285714 barrels).,Internal interpolation from positive-capacity clustered last-mile nodes.,201.454165365666
L_0853,Unnamed last-mile facility,,AK,62.6869729,-164.6298453,,N,N,N,11250.106179876122,267.85967094943146,imputed_spatial_idw,Five-nearest-neighbor inverse-distance estimate; clipped to observed p10-p90 (47.619048-714.285714 barrels).,Internal interpolation from positive-capacity clustered last-mile nodes.,201.3668294493266
L_0854,Unnamed last-mile facility,,AK,62.7753429,-164.5223294,,N,N,N,11270.288901619391,268.3402119433189,imputed_spatial_idw,Five-nearest-neighbor inverse-distance estimate; clipped to observed p10-p90 (47.619048-714.285714 barrels).,Internal interpolation from positive-capacity clustered last-mile nodes.,191.5593328036947
L_0855,Unnamed last-mile facility,,AK,62.8174011,-145.4966031,,N,N,N,6573.394643416333,156.50939627181745,imputed_spatial_idw,Five-nearest-neighbor inverse-distance estimate; clipped to observed p10-p90 (47.619048-714.285714 barrels).,Internal interpolation from positive-capacity clustered last-mile nodes.,23.207128328820662
L_0856,Unnamed last-mile facility,,AK,63.1191445,-146.5325895,,N,N,N,26539.181826303688,631.8852815786593,imputed_spatial_idw,Five-nearest-neighbor inverse-distance estimate; clipped to observed p10-p90 (47.619048-714.285714 barrels).,Internal interpolation from positive-capacity clustered last-mile nodes.,41.27291927815242
L_0857,Unnamed last-mile facility,,AK,63.1351845,-147.5394259,,N,N,N,13339.910750247298,317.6169226249357,imputed_spatial_idw,Five-nearest-neighbor inverse-distance estimate; clipped to observed p10-p90 (47.619048-714.285714 barrels).,Internal interpolation from positive-capacity clustered last-mile nodes.,35.970506852503725
L_0858,Unnamed last-mile facility,,AK,63.338007,-143.009001,,N,N,N,18075.215461913096,430.3622729026928,imputed_spatial_idw,Five-nearest-neighbor inverse-distance estimate; clipped to observed p10-p90 (47.619048-714.285714 barrels).,Internal interpolation from positive-capacity clustered last-mile nodes.,0.0974694107109174
L_0859,Unnamed last-mile facility,,AK,63.3900177,-148.9032903,,N,N,N,24630.80997587473,586.447856568446,imputed_spatial_idw,Five-nearest-neighbor inverse-distance estimate; clipped to observed p10-p90 (47.619048-714.285714 barrels).,Internal interpolation from positive-capacity clustered last-mile nodes.,0.7900450280595809
L_0861,Unnamed last-mile facility,,AK,64.2565033,-149.1869646,,N,N,N,30000.0000006,714.2857143,imputed_spatial_idw,Five-nearest-neighbor inverse-distance estimate; clipped to observed p10-p90 (47.619048-714.285714 barrels).,Internal interpolation from positive-capacity clustered last-mile nodes.,22.940825845907284
L_0862,Unnamed last-mile facility,,AK,64.454865,-146.9139862,,N,N,N,6028.801257855319,143.54288709179332,imputed_spatial_idw,Five-nearest-neighbor inverse-distance estimate; clipped to observed p10-p90 (47.619048-714.285714 barrels).,Internal interpolation from positive-capacity clustered last-mile nodes.,0.2575004126406238
L_0863,Unnamed last-mile facility,,AK,64.4552907,-146.9138682,,N,N,N,6025.003316217227,143.45245990993396,imputed_spatial_idw,Five-nearest-neighbor inverse-distance estimate; clipped to observed p10-p90 (47.619048-714.285714 barrels).,Internal interpolation from positive-capacity clustered last-mile nodes.,0.3040943384640592
L_0864,Unnamed last-mile facility,,AK,64.5223611,-146.984134,,N,N,N,10731.069665697078,255.5016587070733,imputed_spatial_idw,Five-nearest-neighbor inverse-distance estimate; clipped to observed p10-p90 (47.619048-714.285714 barrels).,Internal interpolation from positive-capacity clustered last-mile nodes.,4.658455040665342
L_0865,Unnamed last-mile facility,,AK,64.813373,-147.7095167,,N,N,N,30000.0000006,714.2857143,imputed_spatial_idw,Five-nearest-neighbor inverse-distance estimate; clipped to observed p10-p90 (47.619048-714.285714 barrels).,Internal interpolation from positive-capacity clustered last-mile nodes.,0.0261869322921131
L_0866,Unnamed last-mile facility,,AK,64.8255223,-147.713937,,N,N,N,17784.43795297064,423.4389988802533,imputed_spatial_idw,Five-nearest-neighbor inverse-distance estimate; clipped to observed p10-p90 (47.619048-714.285714 barrels).,Internal interpolation from positive-capacity clustered last-mile nodes.,0.0725313685943962
L_0867,Unnamed last-mile facility,,AK,64.8257482,-147.7137278,,N,N,N,17656.75693684349,420.39897468674974,imputed_spatial_idw,Five-nearest-neighbor inverse-distance estimate; clipped to observed p10-p90 (47.619048-714.285714 barrels).,Internal interpolation from positive-capacity clustered last-mile nodes.,0.047249765675089
L_0868,Unnamed last-mile facility,,AK,64.8259444,-147.7112977,,N,N,N,16897.260782730908,402.3157329221645,imputed_spatial_idw,Five-nearest-neighbor inverse-distance estimate; clipped to observed p10-p90 (47.619048-714.285714 barrels).,Internal interpolation from positive-capacity clustered last-mile nodes.,0.1210544723864974
L_0869,Unnamed last-mile facility,,AK,64.836318,-147.7921127,,N,N,N,12154.598826933425,289.3952101650815,imputed_spatial_idw,Five-nearest-neighbor inverse-distance estimate; clipped to observed p10-p90 (47.619048-714.285714 barrels).,Internal interpolation from positive-capacity clustered last-mile nodes.,0.6945959675982326
L_0870,Unnamed last-mile facility,,AK,64.9578555,-147.6171434,,N,N,N,22630.881723805905,538.830517233474,imputed_spatial_idw,Five-nearest-neighbor inverse-distance estimate; clipped to observed p10-p90 (47.619048-714.285714 barrels).,Internal interpolation from positive-capacity clustered last-mile nodes.,5.464807965486952
L_0871,Unnamed last-mile facility,,AK,65.0241995,-147.6516903,,N,N,N,23074.354421290976,549.3893909831185,imputed_spatial_idw,Five-nearest-neighbor inverse-distance estimate; clipped to observed p10-p90 (47.619048-714.285714 barrels).,Internal interpolation from positive-capacity clustered last-mile nodes.,0.0864663635811946
L_0872,Unnamed last-mile facility,,AK,65.1705597,-152.0821112,,N,N,N,8981.382301532209,213.84243575076687,imputed_spatial_idw,Five-nearest-neighbor inverse-distance estimate; clipped to observed p10-p90 (47.619048-714.285714 barrels).,Internal interpolation from positive-capacity clustered last-mile nodes.,0.0619243506684202
L_0873,Unnamed last-mile facility,,AK,65.8808595,-149.7200017,,N,N,N,11087.928862558045,263.998306251382,imputed_spatial_idw,Five-nearest-neighbor inverse-distance estimate; clipped to observed p10-p90 (47.619048-714.285714 barrels).,Internal interpolation from positive-capacity clustered last-mile nodes.,120.27683916365974
L_0874,Unnamed last-mile facility,,AK,68.6279346,-149.5941965,,N,N,N,4633.321159883012,110.31717047340504,imputed_spatial_idw,Five-nearest-neighbor inverse-distance estimate; clipped to observed p10-p90 (47.619048-714.285714 barrels).,Internal interpolation from positive-capacity clustered last-mile nodes.,193.69077756189964
L_0878,US Army Cold Regions Test Center,Delta Junction,AK,63.885664,-144.154886,Utilities,N,Y,N,15000.0,357.1428571,existing_value_preserved,Existing clustered capacity retained.,,
L_0879,US Dept of Commerce - NOAA - NMFS,Juneau,AK,58.298917,-133.589161,Unknown,N,N,N,1000.0,23.80952381,existing_value_preserved,Existing clustered capacity retained.,,
L_0880,USAF Eareckson AS,Anchorage,AK,52.722836,-173.899856,Gas Station,N,Y,N,22000.0,523.8095238,existing_value_preserved,Existing clustered capacity retained.,,
L_0881,USAF Eareckson AS,Anchorage,AK,61.2088249,-149.8625991,,N,Y,N,2000.0,47.61904762,existing_value_preserved,Existing clustered capacity retained.,,
L_0882,USAF Eielson Air Force Base,Eielson AFB,AK,64.664203,-146.918472,Gas Station,Y,Y,N,52750.0,1255.952381,existing_value_preserved,Existing clustered capacity retained.,,
L_0883,USAF King Salmon Airport,King Salmon,AK,58.687022,-155.336469,Unknown,N,Y,N,21700.0,516.6666667,existing_value_preserved,Existing clustered capacity retained.,,
L_0884,USAF King Salmon Airport | FAA King Salmon,King Salmon,AK,58.68272,-156.66937,,Y,Y,N,22000.0,523.8095238,existing_value_preserved,Existing clustered capacity retained.,,
L_0885,USCG  Marine Safety Office Valdez,Valdez,AK,61.124006,-145.647967,Utilities,N,Y,N,4000.0,95.23809524,existing_value_preserved,Existing clustered capacity retained.,,
L_0886,USCG  Marine Safety Office Valdez,Valdez,AK,61.1268137,-146.3528909,,N,Y,N,4000.0,95.23809524,existing_value_preserved,Existing clustered capacity retained.,,
L_0887,USCG  Support Center,Kodiak,AK,57.738731,-151.495086,Utilities,N,Y,Y,1114168.0,26527.80952,existing_value_preserved,Existing clustered capacity retained.,,
L_0888,USCG Air Station  Sitka,Sitka,AK,57.0538365,-135.3656891,,N,N,N,610.0,14.52380952,existing_value_preserved,Existing clustered capacity retained.,,
L_0889,USCG Air Station  Sitka,Sitka,AK,57.055228,-134.631081,Unknown,N,N,N,610.0,14.52380952,existing_value_preserved,Existing clustered capacity retained.,,
L_0890,USDOI Glacier Bay Park Fuel Farm,Gustavus,AK,58.453222,-134.112636,Unknown,Y,Y,N,41000.0,976.1904762,existing_value_preserved,Existing clustered capacity retained.,,
L_0891,USDOI Glacier Bay Park Fuel Farm,Gustavus,AK,58.73631,-137.1772258,,Y,Y,N,35000.0,833.3333333,existing_value_preserved,Existing clustered capacity retained.,,
L_0892,USIBELLI Coal Mine Inc.,Denali Park,AK,63.7316993,-148.892078,,N,N,N,2000.0,47.61904762,existing_value_preserved,Existing clustered capacity retained.,,
L_0893,USPS - Craig,Sitka,AK,55.47705,-132.861739,Utilities,N,N,N,5000.0,119.047619,existing_value_preserved,Existing clustered capacity retained.,,
L_0894,USPS - North Pole,North Pole,AK,64.752732,-147.3543405,,N,Y,N,10000.0,238.0952381,existing_value_preserved,Existing clustered capacity retained.,,
L_0895,USPS - North Pole,North Pole,AK,64.75293,-147.35477,Utilities,N,Y,N,10000.0,238.0952381,existing_value_preserved,Existing clustered capacity retained.,,
L_0896,USPS - Sitka,Sitka,AK,57.049452,-135.311571,,N,Y,N,3000.0,71.42857143,existing_value_preserved,Existing clustered capacity retained.,,
L_0897,USPS - Wrangell,Wrangell,AK,56.472817,-132.3871886,,N,Y,N,5000.0,119.047619,existing_value_preserved,Existing clustered capacity retained.,,
L_0898,USPS College,Fairbanks,AK,64.848339,-147.828564,,N,Y,N,10000.0,238.0952381,existing_value_preserved,Existing clustered capacity retained.,,
L_0899,USPS Haines,Haines,AK,59.230429,-135.4439844,,N,Y,N,10000.0,238.0952381,existing_value_preserved,Existing clustered capacity retained.,,
L_0900,USPS Kodiak,Kodiak,AK,57.792492,-152.40411,,N,Y,N,5000.0,119.047619,existing_value_preserved,Existing clustered capacity retained.,,
L_0901,USPS Kodiak,Kodiak,AK,57.792578,-151.595736,Utilities,N,N,N,5000.0,119.047619,existing_value_preserved,Existing clustered capacity retained.,,
L_0902,Valdez Civic Center,Valdez,AK,61.126711,-145.643564,Utilities,N,Y,N,10000.0,238.0952381,existing_value_preserved,Existing clustered capacity retained.,,
L_0903,Valdez Civic Center,Valdez,AK,61.1267458,-146.3533741,,N,Y,N,10000.0,238.0952381,existing_value_preserved,Existing clustered capacity retained.,,
L_0904,Valley Country Store #1,Wasilla,AK,61.612553,-148.670742,Gas Station,Y,N,N,18000.0,428.5714286,existing_value_preserved,Existing clustered capacity retained.,,
L_0905,Valley Country Store #1,Wasilla,AK,61.612677,-149.328882,,Y,N,N,18000.0,428.5714286,existing_value_preserved,Existing clustered capacity retained.,,
L_0906,Valley Country Store #2,Wasilla,AK,61.613343,-149.5104615,,Y,N,N,20000.0,476.1904762,existing_value_preserved,Existing clustered capacity retained.,,
L_0907,Valley Country Store #2,Wasilla,AK,61.613508,-146.488806,Gas Station,Y,N,N,20000.0,476.1904762,existing_value_preserved,Existing clustered capacity retained.,,
L_0908,Valley Tesoro,Juneau,AK,58.372416,-134.5863915,,Y,Y,N,18000.0,428.5714286,existing_value_preserved,Existing clustered capacity retained.,,
L_0909,Valley Tesoro,Juneau,AK,58.372722,-133.413489,Gas Station,Y,N,N,6000.0,142.8571429,existing_value_preserved,Existing clustered capacity retained.,,
L_0910,Vaughn's Mini Mart,Soldotna,AK,60.493589,-150.842025,Gas Station,Y,Y,N,23000.0,547.6190476,existing_value_preserved,Existing clustered capacity retained.,,
L_0911,Vaughn's Mini Mart,Soldotna,AK,60.4940635,-151.1593999,,Y,Y,N,20000.0,476.1904762,existing_value_preserved,Existing clustered capacity retained.,,
L_0912,Village Gas,,AK,63.3334126,-142.9606336,,N,N,N,20323.42901324256,483.8911669819656,imputed_spatial_idw,Five-nearest-neighbor inverse-distance estimate; clipped to observed p10-p90 (47.619048-714.285714 barrels).,Internal interpolation from positive-capacity clustered last-mile nodes.,1.2363080455353914
L_0913,Vitus ANM,Anchorage,AK,61.195583,-148.086261,Gas Station,Y,Y,N,18000.0,428.5714286,existing_value_preserved,Existing clustered capacity retained.,,
L_0914,Vitus ATA | Arctic Shell,Anchorage,AK,61.1804827,-149.8986643,Gas Station,Y,Y,N,20000.0,476.1904762,existing_value_preserved,Existing clustered capacity retained.,,
L_0915,Vitus Cantwell | Chevron,Cantwell,AK,63.3952766,-148.892623,Gas Station,Y,Y,N,24000.0,571.4285714,existing_value_preserved,Existing clustered capacity retained.,,
L_0916,Vitus Energy Birchwood,Chugiak,AK,61.394275,-148.535761,Gas Station,Y,N,N,10000.0,238.0952381,existing_value_preserved,Existing clustered capacity retained.,,
L_0917,Vitus HLY | Miners Market,Healy,AK,63.8652346,-149.0183667,Gas Station,Y,Y,N,31000.0,738.0952381,existing_value_preserved,Existing clustered capacity retained.,,
L_0918,Vitus Longmere,Soldotna,AK,60.504586,-149.051103,Gas Station,Y,N,N,15000.0,357.1428571,existing_value_preserved,Existing clustered capacity retained.,,
L_0919,Wasilla Chevron,Wasilla,AK,61.582008,-148.533425,Gas Station,Y,Y,N,24000.0,571.4285714,existing_value_preserved,Existing clustered capacity retained.,,
L_0920,Wasilla Chevron,Wasilla,AK,61.582176,-149.4664515,,Y,Y,N,24000.0,571.4285714,existing_value_preserved,Existing clustered capacity retained.,,
L_0921,Wells Fargo Bank Corporate Properties Group,Anchorage,AK,61.195917,-148.112142,Utilities,N,Y,N,1500.0,35.71428571,existing_value_preserved,Existing clustered capacity retained.,,
L_0922,Wells Fargo Bank Corporate Properties Group,Anchorage,AK,61.196049,-149.8879305,,N,Y,N,1500.0,35.71428571,existing_value_preserved,Existing clustered capacity retained.,,
L_0923,"Westside Service, Inc.",Ketchikan,AK,55.349226,-131.674473,,Y,Y,N,7500.0,178.5714286,existing_value_preserved,Existing clustered capacity retained.,,
L_0924,"Westside Service, Inc.",Ketchikan,AK,55.349286,-130.325408,Gas Station,Y,Y,N,12500.0,297.6190476,existing_value_preserved,Existing clustered capacity retained.,,
L_0925,Wrangell High School,Wrangell,AK,56.47175,-132.37971,Utilities,N,Y,N,10000.0,238.0952381,existing_value_preserved,Existing clustered capacity retained.,,
L_0926,"Wright Air Service, Inc.",Fairbanks,AK,64.808536,-147.8516223,,N,Y,Y,10000.0,238.0952381,existing_value_preserved,Existing clustered capacity retained.,,
L_0927,"Wright Air Service, Inc.",Fairbanks,AK,64.808908,-146.147756,Air Taxi (Airline),N,N,Y,5000.0,119.047619,existing_value_preserved,Existing clustered capacity retained.,,
L_0928,Young's Chevron,Tok,AK,63.334992,-141.013619,Gas Station,Y,N,N,20000.0,476.1904762,existing_value_preserved,Existing clustered capacity retained.,,
L_0929,Young's Chevron,,AK,63.3353228,-142.985827,,N,N,N,19130.761758571178,455.494327585028,imputed_spatial_idw,Five-nearest-neighbor inverse-distance estimate; clipped to observed p10-p90 (47.619048-714.285714 barrels).,Internal interpolation from positive-capacity clustered last-mile nodes.,0.0787744590428796
L_0930,Young's Chevron | Camper City Super Service,Tok,AK,63.3358609,-142.9848002,,Y,Y,N,38000.0,904.7619048,existing_value_preserved,Existing clustered capacity retained.,,
L_0931,Yukon Sqd Civil Air Patrol,Fairbanks,AK,64.812394,-147.845675,Unknown,N,N,N,11322.833086474104,269.5912639636691,imputed_spatial_idw,Five-nearest-neighbor inverse-distance estimate; clipped to observed p10-p90 (47.619048-714.285714 barrels).,Internal interpolation from positive-capacity clustered last-mile nodes.,0.3046276037627216
L_KUPARUK_INDUSTRIAL_OPERATIONS,Kuparuk Industrial Operations Aggregate,Kuparuk,AK,70.3245,-149.599,Industrial Demand Zone,N,Y,N,845505.906,20131.093,existing_value_preserved,Existing clustered capacity retained.,,
L_PRUDHOE_DEADHORSE_INDUSTRIAL_OPERATIONS,Prudhoe Bay and Deadhorse Industrial Operations Aggregate,Prudhoe Bay / Deadhorse,AK,70.254989,-148.347175,Industrial Demand Zone,N,Y,Y,366385.908,8723.474,existing_value_preserved,Existing clustered capacity retained.,,
L_ST_PAUL_COMMUNITY_FUEL,St. Paul Island Community Fuel Demand Aggregate,St. Paul,AK,57.1204833984375,-170.28228759765625,Representative Island Community Fuel Demand,Y,Y,N,171721.05263157893,4088.5964912280697,estimated_population_scaled,"Adak analog: 71,100 observed gallons / 171 residents x 413 residents (2020 Census).",https://maps.commerce.alaska.gov/server/rest/services/Services/CDO_Utilities/MapServer/48 | https://tigerweb.geo.census.gov/tigerwebmain/Files/bas25/tigerweb_bas25_incplace_2020_tab20_ak.html | https://dot.alaska.gov/stwddes/desbridge/assets/grant/southcoast/ak_COE_AlaskaBargeReport_2010_FINAL.pdf,
L_ST_GEORGE_COMMUNITY_FUEL,St. George Island Community Fuel Demand Aggregate,St. George,AK,56.60150146484375,-169.5452880859375,Representative Island Community Fuel Demand,Y,Y,N,27857.894736842103,663.2832080200501,estimated_population_scaled,"Adak analog: 71,100 observed gallons / 171 residents x 67 residents (2020 Census).",https://maps.commerce.alaska.gov/server/rest/services/Services/CDO_Utilities/MapServer/48 | https://tigerweb.geo.census.gov/tigerwebmain/Files/bas25/tigerweb_bas25_incplace_2020_tab20_ak.html | https://dot.alaska.gov/stwddes/desbridge/assets/grant/southcoast/ak_COE_AlaskaBargeReport_2010_FINAL.pdf,
