arc_id,arc_stage,origin_id,origin_name,origin_type,origin_latitude,origin_longitude,destination_id,destination_name,destination_type,destination_latitude,destination_longitude,flow_barrels,distance_km,unit_cost,arc_cost_barrel_km,geometry_wkt
DL_ANLTK02001_L_0039,D-L,ANLTK02001,ALEUT ENTERPRISE CORPORATION (ADAK ISLAND),D,51.87078853,-176.64223488,L_0039,Adak Petroleum Community Fuel Facility,L,51.85332400,-176.65513750,1692.85714286,2.13682562,2.13682562,3617.34051843,"LINESTRING (-176.64223488 51.87078853, -176.65513750 51.85332400)"
DL_ANLTK02002_L_0001,D-L,ANLTK02002,ANCHORAGE FUELING AND SERVICE COMPANY OFF-AIRPORT FUEL FACILITY,D,61.23429400,-149.88501600,L_0001,"""Alice Mae's"" Shoppers Cache - The Laundry",L,61.39411200,-149.46335100,238.09523810,28.76541669,28.76541669,6848.90873547,"LINESTRING (-149.88501600 61.23429400, -149.46335100 61.39411200)"
DL_ANLTK02002_L_0004,D-L,ANLTK02002,ANCHORAGE FUELING AND SERVICE COMPANY OFF-AIRPORT FUEL FACILITY,D,61.23429400,-149.88501600,L_0004,2 Go Mart-Tesoro Northstore #0077,L,61.59375000,-149.12106300,380.95238100,57.17326500,57.17326500,21780.29143301,"LINESTRING (-149.88501600 61.23429400, -149.50523509 61.41456016, -149.12106300 61.59375000)"
DL_ANLTK02002_L_0026,D-L,ANLTK02002,ANCHORAGE FUELING AND SERVICE COMPANY OFF-AIRPORT FUEL FACILITY,D,61.23429400,-149.88501600,L_0026,2Go Mart-Tesoro Northstore #73,L,61.32975300,-149.56658100,476.19047620,20.11883070,20.11883070,9580.39557013,"LINESTRING (-149.88501600 61.23429400, -149.56658100 61.32975300)"
DL_ANLTK02002_L_0031,D-L,ANLTK02002,ANCHORAGE FUELING AND SERVICE COMPANY OFF-AIRPORT FUEL FACILITY,D,61.23429400,-149.88501600,L_0031,673 CES/CEIEC,L,61.24927800,-148.19632800,208.33333330,90.68816783,90.68816783,18893.36829392,"LINESTRING (-149.88501600 61.23429400, -149.04087288 61.24441412, -148.19632800 61.24927800)"
DL_ANLTK02002_L_0035,D-L,ANLTK02002,ANCHORAGE FUELING AND SERVICE COMPANY OFF-AIRPORT FUEL FACILITY,D,61.23429400,-149.88501600,L_0035,AAFES Gas Station,L,61.23708120,-149.84656600,385.02808278,2.08822646,2.08822646,804.02582917,"LINESTRING (-149.88501600 61.23429400, -149.84656600 61.23708120)"
DL_ANLTK02002_L_0042,D-L,ANLTK02002,ANCHORAGE FUELING AND SERVICE COMPANY OFF-AIRPORT FUEL FACILITY,D,61.23429400,-149.88501600,L_0042,ADOA-Palmer State Office Building,L,61.60098300,-148.89607500,238.09523810,66.76792772,66.76792772,15897.12564854,"LINESTRING (-149.88501600 61.23429400, -149.39344536 61.41853873, -148.89607500 61.60098300)"
DL_ANLTK02002_L_0043,D-L,ANLTK02002,ANCHORAGE FUELING AND SERVICE COMPANY OFF-AIRPORT FUEL FACILITY,D,61.23429400,-149.88501600,L_0043,ADOA-Palmer State Office Building,L,61.60185000,-149.10473250,238.09523810,58.42405506,58.42405506,13910.48929937,"LINESTRING (-149.88501600 61.23429400, -149.49716769 61.41863337, -149.10473250 61.60185000)"
DL_ANLTK02002_L_0045,D-L,ANLTK02002,ANCHORAGE FUELING AND SERVICE COMPANY OFF-AIRPORT FUEL FACILITY,D,61.23429400,-149.88501600,L_0045,ADOC - Hiland Mountain Correctional Center,L,61.30305000,-149.58125100,71.42857143,18.00810776,18.00810776,1286.29341114,"LINESTRING (-149.88501600 61.23429400, -149.58125100 61.30305000)"
DL_ANLTK02002_L_0046,D-L,ANLTK02002,ANCHORAGE FUELING AND SERVICE COMPANY OFF-AIRPORT FUEL FACILITY,D,61.23429400,-149.88501600,L_0046,ADOC - Mat-Su Pretrial Facility,L,61.60210200,-149.10901200,14.28571429,58.28096240,58.28096240,832.58517741,"LINESTRING (-149.88501600 61.23429400, -149.49929644 61.41875326, -149.10901200 61.60210200)"
DL_ANLTK02002_L_0071,D-L,ANLTK02002,ANCHORAGE FUELING AND SERVICE COMPANY OFF-AIRPORT FUEL FACILITY,D,61.23429400,-149.88501600,L_0071,Alaska Veterans and Pioneers Home,L,61.59634200,-149.11338150,35.71428571,57.66715467,57.66715467,2059.54123804,"LINESTRING (-149.88501600 61.23429400, -149.50143253 61.41586701, -149.11338150 61.59634200)"
DL_ANLTK02002_L_0072,D-L,ANLTK02002,ANCHORAGE FUELING AND SERVICE COMPANY OFF-AIRPORT FUEL FACILITY,D,61.23429400,-149.88501600,L_0072,Alaska Veterans and Pioneers Home,L,61.59787200,-148.88607200,35.71428571,66.98296459,66.98296459,2392.24873515,"LINESTRING (-149.88501600 61.23429400, -149.38844815 61.41700148, -148.88607200 61.59787200)"
DL_ANLTK02002_L_0082,D-L,ANLTK02002,ANCHORAGE FUELING AND SERVICE COMPANY OFF-AIRPORT FUEL FACILITY,D,61.23429400,-149.88501600,L_0082,AT&T - Anchorage Multi-Purpose Bldg,L,61.23318100,-148.12580000,357.14285710,94.48374193,94.48374193,33744.19354103,"LINESTRING (-149.88501600 61.23429400, -149.00539246 61.23659024, -148.12580000 61.23318100)"
DL_ANLTK02002_L_0089,D-L,ANLTK02002,ANCHORAGE FUELING AND SERVICE COMPANY OFF-AIRPORT FUEL FACILITY,D,61.23429400,-149.88501600,L_0089,AT&T - Eagle River Earth Station,L,61.29240910,-149.40979900,59.52380952,26.30905845,26.30905845,1566.01538359,"LINESTRING (-149.88501600 61.23429400, -149.40979900 61.29240910)"
DL_ANLTK02002_L_0090,D-L,ANLTK02002,ANCHORAGE FUELING AND SERVICE COMPANY OFF-AIRPORT FUEL FACILITY,D,61.23429400,-149.88501600,L_0090,AT&T - Eagle River Earth Station,L,61.29946400,-148.55200800,59.52380952,71.88626561,71.88626561,4278.94438145,"LINESTRING (-149.88501600 61.23429400, -149.21920236 61.26851577, -148.55200800 61.29946400)"
DL_ANLTK02002_L_0102,D-L,ANLTK02002,ANCHORAGE FUELING AND SERVICE COMPANY OFF-AIRPORT FUEL FACILITY,D,61.23429400,-149.88501600,L_0102,AT&T - Neklasson Lake Earth Station,L,61.61954700,-148.74319200,119.04761900,74.55046808,74.55046808,8875.05572043,"LINESTRING (-149.88501600 61.23429400, -149.31762305 61.42811976, -148.74319200 61.61954700)"
DL_ANLTK02002_L_0106,D-L,ANLTK02002,ANCHORAGE FUELING AND SERVICE COMPANY OFF-AIRPORT FUEL FACILITY,D,61.23429400,-149.88501600,L_0106,AT&T - Sawmill Microwave Repeater,L,61.80668300,-148.33472200,119.04761900,104.28318706,104.28318706,12414.66512071,"LINESTRING (-149.88501600 61.23429400, -149.37457572 61.42704555, -148.85783205 61.61785499, -148.33472200 61.80668300)"
DL_ANLTK02002_L_0107,D-L,ANLTK02002,ANCHORAGE FUELING AND SERVICE COMPANY OFF-AIRPORT FUEL FACILITY,D,61.23429400,-149.88501600,L_0107,AT&T - Sawmill Microwave Repeater,L,61.94159380,-147.15833640,119.04761900,164.84356894,164.84356894,19624.23438934,"LINESTRING (-149.88501600 61.23429400, -149.21499809 61.41619243, -148.53721106 61.59475081, -147.85165471 61.76990582, -147.15833640 61.94159380)"
DL_ANLTK02002_L_0111,D-L,ANLTK02002,ANCHORAGE FUELING AND SERVICE COMPANY OFF-AIRPORT FUEL FACILITY,D,61.23429400,-149.88501600,L_0111,AT&T Anchorage Toll Center,L,61.23183100,-148.12504700,238.09523810,94.52652376,94.52652376,22506.31518165,"LINESTRING (-149.88501600 61.23429400, -149.00499710 61.23591773, -148.12504700 61.23183100)"
DL_ANLTK02002_L_0134,D-L,ANLTK02002,ANCHORAGE FUELING AND SERVICE COMPANY OFF-AIRPORT FUEL FACILITY,D,61.23429400,-149.88501600,L_0134,Big Lake Super Store,L,61.55328300,-148.18150600,285.71428570,97.72006957,97.72006957,27920.01987654,"LINESTRING (-149.88501600 61.23429400, -149.03760229 61.39645566, -148.18150600 61.55328300)"
DL_ANLTK02002_L_0166,D-L,ANLTK02002,ANCHORAGE FUELING AND SERVICE COMPANY OFF-AIRPORT FUEL FACILITY,D,61.23429400,-149.88501600,L_0166,Carr's Fuel Center #1807,L,61.32255600,-149.57407500,476.19047620,19.36099260,19.36099260,9219.52028498,"LINESTRING (-149.88501600 61.23429400, -149.57407500 61.32255600)"
DL_ANLTK02002_L_0167,D-L,ANLTK02002,ANCHORAGE FUELING AND SERVICE COMPANY OFF-AIRPORT FUEL FACILITY,D,61.23429400,-149.88501600,L_0167,Carr's Fuel Center #1807,L,61.32442500,-149.57311050,476.19047620,19.51152519,19.51152519,9291.20247325,"LINESTRING (-149.88501600 61.23429400, -149.57311050 61.32442500)"
DL_ANLTK02002_L_0169,D-L,ANLTK02002,ANCHORAGE FUELING AND SERVICE COMPANY OFF-AIRPORT FUEL FACILITY,D,61.23429400,-149.88501600,L_0169,Carrs,L,61.32394580,-149.57378370,523.80952382,19.45321204,19.45321204,10189.77773698,"LINESTRING (-149.88501600 61.23429400, -149.57378370 61.32394580)"
DL_ANLTK02002_L_0170,D-L,ANLTK02002,ANCHORAGE FUELING AND SERVICE COMPANY OFF-AIRPORT FUEL FACILITY,D,61.23429400,-149.88501600,L_0170,Carrs - Safeway #1739,L,61.59835800,-149.12675100,476.19047620,57.31711235,57.31711235,27293.86302650,"LINESTRING (-149.88501600 61.23429400, -149.50809089 61.41685625, -149.12675100 61.59835800)"
DL_ANLTK02002_L_0171,D-L,ANLTK02002,ANCHORAGE FUELING AND SERVICE COMPANY OFF-AIRPORT FUEL FACILITY,D,61.23429400,-149.88501600,L_0171,Carrs - Safeway #1739,L,61.59909700,-149.12490300,476.19047620,57.44476780,57.44476780,27354.65133569,"LINESTRING (-149.88501600 61.23429400, -149.50717680 61.41722833, -149.12490300 61.59909700)"
DL_ANLTK02002_L_0196,D-L,ANLTK02002,ANCHORAGE FUELING AND SERVICE COMPANY OFF-AIRPORT FUEL FACILITY,D,61.23429400,-149.88501600,L_0196,CIMG-Downtown Chevron,L,61.21643900,-148.13195000,714.28571430,94.19940477,94.19940477,67285.28912558,"LINESTRING (-149.88501600 61.23429400, -149.00823468 61.22819987, -148.13195000 61.21643900)"
DL_ANLTK02002_L_0198,D-L,ANLTK02002,ANCHORAGE FUELING AND SERVICE COMPANY OFF-AIRPORT FUEL FACILITY,D,61.23429400,-149.88501600,L_0198,CIMG-Eagle River Chevron,L,61.32755800,-148.42903300,714.28571430,78.76977799,78.76977799,56264.12713474,"LINESTRING (-149.88501600 61.23429400, -149.15810425 61.28287815, -148.42903300 61.32755800)"
DL_ANLTK02002_L_0199,D-L,ANLTK02002,ANCHORAGE FUELING AND SERVICE COMPANY OFF-AIRPORT FUEL FACILITY,D,61.23429400,-149.88501600,L_0199,CIMG-Eagle River Chevron,L,61.32772100,-149.57067270,714.28571430,19.81347288,19.81347288,14152.48062666,"LINESTRING (-149.88501600 61.23429400, -149.57067270 61.32772100)"
DL_ANLTK02002_L_0208,D-L,ANLTK02002,ANCHORAGE FUELING AND SERVICE COMPANY OFF-AIRPORT FUEL FACILITY,D,61.23429400,-149.88501600,L_0208,CIMG-Muldoon Chevron,L,61.21821100,-148.26720300,571.42857140,86.92873483,86.92873483,49673.56275764,"LINESTRING (-149.88501600 61.23429400, -149.07590307 61.22866548, -148.26720300 61.21821100)"
DL_ANLTK02002_L_0210,D-L,ANLTK02002,ANCHORAGE FUELING AND SERVICE COMPANY OFF-AIRPORT FUEL FACILITY,D,61.23429400,-149.88501600,L_0210,CIMG-Palmer Chevron,L,61.59962800,-148.87870800,500.00000000,67.41328912,67.41328912,33706.64456157,"LINESTRING (-149.88501600 61.23429400, -149.38480180 61.41789304, -148.87870800 61.59962800)"
DL_ANLTK02002_L_0211,D-L,ANLTK02002,ANCHORAGE FUELING AND SERVICE COMPANY OFF-AIRPORT FUEL FACILITY,D,61.23429400,-149.88501600,L_0211,CIMG-Palmer Chevron,L,61.59992400,-149.12123400,500.00000000,57.64806618,57.64806618,28824.03309117,"LINESTRING (-149.88501600 61.23429400, -149.50535809 61.41764697, -149.12123400 61.59992400)"
DL_ANLTK02002_L_0223,D-L,ANLTK02002,ANCHORAGE FUELING AND SERVICE COMPANY OFF-AIRPORT FUEL FACILITY,D,61.23429400,-149.88501600,L_0223,Cline's Tesoro,L,61.21779700,-148.12871700,619.04761900,94.36793824,94.36793824,58418.24747790,"LINESTRING (-149.88501600 61.23429400, -149.00663663 61.22888928, -148.12871700 61.21779700)"
DL_ANLTK02002_L_0240,D-L,ANLTK02002,ANCHORAGE FUELING AND SERVICE COMPANY OFF-AIRPORT FUEL FACILITY,D,61.23429400,-149.88501600,L_0240,Crowley Fuels - ACE Fuels,L,61.57165900,-148.45971400,142.85714290,84.91362314,84.91362314,12130.51759481,"LINESTRING (-149.88501600 61.23429400, -149.17620792 61.40484401, -148.45971400 61.57165900)"
DL_ANLTK02002_L_0252,D-L,ANLTK02002,ANCHORAGE FUELING AND SERVICE COMPANY OFF-AIRPORT FUEL FACILITY,D,61.23429400,-149.88501600,L_0252,Crowley Fuels - Palmer-Wasilla Kwik Kard,L,61.58406700,-148.61175800,571.42857140,78.38096650,78.38096650,44789.12370991,"LINESTRING (-149.88501600 61.23429400, -149.25194712 61.41067120, -148.61175800 61.58406700)"
DL_ANLTK02002_L_0253,D-L,ANLTK02002,ANCHORAGE FUELING AND SERVICE COMPANY OFF-AIRPORT FUEL FACILITY,D,61.23429400,-149.88501600,L_0253,Crowley Fuels - Parks & Vine Extension,L,61.58064700,-148.39965000,1142.85714300,88.22513045,88.22513045,100828.72052768,"LINESTRING (-149.88501600 61.23429400, -149.14644535 61.40949845, -148.39965000 61.58064700)"
DL_ANLTK02002_L_0257,D-L,ANLTK02002,ANCHORAGE FUELING AND SERVICE COMPANY OFF-AIRPORT FUEL FACILITY,D,61.23429400,-149.88501600,L_0257,Crowley Fuels - Springer Cardlock,L,61.58598300,-149.11198200,1190.47619000,56.92465946,56.92465946,67767.45171494,"LINESTRING (-149.88501600 61.23429400, -149.50067233 61.41068942, -149.11198200 61.58598300)"
DL_ANLTK02002_L_0277,D-L,ANLTK02002,ANCHORAGE FUELING AND SERVICE COMPANY OFF-AIRPORT FUEL FACILITY,D,61.23429400,-149.88501600,L_0277,Eagle River Shell,L,61.32245800,-148.43031700,357.14285710,78.63478288,78.63478288,28083.85102382,"LINESTRING (-149.88501600 61.23429400, -149.15868619 61.28032480, -148.43031700 61.32245800)"
DL_ANLTK02002_L_0278,D-L,ANLTK02002,ANCHORAGE FUELING AND SERVICE COMPANY OFF-AIRPORT FUEL FACILITY,D,61.23429400,-149.88501600,L_0278,Eagle River Shell,L,61.32264300,-149.56948350,476.19047620,19.57835991,19.57835991,9323.02852882,"LINESTRING (-149.88501600 61.23429400, -149.56948350 61.32264300)"
DL_ANLTK02002_L_0294,D-L,ANLTK02002,ANCHORAGE FUELING AND SERVICE COMPANY OFF-AIRPORT FUEL FACILITY,D,61.23429400,-149.88501600,L_0294,Eureka Lodge Tesoro,L,61.93806320,-147.17229200,128.39218164,164.01201010,164.01201010,21057.85979192,"LINESTRING (-149.88501600 61.23429400, -149.21836860 61.41525835, -148.54403104 61.59291629, -147.86200310 61.76720547, -147.17229200 61.93806320)"
DL_ANLTK02002_L_0300,D-L,ANLTK02002,ANCHORAGE FUELING AND SERVICE COMPANY OFF-AIRPORT FUEL FACILITY,D,61.23429400,-149.88501600,L_0300,FAA Anchorage Air Route Traffic Control,L,61.22884700,-148.21800600,238.09523810,89.53996839,89.53996839,21319.04009391,"LINESTRING (-149.88501600 61.23429400, -149.05143894 61.23413216, -148.21800600 61.22884700)"
DL_ANLTK02002_L_0328,D-L,ANLTK02002,ANCHORAGE FUELING AND SERVICE COMPANY OFF-AIRPORT FUEL FACILITY,D,61.23429400,-149.88501600,L_0328,Fairview Marketplace - Wasilla Shell,L,61.56824400,-148.68222500,428.57142860,74.25394779,74.25394779,31823.12048244,"LINESTRING (-149.88501600 61.23429400, -149.28683038 61.40259955, -148.68222500 61.56824400)"
DL_ANLTK02002_L_0334,D-L,ANLTK02002,ANCHORAGE FUELING AND SERVICE COMPANY OFF-AIRPORT FUEL FACILITY,D,61.23429400,-149.88501600,L_0334,Fire Lake Flying Club,L,61.34805900,-149.54990400,47.61904762,21.98825873,21.98825873,1047.05993964,"LINESTRING (-149.88501600 61.23429400, -149.54990400 61.34805900)"
DL_ANLTK02002_L_0335,D-L,ANLTK02002,ANCHORAGE FUELING AND SERVICE COMPANY OFF-AIRPORT FUEL FACILITY,D,61.23429400,-149.88501600,L_0335,Fire Lake Flying Club,L,61.34823600,-148.45089700,47.61904762,77.92473735,77.92473735,3710.70177882,"LINESTRING (-149.88501600 61.23429400, -149.16925639 61.29315860, -148.45089700 61.34823600)"
DL_ANLTK02002_L_0417,D-L,ANLTK02002,ANCHORAGE FUELING AND SERVICE COMPANY OFF-AIRPORT FUEL FACILITY,D,61.23429400,-149.88501600,L_0417,Fred Meyer #649 Fuel Stop,L,61.60605600,-148.88298100,1142.85714300,67.66336967,67.66336967,77329.56535048,"LINESTRING (-149.88501600 61.23429400, -149.38697772 61.42109918, -148.88298100 61.60605600)"
DL_ANLTK02002_L_0418,D-L,ANLTK02002,ANCHORAGE FUELING AND SERVICE COMPANY OFF-AIRPORT FUEL FACILITY,D,61.23429400,-149.88501600,L_0418,Fred Meyer #649 Fuel Stop,L,61.60610700,-149.11730100,1142.85714300,58.28173431,58.28173431,66607.69636047,"LINESTRING (-149.88501600 61.23429400, -149.50344134 61.42074404, -149.11730100 61.60610700)"
DL_ANLTK02002_L_0422,D-L,ANLTK02002,ANCHORAGE FUELING AND SERVICE COMPANY OFF-AIRPORT FUEL FACILITY,D,61.23429400,-149.88501600,L_0422,Fred Meyer #668 Fuel Stop,L,61.34058600,-148.44149400,857.14285710,78.29794659,78.29794659,67112.52564908,"LINESTRING (-149.88501600 61.23429400, -149.16447537 61.28935865, -148.44149400 61.34058600)"
DL_ANLTK02002_L_0423,D-L,ANLTK02002,ANCHORAGE FUELING AND SERVICE COMPANY OFF-AIRPORT FUEL FACILITY,D,61.23429400,-149.88501600,L_0423,Fred Meyer #668 Fuel Stop,L,61.34180140,-149.55861490,857.14285710,21.20822270,21.20822270,18178.47659985,"LINESTRING (-149.88501600 61.23429400, -149.55861490 61.34180140)"
DL_ANLTK02002_L_0433,D-L,ANLTK02002,ANCHORAGE FUELING AND SERVICE COMPANY OFF-AIRPORT FUEL FACILITY,D,61.23429400,-149.88501600,L_0433,GB Tower - KAKM,L,61.42218900,-148.12508100,119.04761900,96.53612980,96.53612980,11492.39640011,"LINESTRING (-149.88501600 61.23429400, -149.00768318 61.33109117, -148.12508100 61.42218900)"
DL_ANLTK02002_L_0435,D-L,ANLTK02002,ANCHORAGE FUELING AND SERVICE COMPANY OFF-AIRPORT FUEL FACILITY,D,61.23429400,-149.88501600,L_0435,GCI Bald Mountain Remote Telecomm,L,61.60195910,-149.11345520,47.61904762,58.10138224,58.10138224,2766.73248771,"LINESTRING (-149.88501600 61.23429400, -149.50150408 61.41867550, -149.11345520 61.60195910)"
DL_ANLTK02002_L_0464,D-L,ANLTK02002,ANCHORAGE FUELING AND SERVICE COMPANY OFF-AIRPORT FUEL FACILITY,D,61.23429400,-149.88501600,L_0464,"Hinchinbrook Aero Fuel, LLC",L,61.58710000,-148.90699400,571.42857140,65.37509113,65.37509113,37357.19493131,"LINESTRING (-149.88501600 61.23429400, -149.39876346 61.41157747, -148.90699400 61.58710000)"
DL_ANLTK02002_L_0465,D-L,ANLTK02002,ANCHORAGE FUELING AND SERVICE COMPANY OFF-AIRPORT FUEL FACILITY,D,61.23429400,-149.88501600,L_0465,"Hinchinbrook Aero Fuel, LLC",L,61.58767500,-149.09372100,571.42857140,57.76342803,57.76342803,33007.67316010,"LINESTRING (-149.88501600 61.23429400, -149.49160395 61.41156166, -149.09372100 61.58767500)"
DL_ANLTK02002_L_0471,D-L,ANLTK02002,ANCHORAGE FUELING AND SERVICE COMPANY OFF-AIRPORT FUEL FACILITY,D,61.23429400,-149.88501600,L_0471,Holiday #605,L,61.58136100,-148.56144200,714.28571430,80.58094567,80.58094567,57557.81833428,"LINESTRING (-149.88501600 61.23429400, -149.22690099 61.40943818, -148.56144200 61.58136100)"
DL_ANLTK02002_L_0493,D-L,ANLTK02002,ANCHORAGE FUELING AND SERVICE COMPANY OFF-AIRPORT FUEL FACILITY,D,61.23429400,-149.88501600,L_0493,Holiday #628,L,61.22658900,-148.20614400,476.19047620,90.18232236,90.18232236,42943.96303158,"LINESTRING (-149.88501600 61.23429400, -149.04547735 61.23303981, -148.20614400 61.22658900)"
DL_ANLTK02002_L_0499,D-L,ANLTK02002,ANCHORAGE FUELING AND SERVICE COMPANY OFF-AIRPORT FUEL FACILITY,D,61.23429400,-149.88501600,L_0499,Holiday #631,L,61.22088900,-148.26814200,595.23809520,86.86897147,86.86897147,51707.72110697,"LINESTRING (-149.88501600 61.23429400, -149.07640704 61.23000161, -148.26814200 61.22088900)"
DL_ANLTK02002_L_0514,D-L,ANLTK02002,ANCHORAGE FUELING AND SERVICE COMPANY OFF-AIRPORT FUEL FACILITY,D,61.23429400,-149.88501600,L_0514,Holiday #650,L,61.58303900,-148.36910300,595.23809520,89.80725692,89.80725692,53456.70054466,"LINESTRING (-149.88501600 61.23429400, -149.13128563 61.41077860, -148.36910300 61.58303900)"
DL_ANLTK02002_L_0526,D-L,ANLTK02002,ANCHORAGE FUELING AND SERVICE COMPANY OFF-AIRPORT FUEL FACILITY,D,61.23429400,-149.88501600,L_0526,JBER Fort Richardson,L,61.27391900,-148.35461900,1132.14285700,82.26031978,82.26031978,93130.43345452,"LINESTRING (-149.88501600 61.23429400, -149.12029916 61.25626444, -148.35461900 61.27391900)"
DL_ANLTK02002_L_0541,D-L,ANLTK02002,ANCHORAGE FUELING AND SERVICE COMPANY OFF-AIRPORT FUEL FACILITY,D,61.23429400,-149.88501600,L_0541,Knik Super Store,L,61.51646900,-148.37676700,357.14285710,86.55379570,86.55379570,30912.06988831,"LINESTRING (-149.88501600 61.23429400, -149.13428893 61.37747314, -148.37676700 61.51646900)"
DL_ANLTK02002_L_0554,D-L,ANLTK02002,ANCHORAGE FUELING AND SERVICE COMPANY OFF-AIRPORT FUEL FACILITY,D,61.23429400,-149.88501600,L_0554,Mat-Su Regional Medical Center,L,61.55936900,-148.74987800,357.14285710,70.64474688,70.64474688,25230.26673947,"LINESTRING (-149.88501600 61.23429400, -149.32039527 61.39801682, -148.74987800 61.55936900)"
DL_ANLTK02002_L_0556,D-L,ANLTK02002,ANCHORAGE FUELING AND SERVICE COMPANY OFF-AIRPORT FUEL FACILITY,D,61.23429400,-149.88501600,L_0556,Mat-Su Regional Outpatient Center,L,61.58633100,-148.57326900,11.90476190,80.29160865,80.29160865,955.85248356,"LINESTRING (-149.88501600 61.23429400, -149.23283417 61.41189454, -148.57326900 61.58633100)"
DL_ANLTK02002_L_0566,D-L,ANLTK02002,ANCHORAGE FUELING AND SERVICE COMPANY OFF-AIRPORT FUEL FACILITY,D,61.23429400,-149.88501600,L_0566,MOA - Alaska Center For The Performing Arts,L,61.21715000,-148.10482500,23.80952381,95.65351386,95.65351386,2277.46461587,"LINESTRING (-149.88501600 61.23429400, -148.99467837 61.22864370, -148.10482500 61.21715000)"
DL_ANLTK02002_L_0585,D-L,ANLTK02002,ANCHORAGE FUELING AND SERVICE COMPANY OFF-AIRPORT FUEL FACILITY,D,61.23429400,-149.88501600,L_0585,MOA Chugiak Senior Center,L,61.39716300,-149.46588000,14.28571429,28.87079795,28.87079795,412.43997084,"LINESTRING (-149.88501600 61.23429400, -149.46588000 61.39716300)"
DL_ANLTK02002_L_0586,D-L,ANLTK02002,ANCHORAGE FUELING AND SERVICE COMPANY OFF-AIRPORT FUEL FACILITY,D,61.23429400,-149.88501600,L_0586,MOA Chugiak Senior Center,L,61.39865800,-149.46603100,14.28571429,28.96913324,28.96913324,413.84476068,"LINESTRING (-149.88501600 61.23429400, -149.46603100 61.39865800)"
DL_ANLTK02002_L_0589,D-L,ANLTK02002,ANCHORAGE FUELING AND SERVICE COMPANY OFF-AIRPORT FUEL FACILITY,D,61.23429400,-149.88501600,L_0589,MOA-SWS Anchorage Regional Landfill,L,61.29531100,-148.40409200,309.52380950,79.74979744,79.74979744,24684.46111064,"LINESTRING (-149.88501600 61.23429400, -149.14527203 61.26682273, -148.40409200 61.29531100)"
DL_ANLTK02002_L_0590,D-L,ANLTK02002,ANCHORAGE FUELING AND SERVICE COMPANY OFF-AIRPORT FUEL FACILITY,D,61.23429400,-149.88501600,L_0590,MOA-SWS Anchorage Regional Landfill,L,61.31252120,-149.53901830,380.95238100,20.50508500,20.50508500,7811.46095339,"LINESTRING (-149.88501600 61.23429400, -149.53901830 61.31252120)"
DL_ANLTK02002_L_0595,D-L,ANLTK02002,ANCHORAGE FUELING AND SERVICE COMPANY OFF-AIRPORT FUEL FACILITY,D,61.23429400,-149.88501600,L_0595,MSB-Butte Public Safety Building,L,61.54475400,-149.03225100,23.80952381,57.21788287,57.21788287,1362.33054449,"LINESTRING (-149.88501600 61.23429400, -149.46074812 61.39019375, -149.03225100 61.54475400)"
DL_ANLTK02002_L_0596,D-L,ANLTK02002,ANCHORAGE FUELING AND SERVICE COMPANY OFF-AIRPORT FUEL FACILITY,D,61.23429400,-149.88501600,L_0596,MSB-Butte Public Safety Building,L,61.54487800,-148.96724400,23.80952381,60.02963815,60.02963815,1429.27709893,"LINESTRING (-149.88501600 61.23429400, -149.42840674 61.39036147, -148.96724400 61.54487800)"
DL_ANLTK02002_L_0597,D-L,ANLTK02002,ANCHORAGE FUELING AND SERVICE COMPANY OFF-AIRPORT FUEL FACILITY,D,61.23429400,-149.88501600,L_0597,MSB-Cottonwood Public Safety Bldg,L,61.58668900,-148.63834400,95.23809524,77.29793972,77.29793972,7361.70854529,"LINESTRING (-149.88501600 61.23429400, -149.26519210 61.41192068, -148.63834400 61.58668900)"
DL_ANLTK02002_L_0599,D-L,ANLTK02002,ANCHORAGE FUELING AND SERVICE COMPANY OFF-AIRPORT FUEL FACILITY,D,61.23429400,-149.88501600,L_0599,MSB-Matanuska-Susitna Borough Admin,L,61.59960800,-149.10855000,95.23809524,58.10462605,58.10462605,5533.77390937,"LINESTRING (-149.88501600 61.23429400, -149.49905120 61.41750690, -149.10855000 61.59960800)"
DL_ANLTK02002_L_0600,D-L,ANLTK02002,ANCHORAGE FUELING AND SERVICE COMPANY OFF-AIRPORT FUEL FACILITY,D,61.23429400,-149.88501600,L_0600,MSB-Matanuska-Susitna Borough Admin,L,61.59984300,-149.10728400,95.23809524,58.17110245,58.17110245,5540.10499580,"LINESTRING (-149.88501600 61.23429400, -149.49842337 61.41762621, -149.10728400 61.59984300)"
DL_ANLTK02002_L_0601,D-L,ANLTK02002,ANCHORAGE FUELING AND SERVICE COMPANY OFF-AIRPORT FUEL FACILITY,D,61.23429400,-149.88501600,L_0601,MSB-Sutton Public Safety Building,L,61.70938200,-148.89337200,23.80952381,74.81036060,74.81036060,1781.19906197,"LINESTRING (-149.88501600 61.23429400, -149.39296990 61.47274370, -148.89337200 61.70938200)"
DL_ANLTK02002_L_0602,D-L,ANLTK02002,ANCHORAGE FUELING AND SERVICE COMPANY OFF-AIRPORT FUEL FACILITY,D,61.23429400,-149.88501600,L_0602,MSB-Sutton Public Safety Building,L,61.70982500,-147.10578600,23.80952381,157.31803672,157.31803672,3745.66754112,"LINESTRING (-149.88501600 61.23429400, -149.19819898 61.35846875, -148.50599530 61.47914513, -147.80849276 61.59627854, -147.10578600 61.70982500)"
DL_ANLTK02002_L_0620,D-L,ANLTK02002,ANCHORAGE FUELING AND SERVICE COMPANY OFF-AIRPORT FUEL FACILITY,D,61.23429400,-149.88501600,L_0620,Palmquist Services,L,61.57805600,-148.56096900,35.71428571,80.43034024,80.43034024,2872.51215117,"LINESTRING (-149.88501600 61.23429400, -149.22663057 61.40778685, -148.56096900 61.57805600)"
DL_ANLTK02002_L_0623,D-L,ANLTK02002,ANCHORAGE FUELING AND SERVICE COMPANY OFF-AIRPORT FUEL FACILITY,D,61.23429400,-149.88501600,L_0623,Peter's Creek Chevron,L,61.40815300,-149.45204200,238.09523810,30.21796582,30.21796582,7194.75376724,"LINESTRING (-149.88501600 61.23429400, -149.45204200 61.40815300)"
DL_ANLTK02002_L_0624,D-L,ANLTK02002,ANCHORAGE FUELING AND SERVICE COMPANY OFF-AIRPORT FUEL FACILITY,D,61.23429400,-149.88501600,L_0624,Peter's Creek Chevron,L,61.40862900,-149.45138100,285.71428570,30.27901301,30.27901301,8651.14657520,"LINESTRING (-149.88501600 61.23429400, -149.45138100 61.40862900)"
DL_ANLTK02002_L_0676,D-L,ANLTK02002,ANCHORAGE FUELING AND SERVICE COMPANY OFF-AIRPORT FUEL FACILITY,D,61.23429400,-149.88501600,L_0676,Shoreside Tesoro Truck Stop,L,61.22189400,-148.15349700,976.19047620,93.02312257,93.02312257,90808.28632325,"LINESTRING (-149.88501600 61.23429400, -149.01908614 61.23085797, -148.15349700 61.22189400)"
DL_ANLTK02002_L_0705,D-L,ANLTK02002,ANCHORAGE FUELING AND SERVICE COMPANY OFF-AIRPORT FUEL FACILITY,D,61.23429400,-149.88501600,L_0705,Speedway Express #5303,L,61.32958600,-148.43279700,357.14285710,78.59741941,78.59741941,28070.50692717,"LINESTRING (-149.88501600 61.23429400, -149.16000692 61.28388203, -148.43279700 61.32958600)"
DL_ANLTK02002_L_0706,D-L,ANLTK02002,ANCHORAGE FUELING AND SERVICE COMPANY OFF-AIRPORT FUEL FACILITY,D,61.23429400,-149.88501600,L_0706,Speedway Express #5304,L,61.57746700,-148.59006100,619.04761900,79.03630627,79.03630627,48927.23721029,"LINESTRING (-149.88501600 61.23429400, -149.24109049 61.40742239, -148.59006100 61.57746700)"
DL_ANLTK02002_L_0709,D-L,ANLTK02002,ANCHORAGE FUELING AND SERVICE COMPANY OFF-AIRPORT FUEL FACILITY,D,61.23429400,-149.88501600,L_0709,Speedway Express #5307,L,61.58107800,-148.55872500,357.14285710,80.69345568,80.69345568,28819.09131257,"LINESTRING (-149.88501600 61.23429400, -149.22554700 61.40930329, -148.55872500 61.58107800)"
DL_ANLTK02002_L_0716,D-L,ANLTK02002,ANCHORAGE FUELING AND SERVICE COMPANY OFF-AIRPORT FUEL FACILITY,D,61.23429400,-149.88501600,L_0716,Speedway Express #5314,L,61.58436700,-148.64141700,357.14285710,77.02739144,77.02739144,27509.78265214,"LINESTRING (-149.88501600 61.23429400, -149.26669669 61.41075266, -148.64141700 61.58436700)"
DL_ANLTK02002_L_0718,D-L,ANLTK02002,ANCHORAGE FUELING AND SERVICE COMPANY OFF-AIRPORT FUEL FACILITY,D,61.23429400,-149.88501600,L_0718,Speedway Express #5316,L,61.59380000,-148.87965600,547.61904760,66.98653339,66.98653339,36683.10161591,"LINESTRING (-149.88501600 61.23429400, -149.38522583 61.41497727, -148.87965600 61.59380000)"
DL_ANLTK02002_L_0724,D-L,ANLTK02002,ANCHORAGE FUELING AND SERVICE COMPANY OFF-AIRPORT FUEL FACILITY,D,61.23429400,-149.88501600,L_0724,Speedway Express #5325,L,61.58202500,-148.36920800,619.04761900,89.75454915,89.75454915,55562.33994424,"LINESTRING (-149.88501600 61.23429400, -149.13132546 61.41027132, -148.36920800 61.58202500)"
DL_ANLTK02002_L_0732,D-L,ANLTK02002,ANCHORAGE FUELING AND SERVICE COMPANY OFF-AIRPORT FUEL FACILITY,D,61.23429400,-149.88501600,L_0732,"Spernak Airways, Inc.",L,61.21483100,-148.15057200,31.32148070,93.20564953,93.20564953,2919.33895281,"LINESTRING (-149.88501600 61.23429400, -149.01752620 61.22733604, -148.15057200 61.21483100)"
DL_ANLTK02002_L_0778,D-L,ANLTK02002,ANCHORAGE FUELING AND SERVICE COMPANY OFF-AIRPORT FUEL FACILITY,D,61.23429400,-149.88501600,L_0778,The Green Store,L,61.53997500,-149.03534250,190.47619050,56.76799445,56.76799445,10812.95132463,"LINESTRING (-149.88501600 61.23429400, -149.46225356 61.38779939, -149.03534250 61.53997500)"
DL_ANLTK02002_L_0779,D-L,ANLTK02002,ANCHORAGE FUELING AND SERVICE COMPANY OFF-AIRPORT FUEL FACILITY,D,61.23429400,-149.88501600,L_0779,The Green Store,L,61.54129100,-149.03503100,190.47619050,56.86864589,56.86864589,10832.12302802,"LINESTRING (-149.88501600 61.23429400, -149.46210756 61.38845788, -149.03503100 61.54129100)"
DL_ANLTK02002_L_0780,D-L,ANLTK02002,ANCHORAGE FUELING AND SERVICE COMPANY OFF-AIRPORT FUEL FACILITY,D,61.23429400,-149.88501600,L_0780,Three Bears #27 Big Lake,L,61.54471700,-148.18388600,714.28571430,97.26972136,97.26972136,69478.37239827,"LINESTRING (-149.88501600 61.23429400, -149.03866905 61.39216538, -148.18388600 61.54471700)"
DL_ANLTK02002_L_0782,D-L,ANLTK02002,ANCHORAGE FUELING AND SERVICE COMPANY OFF-AIRPORT FUEL FACILITY,D,61.23429400,-149.88501600,L_0782,Three Bears #35,L,61.60697000,-149.11755000,476.19047620,58.34040618,58.34040618,27781.14580084,"LINESTRING (-149.88501600 61.23429400, -149.50357044 61.42117520, -149.11755000 61.60697000)"
DL_ANLTK02002_L_0787,D-L,ANLTK02002,ANCHORAGE FUELING AND SERVICE COMPANY OFF-AIRPORT FUEL FACILITY,D,61.23429400,-149.88501600,L_0787,Three Bears #85,L,61.53602500,-148.41766700,619.04761900,85.33237022,85.33237022,52824.80060590,"LINESTRING (-149.88501600 61.23429400, -149.15487730 61.38713908, -148.41766700 61.53602500)"
DL_ANLTK02002_L_0789,D-L,ANLTK02002,ANCHORAGE FUELING AND SERVICE COMPANY OFF-AIRPORT FUEL FACILITY,D,61.23429400,-149.88501600,L_0789,Three Bears Alaska #102,L,61.40379600,-149.46683400,714.28571430,29.30018411,29.30018411,20928.70293686,"LINESTRING (-149.88501600 61.23429400, -149.46683400 61.40379600)"
DL_ANLTK02002_L_0790,D-L,ANLTK02002,ANCHORAGE FUELING AND SERVICE COMPANY OFF-AIRPORT FUEL FACILITY,D,61.23429400,-149.88501600,L_0790,Three Bears Alaska #102,L,61.40389200,-148.53080300,714.28571430,74.95693701,74.95693701,53540.66929262,"LINESTRING (-149.88501600 61.23429400, -149.20973863 61.32078072, -148.53080300 61.40389200)"
DL_ANLTK02002_L_0792,D-L,ANLTK02002,ANCHORAGE FUELING AND SERVICE COMPANY OFF-AIRPORT FUEL FACILITY,D,61.23429400,-149.88501600,L_0792,Three Bears Alaska #82,L,61.58437800,-148.37073900,714.28571430,89.79165583,89.79165583,64136.89701920,"LINESTRING (-149.88501600 61.23429400, -149.13211540 61.41144354, -148.37073900 61.58437800)"
DL_ANLTK02002_L_0793,D-L,ANLTK02002,ANCHORAGE FUELING AND SERVICE COMPANY OFF-AIRPORT FUEL FACILITY,D,61.23429400,-149.88501600,L_0793,"Three Bears Alaska, Inc. #60",L,61.59978300,-148.75641400,595.23809520,72.73440582,72.73440582,43294.28917306,"LINESTRING (-149.88501600 61.23429400, -149.32401350 61.41821020, -148.75641400 61.59978300)"
DL_ANLTK02002_L_0812,D-L,ANLTK02002,ANCHORAGE FUELING AND SERVICE COMPANY OFF-AIRPORT FUEL FACILITY,D,61.23429400,-149.88501600,L_0812,Turner's Corner,L,61.68557800,-148.75921700,476.19047620,78.31039628,78.31039628,37290.66489723,"LINESTRING (-149.88501600 61.23429400, -149.32618645 61.46110204, -148.75921700 61.68557800)"
DL_ANLTK02002_L_0837,D-L,ANLTK02002,ANCHORAGE FUELING AND SERVICE COMPANY OFF-AIRPORT FUEL FACILITY,D,61.23429400,-149.88501600,L_0837,Unnamed last-mile facility,L,61.32981050,-149.56709610,523.80952382,20.09876889,20.09876889,10527.92656223,"LINESTRING (-149.88501600 61.23429400, -149.56709610 61.32981050)"
DL_ANLTK02002_L_0838,D-L,ANLTK02002,ANCHORAGE FUELING AND SERVICE COMPANY OFF-AIRPORT FUEL FACILITY,D,61.23429400,-149.88501600,L_0838,Unnamed last-mile facility,L,61.54856660,-149.03429630,149.42004308,57.38693518,57.38693518,8574.75832725,"LINESTRING (-149.88501600 61.23429400, -149.46179177 61.39209686, -149.03429630 61.54856660)"
DL_ANLTK02002_L_0842,D-L,ANLTK02002,ANCHORAGE FUELING AND SERVICE COMPANY OFF-AIRPORT FUEL FACILITY,D,61.23429400,-149.88501600,L_0842,Unnamed last-mile facility,L,61.70856020,-148.93514300,98.97600790,73.18861027,73.18861027,7243.91646894,"LINESTRING (-149.88501600 61.23429400, -149.41369002 61.47225844, -148.93514300 61.70856020)"
DL_ANLTK02002_L_0904,D-L,ANLTK02002,ANCHORAGE FUELING AND SERVICE COMPANY OFF-AIRPORT FUEL FACILITY,D,61.23429400,-149.88501600,L_0904,Valley Country Store #1,L,61.61255300,-148.67074200,428.57142860,77.32236913,77.32236913,33138.15820049,"LINESTRING (-149.88501600 61.23429400, -149.28155288 61.42477943, -148.67074200 61.61255300)"
DL_ANLTK02002_L_0915,D-L,ANLTK02002,ANCHORAGE FUELING AND SERVICE COMPANY OFF-AIRPORT FUEL FACILITY,D,61.23429400,-149.88501600,L_0915,Vitus Cantwell | Chevron,L,63.39527660,-148.89262300,92.82238615,246.27189029,246.27189029,22859.54449930,"LINESTRING (-149.88501600 61.23429400, -149.69767799 61.66709784, -149.50502618 62.09961060, -149.30681190 62.53182008, -149.10277106 62.96371335, -148.89262300 63.39527660)"
DL_ANLTK02002_L_0916,D-L,ANLTK02002,ANCHORAGE FUELING AND SERVICE COMPANY OFF-AIRPORT FUEL FACILITY,D,61.23429400,-149.88501600,L_0916,Vitus Energy Birchwood,L,61.39427500,-148.53576100,238.09523810,74.44685829,74.44685829,17725.44245001,"LINESTRING (-149.88501600 61.23429400, -149.21210725 61.31596001, -148.53576100 61.39427500)"
DL_ANLTK02002_L_0919,D-L,ANLTK02002,ANCHORAGE FUELING AND SERVICE COMPANY OFF-AIRPORT FUEL FACILITY,D,61.23429400,-149.88501600,L_0919,Wasilla Chevron,L,61.58200800,-148.53342500,571.42857140,81.93024059,81.93024059,46817.28033290,"LINESTRING (-149.88501600 61.23429400, -149.21297726 61.40983049, -148.53342500 61.58200800)"
DL_ANLTK02003_L_0013,D-L,ANLTK02003,ANCHORAGE FUELING AND SERVICE COMPANY AIRPORT FUEL FACILITY,D,61.17494900,-150.01127000,L_0013,2Go Mart-Tesoro Northstore #15,L,61.10941500,-149.85965250,571.42857140,10.95564469,10.95564469,6260.36839361,"LINESTRING (-150.01127000 61.17494900, -149.85965250 61.10941500)"
DL_ANLTK02003_L_0014,D-L,ANLTK02003,ANCHORAGE FUELING AND SERVICE COMPANY AIRPORT FUEL FACILITY,D,61.17494900,-150.01127000,L_0014,2Go Mart-Tesoro Northstore #2,L,61.17903900,-149.94002250,285.71428570,3.86055051,3.86055051,1103.01443186,"LINESTRING (-150.01127000 61.17494900, -149.94002250 61.17903900)"
DL_ANLTK02003_L_0023,D-L,ANLTK02003,ANCHORAGE FUELING AND SERVICE COMPANY AIRPORT FUEL FACILITY,D,61.17494900,-150.01127000,L_0023,2Go Mart-Tesoro Northstore #61,L,61.15480200,-149.89160250,428.57142860,6.82133995,6.82133995,2923.43140601,"LINESTRING (-150.01127000 61.17494900, -149.89160250 61.15480200)"
DL_ANLTK02003_L_0024,D-L,ANLTK02003,ANCHORAGE FUELING AND SERVICE COMPANY AIRPORT FUEL FACILITY,D,61.17494900,-150.01127000,L_0024,2Go Mart-Tesoro Northstore #71,L,61.13806680,-149.84765470,619.04761900,9.72075852,9.72075852,6017.61241561,"LINESTRING (-150.01127000 61.17494900, -149.84765470 61.13806680)"
DL_ANLTK02003_L_0049,D-L,ANLTK02003,ANCHORAGE FUELING AND SERVICE COMPANY AIRPORT FUEL FACILITY,D,61.17494900,-150.01127000,L_0049,ADOC - Spring Creek Correctional Center,L,60.09389200,-148.66830300,714.28571430,141.10074587,141.10074587,100786.24705118,"LINESTRING (-150.01127000 61.17494900, -149.55356747 60.81612220, -149.10602127 60.45575153, -148.66830300 60.09389200)"
DL_ANLTK02003_L_0050,D-L,ANLTK02003,ANCHORAGE FUELING AND SERVICE COMPANY AIRPORT FUEL FACILITY,D,61.17494900,-150.01127000,L_0050,ADOC - Spring Creek Correctional Center,L,60.18718480,-149.38081010,714.28571430,115.32588049,115.32588049,82375.62892257,"LINESTRING (-150.01127000 61.17494900, -149.79679911 60.84604197, -149.58669286 60.51678357, -149.38081010 60.18718480)"
DL_ANLTK02003_L_0077,D-L,ANLTK02003,ANCHORAGE FUELING AND SERVICE COMPANY AIRPORT FUEL FACILITY,D,61.17494900,-150.01127000,L_0077,"Anchorage Executive Airpark Association, Inc.",L,61.16292200,-149.98728300,476.19047620,1.86084305,1.86084305,886.11573779,"LINESTRING (-150.01127000 61.17494900, -149.98728300 61.16292200)"
DL_ANLTK02003_L_0078,D-L,ANLTK02003,ANCHORAGE FUELING AND SERVICE COMPANY AIRPORT FUEL FACILITY,D,61.17494900,-150.01127000,L_0078,"Anchorage Executive Airpark Association, Inc.",L,61.16324400,-149.98716000,476.19047620,1.83982829,1.83982829,876.10871169,"LINESTRING (-150.01127000 61.17494900, -149.98716000 61.16324400)"
DL_ANLTK02003_L_0079,D-L,ANLTK02003,ANCHORAGE FUELING AND SERVICE COMPANY AIRPORT FUEL FACILITY,D,61.17494900,-150.01127000,L_0079,Anchorage Rental Car Center,L,61.17452170,-149.97471580,285.71428570,1.96755788,1.96755788,562.15939429,"LINESTRING (-150.01127000 61.17494900, -149.97471580 61.17452170)"
DL_ANLTK02003_L_0118,D-L,ANLTK02003,ANCHORAGE FUELING AND SERVICE COMPANY AIRPORT FUEL FACILITY,D,61.17494900,-150.01127000,L_0118,AVTEC  Alaska Vocational Technical Center,L,60.12591900,-149.43386000,23.80952381,121.07734886,121.07734886,2882.79402063,"LINESTRING (-150.01127000 61.17494900, -149.81460411 60.82556897, -149.62218298 60.47588905, -149.43386000 60.12591900)"
DL_ANLTK02003_L_0131,D-L,ANLTK02003,ANCHORAGE FUELING AND SERVICE COMPANY AIRPORT FUEL FACILITY,D,61.17494900,-150.01127000,L_0131,Big John's Chevron,L,60.55526700,-150.74851900,476.19047620,79.82726726,79.82726726,38012.98440948,"LINESTRING (-150.01127000 61.17494900, -150.38346524 60.86562024, -150.74851900 60.55526700)"
DL_ANLTK02003_L_0133,D-L,ANLTK02003,ANCHORAGE FUELING AND SERVICE COMPANY AIRPORT FUEL FACILITY,D,61.17494900,-150.01127000,L_0133,Big John's K-Beach Short Stop,L,60.48745000,-150.84398300,428.57142860,88.99289079,88.99289079,38139.81034261,"LINESTRING (-150.01127000 61.17494900, -150.43209477 60.83185313, -150.84398300 60.48745000)"
DL_ANLTK02003_L_0137,D-L,ANLTK02003,ANCHORAGE FUELING AND SERVICE COMPANY AIRPORT FUEL FACILITY,D,61.17494900,-150.01127000,L_0137,Big Mike's Service Center,L,61.15519800,-149.95163250,285.71428570,3.89210800,3.89210800,1112.03085592,"LINESTRING (-150.01127000 61.17494900, -149.95163250 61.15519800)"
DL_ANLTK02003_L_0175,D-L,ANLTK02003,ANCHORAGE FUELING AND SERVICE COMPANY AIRPORT FUEL FACILITY,D,61.17494900,-150.01127000,L_0175,Carrs - Safeway #1813,L,61.11025200,-149.85714150,476.19047620,10.99538052,10.99538052,5235.89548499,"LINESTRING (-150.01127000 61.17494900, -149.85714150 61.11025200)"
DL_ANLTK02003_L_0177,D-L,ANLTK02003,ANCHORAGE FUELING AND SERVICE COMPANY AIRPORT FUEL FACILITY,D,61.17494900,-150.01127000,L_0177,Carrs - Safeway Fuel #2628,L,61.14245400,-149.84695350,476.19047620,9.55873870,9.55873870,4551.78033358,"LINESTRING (-150.01127000 61.17494900, -149.84695350 61.14245400)"
DL_ANLTK02003_L_0180,D-L,ANLTK02003,ANCHORAGE FUELING AND SERVICE COMPANY AIRPORT FUEL FACILITY,D,61.17494900,-150.01127000,L_0180,Central Peninsula General Hospital,L,60.49311100,-150.92085600,238.09523810,90.66028125,90.66028125,21585.78124963,"LINESTRING (-150.01127000 61.17494900, -150.47090415 60.83480797, -150.92085600 60.49311100)"
DL_ANLTK02003_L_0183,D-L,ANLTK02003,ANCHORAGE FUELING AND SERVICE COMPANY AIRPORT FUEL FACILITY,D,61.17494900,-150.01127000,L_0183,Chevron,L,61.13852550,-149.83506490,680.95238094,10.31874041,10.31874041,7026.57084955,"LINESTRING (-150.01127000 61.17494900, -149.83506490 61.13852550)"
DL_ANLTK02003_L_0188,D-L,ANLTK02003,ANCHORAGE FUELING AND SERVICE COMPANY AIRPORT FUEL FACILITY,D,61.17494900,-150.01127000,L_0188,Chugach Electric Association,L,61.16890600,-149.90861100,273.80952380,5.56545947,5.56545947,1523.87580780,"LINESTRING (-150.01127000 61.17494900, -149.90861100 61.16890600)"
DL_ANLTK02003_L_0189,D-L,ANLTK02003,ANCHORAGE FUELING AND SERVICE COMPANY AIRPORT FUEL FACILITY,D,61.17494900,-150.01127000,L_0189,"Chugach Electric Association, Inc.",L,61.16904900,-149.91267150,476.19047620,5.34662058,5.34662058,2546.00979801,"LINESTRING (-150.01127000 61.17494900, -149.91267150 61.16904900)"
DL_ANLTK02003_L_0194,D-L,ANLTK02003,ANCHORAGE FUELING AND SERVICE COMPANY AIRPORT FUEL FACILITY,D,61.17494900,-150.01127000,L_0194,CIMG-Dimond Chevron,L,61.13703600,-149.92108200,714.28571430,6.43645050,6.43645050,4597.46464002,"LINESTRING (-150.01127000 61.17494900, -149.92108200 61.13703600)"
DL_ANLTK02003_L_0195,D-L,ANLTK02003,ANCHORAGE FUELING AND SERVICE COMPANY AIRPORT FUEL FACILITY,D,61.17494900,-150.01127000,L_0195,CIMG-Dimond Chevron,L,61.13726100,-149.92100300,714.28571430,6.42322648,6.42322648,4588.01891666,"LINESTRING (-150.01127000 61.17494900, -149.92100300 61.13726100)"
DL_ANLTK02003_L_0204,D-L,ANLTK02003,ANCHORAGE FUELING AND SERVICE COMPANY AIRPORT FUEL FACILITY,D,61.17494900,-150.01127000,L_0204,CIMG-Hillside Chevron/McChevron,L,61.13823300,-149.83511400,761.90476190,10.32921701,10.32921701,7869.87962321,"LINESTRING (-150.01127000 61.17494900, -149.83511400 61.13823300)"
DL_ANLTK02003_L_0213,D-L,ANLTK02003,ANCHORAGE FUELING AND SERVICE COMPANY AIRPORT FUEL FACILITY,D,61.17494900,-150.01127000,L_0213,CIMG-Southside Chevron,L,61.12062000,-149.86260000,357.14285710,10.03785925,10.03785925,3584.94973221,"LINESTRING (-150.01127000 61.17494900, -149.86260000 61.12062000)"
DL_ANLTK02003_L_0225,D-L,ANLTK02003,ANCHORAGE FUELING AND SERVICE COMPANY AIRPORT FUEL FACILITY,D,61.17494900,-150.01127000,L_0225,Coast Tesoro,L,60.03925800,-150.32427200,285.71428570,127.69729461,127.69729461,36484.94131452,"LINESTRING (-150.01127000 61.17494900, -150.11806348 60.79648877, -150.22236601 60.41792411, -150.32427200 60.03925800)"
DL_ANLTK02003_L_0228,D-L,ANLTK02003,ANCHORAGE FUELING AND SERVICE COMPANY AIRPORT FUEL FACILITY,D,61.17494900,-150.01127000,L_0228,Cook's Corner - Sterling Tesoro,L,60.53534700,-149.25572800,428.57142860,82.25256270,82.25256270,35251.09830384,"LINESTRING (-150.01127000 61.17494900, -149.62972358 60.85568619, -149.25572800 60.53534700)"
DL_ANLTK02003_L_0229,D-L,ANLTK02003,ANCHORAGE FUELING AND SERVICE COMPANY AIRPORT FUEL FACILITY,D,61.17494900,-150.01127000,L_0229,Cook's Corner - Sterling Tesoro,L,60.53544180,-150.74448180,333.33333330,81.64418464,81.64418464,27214.72821146,"LINESTRING (-150.01127000 61.17494900, -150.38153920 60.85570269, -150.74448180 60.53544180)"
DL_ANLTK02003_L_0234,D-L,ANLTK02003,ANCHORAGE FUELING AND SERVICE COMPANY AIRPORT FUEL FACILITY,D,61.17494900,-150.01127000,L_0234,Costco #10,L,61.14332700,-149.88423150,833.33333330,7.69367741,7.69367741,6411.39784503,"LINESTRING (-150.01127000 61.17494900, -149.88423150 61.14332700)"
DL_ANLTK02003_L_0246,D-L,ANLTK02003,ANCHORAGE FUELING AND SERVICE COMPANY AIRPORT FUEL FACILITY,D,61.17494900,-150.01127000,L_0246,Crowley Fuels - Kenai Airport,L,60.56713600,-150.75562500,571.42857140,78.87960030,78.87960030,45074.05731233,"LINESTRING (-150.01127000 61.17494900, -150.38698447 60.87156418, -150.75562500 60.56713600)"
DL_ANLTK02003_L_0267,D-L,ANLTK02003,ANCHORAGE FUELING AND SERVICE COMPANY AIRPORT FUEL FACILITY,D,61.17494900,-150.01127000,L_0267,Dimond Shell,L,61.14507300,-149.86474200,476.19047620,8.56207574,8.56207574,4077.17892155,"LINESTRING (-150.01127000 61.17494900, -149.86474200 61.14507300)"
DL_ANLTK02003_L_0269,D-L,ANLTK02003,ANCHORAGE FUELING AND SERVICE COMPANY AIRPORT FUEL FACILITY,D,61.17494900,-150.01127000,L_0269,Dollar Thrifty Alaska Service Bldg,L,61.17463600,-149.97111100,238.09523810,2.16123349,2.16123349,514.57940355,"LINESTRING (-150.01127000 61.17494900, -149.97111100 61.17463600)"
DL_ANLTK02003_L_0282,D-L,ANLTK02003,ANCHORAGE FUELING AND SERVICE COMPANY AIRPORT FUEL FACILITY,D,61.17494900,-150.01127000,L_0282,Essential 1,L,61.17290800,-149.89763900,320.63351098,6.11886830,6.11886830,1961.91422743,"LINESTRING (-150.01127000 61.17494900, -149.89763900 61.17290800)"
DL_ANLTK02003_L_0284,D-L,ANLTK02003,ANCHORAGE FUELING AND SERVICE COMPANY AIRPORT FUEL FACILITY,D,61.17494900,-150.01127000,L_0284,Essential 1 Nikiski,L,60.73031700,-150.69758600,714.28571430,61.94904514,61.94904514,44249.31795542,"LINESTRING (-150.01127000 61.17494900, -150.35682166 60.95307356, -150.69758600 60.73031700)"
DL_ANLTK02003_L_0287,D-L,ANLTK02003,ANCHORAGE FUELING AND SERVICE COMPANY AIRPORT FUEL FACILITY,D,61.17494900,-150.01127000,L_0287,Essential One - Bird Creek,L,60.98252280,-149.58529930,285.71428570,31.43803122,31.43803122,8982.29463477,"LINESTRING (-150.01127000 61.17494900, -149.58529930 60.98252280)"
DL_ANLTK02003_L_0288,D-L,ANLTK02003,ANCHORAGE FUELING AND SERVICE COMPANY AIRPORT FUEL FACILITY,D,61.17494900,-150.01127000,L_0288,Essential One - Seward | Essential One,L,60.12481660,-149.43780700,357.14285710,121.13999053,121.13999053,43264.28232614,"LINESTRING (-150.01127000 61.17494900, -149.81594414 60.82519776, -149.62483846 60.47515041, -149.43780700 60.12481660)"
DL_ANLTK02003_L_0299,D-L,ANLTK02003,ANCHORAGE FUELING AND SERVICE COMPANY AIRPORT FUEL FACILITY,D,61.17494900,-150.01127000,L_0299,FAA Anchorage,L,61.17646360,-149.96778730,11.90476190,2.34581165,2.34581165,27.92632919,"LINESTRING (-150.01127000 61.17494900, -149.96778730 61.17646360)"
DL_ANLTK02003_L_0302,D-L,ANLTK02003,ANCHORAGE FUELING AND SERVICE COMPANY AIRPORT FUEL FACILITY,D,61.17494900,-150.01127000,L_0302,FAA Bethel SFO ATCT,L,61.79099340,-156.59208180,47.61904762,357.14446973,357.14446973,17006.87951147,"LINESTRING (-150.01127000 61.17494900, -150.81885438 61.26917797, -151.63116642 61.35857171, -152.44799826 61.44308481, -153.26913330 61.52267379, -154.09434640 61.59729724, -154.92340423 61.66691593, -155.75606559 61.73149286, -156.59208180 61.79099340)"
DL_ANLTK02003_L_0312,D-L,ANLTK02003,ANCHORAGE FUELING AND SERVICE COMPANY AIRPORT FUEL FACILITY,D,61.17494900,-150.01127000,L_0312,FAA McGrath,L,62.95707200,-154.39998300,23.80952381,303.36480626,303.36480626,7222.97157774,"LINESTRING (-150.01127000 61.17494900, -150.60716522 61.43789890, -151.21312606 61.69818806, -151.82932780 61.95574270, -152.45594415 62.21048708, -153.09314672 62.46234353, -153.74110443 62.71123238, -154.39998300 62.95707200)"
DL_ANLTK02003_L_0333,D-L,ANLTK02003,ANCHORAGE FUELING AND SERVICE COMPANY AIRPORT FUEL FACILITY,D,61.17494900,-150.01127000,L_0333,Federal Express EMD,L,61.18965000,-149.99746050,440.47619050,1.79874901,1.79874901,792.30611180,"LINESTRING (-150.01127000 61.17494900, -149.99746050 61.18965000)"
DL_ANLTK02003_L_0404,D-L,ANLTK02003,ANCHORAGE FUELING AND SERVICE COMPANY AIRPORT FUEL FACILITY,D,61.17494900,-150.01127000,L_0404,Fred Meyer,L,60.48934750,-151.05133100,410.74626712,95.05757411,95.05757411,39044.54372833,"LINESTRING (-150.01127000 61.17494900, -150.53686625 60.83316288, -151.05133100 60.48934750)"
DL_ANLTK02003_L_0409,D-L,ANLTK02003,ANCHORAGE FUELING AND SERVICE COMPANY AIRPORT FUEL FACILITY,D,61.17494900,-150.01127000,L_0409,Fred Meyer #17 Fuel Stop,L,60.48947700,-151.04928150,476.19047620,94.97961275,94.97961275,45228.38702362,"LINESTRING (-150.01127000 61.17494900, -150.53582949 60.83322367, -151.04928150 60.48947700)"
DL_ANLTK02003_L_0410,D-L,ANLTK02003,ANCHORAGE FUELING AND SERVICE COMPANY AIRPORT FUEL FACILITY,D,61.17494900,-150.01127000,L_0410,Fred Meyer #17 Fuel Stop,L,60.48948600,-150.94886400,476.19047620,91.83754546,91.83754546,43732.16450800,"LINESTRING (-150.01127000 61.17494900, -150.48508338 60.83304370, -150.94886400 60.48948600)"
DL_ANLTK02003_L_0421,D-L,ANLTK02003,ANCHORAGE FUELING AND SERVICE COMPANY AIRPORT FUEL FACILITY,D,61.17494900,-150.01127000,L_0421,Fred Meyer #656 Fuel Stop,L,61.13719800,-149.83724250,952.38095240,10.27092599,10.27092599,9781.83427825,"LINESTRING (-150.01127000 61.17494900, -149.83724250 61.13719800)"
DL_ANLTK02003_L_0425,D-L,ANLTK02003,ANCHORAGE FUELING AND SERVICE COMPANY AIRPORT FUEL FACILITY,D,61.17494900,-150.01127000,L_0425,Fred Meyer #71 Fuel Stop,L,61.15318000,-149.89162000,904.76190480,6.88221473,6.88221473,6226.76570959,"LINESTRING (-150.01127000 61.17494900, -149.89162000 61.15318000)"
DL_ANLTK02003_L_0431,D-L,ANLTK02003,ANCHORAGE FUELING AND SERVICE COMPANY AIRPORT FUEL FACILITY,D,61.17494900,-150.01127000,L_0431,Gateway Liquor & Food Mart,L,60.11896700,-148.55910600,380.95238100,141.96201952,141.96201952,54080.76934942,"LINESTRING (-150.01127000 61.17494900, -149.51660099 60.82473381, -149.03265616 60.47271885, -148.55910600 60.11896700)"
DL_ANLTK02003_L_0432,D-L,ANLTK02003,ANCHORAGE FUELING AND SERVICE COMPANY AIRPORT FUEL FACILITY,D,61.17494900,-150.01127000,L_0432,Gateway Liquor & Food Mart | Chevron;Gateway Liquor & Food Mart,L,60.11878000,-149.44099010,140.14991607,121.74575999,121.74575999,17062.65804373,"LINESTRING (-150.01127000 61.17494900, -149.81700484 60.82318276, -149.62696050 60.47112323, -149.44099010 60.11878000)"
DL_ANLTK02003_L_0445,D-L,ANLTK02003,ANCHORAGE FUELING AND SERVICE COMPANY AIRPORT FUEL FACILITY,D,61.17494900,-150.01127000,L_0445,"Great Circle Flight Services, LLC",L,61.16512500,-149.98669200,547.61904760,1.71698069,1.71698069,940.25132912,"LINESTRING (-150.01127000 61.17494900, -149.98669200 61.16512500)"
DL_ANLTK02003_L_0446,D-L,ANLTK02003,ANCHORAGE FUELING AND SERVICE COMPANY AIRPORT FUEL FACILITY,D,61.17494900,-150.01127000,L_0446,"Great Circle Flight Services, LLC",L,61.16549200,-149.98614700,547.61904760,1.71423190,1.71423190,938.74604281,"LINESTRING (-150.01127000 61.17494900, -149.98614700 61.16549200)"
DL_ANLTK02003_L_0447,D-L,ANLTK02003,ANCHORAGE FUELING AND SERVICE COMPANY AIRPORT FUEL FACILITY,D,61.17494900,-150.01127000,L_0447,Grizzly Ridge,L,60.49008810,-149.82611660,146.34856744,76.97310174,76.97310174,11264.90317111,"LINESTRING (-150.01127000 61.17494900, -149.91770356 60.83255922, -149.82611660 60.49008810)"
DL_ANLTK02003_L_0449,D-L,ANLTK02003,ANCHORAGE FUELING AND SERVICE COMPANY AIRPORT FUEL FACILITY,D,61.17494900,-150.01127000,L_0449,Grizzly Ridge,L,60.49042200,-149.82631200,119.04761900,76.93482122,76.93482122,9158.90728497,"LINESTRING (-150.01127000 61.17494900, -149.91780278 60.83272609, -149.82631200 60.49042200)"
DL_ANLTK02003_L_0458,D-L,ANLTK02003,ANCHORAGE FUELING AND SERVICE COMPANY AIRPORT FUEL FACILITY,D,61.17494900,-150.01127000,L_0458,Hertz Rent-A-Car #1270-11,L,61.17670410,-149.96855500,238.09523810,2.30672070,2.30672070,549.21921362,"LINESTRING (-150.01127000 61.17494900, -149.96855500 61.17670410)"
DL_ANLTK02003_L_0466,D-L,ANLTK02003,ANCHORAGE FUELING AND SERVICE COMPANY AIRPORT FUEL FACILITY,D,61.17494900,-150.01127000,L_0466,Holiday,L,61.14504040,-149.85379400,452.38095236,9.10930043,9.10930043,4120.87400176,"LINESTRING (-150.01127000 61.17494900, -149.85379400 61.14504040)"
DL_ANLTK02003_L_0470,D-L,ANLTK02003,ANCHORAGE FUELING AND SERVICE COMPANY AIRPORT FUEL FACILITY,D,61.17494900,-150.01127000,L_0470,Holiday #602,L,61.12444500,-149.86753200,595.23809520,9.57023720,9.57023720,5696.56975893,"LINESTRING (-150.01127000 61.17494900, -149.86753200 61.12444500)"
DL_ANLTK02003_L_0473,D-L,ANLTK02003,ANCHORAGE FUELING AND SERVICE COMPANY AIRPORT FUEL FACILITY,D,61.17494900,-150.01127000,L_0473,Holiday #606,L,61.14417710,-149.84941500,595.23809520,9.36400666,9.36400666,5573.81348597,"LINESTRING (-150.01127000 61.17494900, -149.84941500 61.14417710)"
DL_ANLTK02003_L_0479,D-L,ANLTK02003,ANCHORAGE FUELING AND SERVICE COMPANY AIRPORT FUEL FACILITY,D,61.17494900,-150.01127000,L_0479,Holiday #611,L,61.10829900,-149.85359100,476.19047620,11.28273476,11.28273476,5372.73083819,"LINESTRING (-150.01127000 61.17494900, -149.85359100 61.10829900)"
DL_ANLTK02003_L_0487,D-L,ANLTK02003,ANCHORAGE FUELING AND SERVICE COMPANY AIRPORT FUEL FACILITY,D,61.17494900,-150.01127000,L_0487,Holiday #624,L,61.14057300,-149.95127250,238.09523810,5.01074001,5.01074001,1193.03333490,"LINESTRING (-150.01127000 61.17494900, -149.95127250 61.14057300)"
DL_ANLTK02003_L_0495,D-L,ANLTK02003,ANCHORAGE FUELING AND SERVICE COMPANY AIRPORT FUEL FACILITY,D,61.17494900,-150.01127000,L_0495,Holiday #629,L,61.13812500,-149.91749100,595.23809520,6.50626908,6.50626908,3872.77921629,"LINESTRING (-150.01127000 61.17494900, -149.91749100 61.13812500)"
DL_ANLTK02003_L_0502,D-L,ANLTK02003,ANCHORAGE FUELING AND SERVICE COMPANY AIRPORT FUEL FACILITY,D,61.17494900,-150.01127000,L_0502,Holiday #635,L,60.48795000,-150.94621400,595.23809520,91.90076762,91.90076762,54702.83786727,"LINESTRING (-150.01127000 61.17494900, -150.48375526 60.83227114, -150.94621400 60.48795000)"
DL_ANLTK02003_L_0503,D-L,ANLTK02003,ANCHORAGE FUELING AND SERVICE COMPANY AIRPORT FUEL FACILITY,D,61.17494900,-150.01127000,L_0503,Holiday #635,L,60.48814500,-151.05382200,104.78355736,95.24650403,95.24650403,9980.26751856,"LINESTRING (-150.01127000 61.17494900, -150.53813473 60.83256650, -151.05382200 60.48814500)"
DL_ANLTK02003_L_0505,D-L,ANLTK02003,ANCHORAGE FUELING AND SERVICE COMPANY AIRPORT FUEL FACILITY,D,61.17494900,-150.01127000,L_0505,Holiday #636,L,60.55750800,-150.75933600,595.23809520,79.90799964,79.90799964,47564.28549509,"LINESTRING (-150.01127000 61.17494900, -150.38891319 60.86675560, -150.75933600 60.55750800)"
DL_ANLTK02003_L_0510,D-L,ANLTK02003,ANCHORAGE FUELING AND SERVICE COMPANY AIRPORT FUEL FACILITY,D,61.17494900,-150.01127000,L_0510,Holiday #639,L,61.15857300,-149.92310250,571.42857140,5.08425124,5.08425124,2905.28642374,"LINESTRING (-150.01127000 61.17494900, -149.92310250 61.15857300)"
DL_ANLTK02003_L_0518,D-L,ANLTK02003,ANCHORAGE FUELING AND SERVICE COMPANY AIRPORT FUEL FACILITY,D,61.17494900,-150.01127000,L_0518,Homer Chevron,L,59.64234200,-150.46251700,357.14285710,172.56200977,172.56200977,61629.28919478,"LINESTRING (-150.01127000 61.17494900, -150.12811299 60.79197558, -150.24219895 60.40888088, -150.35363349 60.02566854, -150.46251700 59.64234200)"
DL_ANLTK02003_L_0520,D-L,ANLTK02003,ANCHORAGE FUELING AND SERVICE COMPANY AIRPORT FUEL FACILITY,D,61.17494900,-150.01127000,L_0520,"Homer Public Works, Sewage Plant",L,59.64164700,-150.46599700,202.38095240,172.66638079,172.66638079,34944.38659141,"LINESTRING (-150.01127000 61.17494900, -150.12901588 60.79180410, -150.24398221 60.40853638, -150.35627551 60.02514951, -150.46599700 59.64164700)"
DL_ANLTK02003_L_0530,D-L,ANLTK02003,ANCHORAGE FUELING AND SERVICE COMPANY AIRPORT FUEL FACILITY,D,61.17494900,-150.01127000,L_0530,Kenai Pressure Plant,L,60.71333900,-150.64726900,159.52380950,61.91921100,61.91921100,9877.58841952,"LINESTRING (-150.01127000 61.17494900, -150.33157156 60.94452320, -150.64726900 60.71333900)"
DL_ANLTK02003_L_0546,D-L,ANLTK02003,ANCHORAGE FUELING AND SERVICE COMPANY AIRPORT FUEL FACILITY,D,61.17494900,-150.01127000,L_0546,Lake Aire Complex,L,61.17991900,-149.97777800,47.61904762,1.88523213,1.88523213,89.77295872,"LINESTRING (-150.01127000 61.17494900, -149.97777800 61.17991900)"
DL_ANLTK02003_L_0552,D-L,ANLTK02003,ANCHORAGE FUELING AND SERVICE COMPANY AIRPORT FUEL FACILITY,D,61.17494900,-150.01127000,L_0552,MARC Flight Center,L,60.47831700,-151.03663200,285.71428570,95.58496432,95.58496432,27309.98980330,"LINESTRING (-150.01127000 61.17494900, -150.52952510 60.82761980, -151.03663200 60.47831700)"
DL_ANLTK02003_L_0573,D-L,ANLTK02003,ANCHORAGE FUELING AND SERVICE COMPANY AIRPORT FUEL FACILITY,D,61.17494900,-150.01127000,L_0573,MOA - Fire Station # 5,L,61.18605900,-149.92428150,59.52380952,4.84097454,4.84097454,288.15324644,"LINESTRING (-150.01127000 61.17494900, -149.92428150 61.18605900)"
DL_ANLTK02003_L_0575,D-L,ANLTK02003,ANCHORAGE FUELING AND SERVICE COMPANY AIRPORT FUEL FACILITY,D,61.17494900,-150.01127000,L_0575,MOA - Fire Station #9,L,61.09463280,-149.83386360,59.52380952,13.09423494,13.09423494,779.41874612,"LINESTRING (-150.01127000 61.17494900, -149.83386360 61.09463280)"
DL_ANLTK02003_L_0582,D-L,ANLTK02003,ANCHORAGE FUELING AND SERVICE COMPANY AIRPORT FUEL FACILITY,D,61.17494900,-150.01127000,L_0582,MOA - Spenard Recreation Center,L,61.17671700,-149.92120350,142.85714290,4.85031277,4.85031277,692.90182516,"LINESTRING (-150.01127000 61.17494900, -149.92120350 61.17671700)"
DL_ANLTK02003_L_0603,D-L,ANLTK02003,ANCHORAGE FUELING AND SERVICE COMPANY AIRPORT FUEL FACILITY,D,61.17494900,-150.01127000,L_0603,MT Auto LLC | Reed's Service,L,61.10532650,-149.85893580,476.19047620,11.29284448,11.29284448,5377.54498847,"LINESTRING (-150.01127000 61.17494900, -149.85893580 61.10532650)"
DL_ANLTK02003_L_0636,D-L,ANLTK02003,ANCHORAGE FUELING AND SERVICE COMPANY AIRPORT FUEL FACILITY,D,61.17494900,-150.01127000,L_0636,Pink Elephant Splash & Dash Car Wash,L,61.14636000,-149.86296000,357.14285710,8.59621777,8.59621777,3070.07777380,"LINESTRING (-150.01127000 61.17494900, -149.86296000 61.14636000)"
DL_ANLTK02003_L_0637,D-L,ANLTK02003,ANCHORAGE FUELING AND SERVICE COMPANY AIRPORT FUEL FACILITY,D,61.17494900,-150.01127000,L_0637,Pink Elephant Splash & Dash Car Wash,L,61.14638000,-149.86360800,357.14285710,8.56299597,8.56299597,3058.21284435,"LINESTRING (-150.01127000 61.17494900, -149.86360800 61.14638000)"
DL_ANLTK02003_L_0640,D-L,ANLTK02003,ANCHORAGE FUELING AND SERVICE COMPANY AIRPORT FUEL FACILITY,D,61.17494900,-150.01127000,L_0640,PMS Homer Truck Yard,L,59.64016900,-150.49843100,476.19047620,173.09744359,173.09744359,82427.35409365,"LINESTRING (-150.01127000 61.17494900, -150.13741833 60.79145644, -150.26058607 60.40782612, -150.38088745 60.02406229, -150.49843100 59.64016900)"
DL_ANLTK02003_L_0645,D-L,ANLTK02003,ANCHORAGE FUELING AND SERVICE COMPANY AIRPORT FUEL FACILITY,D,61.17494900,-150.01127000,L_0645,Providence Seward Medical Center,L,60.10525000,-149.44694400,142.85714290,123.12301996,123.12301996,17589.00285611,"LINESTRING (-150.01127000 61.17494900, -149.81898096 60.81866766, -149.63092202 60.46209816, -149.44694400 60.10525000)"
DL_ANLTK02003_L_0646,D-L,ANLTK02003,ANCHORAGE FUELING AND SERVICE COMPANY AIRPORT FUEL FACILITY,D,61.17494900,-150.01127000,L_0646,Providence Seward Medical Center,L,60.10533000,-149.44634100,142.85714290,123.12265947,123.12265947,17588.95135830,"LINESTRING (-150.01127000 61.17494900, -149.81877581 60.81869489, -149.63051590 60.46215205, -149.44634100 60.10533000)"
DL_ANLTK02003_L_0652,D-L,ANLTK02003,ANCHORAGE FUELING AND SERVICE COMPANY AIRPORT FUEL FACILITY,D,61.17494900,-150.01127000,L_0652,Ross Aviation,L,61.16455800,-149.98109400,699.71428570,1.99453515,1.99453515,1395.60473792,"LINESTRING (-150.01127000 61.17494900, -149.98109400 61.16455800)"
DL_ANLTK02003_L_0663,D-L,ANLTK02003,ANCHORAGE FUELING AND SERVICE COMPANY AIRPORT FUEL FACILITY,D,61.17494900,-150.01127000,L_0663,Seward Marketplace,L,60.12363900,-148.56143900,619.04761900,141.45616019,141.45616019,87568.09915994,"LINESTRING (-150.01127000 61.17494900, -149.51744188 60.82628519, -149.03427349 60.47582773, -148.56143900 60.12363900)"
DL_ANLTK02003_L_0664,D-L,ANLTK02003,ANCHORAGE FUELING AND SERVICE COMPANY AIRPORT FUEL FACILITY,D,61.17494900,-150.01127000,L_0664,Seward Marketplace,L,60.12402300,-149.43846150,619.04761900,121.21623707,121.21623707,75038.62294023,"LINESTRING (-150.01127000 61.17494900, -149.81616396 60.82493263, -149.62527647 60.47462076, -149.43846150 60.12402300)"
DL_ANLTK02003_L_0669,D-L,ANLTK02003,ANCHORAGE FUELING AND SERVICE COMPANY AIRPORT FUEL FACILITY,D,61.17494900,-150.01127000,L_0669,Shell,L,60.12379480,-149.43853650,323.69201415,121.23976631,121.23976631,39244.34415122,"LINESTRING (-150.01127000 61.17494900, -149.81618862 60.82485650, -149.62532614 60.47446856, -149.43853650 60.12379480)"
DL_ANLTK02003_L_0674,D-L,ANLTK02003,ANCHORAGE FUELING AND SERVICE COMPANY AIRPORT FUEL FACILITY,D,61.17494900,-150.01127000,L_0674,Shoreside King Street Truck Stop,L,61.13686500,-149.87973150,714.28571430,8.25642622,8.25642622,5897.44729857,"LINESTRING (-150.01127000 61.17494900, -149.87973150 61.13686500)"
DL_ANLTK02003_L_0680,D-L,ANLTK02003,ANCHORAGE FUELING AND SERVICE COMPANY AIRPORT FUEL FACILITY,D,61.17494900,-150.01127000,L_0680,Short Stop Services,L,59.65811100,-150.36178300,1071.42857100,170.10419862,170.10419862,182254.49844899,"LINESTRING (-150.01127000 61.17494900, -150.10199803 60.79585956, -150.19060648 60.41668870, -150.27717593 60.03743852, -150.36178300 59.65811100)"
DL_ANLTK02003_L_0681,D-L,ANLTK02003,ANCHORAGE FUELING AND SERVICE COMPANY AIRPORT FUEL FACILITY,D,61.17494900,-150.01127000,L_0681,Signature Flight Support,L,61.16430600,-149.98755150,714.28571430,1.74240482,1.74240482,1244.57487329,"LINESTRING (-150.01127000 61.17494900, -149.98755150 61.16430600)"
DL_ANLTK02003_L_0714,D-L,ANLTK02003,ANCHORAGE FUELING AND SERVICE COMPANY AIRPORT FUEL FACILITY,D,61.17494900,-150.01127000,L_0714,Speedway Express #5312,L,60.49476100,-150.93150000,285.71428570,90.82326126,90.82326126,25949.50321613,"LINESTRING (-150.01127000 61.17494900, -150.47627112 60.83565103, -150.93150000 60.49476100)"
DL_ANLTK02003_L_0719,D-L,ANLTK02003,ANCHORAGE FUELING AND SERVICE COMPANY AIRPORT FUEL FACILITY,D,61.17494900,-150.01127000,L_0719,Speedway Express #5317,L,60.48354200,-150.93371100,476.19047620,91.93927162,91.93927162,43780.60553267,"LINESTRING (-150.01127000 61.17494900, -150.47746800 60.83004570, -150.93371100 60.48354200)"
DL_ANLTK02003_L_0739,D-L,ANLTK02003,ANCHORAGE FUELING AND SERVICE COMPANY AIRPORT FUEL FACILITY,D,61.17494900,-150.01127000,L_0739,Sunrise Inn,L,60.48502500,-150.11224790,142.85714290,77.07161548,77.07161548,11010.23078593,"LINESTRING (-150.01127000 61.17494900, -150.06230266 60.83000540, -150.11224790 60.48502500)"
DL_ANLTK02003_L_0742,D-L,ANLTK02003,ANCHORAGE FUELING AND SERVICE COMPANY AIRPORT FUEL FACILITY,D,61.17494900,-150.01127000,L_0742,"Swissport USA, Inc.",L,61.17565500,-149.96784150,476.19047620,2.33816970,2.33816970,1113.41414167,"LINESTRING (-150.01127000 61.17494900, -149.96784150 61.17565500)"
DL_ANLTK02003_L_0756,D-L,ANLTK02003,ANCHORAGE FUELING AND SERVICE COMPANY AIRPORT FUEL FACILITY,D,61.17494900,-150.01127000,L_0756,Ted Stevens International  Airport,L,61.18290000,-149.98211100,214.28571430,1.80173298,1.80173298,386.08563876,"LINESTRING (-150.01127000 61.17494900, -149.98211100 61.18290000)"
DL_ANLTK02003_L_0765,D-L,ANLTK02003,ANCHORAGE FUELING AND SERVICE COMPANY AIRPORT FUEL FACILITY,D,61.17494900,-150.01127000,L_0765,Tesoro,L,61.17909210,-149.93953430,121.88105420,3.88733129,3.88733129,473.79203513,"LINESTRING (-150.01127000 61.17494900, -149.93953430 61.17909210)"
DL_ANLTK02003_L_0771,D-L,ANLTK02003,ANCHORAGE FUELING AND SERVICE COMPANY AIRPORT FUEL FACILITY,D,61.17494900,-150.01127000,L_0771,Tessoro,L,61.10892550,-149.85966870,477.10429455,10.99147606,10.99147606,5244.08042975,"LINESTRING (-150.01127000 61.17494900, -149.85966870 61.10892550)"
DL_ANLTK02003_L_0773,D-L,ANLTK02003,ANCHORAGE FUELING AND SERVICE COMPANY AIRPORT FUEL FACILITY,D,61.17494900,-150.01127000,L_0773,The Aero Roost,L,59.64137200,-150.51901700,35.71428571,173.14458726,173.14458726,6183.73525868,"LINESTRING (-150.01127000 61.17494900, -150.14274545 60.79177173, -150.27111690 60.40844675, -150.39650312 60.02497871, -150.51901700 59.64137200)"
DL_ANLTK02003_L_0786,D-L,ANLTK02003,ANCHORAGE FUELING AND SERVICE COMPANY AIRPORT FUEL FACILITY,D,61.17494900,-150.01127000,L_0786,Three Bears #56 Sterling,L,60.53323600,-150.73750000,857.14285710,81.67537612,81.67537612,70007.46524223,"LINESTRING (-150.01127000 61.17494900, -150.37802577 60.85459039, -150.73750000 60.53323600)"
DL_ANLTK02003_L_0798,D-L,ANLTK02003,ANCHORAGE FUELING AND SERVICE COMPANY AIRPORT FUEL FACILITY,D,61.17494900,-150.01127000,L_0798,"Three Mile Creek Services, Inc.",L,61.14916400,-151.07605000,119.04761900,57.39015105,57.39015105,6832.16083658,"LINESTRING (-150.01127000 61.17494900, -150.54387723 61.16310324, -151.07605000 61.14916400)"
DL_ANLTK02003_L_0800,D-L,ANLTK02003,ANCHORAGE FUELING AND SERVICE COMPANY AIRPORT FUEL FACILITY,D,61.17494900,-150.01127000,L_0800,Thurmond's FarWest Auto,L,59.77839200,-150.16749700,285.71428570,155.84172572,155.84172572,44526.20734655,"LINESTRING (-150.01127000 61.17494900, -150.05160067 60.82585465, -150.09106188 60.47673019, -150.12968425 60.12757588, -150.16749700 59.77839200)"
DL_ANLTK02003_L_0805,D-L,ANLTK02003,ANCHORAGE FUELING AND SERVICE COMPANY AIRPORT FUEL FACILITY,D,61.17494900,-150.01127000,L_0805,TJ Seggy's,L,60.40395600,-150.83427500,238.09523810,96.89784233,96.89784233,23070.91484132,"LINESTRING (-150.01127000 61.17494900, -150.42771653 60.79009402, -150.83427500 60.40395600)"
DL_ANLTK02003_L_0831,D-L,ANLTK02003,ANCHORAGE FUELING AND SERVICE COMPANY AIRPORT FUEL FACILITY,D,61.17494900,-150.01127000,L_0831,Unnamed last-mile facility,L,60.48555890,-149.73270860,223.18474395,78.29620556,78.29620556,17474.51858970,"LINESTRING (-150.01127000 61.17494900, -149.87049053 60.83033501, -149.73270860 60.48555890)"
DL_ANLTK02003_L_0832,D-L,ANLTK02003,ANCHORAGE FUELING AND SERVICE COMPANY AIRPORT FUEL FACILITY,D,61.17494900,-150.01127000,L_0832,Unnamed last-mile facility,L,60.50124590,-150.98218590,427.84786774,91.77582556,91.77582556,39266.09127450,"LINESTRING (-150.01127000 61.17494900, -150.50183473 60.83898238, -150.98218590 60.50124590)"
DL_ANLTK02003_L_0834,D-L,ANLTK02003,ANCHORAGE FUELING AND SERVICE COMPANY AIRPORT FUEL FACILITY,D,61.17494900,-150.01127000,L_0834,Unnamed last-mile facility,L,61.12456870,-149.86461530,529.94612567,9.68971595,9.68971595,5135.02742695,"LINESTRING (-150.01127000 61.17494900, -149.86461530 61.12456870)"
DL_ANLTK02003_L_0887,D-L,ANLTK02003,ANCHORAGE FUELING AND SERVICE COMPANY AIRPORT FUEL FACILITY,D,61.17494900,-150.01127000,L_0887,USCG  Support Center,L,57.73873100,-151.49508600,21448.75394195,391.91810951,391.91810951,8406155.09633575,"LINESTRING (-150.01127000 61.17494900, -150.21393849 60.74647996, -150.41127286 60.31768524, -150.60349877 59.88857734, -150.79082964 59.45916805, -150.97346744 59.02946852, -151.15160347 58.59948927, -151.32541901 58.16924029, -151.49508600 57.73873100)"
DL_ANLTK02003_L_0910,D-L,ANLTK02003,ANCHORAGE FUELING AND SERVICE COMPANY AIRPORT FUEL FACILITY,D,61.17494900,-150.01127000,L_0910,Vaughn's Mini Mart,L,60.49358900,-150.84202500,547.61904760,88.34807561,88.34807561,48381.08902149,"LINESTRING (-150.01127000 61.17494900, -150.43106601 60.83491940, -150.84202500 60.49358900)"
DL_ANLTK02003_L_0918,D-L,ANLTK02003,ANCHORAGE FUELING AND SERVICE COMPANY AIRPORT FUEL FACILITY,D,61.17494900,-150.01127000,L_0918,Vitus Longmere,L,60.50458600,-149.05110300,357.14285710,91.13400398,91.13400398,32547.85856131,"LINESTRING (-150.01127000 61.17494900, -149.52616095 60.84063301, -149.05110300 60.50458600)"
DL_ANLTK02004_L_0038,D-L,ANLTK02004,CROWLEY FUELS LLC - ANCHORAGE BULK FUEL FACILITY,D,61.23116800,-149.88821100,L_0038,ACS - Plant Service Complex,L,61.18616700,-148.12516100,23.80952381,94.89746408,94.89746408,2259.46343059,"LINESTRING (-149.88821100 61.23116800, -149.00605701 61.21153433, -148.12516100 61.18616700)"
DL_ANLTK02004_L_0041,D-L,ANLTK02004,CROWLEY FUELS LLC - ANCHORAGE BULK FUEL FACILITY,D,61.23116800,-149.88821100,L_0041,ADFCS - Alaska Psychiatric Institute,L,61.18612200,-148.16984400,357.14285710,92.49964908,92.49964908,33035.58895357,"LINESTRING (-149.88821100 61.23116800, -149.02841384 61.21136836, -148.16984400 61.18612200)"
DL_ANLTK02004_L_0080,D-L,ANLTK02004,CROWLEY FUELS LLC - ANCHORAGE BULK FUEL FACILITY,D,61.23116800,-149.88821100,L_0080,Anchorage Rental Car Center,L,61.17616700,-148.01953300,285.71428570,100.64476487,100.64476487,28755.64710515,"LINESTRING (-149.88821100 61.23116800, -149.26461282 61.21569835, -148.64168292 61.19736285, -148.01953300 61.17616700)"
DL_ANLTK02004_L_0081,D-L,ANLTK02004,CROWLEY FUELS LLC - ANCHORAGE BULK FUEL FACILITY,D,61.23116800,-149.88821100,L_0081,AT&T - Anchorage Multi-Purpose Bldg,L,61.23152700,-149.87470050,357.14285710,0.72679828,0.72679828,259.57081529,"LINESTRING (-149.88821100 61.23116800, -149.87470050 61.23152700)"
DL_ANLTK02004_L_0112,D-L,ANLTK02004,CROWLEY FUELS LLC - ANCHORAGE BULK FUEL FACILITY,D,61.23116800,-149.88821100,L_0112,AT&T Anchorage Toll Center,L,61.23236400,-149.87372400,238.09523810,0.78946800,0.78946800,187.96857156,"LINESTRING (-149.88821100 61.23116800, -149.87372400 61.23236400)"
DL_ANLTK02004_L_0149,D-L,ANLTK02004,CROWLEY FUELS LLC - ANCHORAGE BULK FUEL FACILITY,D,61.23116800,-149.88821100,L_0149,Boniface Chevron,L,61.19504400,-148.22248100,476.19047620,89.61203409,89.61203409,42672.39718646,"LINESTRING (-149.88821100 61.23116800, -149.05486887 61.21566480, -148.22248100 61.19504400)"
DL_ANLTK02004_L_0150,D-L,ANLTK02004,CROWLEY FUELS LLC - ANCHORAGE BULK FUEL FACILITY,D,61.23116800,-149.88821100,L_0150,Boniface Shell,L,61.20940600,-148.22217800,238.09523810,89.55031857,89.55031857,21321.50442188,"LINESTRING (-149.88821100 61.23116800, -149.05490693 61.22284631, -148.22217800 61.20940600)"
DL_ANLTK02004_L_0158,D-L,ANLTK02004,CROWLEY FUELS LLC - ANCHORAGE BULK FUEL FACILITY,D,61.23116800,-149.88821100,L_0158,Cal Worthington Ford,L,61.20294200,-148.13033300,13.09523810,94.51413508,94.51413508,1237.68510264,"LINESTRING (-149.88821100 61.23116800, -149.00887850 61.21990448, -148.13033300 61.20294200)"
DL_ANLTK02004_L_0172,D-L,ANLTK02004,CROWLEY FUELS LLC - ANCHORAGE BULK FUEL FACILITY,D,61.23116800,-149.88821100,L_0172,Carrs - Safeway #1805,L,61.19510800,-148.08282200,476.19047620,97.10990568,97.10990568,46242.81223134,"LINESTRING (-149.88821100 61.23116800, -148.98500028 61.21614386, -148.08282200 61.19510800)"
DL_ANLTK02004_L_0193,D-L,ANLTK02004,CROWLEY FUELS LLC - ANCHORAGE BULK FUEL FACILITY,D,61.23116800,-149.88821100,L_0193,CIMG - Triple A Chevron,L,61.20962800,-148.17617800,358.09523810,92.01994699,92.01994699,32951.90482813,"LINESTRING (-149.88821100 61.23116800, -149.03190200 61.22310058, -148.17617800 61.20962800)"
DL_ANLTK02004_L_0201,D-L,ANLTK02004,CROWLEY FUELS LLC - ANCHORAGE BULK FUEL FACILITY,D,61.23116800,-149.88821100,L_0201,CIMG-Fireweed Chevron,L,61.19762200,-148.13122200,761.90476190,94.49594452,94.49594452,71996.91010937,"LINESTRING (-149.88821100 61.23116800, -149.00924912 61.21724177, -148.13122200 61.19762200)"
DL_ANLTK02004_L_0202,D-L,ANLTK02004,CROWLEY FUELS LLC - ANCHORAGE BULK FUEL FACILITY,D,61.23116800,-149.88821100,L_0202,CIMG-Fountain Chevron,L,61.18738100,-148.08639700,714.28571430,96.96930977,96.96930977,69263.79269081,"LINESTRING (-149.88821100 61.23116800, -148.98667850 61.21226874, -148.08639700 61.18738100)"
DL_ANLTK02004_L_0206,D-L,ANLTK02004,CROWLEY FUELS LLC - ANCHORAGE BULK FUEL FACILITY,D,61.23116800,-149.88821100,L_0206,CIMG-Midtown Chevron,L,61.19546900,-148.08760000,714.28571430,96.85114537,96.85114537,69179.38954875,"LINESTRING (-149.88821100 61.23116800, -148.98739579 61.21630846, -148.08760000 61.19546900)"
DL_ANLTK02004_L_0236,D-L,ANLTK02004,CROWLEY FUELS LLC - ANCHORAGE BULK FUEL FACILITY,D,61.23116800,-149.88821100,L_0236,Costco #63,L,61.21031100,-148.19327200,476.19047620,91.09888326,91.09888326,43380.42060208,"LINESTRING (-149.88821100 61.23116800, -149.04046110 61.22338836, -148.19327200 61.21031100)"
DL_ANLTK02004_L_0243,D-L,ANLTK02004,CROWLEY FUELS LLC - ANCHORAGE BULK FUEL FACILITY,D,61.23116800,-149.88821100,L_0243,Crowley Fuels - Ace Hangars & Fuels,L,61.21487800,-148.15923300,238.09523810,92.90905081,92.90905081,22121.20257312,"LINESTRING (-149.88821100 61.23116800, -149.02349858 61.22577918, -148.15923300 61.21487800)"
DL_ANLTK02004_L_0262,D-L,ANLTK02004,CROWLEY FUELS LLC - ANCHORAGE BULK FUEL FACILITY,D,61.23116800,-149.88821100,L_0262,D&D Airpark,L,61.21165800,-148.14912500,238.09523810,93.46440797,93.46440797,22253.43046929,"LINESTRING (-149.88821100 61.23116800, -149.01839887 61.22420160, -148.14912500 61.21165800)"
DL_ANLTK02004_L_0272,D-L,ANLTK02004,CROWLEY FUELS LLC - ANCHORAGE BULK FUEL FACILITY,D,61.23116800,-149.88821100,L_0272,Downtown A&W Shell,L,61.20790600,-148.13345600,238.09523810,94.32218137,94.32218137,22457.66223052,"LINESTRING (-149.88821100 61.23116800, -149.01050974 61.22237620, -148.13345600 61.20790600)"
DL_ANLTK02004_L_0332,D-L,ANLTK02004,CROWLEY FUELS LLC - ANCHORAGE BULK FUEL FACILITY,D,61.23116800,-149.88821100,L_0332,Federal Express EMD,L,61.18962800,-148.00113600,59.52380952,101.53085552,101.53085552,6043.50330413,"LINESTRING (-149.88821100 61.23116800, -149.25865284 61.22024133, -148.62958928 61.20639326, -148.00113600 61.18962800)"
DL_ANLTK02004_L_0405,D-L,ANLTK02004,CROWLEY FUELS LLC - ANCHORAGE BULK FUEL FACILITY,D,61.23116800,-149.88821100,L_0405,Fred Meyer #11 Fuel Stop,L,61.19414400,-148.13311700,904.76190480,94.41552791,94.41552791,85423.57287822,"LINESTRING (-149.88821100 61.23116800, -149.01014875 61.21549675, -148.13311700 61.19414400)"
DL_ANLTK02004_L_0411,D-L,ANLTK02004,CROWLEY FUELS LLC - ANCHORAGE BULK FUEL FACILITY,D,61.23116800,-149.88821100,L_0411,Fred Meyer #18 Fuel Stop,L,61.21085600,-148.26550300,952.38095240,87.21707756,87.21707756,83063.88339249,"LINESTRING (-149.88821100 61.23116800, -149.07659556 61.22343989, -148.26550300 61.21085600)"
DL_ANLTK02004_L_0461,D-L,ANLTK02004,CROWLEY FUELS LLC - ANCHORAGE BULK FUEL FACILITY,D,61.23116800,-149.88821100,L_0461,Hilcorp North Slope Benson Building,L,61.19223100,-148.13437200,452.38095240,94.36056432,94.36056432,42686.92195719,"LINESTRING (-149.88821100 61.23116800, -149.01075004 61.21453625, -148.13437200 61.19223100)"
DL_ANLTK02004_L_0468,D-L,ANLTK02004,CROWLEY FUELS LLC - ANCHORAGE BULK FUEL FACILITY,D,61.23116800,-149.88821100,L_0468,Holiday #601,L,61.20863900,-148.19221400,357.14285710,91.16306375,91.16306375,32558.23704840,"LINESTRING (-149.88821100 61.23116800, -149.03990944 61.22255572, -148.19221400 61.20863900)"
DL_ANLTK02004_L_0475,D-L,ANLTK02004,CROWLEY FUELS LLC - ANCHORAGE BULK FUEL FACILITY,D,61.23116800,-149.88821100,L_0475,Holiday #607,L,61.19552800,-148.22107800,238.09523810,89.68426456,89.68426456,21353.39632393,"LINESTRING (-149.88821100 61.23116800, -149.05417336 61.21591110, -148.22107800 61.19552800)"
DL_ANLTK02004_L_0480,D-L,ANLTK02004,CROWLEY FUELS LLC - ANCHORAGE BULK FUEL FACILITY,D,61.23116800,-149.88821100,L_0480,Holiday #614,L,61.20363100,-148.26570300,238.09523810,87.24092572,87.24092572,20771.64898143,"LINESTRING (-149.88821100 61.23116800, -149.07660266 61.21982699, -148.26570300 61.20363100)"
DL_ANLTK02004_L_0496,D-L,ANLTK02004,CROWLEY FUELS LLC - ANCHORAGE BULK FUEL FACILITY,D,61.23116800,-149.88821100,L_0496,Holiday #630,L,61.18645000,-148.08613100,476.19047620,96.99028963,96.99028963,46185.85220351,"LINESTRING (-149.88821100 61.23116800, -148.98653212 61.21180415, -148.08613100 61.18645000)"
DL_ANLTK02004_L_0500,D-L,ANLTK02004,CROWLEY FUELS LLC - ANCHORAGE BULK FUEL FACILITY,D,61.23116800,-149.88821100,L_0500,Holiday #632,L,61.18118100,-148.13246400,714.28571430,94.54404830,94.54404830,67531.46307143,"LINESTRING (-149.88821100 61.23116800, -149.00964178 61.20901779, -148.13246400 61.18118100)"
DL_ANLTK02004_L_0506,D-L,ANLTK02004,CROWLEY FUELS LLC - ANCHORAGE BULK FUEL FACILITY,D,61.23116800,-149.88821100,L_0506,Holiday #637,L,61.20999700,-148.22210800,714.28571430,89.55148041,89.55148041,63965.34315067,"LINESTRING (-149.88821100 61.23116800, -149.05487972 61.22314201, -148.22210800 61.20999700)"
DL_ANLTK02004_L_0508,D-L,ANLTK02004,CROWLEY FUELS LLC - ANCHORAGE BULK FUEL FACILITY,D,61.23116800,-149.88821100,L_0508,Holiday #638,L,61.18828100,-148.11281100,714.28571430,95.54505759,95.54505759,68246.46970609,"LINESTRING (-149.88821100 61.23116800, -148.99990733 61.21263156, -148.11281100 61.18828100)"
DL_ANLTK02004_L_0570,D-L,ANLTK02004,CROWLEY FUELS LLC - ANCHORAGE BULK FUEL FACILITY,D,61.23116800,-149.88821100,L_0570,MOA - Anchorage Water & Wastewater Utility,L,61.19291700,-148.09995300,95.23809524,96.20393281,96.20393281,9162.27931567,"LINESTRING (-149.88821100 61.23116800, -148.99353963 61.21499166, -148.09995300 61.19291700)"
DL_ANLTK02004_L_0572,D-L,ANLTK02004,CROWLEY FUELS LLC - ANCHORAGE BULK FUEL FACILITY,D,61.23116800,-149.88821100,L_0572,MOA - Fire Station # 3,L,61.21249700,-148.17642200,59.52380952,91.99487347,91.99487347,5475.88532511,"LINESTRING (-149.88821100 61.23116800, -149.03206298 61.22453422, -148.17642200 61.21249700)"
DL_ANLTK02004_L_0574,D-L,ANLTK02004,CROWLEY FUELS LLC - ANCHORAGE BULK FUEL FACILITY,D,61.23116800,-149.88821100,L_0574,MOA - Fire Station # 5,L,61.18608300,-148.07612200,59.52380952,97.53019832,97.53019832,5805.36894740,"LINESTRING (-149.88821100 61.23116800, -148.98151880 61.21165403, -148.07612200 61.18608300)"
DL_ANLTK02004_L_0577,D-L,ANLTK02004,CROWLEY FUELS LLC - ANCHORAGE BULK FUEL FACILITY,D,61.23116800,-149.88821100,L_0577,MOA - Loussac Library,L,61.18724200,-148.12059200,23.80952381,95.13483876,95.13483876,2265.11520861,"LINESTRING (-149.88821100 61.23116800, -149.00378593 61.21208667, -148.12059200 61.18724200)"
DL_ANLTK02004_L_0584,D-L,ANLTK02004,CROWLEY FUELS LLC - ANCHORAGE BULK FUEL FACILITY,D,61.23116800,-149.88821100,L_0584,MOA - Sullivan Arena,L,61.20543100,-148.12830600,14.28571429,94.61044845,94.61044845,1351.57783547,"LINESTRING (-149.88821100 61.23116800, -149.00789926 61.22115547, -148.12830600 61.20543100)"
DL_ANLTK02004_L_0644,D-L,ANLTK02004,CROWLEY FUELS LLC - ANCHORAGE BULK FUEL FACILITY,D,61.23116800,-149.88821100,L_0644,Providence Hospital,L,61.18849700,-148.18222800,47.61904762,91.81749583,91.81749583,4372.26170623,"LINESTRING (-149.88821100 61.23116800, -149.03464235 61.21251667, -148.18222800 61.18849700)"
DL_ANLTK02004_L_0670,D-L,ANLTK02004,CROWLEY FUELS LLC - ANCHORAGE BULK FUEL FACILITY,D,61.23116800,-149.88821100,L_0670,Shell,L,61.17636700,-148.04181700,238.09523810,99.44744792,99.44744792,23677.96379092,"LINESTRING (-149.88821100 61.23116800, -148.96421197 61.20691214, -148.04181700 61.17636700)"
DL_ANLTK02004_L_0702,D-L,ANLTK02004,CROWLEY FUELS LLC - ANCHORAGE BULK FUEL FACILITY,D,61.23116800,-149.88821100,L_0702,Speedway Express #5300,L,61.19557200,-148.11728900,357.14285710,95.25641647,95.25641647,34020.14873390,"LINESTRING (-149.88821100 61.23116800, -149.00225014 61.21626217, -148.11728900 61.19557200)"
DL_ANLTK02004_L_0711,D-L,ANLTK02004,CROWLEY FUELS LLC - ANCHORAGE BULK FUEL FACILITY,D,61.23116800,-149.88821100,L_0711,Speedway Express #5309,L,61.19474400,-148.13268300,619.04761900,94.43503554,94.43503554,58459.78389946,"LINESTRING (-149.88821100 61.23116800, -149.00993997 61.21579813, -148.13268300 61.19474400)"
DL_ANLTK02004_L_0721,D-L,ANLTK02004,CROWLEY FUELS LLC - ANCHORAGE BULK FUEL FACILITY,D,61.23116800,-149.88821100,L_0721,Speedway Express #5319,L,61.17910600,-148.06045300,285.71428570,98.42486020,98.42486020,28121.38862854,"LINESTRING (-149.88821100 61.23116800, -148.97357771 61.20821838, -148.06045300 61.17910600)"
DL_ANLTK02004_L_0729,D-L,ANLTK02004,CROWLEY FUELS LLC - ANCHORAGE BULK FUEL FACILITY,D,61.23116800,-149.88821100,L_0729,Spenard Shell,L,61.19829700,-148.09415000,238.09523810,96.48265666,96.48265666,22972.06111019,"LINESTRING (-149.88821100 61.23116800, -148.99071285 61.21770065, -148.09415000 61.19829700)"
DL_ANLTK02004_L_0732,D-L,ANLTK02004,CROWLEY FUELS LLC - ANCHORAGE BULK FUEL FACILITY,D,61.23116800,-149.88821100,L_0732,"Spernak Airways, Inc.",L,61.21483100,-148.15057200,206.77375740,93.37442875,93.37442875,19307.38147699,"LINESTRING (-149.88821100 61.23116800, -149.01916631 61.22578336, -148.15057200 61.21483100)"
DL_ANLTK02004_L_0741,D-L,ANLTK02004,CROWLEY FUELS LLC - ANCHORAGE BULK FUEL FACILITY,D,61.23116800,-149.88821100,L_0741,"Swissport USA, Inc.",L,61.17533900,-148.03253900,310.28783046,99.95393684,99.95393684,31014.49020807,"LINESTRING (-149.88821100 61.23116800, -148.95955384 61.20642986, -148.03253900 61.17533900)"
DL_ANLTK02004_L_0755,D-L,ANLTK02004,CROWLEY FUELS LLC - ANCHORAGE BULK FUEL FACILITY,D,61.23116800,-149.88821100,L_0755,Ted Stevens International  Airport,L,61.18059400,-148.00556700,214.28571430,101.35841863,101.35841863,21719.66113634,"LINESTRING (-149.88821100 61.23116800, -149.26001119 61.21721676, -148.63242504 61.20035705, -148.00556700 61.18059400)"
DL_ANLTK02004_L_0774,D-L,ANLTK02004,CROWLEY FUELS LLC - ANCHORAGE BULK FUEL FACILITY,D,61.23116800,-149.88821100,L_0774,The Frontier Building,L,61.18726100,-148.11604400,11.90476190,95.37881685,95.37881685,1135.46210492,"LINESTRING (-149.88821100 61.23116800, -149.00151061 61.21211102, -148.11604400 61.18726100)"
DL_ANLTK02004_L_0913,D-L,ANLTK02004,CROWLEY FUELS LLC - ANCHORAGE BULK FUEL FACILITY,D,61.23116800,-149.88821100,L_0913,Vitus ANM,L,61.19558300,-148.08626100,428.57142860,96.92234603,96.92234603,41538.14830203,"LINESTRING (-149.88821100 61.23116800, -148.98672754 61.21636990, -148.08626100 61.19558300)"
DL_ANLTK02004_L_0921,D-L,ANLTK02004,CROWLEY FUELS LLC - ANCHORAGE BULK FUEL FACILITY,D,61.23116800,-149.88821100,L_0921,Wells Fargo Bank Corporate Properties Group,L,61.19591700,-148.11214200,35.71428571,95.53066303,95.53066303,3411.80939351,"LINESTRING (-149.88821100 61.23116800, -148.99968005 61.21645149, -148.11214200 61.19591700)"
DL_ANLTK02005_L_0005,D-L,ANLTK02005,TESORO LOGISTICS OPERATIONS LLC OCEAN DOCK PETROLEUM TERMINAL,D,61.23024400,-149.89365300,L_0005,2 Go Mart-Tesoro Northstore #0079,L,61.19484300,-149.86754100,619.04761900,4.18702787,4.18702787,2591.96963495,"LINESTRING (-149.89365300 61.23024400, -149.86754100 61.19484300)"
DL_ANLTK02005_L_0006,D-L,ANLTK02005,TESORO LOGISTICS OPERATIONS LLC OCEAN DOCK PETROLEUM TERMINAL,D,61.23024400,-149.89365300,L_0006,2Go Mart Tesoro #80,L,61.16604300,-149.86793250,357.14285710,7.28652259,7.28652259,2602.32949666,"LINESTRING (-149.89365300 61.23024400, -149.86793250 61.16604300)"
DL_ANLTK02005_L_0012,D-L,ANLTK02005,TESORO LOGISTICS OPERATIONS LLC OCEAN DOCK PETROLEUM TERMINAL,D,61.23024400,-149.89365300,L_0012,2Go Mart-Tesoro Northstore #14,L,61.22099700,-149.77749150,357.14285710,6.32507345,6.32507345,2258.95480201,"LINESTRING (-149.89365300 61.23024400, -149.77749150 61.22099700)"
DL_ANLTK02005_L_0018,D-L,ANLTK02005,TESORO LOGISTICS OPERATIONS LLC OCEAN DOCK PETROLEUM TERMINAL,D,61.23024400,-149.89365300,L_0018,2Go Mart-Tesoro Northstore #3,L,61.15939200,-149.83493400,285.71428570,8.50323816,8.50323816,2429.49661658,"LINESTRING (-149.89365300 61.23024400, -149.83493400 61.15939200)"
DL_ANLTK02005_L_0021,D-L,ANLTK02005,TESORO LOGISTICS OPERATIONS LLC OCEAN DOCK PETROLEUM TERMINAL,D,61.23024400,-149.89365300,L_0021,2Go Mart-Tesoro Northstore #54,L,60.94026900,-149.17214250,952.38095240,50.59554986,50.59554986,48186.23796476,"LINESTRING (-149.89365300 61.23024400, -149.53124762 61.08573949, -149.17214250 60.94026900)"
DL_ANLTK02005_L_0022,D-L,ANLTK02005,TESORO LOGISTICS OPERATIONS LLC OCEAN DOCK PETROLEUM TERMINAL,D,61.23024400,-149.89365300,L_0022,2Go Mart-Tesoro Northstore #55,L,61.21715400,-149.73269400,595.23809520,8.76992650,8.76992650,5220.19434738,"LINESTRING (-149.89365300 61.23024400, -149.73269400 61.21715400)"
DL_ANLTK02005_L_0025,D-L,ANLTK02005,TESORO LOGISTICS OPERATIONS LLC OCEAN DOCK PETROLEUM TERMINAL,D,61.23024400,-149.89365300,L_0025,2Go Mart-Tesoro Northstore #72,L,61.19587800,-149.88205350,476.19047620,3.87990583,3.87990583,1847.57420342,"LINESTRING (-149.89365300 61.23024400, -149.88205350 61.19587800)"
DL_ANLTK02005_L_0037,D-L,ANLTK02005,TESORO LOGISTICS OPERATIONS LLC OCEAN DOCK PETROLEUM TERMINAL,D,61.23024400,-149.89365300,L_0037,ACS - Plant Service Complex,L,61.18612200,-149.87246400,476.19047620,5.04682930,5.04682930,2403.25204857,"LINESTRING (-149.89365300 61.23024400, -149.87246400 61.18612200)"
DL_ANLTK02005_L_0044,D-L,ANLTK02005,TESORO LOGISTICS OPERATIONS LLC OCEAN DOCK PETROLEUM TERMINAL,D,61.23024400,-149.89365300,L_0044,ADOC - Anchorage Correctional Center-West,L,61.21843200,-149.85772200,238.09523810,2.33644638,2.33644638,556.29675607,"LINESTRING (-149.89365300 61.23024400, -149.85772200 61.21843200)"
DL_ANLTK02005_L_0055,D-L,ANLTK02005,TESORO LOGISTICS OPERATIONS LLC OCEAN DOCK PETROLEUM TERMINAL,D,61.23024400,-149.89365300,L_0055,ADOTPF - Alaska Psychiatric Institute,L,61.18594200,-149.82959250,357.14285710,6.01898942,6.01898942,2149.63908010,"LINESTRING (-149.89365300 61.23024400, -149.82959250 61.18594200)"
DL_ANLTK02005_L_0076,D-L,ANLTK02005,TESORO LOGISTICS OPERATIONS LLC OCEAN DOCK PETROLEUM TERMINAL,D,61.23024400,-149.89365300,L_0076,Anchorage Clean Sweep,L,61.15441400,-148.14040300,4.76190476,94.66480850,94.66480850,450.78480220,"LINESTRING (-149.89365300 61.23024400, -149.01597470 61.19516514, -148.14040300 61.15441400)"
DL_ANLTK02005_L_0129,D-L,ANLTK02005,TESORO LOGISTICS OPERATIONS LLC OCEAN DOCK PETROLEUM TERMINAL,D,61.23024400,-149.89365300,L_0129,Big Corner Shell,L,61.19568900,-149.91399000,476.19047620,4.00267949,4.00267949,1906.03785404,"LINESTRING (-149.89365300 61.23024400, -149.91399000 61.19568900)"
DL_ANLTK02005_L_0138,D-L,ANLTK02005,TESORO LOGISTICS OPERATIONS LLC OCEAN DOCK PETROLEUM TERMINAL,D,61.23024400,-149.89365300,L_0138,Big Mike's Service Center,L,61.15545000,-148.04876400,285.71428570,99.56263559,99.56263559,28446.46731125,"LINESTRING (-149.89365300 61.23024400, -148.97011526 61.19598732, -148.04876400 61.15545000)"
DL_ANLTK02005_L_0142,D-L,ANLTK02005,TESORO LOGISTICS OPERATIONS LLC OCEAN DOCK PETROLEUM TERMINAL,D,61.23024400,-149.89365300,L_0142,BLM Anchorage Field Office (AFO),L,61.15611900,-148.20677500,47.61904762,91.09057524,91.09057524,4337.64643996,"LINESTRING (-149.89365300 61.23024400, -149.04922334 61.19580693, -148.20677500 61.15611900)"
DL_ANLTK02005_L_0143,D-L,ANLTK02005,TESORO LOGISTICS OPERATIONS LLC OCEAN DOCK PETROLEUM TERMINAL,D,61.23024400,-149.89365300,L_0143,BLM Anchorage Field Office (AFO),L,61.15626000,-149.79470400,95.23809524,9.81241151,9.81241151,934.51538237,"LINESTRING (-149.89365300 61.23024400, -149.79470400 61.15626000)"
DL_ANLTK02005_L_0148,D-L,ANLTK02005,TESORO LOGISTICS OPERATIONS LLC OCEAN DOCK PETROLEUM TERMINAL,D,61.23024400,-149.89365300,L_0148,Boniface Chevron,L,61.19478000,-149.77807200,476.19047620,7.36245093,7.36245093,3505.92901328,"LINESTRING (-149.89365300 61.23024400, -149.77807200 61.19478000)"
DL_ANLTK02005_L_0151,D-L,ANLTK02005,TESORO LOGISTICS OPERATIONS LLC OCEAN DOCK PETROLEUM TERMINAL,D,61.23024400,-149.89365300,L_0151,Boniface Shell | Shell | Shell Express,L,61.20935080,-149.77766640,238.09523810,6.65299953,6.65299953,1584.04750827,"LINESTRING (-149.89365300 61.23024400, -149.77766640 61.20935080)"
DL_ANLTK02005_L_0152,D-L,ANLTK02005,TESORO LOGISTICS OPERATIONS LLC OCEAN DOCK PETROLEUM TERMINAL,D,61.23024400,-149.89365300,L_0152,BPXA - Anchorage Building,L,61.19208900,-149.86464300,95.23809524,4.52860233,4.52860233,431.29546026,"LINESTRING (-149.89365300 61.23024400, -149.86464300 61.19208900)"
DL_ANLTK02005_L_0157,D-L,ANLTK02005,TESORO LOGISTICS OPERATIONS LLC OCEAN DOCK PETROLEUM TERMINAL,D,61.23024400,-149.89365300,L_0157,Cal Worthington Ford,L,61.20288900,-149.87026350,13.09523810,3.29721537,3.29721537,43.17782034,"LINESTRING (-149.89365300 61.23024400, -149.87026350 61.20288900)"
DL_ANLTK02005_L_0164,D-L,ANLTK02005,TESORO LOGISTICS OPERATIONS LLC OCEAN DOCK PETROLEUM TERMINAL,D,61.23024400,-149.89365300,L_0164,Carlile Transportaiton Gas Station,L,61.22090700,-149.85219150,47.61904762,2.45846923,2.45846923,117.06996343,"LINESTRING (-149.89365300 61.23024400, -149.85219150 61.22090700)"
DL_ANLTK02005_L_0165,D-L,ANLTK02005,TESORO LOGISTICS OPERATIONS LLC OCEAN DOCK PETROLEUM TERMINAL,D,61.23024400,-149.89365300,L_0165,Carlile Transportation Fuel Station,L,61.22081200,-149.85153700,285.71428570,2.49481591,2.49481591,712.80454482,"LINESTRING (-149.89365300 61.23024400, -149.85153700 61.22081200)"
DL_ANLTK02005_L_0168,D-L,ANLTK02005,TESORO LOGISTICS OPERATIONS LLC OCEAN DOCK PETROLEUM TERMINAL,D,61.23024400,-149.89365300,L_0168,Carr's Fuel Center #520,L,61.21603800,-149.81706000,952.38095240,4.40912693,4.40912693,4199.16850771,"LINESTRING (-149.89365300 61.23024400, -149.81706000 61.21603800)"
DL_ANLTK02005_L_0173,D-L,ANLTK02005,TESORO LOGISTICS OPERATIONS LLC OCEAN DOCK PETROLEUM TERMINAL,D,61.23024400,-149.89365300,L_0173,Carrs - Safeway #1805 | Carrs Gas Station,L,61.19501510,-149.91677520,476.19047620,4.11765187,4.11765187,1960.78660293,"LINESTRING (-149.89365300 61.23024400, -149.91677520 61.19501510)"
DL_ANLTK02005_L_0176,D-L,ANLTK02005,TESORO LOGISTICS OPERATIONS LLC OCEAN DOCK PETROLEUM TERMINAL,D,61.23024400,-149.89365300,L_0176,Carrs - Safeway Fuel #2628,L,61.14224200,-148.15306100,476.19047620,94.13642418,94.13642418,44826.86865825,"LINESTRING (-149.89365300 61.23024400, -149.02214376 61.18903875, -148.15306100 61.14224200)"
DL_ANLTK02005_L_0190,D-L,ANLTK02005,TESORO LOGISTICS OPERATIONS LLC OCEAN DOCK PETROLEUM TERMINAL,D,61.23024400,-149.89365300,L_0190,CIMG - Creekside Chevron,L,61.17320700,-149.86899000,714.28571430,6.49261735,6.49261735,4637.58381810,"LINESTRING (-149.89365300 61.23024400, -149.86899000 61.17320700)"
DL_ANLTK02005_L_0191,D-L,ANLTK02005,TESORO LOGISTICS OPERATIONS LLC OCEAN DOCK PETROLEUM TERMINAL,D,61.23024400,-149.89365300,L_0191,CIMG - Creekside Chevron,L,61.17336900,-148.13120000,714.28571430,94.96510504,94.96510504,67832.21788826,"LINESTRING (-149.89365300 61.23024400, -149.01163203 61.20467185, -148.13120000 61.17336900)"
DL_ANLTK02005_L_0192,D-L,ANLTK02005,TESORO LOGISTICS OPERATIONS LLC OCEAN DOCK PETROLEUM TERMINAL,D,61.23024400,-149.89365300,L_0192,CIMG - Triple A Chevron,L,61.20946800,-149.82350400,714.28571430,4.42352936,4.42352936,3159.66383105,"LINESTRING (-149.89365300 61.23024400, -149.82350400 61.20946800)"
DL_ANLTK02005_L_0197,D-L,ANLTK02005,TESORO LOGISTICS OPERATIONS LLC OCEAN DOCK PETROLEUM TERMINAL,D,61.23024400,-149.89365300,L_0197,CIMG-Downtown Chevron,L,61.21647900,-149.86783350,714.28571430,2.06811767,2.06811767,1477.22690722,"LINESTRING (-149.89365300 61.23024400, -149.86783350 61.21647900)"
DL_ANLTK02005_L_0200,D-L,ANLTK02005,TESORO LOGISTICS OPERATIONS LLC OCEAN DOCK PETROLEUM TERMINAL,D,61.23024400,-149.89365300,L_0200,CIMG-Fireweed Chevron,L,61.19740800,-149.86879200,642.85714290,3.89531808,3.89531808,2504.13305292,"LINESTRING (-149.89365300 61.23024400, -149.86879200 61.19740800)"
DL_ANLTK02005_L_0203,D-L,ANLTK02005,TESORO LOGISTICS OPERATIONS LLC OCEAN DOCK PETROLEUM TERMINAL,D,61.23024400,-149.89365300,L_0203,CIMG-Fountain Chevron | Chevron,L,61.18717600,-149.91369330,714.28571430,4.91858605,4.91858605,3513.27574811,"LINESTRING (-149.89365300 61.23024400, -149.91369330 61.18717600)"
DL_ANLTK02005_L_0205,D-L,ANLTK02005,TESORO LOGISTICS OPERATIONS LLC OCEAN DOCK PETROLEUM TERMINAL,D,61.23024400,-149.89365300,L_0205,CIMG-Hillside Chevron/McChevron,L,61.13866900,-148.16480000,642.85714290,93.55630807,93.55630807,60143.34090633,"LINESTRING (-149.89365300 61.23024400, -149.02797261 61.18721479, -148.16480000 61.13866900)"
DL_ANLTK02005_L_0207,D-L,ANLTK02005,TESORO LOGISTICS OPERATIONS LLC OCEAN DOCK PETROLEUM TERMINAL,D,61.23024400,-149.89365300,L_0207,CIMG-Midtown Chevron,L,61.19562600,-149.91222150,714.28571430,3.98457225,3.98457225,2846.12303742,"LINESTRING (-149.89365300 61.23024400, -149.91222150 61.19562600)"
DL_ANLTK02005_L_0209,D-L,ANLTK02005,TESORO LOGISTICS OPERATIONS LLC OCEAN DOCK PETROLEUM TERMINAL,D,61.23024400,-149.89365300,L_0209,CIMG-Muldoon Chevron | Chevron,L,61.21833880,-149.73308830,571.42857140,8.72783701,8.72783701,4987.33543632,"LINESTRING (-149.89365300 61.23024400, -149.73308830 61.21833880)"
DL_ANLTK02005_L_0212,D-L,ANLTK02005,TESORO LOGISTICS OPERATIONS LLC OCEAN DOCK PETROLEUM TERMINAL,D,61.23024400,-149.89365300,L_0212,CIMG-Southside Chevron,L,61.12058600,-148.13760600,357.14285710,95.27471457,95.27471457,34026.68377251,"LINESTRING (-149.89365300 61.23024400, -149.01410496 61.17826138, -148.13760600 61.12058600)"
DL_ANLTK02005_L_0214,D-L,ANLTK02005,TESORO LOGISTICS OPERATIONS LLC OCEAN DOCK PETROLEUM TERMINAL,D,61.23024400,-149.89365300,L_0214,"CIRI dba 2525 C St, LLC",L,61.19713800,-149.88645000,7.14285714,3.70934501,3.70934501,26.49532146,"LINESTRING (-149.89365300 61.23024400, -149.88645000 61.19713800)"
DL_ANLTK02005_L_0224,D-L,ANLTK02005,TESORO LOGISTICS OPERATIONS LLC OCEAN DOCK PETROLEUM TERMINAL,D,61.23024400,-149.89365300,L_0224,Cline's Tesoro,L,61.21784700,-149.87144250,619.04761900,1.82545201,1.82545201,1130.04172080,"LINESTRING (-149.89365300 61.23024400, -149.87144250 61.21784700)"
DL_ANLTK02005_L_0235,D-L,ANLTK02005,TESORO LOGISTICS OPERATIONS LLC OCEAN DOCK PETROLEUM TERMINAL,D,61.23024400,-149.89365300,L_0235,Costco #10,L,61.14440000,-148.11815800,833.33333330,95.97617657,95.97617657,79980.14713813,"LINESTRING (-149.89365300 61.23024400, -149.00469823 61.19023092, -148.11815800 61.14440000)"
DL_ANLTK02005_L_0237,D-L,ANLTK02005,TESORO LOGISTICS OPERATIONS LLC OCEAN DOCK PETROLEUM TERMINAL,D,61.23024400,-149.89365300,L_0237,Costco #63,L,61.21080900,-149.80433400,476.19047620,5.26529895,5.26529895,2507.28521553,"LINESTRING (-149.89365300 61.23024400, -149.80433400 61.21080900)"
DL_ANLTK02005_L_0242,D-L,ANLTK02005,TESORO LOGISTICS OPERATIONS LLC OCEAN DOCK PETROLEUM TERMINAL,D,61.23024400,-149.89365300,L_0242,Crowley Fuels - Ace Hangars & Fuels,L,61.21420200,-149.83864200,238.09523810,3.45421975,3.45421975,822.43327286,"LINESTRING (-149.89365300 61.23024400, -149.83864200 61.21420200)"
DL_ANLTK02005_L_0261,D-L,ANLTK02005,TESORO LOGISTICS OPERATIONS LLC OCEAN DOCK PETROLEUM TERMINAL,D,61.23024400,-149.89365300,L_0261,D&D Airpark,L,61.21125000,-149.84995050,238.09523810,3.16130770,3.16130770,752.69230943,"LINESTRING (-149.89365300 61.23024400, -149.84995050 61.21125000)"
DL_ANLTK02005_L_0268,D-L,ANLTK02005,TESORO LOGISTICS OPERATIONS LLC OCEAN DOCK PETROLEUM TERMINAL,D,61.23024400,-149.89365300,L_0268,Dimond Shell,L,61.14518900,-148.13551900,476.19047620,95.03715205,95.03715205,45255.78669203,"LINESTRING (-149.89365300 61.23024400, -149.01340150 61.19056878, -148.13551900 61.14518900)"
DL_ANLTK02005_L_0270,D-L,ANLTK02005,TESORO LOGISTICS OPERATIONS LLC OCEAN DOCK PETROLEUM TERMINAL,D,61.23024400,-149.89365300,L_0270,Don Cassel - fleet vehicle fueling,L,61.18205400,-149.91240150,35.71428571,5.46369442,5.46369442,195.13194346,"LINESTRING (-149.89365300 61.23024400, -149.91240150 61.18205400)"
DL_ANLTK02005_L_0273,D-L,ANLTK02005,TESORO LOGISTICS OPERATIONS LLC OCEAN DOCK PETROLEUM TERMINAL,D,61.23024400,-149.89365300,L_0273,Downtown A&W Shell,L,61.20793800,-149.86636200,238.09523810,2.88597003,2.88597003,687.13572085,"LINESTRING (-149.89365300 61.23024400, -149.86636200 61.20793800)"
DL_ANLTK02005_L_0282,D-L,ANLTK02005,TESORO LOGISTICS OPERATIONS LLC OCEAN DOCK PETROLEUM TERMINAL,D,61.23024400,-149.89365300,L_0282,Essential 1,L,61.17290800,-149.89763900,1393.65220302,6.39268454,6.39268454,8909.17889668,"LINESTRING (-149.89365300 61.23024400, -149.89763900 61.17290800)"
DL_ANLTK02005_L_0286,D-L,ANLTK02005,TESORO LOGISTICS OPERATIONS LLC OCEAN DOCK PETROLEUM TERMINAL,D,61.23024400,-149.89365300,L_0286,Essential One - Bird Creek,L,60.96975300,-148.55135600,357.14285710,78.00006728,78.00006728,27857.16688368,"LINESTRING (-149.89365300 61.23024400, -149.21974498 61.10166548, -148.55135600 60.96975300)"
DL_ANLTK02005_L_0301,D-L,ANLTK02005,TESORO LOGISTICS OPERATIONS LLC OCEAN DOCK PETROLEUM TERMINAL,D,61.23024400,-149.89365300,L_0301,FAA Anchorage Merrill Field,L,61.21732340,-149.84462440,95.23809524,3.00193402,3.00193402,285.89847848,"LINESTRING (-149.89365300 61.23024400, -149.84462440 61.21732340)"
DL_ANLTK02005_L_0316,D-L,ANLTK02005,TESORO LOGISTICS OPERATIONS LLC OCEAN DOCK PETROLEUM TERMINAL,D,61.23024400,-149.89365300,L_0316,FAA Tanana,L,65.16666700,-151.93333300,25.33333333,450.56024735,450.56024735,11414.19293147,"LINESTRING (-149.89365300 61.23024400, -150.07404535 61.62522447, -150.25909324 62.01993798, -150.44899437 62.41437427, -150.64395750 62.80852248, -150.84420325 63.20237111, -151.04996488 63.59590796, -151.26148929 63.98912013, -151.47903792 64.38199389, -151.70288786 64.77451467, -151.93333300 65.16666700)"
DL_ANLTK02005_L_0406,D-L,ANLTK02005,TESORO LOGISTICS OPERATIONS LLC OCEAN DOCK PETROLEUM TERMINAL,D,61.23024400,-149.89365300,L_0406,Fred Meyer #11 Fuel Stop,L,61.19434800,-149.86484100,904.76190480,4.28926920,4.28926920,3880.76736789,"LINESTRING (-149.89365300 61.23024400, -149.86484100 61.19434800)"
DL_ANLTK02005_L_0412,D-L,ANLTK02005,TESORO LOGISTICS OPERATIONS LLC OCEAN DOCK PETROLEUM TERMINAL,D,61.23024400,-149.89365300,L_0412,Fred Meyer #18 Fuel Stop,L,61.21111500,-149.73667200,952.38095240,8.70002721,8.70002721,8285.74020469,"LINESTRING (-149.89365300 61.23024400, -149.73667200 61.21111500)"
DL_ANLTK02005_L_0420,D-L,ANLTK02005,TESORO LOGISTICS OPERATIONS LLC OCEAN DOCK PETROLEUM TERMINAL,D,61.23024400,-149.89365300,L_0420,Fred Meyer #656 Fuel Stop,L,61.13710000,-148.16279400,952.38095240,93.68507010,93.68507010,89223.87629065,"LINESTRING (-149.89365300 61.23024400, -149.02694669 61.18643675, -148.16279400 61.13710000)"
DL_ANLTK02005_L_0424,D-L,ANLTK02005,TESORO LOGISTICS OPERATIONS LLC OCEAN DOCK PETROLEUM TERMINAL,D,61.23024400,-149.89365300,L_0424,Fred Meyer #71 Fuel Stop,L,61.13785600,-148.07741700,904.76190480,98.24050018,98.24050018,88884.26207405,"LINESTRING (-149.89365300 61.23024400, -148.98420606 61.18709419, -148.07741700 61.13785600)"
DL_ANLTK02005_L_0426,D-L,ANLTK02005,TESORO LOGISTICS OPERATIONS LLC OCEAN DOCK PETROLEUM TERMINAL,D,61.23024400,-149.89365300,L_0426,Garrett's Tesoro,L,61.17331500,-149.89733100,571.42857140,6.34681985,6.34681985,3626.75419728,"LINESTRING (-149.89365300 61.23024400, -149.89733100 61.17331500)"
DL_ANLTK02005_L_0434,D-L,ANLTK02005,TESORO LOGISTICS OPERATIONS LLC OCEAN DOCK PETROLEUM TERMINAL,D,61.23024400,-149.89365300,L_0434,GB Tower - KAKM,L,61.52643970,-150.08265050,119.04761900,34.51862902,34.51862902,4109.36059645,"LINESTRING (-149.89365300 61.23024400, -150.08265050 61.52643970)"
DL_ANLTK02005_L_0448,D-L,ANLTK02005,TESORO LOGISTICS OPERATIONS LLC OCEAN DOCK PETROLEUM TERMINAL,D,61.23024400,-149.89365300,L_0448,Grizzly Ridge,L,60.49014700,-148.17385000,119.04761900,124.63651283,124.63651283,14837.68009334,"LINESTRING (-149.89365300 61.23024400, -149.31152074 60.98600758, -148.73829914 60.73928789, -148.17385000 60.49014700)"
DL_ANLTK02005_L_0467,D-L,ANLTK02005,TESORO LOGISTICS OPERATIONS LLC OCEAN DOCK PETROLEUM TERMINAL,D,61.23024400,-149.89365300,L_0467,Holiday #601,L,61.20846900,-149.80764150,238.09523810,5.21997234,5.21997234,1242.85055815,"LINESTRING (-149.89365300 61.23024400, -149.80764150 61.20846900)"
DL_ANLTK02005_L_0469,D-L,ANLTK02005,TESORO LOGISTICS OPERATIONS LLC OCEAN DOCK PETROLEUM TERMINAL,D,61.23024400,-149.89365300,L_0469,Holiday #602,L,61.12432500,-148.13479700,714.28571430,95.36659737,95.36659737,68118.99812473,"LINESTRING (-149.89365300 61.23024400, -149.01274998 61.18013986, -148.13479700 61.12432500)"
DL_ANLTK02005_L_0474,D-L,ANLTK02005,TESORO LOGISTICS OPERATIONS LLC OCEAN DOCK PETROLEUM TERMINAL,D,61.23024400,-149.89365300,L_0474,Holiday #606,L,61.14524400,-148.14580000,714.28571430,94.48628575,94.48628575,67490.20411104,"LINESTRING (-149.89365300 61.23024400, -149.01854969 61.19056302, -148.14580000 61.14524400)"
DL_ANLTK02005_L_0476,D-L,ANLTK02005,TESORO LOGISTICS OPERATIONS LLC OCEAN DOCK PETROLEUM TERMINAL,D,61.23024400,-149.89365300,L_0476,Holiday #607,L,61.19560800,-149.77910250,238.09523810,7.26628717,7.26628717,1730.06837404,"LINESTRING (-149.89365300 61.23024400, -149.77910250 61.19560800)"
DL_ANLTK02005_L_0477,D-L,ANLTK02005,TESORO LOGISTICS OPERATIONS LLC OCEAN DOCK PETROLEUM TERMINAL,D,61.23024400,-149.89365300,L_0477,Holiday #610,L,61.21710000,-149.85374550,595.23809520,2.59661464,2.59661464,1545.60395396,"LINESTRING (-149.89365300 61.23024400, -149.85374550 61.21710000)"
DL_ANLTK02005_L_0478,D-L,ANLTK02005,TESORO LOGISTICS OPERATIONS LLC OCEAN DOCK PETROLEUM TERMINAL,D,61.23024400,-149.89365300,L_0478,Holiday #611,L,61.10821700,-148.14584700,476.19047620,95.04060810,95.04060810,45257.43242857,"LINESTRING (-149.89365300 61.23024400, -149.01806190 61.17205067, -148.14584700 61.10821700)"
DL_ANLTK02005_L_0481,D-L,ANLTK02005,TESORO LOGISTICS OPERATIONS LLC OCEAN DOCK PETROLEUM TERMINAL,D,61.23024400,-149.89365300,L_0481,Holiday #614,L,61.20373500,-149.73444000,238.09523810,9.05137465,9.05137465,2155.08920192,"LINESTRING (-149.89365300 61.23024400, -149.73444000 61.20373500)"
DL_ANLTK02005_L_0482,D-L,ANLTK02005,TESORO LOGISTICS OPERATIONS LLC OCEAN DOCK PETROLEUM TERMINAL,D,61.23024400,-149.89365300,L_0482,Holiday #620,L,61.18031700,-149.82615000,595.23809520,6.64234771,6.64234771,3953.77839605,"LINESTRING (-149.89365300 61.23024400, -149.82615000 61.18031700)"
DL_ANLTK02005_L_0483,D-L,ANLTK02005,TESORO LOGISTICS OPERATIONS LLC OCEAN DOCK PETROLEUM TERMINAL,D,61.23024400,-149.89365300,L_0483,Holiday #620,L,61.18041400,-148.17334200,595.23809520,92.64410560,92.64410560,55145.30094921,"LINESTRING (-149.89365300 61.23024400, -149.03281799 61.20805873, -148.17334200 61.18041400)"
DL_ANLTK02005_L_0486,D-L,ANLTK02005,TESORO LOGISTICS OPERATIONS LLC OCEAN DOCK PETROLEUM TERMINAL,D,61.23024400,-149.89365300,L_0486,Holiday #624,L,61.14040000,-148.04875000,476.19047620,99.74128021,99.74128021,47495.84772167,"LINESTRING (-149.89365300 61.23024400, -148.96988868 61.18846294, -148.04875000 61.14040000)"
DL_ANLTK02005_L_0488,D-L,ANLTK02005,TESORO LOGISTICS OPERATIONS LLC OCEAN DOCK PETROLEUM TERMINAL,D,61.23024400,-149.89365300,L_0488,Holiday #625,L,61.15869900,-149.83492050,357.14285710,8.57526657,8.57526657,3062.59520315,"LINESTRING (-149.89365300 61.23024400, -149.83492050 61.15869900)"
DL_ANLTK02005_L_0489,D-L,ANLTK02005,TESORO LOGISTICS OPERATIONS LLC OCEAN DOCK PETROLEUM TERMINAL,D,61.23024400,-149.89365300,L_0489,Holiday #625,L,61.15898300,-149.83396700,238.09523810,8.56493051,8.56493051,2039.26916863,"LINESTRING (-149.89365300 61.23024400, -149.83396700 61.15898300)"
DL_ANLTK02005_L_0492,D-L,ANLTK02005,TESORO LOGISTICS OPERATIONS LLC OCEAN DOCK PETROLEUM TERMINAL,D,61.23024400,-149.89365300,L_0492,Holiday #628,L,61.22651400,-149.79435300,238.09523810,5.35042335,5.35042335,1273.91032250,"LINESTRING (-149.89365300 61.23024400, -149.79435300 61.22651400)"
DL_ANLTK02005_L_0494,D-L,ANLTK02005,TESORO LOGISTICS OPERATIONS LLC OCEAN DOCK PETROLEUM TERMINAL,D,61.23024400,-149.89365300,L_0494,Holiday #629,L,61.13798900,-148.08194700,476.19047620,97.99642178,97.99642178,46664.96275518,"LINESTRING (-149.89365300 61.23024400, -148.98647627 61.18714551, -148.08194700 61.13798900)"
DL_ANLTK02005_L_0497,D-L,ANLTK02005,TESORO LOGISTICS OPERATIONS LLC OCEAN DOCK PETROLEUM TERMINAL,D,61.23024400,-149.89365300,L_0497,Holiday #630 | Holiday,L,61.18621360,-149.91389350,238.09523810,5.02560205,5.02560205,1196.57191662,"LINESTRING (-149.89365300 61.23024400, -149.91389350 61.18621360)"
DL_ANLTK02005_L_0498,D-L,ANLTK02005,TESORO LOGISTICS OPERATIONS LLC OCEAN DOCK PETROLEUM TERMINAL,D,61.23024400,-149.89365300,L_0498,Holiday #631,L,61.22085300,-149.73317100,595.23809520,8.68491317,8.68491317,5169.59117083,"LINESTRING (-149.89365300 61.23024400, -149.73317100 61.22085300)"
DL_ANLTK02005_L_0501,D-L,ANLTK02005,TESORO LOGISTICS OPERATIONS LLC OCEAN DOCK PETROLEUM TERMINAL,D,61.23024400,-149.89365300,L_0501,Holiday #632 | Holiday,L,61.18108380,-149.86709800,476.19047620,5.66098988,5.66098988,2695.70946609,"LINESTRING (-149.89365300 61.23024400, -149.86709800 61.18108380)"
DL_ANLTK02005_L_0507,D-L,ANLTK02005,TESORO LOGISTICS OPERATIONS LLC OCEAN DOCK PETROLEUM TERMINAL,D,61.23024400,-149.89365300,L_0507,Holiday #637,L,61.21019700,-149.77737000,714.28571430,6.63550673,6.63550673,4739.64766122,"LINESTRING (-149.89365300 61.23024400, -149.77737000 61.21019700)"
DL_ANLTK02005_L_0509,D-L,ANLTK02005,TESORO LOGISTICS OPERATIONS LLC OCEAN DOCK PETROLEUM TERMINAL,D,61.23024400,-149.89365300,L_0509,Holiday #638,L,61.18872300,-149.88683250,595.23809520,4.64129401,4.64129401,2762.67500545,"LINESTRING (-149.89365300 61.23024400, -149.88683250 61.18872300)"
DL_ANLTK02005_L_0511,D-L,ANLTK02005,TESORO LOGISTICS OPERATIONS LLC OCEAN DOCK PETROLEUM TERMINAL,D,61.23024400,-149.89365300,L_0511,Holiday #639,L,61.15866400,-148.07739700,761.90476190,97.99366746,97.99366746,74661.84187484,"LINESTRING (-149.89365300 61.23024400, -148.98449491 61.19749749, -148.07739700 61.15866400)"
DL_ANLTK02005_L_0516,D-L,ANLTK02005,TESORO LOGISTICS OPERATIONS LLC OCEAN DOCK PETROLEUM TERMINAL,D,61.23024400,-149.89365300,L_0516,Holiday Circle K #2746641,L,60.84728100,-147.78555600,761.90476190,121.64801789,121.64801789,92684.20410554,"LINESTRING (-149.89365300 61.23024400, -149.18531900 61.10625706, -148.48259108 60.97858659, -147.78555600 60.84728100)"
DL_ANLTK02005_L_0537,D-L,ANLTK02005,TESORO LOGISTICS OPERATIONS LLC OCEAN DOCK PETROLEUM TERMINAL,D,61.23024400,-149.89365300,L_0537,KFQD,L,61.33388300,-149.96553900,119.04761900,12.17530358,12.17530358,1449.44090165,"LINESTRING (-149.89365300 61.23024400, -149.96553900 61.33388300)"
DL_ANLTK02005_L_0548,D-L,ANLTK02005,TESORO LOGISTICS OPERATIONS LLC OCEAN DOCK PETROLEUM TERMINAL,D,61.23024400,-149.89365300,L_0548,Legislative Affairs Agency - LAA,L,61.19303400,-149.91144300,23.80952381,4.25522537,4.25522537,101.31488983,"LINESTRING (-149.89365300 61.23024400, -149.91144300 61.19303400)"
DL_ANLTK02005_L_0565,D-L,ANLTK02005,TESORO LOGISTICS OPERATIONS LLC OCEAN DOCK PETROLEUM TERMINAL,D,61.23024400,-149.89365300,L_0565,MOA - Alaska Center For The Performing Arts,L,61.21705500,-149.89434300,23.80952381,1.47015499,1.47015499,35.00369019,"LINESTRING (-149.89365300 61.23024400, -149.89434300 61.21705500)"
DL_ANLTK02005_L_0567,D-L,ANLTK02005,TESORO LOGISTICS OPERATIONS LLC OCEAN DOCK PETROLEUM TERMINAL,D,61.23024400,-149.89365300,L_0567,MOA - Anchorage Police Headquarters,L,61.17882300,-149.80785300,380.95238100,7.35582000,7.35582000,2802.21714178,"LINESTRING (-149.89365300 61.23024400, -149.80785300 61.17882300)"
DL_ANLTK02005_L_0568,D-L,ANLTK02005,TESORO LOGISTICS OPERATIONS LLC OCEAN DOCK PETROLEUM TERMINAL,D,61.23024400,-149.89365300,L_0568,MOA - Anchorage Police Headquarters,L,61.17965600,-148.19527200,380.95238100,91.47370367,91.47370367,34847.12521028,"LINESTRING (-149.89365300 61.23024400, -149.04378146 61.20761060, -148.19527200 61.17965600)"
DL_ANLTK02005_L_0569,D-L,ANLTK02005,TESORO LOGISTICS OPERATIONS LLC OCEAN DOCK PETROLEUM TERMINAL,D,61.23024400,-149.89365300,L_0569,MOA - Anchorage Water & Wastewater Utility,L,61.19250300,-149.89941000,95.23809524,4.21694611,4.21694611,401.61391525,"LINESTRING (-149.89365300 61.23024400, -149.89941000 61.19250300)"
DL_ANLTK02005_L_0571,D-L,ANLTK02005,TESORO LOGISTICS OPERATIONS LLC OCEAN DOCK PETROLEUM TERMINAL,D,61.23024400,-149.89365300,L_0571,MOA - Fire Station # 3,L,61.21244130,-149.82336720,59.52380952,4.26584133,4.26584133,253.91912690,"LINESTRING (-149.89365300 61.23024400, -149.82336720 61.21244130)"
DL_ANLTK02005_L_0576,D-L,ANLTK02005,TESORO LOGISTICS OPERATIONS LLC OCEAN DOCK PETROLEUM TERMINAL,D,61.23024400,-149.89365300,L_0576,MOA - Fire Station #9,L,61.09465800,-148.16644700,59.52380952,94.19377278,94.19377278,5606.77218908,"LINESTRING (-149.89365300 61.23024400, -149.02819695 61.16520557, -148.16644700 61.09465800)"
DL_ANLTK02005_L_0578,D-L,ANLTK02005,TESORO LOGISTICS OPERATIONS LLC OCEAN DOCK PETROLEUM TERMINAL,D,61.23024400,-149.89365300,L_0578,MOA - Loussac Library,L,61.18749000,-149.87742300,23.80952381,4.84340376,4.84340376,115.31913722,"LINESTRING (-149.89365300 61.23024400, -149.87742300 61.18749000)"
DL_ANLTK02005_L_0579,D-L,ANLTK02005,TESORO LOGISTICS OPERATIONS LLC OCEAN DOCK PETROLEUM TERMINAL,D,61.23024400,-149.89365300,L_0579,MOA - New Transit Maintenance Facility,L,61.17730200,-149.81200100,761.90476190,7.35341170,7.35341170,5602.59939093,"LINESTRING (-149.89365300 61.23024400, -149.81200100 61.17730200)"
DL_ANLTK02005_L_0580,D-L,ANLTK02005,TESORO LOGISTICS OPERATIONS LLC OCEAN DOCK PETROLEUM TERMINAL,D,61.23024400,-149.89365300,L_0580,MOA - New Transit Maintenance Facility,L,61.17777000,-149.81135400,761.90476190,7.33255466,7.33255466,5586.70831202,"LINESTRING (-149.89365300 61.23024400, -149.81135400 61.17777000)"
DL_ANLTK02005_L_0581,D-L,ANLTK02005,TESORO LOGISTICS OPERATIONS LLC OCEAN DOCK PETROLEUM TERMINAL,D,61.23024400,-149.89365300,L_0581,MOA - Spenard Recreation Center,L,61.17633300,-148.07884200,142.85714290,97.74829031,97.74829031,13964.04147702,"LINESTRING (-149.89365300 61.23024400, -148.98547201 61.20632651, -148.07884200 61.17633300)"
DL_ANLTK02005_L_0583,D-L,ANLTK02005,TESORO LOGISTICS OPERATIONS LLC OCEAN DOCK PETROLEUM TERMINAL,D,61.23024400,-149.89365300,L_0583,MOA - Sullivan Arena,L,61.20437400,-149.87341350,14.28571429,3.08111115,3.08111115,44.01587364,"LINESTRING (-149.89365300 61.23024400, -149.87341350 61.20437400)"
DL_ANLTK02005_L_0587,D-L,ANLTK02005,TESORO LOGISTICS OPERATIONS LLC OCEAN DOCK PETROLEUM TERMINAL,D,61.23024400,-149.89365300,L_0587,MOA Solid Waste Services Central Transfer Station,L,61.17008400,-149.86184400,190.47619050,6.91849719,6.91849719,1317.80898821,"LINESTRING (-149.89365300 61.23024400, -149.86184400 61.17008400)"
DL_ANLTK02005_L_0588,D-L,ANLTK02005,TESORO LOGISTICS OPERATIONS LLC OCEAN DOCK PETROLEUM TERMINAL,D,61.23024400,-149.89365300,L_0588,MOA Solid Waste Services Central Transfer Station,L,61.17084700,-148.13765600,190.47619050,94.64181375,94.64181375,18027.01214474,"LINESTRING (-149.89365300 61.23024400, -149.01482789 61.20338998, -148.13765600 61.17084700)"
DL_ANLTK02005_L_0594,D-L,ANLTK02005,TESORO LOGISTICS OPERATIONS LLC OCEAN DOCK PETROLEUM TERMINAL,D,61.23024400,-149.89365300,L_0594,Mountain View Shell,L,61.22450330,-149.81255720,476.19047620,4.40320601,4.40320601,2096.76476533,"LINESTRING (-149.89365300 61.23024400, -149.81255720 61.22450330)"
DL_ANLTK02005_L_0642,D-L,ANLTK02005,TESORO LOGISTICS OPERATIONS LLC OCEAN DOCK PETROLEUM TERMINAL,D,61.23024400,-149.89365300,L_0642,Prestige Care,L,61.22556900,-149.71553100,23.80952381,9.58277185,9.58277185,228.16123454,"LINESTRING (-149.89365300 61.23024400, -149.71553100 61.22556900)"
DL_ANLTK02005_L_0643,D-L,ANLTK02005,TESORO LOGISTICS OPERATIONS LLC OCEAN DOCK PETROLEUM TERMINAL,D,61.23024400,-149.89365300,L_0643,Providence Hospital,L,61.18763400,-149.81910300,47.61904762,6.21308461,6.21308461,295.86117186,"LINESTRING (-149.89365300 61.23024400, -149.81910300 61.18763400)"
DL_ANLTK02005_L_0677,D-L,ANLTK02005,TESORO LOGISTICS OPERATIONS LLC OCEAN DOCK PETROLEUM TERMINAL,D,61.23024400,-149.89365300,L_0677,Shoreside Tesoro Truck Stop,L,61.22196000,-149.84669250,976.19047620,2.68641412,2.68641412,2622.45187867,"LINESTRING (-149.89365300 61.23024400, -149.84669250 61.22196000)"
DL_ANLTK02005_L_0678,D-L,ANLTK02005,TESORO LOGISTICS OPERATIONS LLC OCEAN DOCK PETROLEUM TERMINAL,D,61.23024400,-149.89365300,L_0678,Shoreside Whittier | GCI Ocean Terminal Building,L,60.77251000,-148.68550000,1095.23809500,82.90968278,82.90968278,90805.84301958,"LINESTRING (-149.89365300 61.23024400, -149.28522983 61.00273322, -148.68550000 60.77251000)"
DL_ANLTK02005_L_0682,D-L,ANLTK02005,TESORO LOGISTICS OPERATIONS LLC OCEAN DOCK PETROLEUM TERMINAL,D,61.23024400,-149.89365300,L_0682,Signature Flight Support,L,61.16456100,-148.01363100,714.28571430,101.35245741,101.35245741,72394.61243909,"LINESTRING (-149.89365300 61.23024400, -149.26612807 61.21124916, -148.63941635 61.18935262, -148.01363100 61.16456100)"
DL_ANLTK02005_L_0704,D-L,ANLTK02005,TESORO LOGISTICS OPERATIONS LLC OCEAN DOCK PETROLEUM TERMINAL,D,61.23024400,-149.89365300,L_0704,Speedway Express #5302,L,61.10906700,-148.14065800,571.42857140,95.30226711,95.30226711,54458.43834467,"LINESTRING (-149.89365300 61.23024400, -149.01547415 61.17249241, -148.14065800 61.10906700)"
DL_ANLTK02005_L_0707,D-L,ANLTK02005,TESORO LOGISTICS OPERATIONS LLC OCEAN DOCK PETROLEUM TERMINAL,D,61.23024400,-149.89365300,L_0707,Speedway Express #5305,L,61.13869200,-148.15334200,619.04761900,94.16865382,94.16865382,58294.88093115,"LINESTRING (-149.89365300 61.23024400, -149.02223562 61.18726297, -148.15334200 61.13869200)"
DL_ANLTK02005_L_0713,D-L,ANLTK02005,TESORO LOGISTICS OPERATIONS LLC OCEAN DOCK PETROLEUM TERMINAL,D,61.23024400,-149.89365300,L_0713,Speedway Express #5311,L,61.22124100,-149.77799200,285.71428570,6.29413098,6.29413098,1798.32313571,"LINESTRING (-149.89365300 61.23024400, -149.77799200 61.22124100)"
DL_ANLTK02005_L_0722,D-L,ANLTK02005,TESORO LOGISTICS OPERATIONS LLC OCEAN DOCK PETROLEUM TERMINAL,D,61.23024400,-149.89365300,L_0722,Speedway Express #5323,L,61.16610000,-148.13182500,357.14285710,94.99996574,94.99996574,33928.55918780,"LINESTRING (-149.89365300 61.23024400, -149.01184345 61.20103556, -148.13182500 61.16610000)"
DL_ANLTK02005_L_0723,D-L,ANLTK02005,TESORO LOGISTICS OPERATIONS LLC OCEAN DOCK PETROLEUM TERMINAL,D,61.23024400,-149.89365300,L_0723,Speedway Express #5324,L,61.15939700,-148.16527200,285.71428570,93.27695249,93.27695249,26650.55785396,"LINESTRING (-149.89365300 61.23024400, -149.02849228 61.19757659, -148.16527200 61.15939700)"
DL_ANLTK02005_L_0725,D-L,ANLTK02005,TESORO LOGISTICS OPERATIONS LLC OCEAN DOCK PETROLEUM TERMINAL,D,61.23024400,-149.89365300,L_0725,Speedway Express #5326,L,61.15483300,-148.10828300,428.57142860,96.38057580,96.38057580,41305.96106118,"LINESTRING (-149.89365300 61.23024400, -148.99990132 61.19547949, -148.10828300 61.15483300)"
DL_ANLTK02005_L_0727,D-L,ANLTK02005,TESORO LOGISTICS OPERATIONS LLC OCEAN DOCK PETROLEUM TERMINAL,D,61.23024400,-149.89365300,L_0727,Speedway Express #5329,L,60.94041900,-148.82898300,952.38095240,65.90579902,65.90579902,62767.42763994,"LINESTRING (-149.89365300 61.23024400, -149.35888427 61.08638133, -148.82898300 60.94041900)"
DL_ANLTK02005_L_0730,D-L,ANLTK02005,TESORO LOGISTICS OPERATIONS LLC OCEAN DOCK PETROLEUM TERMINAL,D,61.23024400,-149.89365300,L_0730,Spenard Shell,L,61.19834040,-149.90549010,238.09523810,3.61157229,3.61157229,859.89816381,"LINESTRING (-149.89365300 61.23024400, -149.90549010 61.19834040)"
DL_ANLTK02005_L_0731,D-L,ANLTK02005,TESORO LOGISTICS OPERATIONS LLC OCEAN DOCK PETROLEUM TERMINAL,D,61.23024400,-149.89365300,L_0731,"Spernak Airways, Inc.",L,61.21422000,-149.84849250,238.09523810,3.01262872,3.01262872,717.29255154,"LINESTRING (-149.89365300 61.23024400, -149.84849250 61.21422000)"
DL_ANLTK02005_L_0740,D-L,ANLTK02005,TESORO LOGISTICS OPERATIONS LLC OCEAN DOCK PETROLEUM TERMINAL,D,61.23024400,-149.89365300,L_0740,Sunrise Inn,L,60.48539700,-148.26783100,142.85714290,121.22125550,121.22125550,17317.32221945,"LINESTRING (-149.89365300 61.23024400, -149.34327746 60.98416371, -148.80138418 60.73586277, -148.26783100 60.48539700)"
DL_ANLTK02005_L_0741,D-L,ANLTK02005,TESORO LOGISTICS OPERATIONS LLC OCEAN DOCK PETROLEUM TERMINAL,D,61.23024400,-149.89365300,L_0741,"Swissport USA, Inc.",L,61.17533900,-148.03253900,177.80740764,100.24103817,100.24103817,17823.59913618,"LINESTRING (-149.89365300 61.23024400, -149.27258014 61.21478326, -148.65217203 61.19647979, -148.03253900 61.17533900)"
DL_ANLTK02005_L_0746,D-L,ANLTK02005,TESORO LOGISTICS OPERATIONS LLC OCEAN DOCK PETROLEUM TERMINAL,D,61.23024400,-149.89365300,L_0746,Tanana Gas Company,L,65.17049280,-152.08079460,238.09523810,452.71170032,452.71170032,107788.50007950,"LINESTRING (-149.89365300 61.23024400, -150.08705818 61.62579254, -150.28546190 62.02103758, -150.48907624 62.41596728, -150.69812509 62.81056911, -150.91284502 63.20482978, -151.13348613 63.59873524, -151.36031303 63.99227059, -151.59360587 64.38542001, -151.83366148 64.77816670, -152.08079460 65.17049280)"
DL_ANLTK02005_L_0747,D-L,ANLTK02005,TESORO LOGISTICS OPERATIONS LLC OCEAN DOCK PETROLEUM TERMINAL,D,61.23024400,-149.89365300,L_0747,Tanana Gas Company,L,65.17096400,-151.91383900,238.09523810,450.80385931,450.80385931,107334.25221984,"LINESTRING (-149.89365300 61.23024400, -150.07229556 61.62563067, -150.25555342 62.02075505, -150.44362284 62.41560706, -150.63671109 62.81017603, -150.83503722 63.20445069, -151.03883291 63.59841907, -151.24834334 63.99206848, -151.46382820 64.38538545, -151.68556276 64.77835570, -151.91383900 65.17096400)"
DL_ANLTK02005_L_0775,D-L,ANLTK02005,TESORO LOGISTICS OPERATIONS LLC OCEAN DOCK PETROLEUM TERMINAL,D,61.23024400,-149.89365300,L_0775,The Frontier Building,L,61.18743600,-149.88628350,11.90476190,4.78662493,4.78662493,56.98363012,"LINESTRING (-149.89365300 61.23024400, -149.88628350 61.18743600)"
DL_ANLTK02005_L_0799,D-L,ANLTK02005,TESORO LOGISTICS OPERATIONS LLC OCEAN DOCK PETROLEUM TERMINAL,D,61.23024400,-149.89365300,L_0799,"Three Mile Creek Services, Inc.",L,61.21753000,-149.85826000,119.04761900,2.37129219,2.37129219,282.29668901,"LINESTRING (-149.89365300 61.23024400, -149.85826000 61.21753000)"
DL_ANLTK02005_L_0813,D-L,ANLTK02005,TESORO LOGISTICS OPERATIONS LLC OCEAN DOCK PETROLEUM TERMINAL,D,61.23024400,-149.89365300,L_0813,UAA - Gordon Hartlieb Building,L,61.19064000,-149.81812200,71.42857143,5.99645794,5.99645794,428.31842456,"LINESTRING (-149.89365300 61.23024400, -149.81812200 61.19064000)"
DL_ANLTK02005_L_0814,D-L,ANLTK02005,TESORO LOGISTICS OPERATIONS LLC OCEAN DOCK PETROLEUM TERMINAL,D,61.23024400,-149.89365300,L_0814,UAA - Gordon Hartlieb Building,L,61.19095800,-149.83166700,71.42857143,5.50133573,5.50133573,392.95255187,"LINESTRING (-149.89365300 61.23024400, -149.83166700 61.19095800)"
DL_ANLTK02005_L_0816,D-L,ANLTK02005,TESORO LOGISTICS OPERATIONS LLC OCEAN DOCK PETROLEUM TERMINAL,D,61.23024400,-149.89365300,L_0816,UAA Aviation  Facility,L,61.21422000,-149.82844050,23.80952381,3.93255901,3.93255901,93.63235728,"LINESTRING (-149.89365300 61.23024400, -149.82844050 61.21422000)"
DL_ANLTK02005_L_0833,D-L,ANLTK02005,TESORO LOGISTICS OPERATIONS LLC OCEAN DOCK PETROLEUM TERMINAL,D,61.23024400,-149.89365300,L_0833,Unnamed last-mile facility,L,60.96997690,-149.44927450,440.74533249,37.62416800,37.62416800,16582.67643284,"LINESTRING (-149.89365300 61.23024400, -149.44927450 60.96997690)"
DL_ANLTK02005_L_0836,D-L,ANLTK02005,TESORO LOGISTICS OPERATIONS LLC OCEAN DOCK PETROLEUM TERMINAL,D,61.23024400,-149.89365300,L_0836,Unnamed last-mile facility,L,61.18857200,-149.88720040,152.38095237,4.65655333,4.65655333,709.57003081,"LINESTRING (-149.89365300 61.23024400, -149.88720040 61.18857200)"
DL_ANLTK02005_L_0872,D-L,ANLTK02005,TESORO LOGISTICS OPERATIONS LLC OCEAN DOCK PETROLEUM TERMINAL,D,61.23024400,-149.89365300,L_0872,Unnamed last-mile facility,L,65.17055970,-152.08211120,213.84243575,452.73493295,452.73493295,96813.94081157,"LINESTRING (-149.89365300 61.23024400, -150.08717413 61.62580094, -150.28569691 62.02105405, -150.48943353 62.41599147, -150.69860805 62.81060064, -150.91345716 63.20486828, -151.13423113 63.59878030, -151.36119473 63.99232179, -151.59462828 64.38547691, -151.83482879 64.77822884, -152.08211120 65.17055970)"
DL_ANLTK02005_L_0881,D-L,ANLTK02005,TESORO LOGISTICS OPERATIONS LLC OCEAN DOCK PETROLEUM TERMINAL,D,61.23024400,-149.89365300,L_0881,USAF Eareckson AS,L,61.20882490,-149.86259910,47.61904762,2.91223643,2.91223643,138.67792524,"LINESTRING (-149.89365300 61.23024400, -149.86259910 61.20882490)"
DL_ANLTK02005_L_0914,D-L,ANLTK02005,TESORO LOGISTICS OPERATIONS LLC OCEAN DOCK PETROLEUM TERMINAL,D,61.23024400,-149.89365300,L_0914,Vitus ATA | Arctic Shell,L,61.18048270,-149.89866430,476.19047620,5.55156736,5.55156736,2643.60350441,"LINESTRING (-149.89365300 61.23024400, -149.89866430 61.18048270)"
DL_ANLTK02005_L_0922,D-L,ANLTK02005,TESORO LOGISTICS OPERATIONS LLC OCEAN DOCK PETROLEUM TERMINAL,D,61.23024400,-149.89365300,L_0922,Wells Fargo Bank Corporate Properties Group,L,61.19604900,-149.88793050,35.71428571,3.82283113,3.82283113,136.52968337,"LINESTRING (-149.89365300 61.23024400, -149.88793050 61.19604900)"
DL_ANLTK02006_L_0028,D-L,ANLTK02006,PETRO STAR INCORPORATED,D,61.23388600,-149.88981200,L_0028,2Go Mart-Tesoro Northstore #78 | Newman's Hilltop Tesoro | Townsite Foodmart & Liquor,L,61.73824000,-150.04442000,1285.71428600,56.80416179,56.80416179,73033.92231752,"LINESTRING (-149.88981200 61.23388600, -149.96649068 61.48608961, -150.04442000 61.73824000)"
DL_ANLTK02006_L_0032,D-L,ANLTK02006,PETRO STAR INCORPORATED,D,61.23388600,-149.88981200,L_0032,A-Frame Services,L,64.55158200,-149.09590350,380.95238100,371.97981796,371.97981796,141706.59733392,"LINESTRING (-149.88981200 61.23388600, -149.79995455 61.64891779, -149.70765571 62.06386363, -149.61280492 62.47872103, -149.51528494 62.89348734, -149.41497131 63.30815971, -149.31173178 63.72273513, -149.20542574 64.13721038, -149.09590350 64.55158200)"
DL_ANLTK02006_L_0033,D-L,ANLTK02006,PETRO STAR INCORPORATED,D,61.23388600,-149.88981200,L_0033,A-Frame Services,L,64.55779200,-148.90298300,380.95238100,373.85345947,373.85345947,142420.36553168,"LINESTRING (-149.88981200 61.23388600, -149.77814255 61.64982123, -149.66343240 62.06563741, -149.54554381 62.48133056, -149.42433071 62.89689643, -149.29963808 63.31233049, -149.17130120 63.72762792, -149.03914497 64.14278358, -148.90298300 64.55779200)"
DL_ANLTK02006_L_0127,D-L,ANLTK02006,PETRO STAR INCORPORATED,D,61.23388600,-149.88981200,L_0127,"Bettles Lodge, Inc",L,66.91865800,-150.48187800,238.09523810,634.37761614,634.37761614,151042.28955966,"LINESTRING (-149.88981200 61.23388600, -149.92750833 61.67141587, -149.96628626 62.10890690, -150.00619773 62.54635886, -150.04729798 62.98377151, -150.08964590 63.42114457, -150.13330431 63.85847773, -150.17834026 64.29577063, -150.22482546 64.73302291, -150.27283662 65.17023412, -150.32245594 65.60740380, -150.37377162 66.04453141, -150.42687835 66.48161636, -150.48187800 66.91865800)"
DL_ANLTK02006_L_0128,D-L,ANLTK02006,PETRO STAR INCORPORATED,D,61.23388600,-149.88981200,L_0128,"Bettles Lodge, Inc",L,66.92224500,-151.51054500,238.09523810,638.98374914,638.98374914,152138.98789248,"LINESTRING (-149.88981200 61.23388600, -149.99298069 61.67219478, -150.09911478 62.11039534, -150.20835633 62.54848415, -150.32085653 62.98645743, -150.43677641 63.42431114, -150.55628766 63.86204094, -150.67957352 64.29964222, -150.80682979 64.73711000, -150.93826588 65.17443894, -151.07410605 65.61162332, -151.21459072 66.04865697, -151.35997792 66.48553325, -151.51054500 66.92224500)"
DL_ANLTK02006_L_0135,D-L,ANLTK02006,PETRO STAR INCORPORATED,D,61.23388600,-149.88981200,L_0135,Big Lake Super Store,L,61.55341200,-149.81882400,285.71428570,35.80806958,35.80806958,10230.87702206,"LINESTRING (-149.88981200 61.23388600, -149.81882400 61.55341200)"
DL_ANLTK02006_L_0136,D-L,ANLTK02006,PETRO STAR INCORPORATED,D,61.23388600,-149.88981200,L_0136,Big Lake TEXACO,L,61.55416400,-149.81400000,11.90476190,35.91955358,35.91955358,427.61373297,"LINESTRING (-149.88981200 61.23388600, -149.81400000 61.55416400)"
DL_ANLTK02006_L_0303,D-L,ANLTK02006,PETRO STAR INCORPORATED,D,61.23388600,-149.88981200,L_0303,FAA Bettles,L,66.89322900,-151.56306700,11.90476190,636.09884189,636.09884189,7572.60525752,"LINESTRING (-149.88981200 61.23388600, -149.99644037 61.67000000, -150.10611771 62.10600062, -150.21898927 62.54188409, -150.33520958 62.97764636, -150.45494316 63.41328313, -150.57836535 63.84878976, -150.70566323 64.28416133, -150.83703660 64.71939255, -150.97269905 65.15447773, -151.11287924 65.58941077, -151.25782214 66.02418513, -151.40779062 66.45879374, -151.56306700 66.89322900)"
DL_ANLTK02006_L_0304,D-L,ANLTK02006,PETRO STAR INCORPORATED,D,61.23388600,-149.88981200,L_0304,FAA Bettles,L,66.91634000,-151.52141000,11.90476190,638.39654878,638.39654878,7599.95891101,"LINESTRING (-149.88981200 61.23388600, -149.99369540 61.67174814, -150.10056160 62.10950102, -150.21055332 62.54714104, -150.32382247 62.98466438, -150.44053080 63.42206693, -150.56085078 63.85934431, -150.68496646 64.29649183, -150.81307448 64.73350444, -150.94538514 65.17037676, -151.08212363 65.60710296, -151.22353134 66.04367680, -151.36986733 66.48009157, -151.52141000 66.91634000)"
DL_ANLTK02006_L_0336,D-L,ANLTK02006,PETRO STAR INCORPORATED,D,61.23388600,-149.88981200,L_0336,Fisher's Fuel - Healy Services,L,63.87586100,-148.98077800,657.14285710,298.14200269,298.14200269,195921.88747179,"LINESTRING (-149.88981200 61.23388600, -149.74915528 61.67468223, -149.60443225 62.11530126, -149.45544765 62.55573623, -149.30199370 62.99597981, -149.14384912 63.43602418, -148.98077800 63.87586100)"
DL_ANLTK02006_L_0337,D-L,ANLTK02006,PETRO STAR INCORPORATED,D,61.23388600,-149.88981200,L_0337,Fisher's Fuel - Healy Services | Cantwell Food Mart | Tsesyu Service Station,L,63.81215200,-148.96990920,1585.71428600,291.22864082,291.22864082,461805.41624752,"LINESTRING (-149.88981200 61.23388600, -149.74720268 61.66407097, -149.60057310 62.09407601, -149.44973518 62.52389423, -149.29448913 62.95351827, -149.13462249 63.38294031, -148.96990920 63.81215200)"
DL_ANLTK02006_L_0338,D-L,ANLTK02006,PETRO STAR INCORPORATED,D,61.23388600,-149.88981200,L_0338,Fisher's Fuel Inc,L,63.87598360,-149.01928350,714.28571430,297.85189797,297.85189797,212751.35569962,"LINESTRING (-149.88981200 61.23388600, -149.75511359 61.67466977, -149.61652119 62.11528867, -149.47384767 62.55573642, -149.32689394 62.99600634, -149.17544792 63.43609128, -149.01928350 63.87598360)"
DL_ANLTK02006_L_0606,D-L,ANLTK02006,PETRO STAR INCORPORATED,D,61.23388600,-149.88981200,L_0606,Newman's Hilltop Tesoro,L,61.73097800,-149.96050800,285.71428570,55.52241792,55.52241792,15863.54797619,"LINESTRING (-149.88981200 61.23388600, -149.92487822 61.48244115, -149.96050800 61.73097800)"
DL_ANLTK02006_L_0667,D-L,ANLTK02006,PETRO STAR INCORPORATED,D,61.23388600,-149.88981200,L_0667,Sheldon Air Service LLC,L,62.32037400,-150.09967350,71.42857143,121.58573130,121.58573130,8684.69509291,"LINESTRING (-149.88981200 61.23388600, -149.95813105 61.59610335, -150.02806373 61.95826642, -150.09967350 62.32037400)"
DL_ANLTK02006_L_0668,D-L,ANLTK02006,PETRO STAR INCORPORATED,D,61.23388600,-149.88981200,L_0668,Sheldon Air Service LLC,L,62.32115800,-149.90226900,71.42857143,121.16946762,121.16946762,8654.96197308,"LINESTRING (-149.88981200 61.23388600, -149.89386723 61.59632944, -149.89801830 61.95875338, -149.90226900 62.32115800)"
DL_ANLTK02006_L_0728,D-L,ANLTK02006,PETRO STAR INCORPORATED,D,61.23388600,-149.88981200,L_0728,Speedway Express #5330,L,62.13695800,-149.95947200,571.42857140,100.70624825,100.70624825,57546.42756905,"LINESTRING (-149.88981200 61.23388600, -149.91258222 61.53492726, -149.93579739 61.83595127, -149.95947200 62.13695800)"
DL_ANLTK02006_L_0744,D-L,ANLTK02006,PETRO STAR INCORPORATED,D,61.23388600,-149.88981200,L_0744,Talkeetna Public Safety Bldg,L,62.31876300,-150.10643250,47.61904762,121.44001625,121.44001625,5782.85791696,"LINESTRING (-149.88981200 61.23388600, -149.96033394 61.59556861, -150.03251901 61.95719471, -150.10643250 62.31876300)"
DL_ANLTK02006_L_0745,D-L,ANLTK02006,PETRO STAR INCORPORATED,D,61.23388600,-149.88981200,L_0745,Talkeetna Public Safety Bldg,L,62.31878900,-149.89268100,47.61904762,120.90375238,120.90375238,5757.32154217,"LINESTRING (-149.88981200 61.23388600, -149.89074602 61.59553957, -149.89170206 61.95717385, -149.89268100 62.31878900)"
DL_ANLTK02006_L_0766,D-L,ANLTK02006,PETRO STAR INCORPORATED,D,61.23388600,-149.88981200,L_0766,Tesoro,L,61.55320150,-149.81865200,363.68548632,35.78572071,35.78572071,13014.74723984,"LINESTRING (-149.88981200 61.23388600, -149.81865200 61.55320150)"
DL_ANLTK02006_L_0768,D-L,ANLTK02006,PETRO STAR INCORPORATED,D,61.23388600,-149.88981200,L_0768,Tesoro,L,61.73110500,-150.03937340,714.28571430,55.97877887,55.97877887,39984.84205427,"LINESTRING (-149.88981200 61.23388600, -149.96399643 61.48252057, -150.03937340 61.73110500)"
DL_ANLTK02006_L_0781,D-L,ANLTK02006,PETRO STAR INCORPORATED,D,61.23388600,-149.88981200,L_0781,Three Bears #27 Big Lake,L,61.54508700,-149.81633100,714.28571430,34.90050072,34.90050072,24928.92908688,"LINESTRING (-149.88981200 61.23388600, -149.81633100 61.54508700)"
DL_ANLTK02006_L_0784,D-L,ANLTK02006,PETRO STAR INCORPORATED,D,61.23388600,-149.88981200,L_0784,Three Bears #45,L,63.86511400,-148.98178600,857.14285710,296.95207892,296.95207892,254530.35334415,"LINESTRING (-149.88981200 61.23388600, -149.74926611 61.67288973, -149.60467419 62.11171674, -149.45584278 62.55036020, -149.30256609 62.98881283, -149.14462500 63.42706686, -148.98178600 63.86511400)"
DL_ANLTK02006_L_0785,D-L,ANLTK02006,PETRO STAR INCORPORATED,D,61.23388600,-149.88981200,L_0785,Three Bears #45 | Tri-Valley Gas,L,64.05022670,-149.17825820,1238.09523800,316.00700497,316.00700497,391246.76802416,"LINESTRING (-149.88981200 61.23388600, -149.79613547 61.63650360, -149.69999223 62.03903152, -149.60127414 62.44146710, -149.49986671 62.84380751, -149.39564863 63.24604974, -149.28849130 63.64819061, -149.17825820 64.05022670)"
DL_ANLTK02006_L_0808,D-L,ANLTK02006,PETRO STAR INCORPORATED,D,61.23388600,-149.88981200,L_0808,Townsite Foodmart & Liquor,L,61.75957200,-149.95537500,357.14285710,58.68501761,58.68501761,20958.93485926,"LINESTRING (-149.88981200 61.23388600, -149.92231699 61.49673804, -149.95537500 61.75957200)"
DL_ANLTK02006_L_0844,D-L,ANLTK02006,PETRO STAR INCORPORATED,D,61.23388600,-149.88981200,L_0844,Unnamed last-mile facility,L,61.73923390,-150.04291990,714.28571430,56.90222429,56.90222429,40644.44592020,"LINESTRING (-149.88981200 61.23388600, -149.96574546 61.48658615, -150.04291990 61.73923390)"
DL_ANLTK02006_L_0847,D-L,ANLTK02006,PETRO STAR INCORPORATED,D,61.23388600,-149.88981200,L_0847,Unnamed last-mile facility,L,62.31434600,-150.23221700,105.65685269,121.75699022,121.75699022,12864.46037965,"LINESTRING (-149.88981200 61.23388600, -150.00129469 61.59415266, -150.11539571 61.95430715, -150.23221700 62.31434600)"
DL_ANLTK02006_L_0848,D-L,ANLTK02006,PETRO STAR INCORPORATED,D,61.23388600,-149.88981200,L_0848,Unnamed last-mile facility,L,62.32571110,-150.23769150,105.14233344,123.05201610,123.05201610,12937.97610750,"LINESTRING (-149.88981200 61.23388600, -150.00304830 61.59794445, -150.11897287 61.96188735, -150.23769150 62.32571110)"
DL_ANLTK02006_L_0859,D-L,ANLTK02006,PETRO STAR INCORPORATED,D,61.23388600,-149.88981200,L_0859,Unnamed last-mile facility,L,63.39001770,-148.90329030,586.44785657,245.68065224,245.68065224,144078.89190440,"LINESTRING (-149.88981200 61.23388600, -149.70355670 61.66571297, -149.51203070 62.09725202, -149.31498790 62.52849114, -149.11216700 62.95941757, -148.90329030 63.39001770)"
DL_ANLTK02006_L_0861,D-L,ANLTK02006,PETRO STAR INCORPORATED,D,61.23388600,-149.88981200,L_0861,Unnamed last-mile facility,L,64.25650330,-149.18696460,714.28571430,338.79781833,338.79781833,241998.44167165,"LINESTRING (-149.88981200 61.23388600, -149.79787292 61.66597587, -149.70332988 62.09797480, -149.60605989 62.52988006, -149.50593217 62.96168875, -149.40280754 63.39339777, -149.29653772 63.82500381, -149.18696460 64.25650330)"
DL_ANLTK02006_L_0873,D-L,ANLTK02006,PETRO STAR INCORPORATED,D,61.23388600,-149.88981200,L_0873,Unnamed last-mile facility,L,65.88085950,-149.72000170,263.99830625,518.06678410,518.06678410,136768.75352811,"LINESTRING (-149.88981200 61.23388600, -149.87650769 61.65647321, -149.86283508 62.07903280, -149.84877713 62.50156497, -149.83431573 62.92406993, -149.81943160 63.34654787, -149.80410426 63.76899899, -149.78831186 64.19142350, -149.77203114 64.61382161, -149.75523722 65.03619351, -149.73790354 65.45853940, -149.72000170 65.88085950)"
DL_ANLTK02006_L_0874,D-L,ANLTK02006,PETRO STAR INCORPORATED,D,61.23388600,-149.88981200,L_0874,Unnamed last-mile facility,L,68.62793460,-149.59419650,110.31717047,824.48288174,824.48288174,90954.61861653,"LINESTRING (-149.88981200 61.23388600, -149.87641760 61.66905485, -149.86264101 62.10419448, -149.84846399 62.53930512, -149.83386712 62.97438698, -149.81882970 63.40944029, -149.80332969 63.84446528, -149.78734352 64.27946216, -149.77084604 64.71443117, -149.75381033 65.14937253, -149.73620754 65.58428648, -149.71800677 66.01917322, -149.69917482 66.45403298, -149.67967598 66.88886598, -149.65947183 67.32367244, -149.63852096 67.75845256, -149.61677863 68.19320655, -149.59419650 68.62793460)"
DL_ANLTK02006_L_0892,D-L,ANLTK02006,PETRO STAR INCORPORATED,D,61.23388600,-149.88981200,L_0892,USIBELLI Coal Mine Inc.,L,63.73169930,-148.89207800,47.61904762,283.09493429,283.09493429,13480.71115683,"LINESTRING (-149.88981200 61.23388600, -149.73476675 61.65073089, -149.57549062 62.06736982, -149.41179250 62.48379484, -149.24346983 62.89999751, -149.07030772 63.31596884, -148.89207800 63.73169930)"
DL_ANLTK02006_L_0915,D-L,ANLTK02006,PETRO STAR INCORPORATED,D,61.23388600,-149.88981200,L_0915,Vitus Cantwell | Chevron,L,63.39527660,-148.89262300,478.60618525,246.36842948,246.36842948,117913.45419807,"LINESTRING (-149.88981200 61.23388600, -149.70157063 61.66677682, -149.50798885 62.09937399, -149.30881670 62.53166521, -149.10378878 62.96363739, -148.89262300 63.39527660)"
DL_ANLTK02006_L_0917,D-L,ANLTK02006,PETRO STAR INCORPORATED,D,61.23388600,-149.88981200,L_0917,Vitus HLY | Miners Market,L,63.86523460,-149.01836670,738.09523810,296.67568418,296.67568418,218974.90975264,"LINESTRING (-149.88981200 61.23388600, -149.75492842 61.67287858, -149.61616186 62.11170615, -149.47332655 62.55036244, -149.32622485 62.98884079, -149.17464634 63.42713405, -149.01836670 63.86523460)"
DL_ANLTK02007_L_0011,D-L,ANLTK02007,TESORO LOGISTICS OPERATIONS LP,D,61.23550500,-149.88370600,L_0011,2Go Mart-Tesoro Northstore #12,L,61.58127600,-149.44075200,357.14285710,45.21480744,45.21480744,16148.14551221,"LINESTRING (-149.88370600 61.23550500, -149.44075200 61.58127600)"
DL_ANLTK02007_L_0019,D-L,ANLTK02007,TESORO LOGISTICS OPERATIONS LP,D,61.23550500,-149.88370600,L_0019,2Go Mart-Tesoro Northstore #52,L,61.58237840,-149.63035090,619.04761900,40.95420134,40.95420134,25352.60082477,"LINESTRING (-149.88370600 61.23550500, -149.63035090 61.58237840)"
DL_ANLTK02007_L_0020,D-L,ANLTK02007,TESORO LOGISTICS OPERATIONS LP,D,61.23550500,-149.88370600,L_0020,2Go Mart-Tesoro Northstore #53,L,61.57787400,-149.40956250,619.04761900,45.79273061,45.79273061,28347.88085469,"LINESTRING (-149.88370600 61.23550500, -149.40956250 61.57787400)"
DL_ANLTK02007_L_0027,D-L,ANLTK02007,TESORO LOGISTICS OPERATIONS LP,D,61.23550500,-149.88370600,L_0027,2Go Mart-Tesoro Northstore #76,L,61.58413800,-149.35859100,357.14285710,47.91533841,47.91533841,17112.62085862,"LINESTRING (-149.88370600 61.23550500, -149.35859100 61.58413800)"
DL_ANLTK02007_L_0047,D-L,ANLTK02007,TESORO LOGISTICS OPERATIONS LP,D,61.23550500,-149.88370600,L_0047,ADOC - Palmer Correctional Center,L,61.66370700,-149.08723070,95.23809524,63.88888407,63.88888407,6084.65562604,"LINESTRING (-149.88370600 61.23550500, -149.48819924 61.45019127, -149.08723070 61.66370700)"
DL_ANLTK02007_L_0048,D-L,ANLTK02007,TESORO LOGISTICS OPERATIONS LP,D,61.23550500,-149.88370600,L_0048,ADOC - Palmer Correctional Center,L,61.69248100,-148.98764400,53.57142857,69.82487150,69.82487150,3740.61811574,"LINESTRING (-149.88370600 61.23550500, -149.43895578 61.46473311, -148.98764400 61.69248100)"
DL_ANLTK02007_L_0054,D-L,ANLTK02007,TESORO LOGISTICS OPERATIONS LP,D,61.23550500,-149.88370600,L_0054,ADOT&PF Fairbanks M&O Shop,L,64.82610600,-146.22756400,238.09523810,440.76454012,440.76454012,104943.93812613,"LINESTRING (-149.88370600 61.23550500, -149.51984072 61.63896877, -149.14638393 62.04141571, -148.76293870 62.44280253, -148.36908777 62.84308349, -147.96439233 63.24221023, -147.54839082 63.64013160, -147.12059756 64.03679347, -146.68050134 64.43213851, -146.22756400 64.82610600)"
DL_ANLTK02007_L_0061,D-L,ANLTK02007,TESORO LOGISTICS OPERATIONS LP,D,61.23550500,-149.88370600,L_0061,Air Arctic,L,64.81016400,-146.14951700,357.14285710,440.84660237,440.84660237,157445.21511157,"LINESTRING (-149.88370600 61.23550500, -149.51188327 61.63738935, -149.13029939 62.03821323, -148.73855344 62.43793162, -148.33622424 62.83649696, -147.92286917 63.23385899, -147.49802293 63.62996458, -147.06119630 64.02475752, -146.61187474 64.41817833, -146.14951700 64.81016400)"
DL_ANLTK02007_L_0063,D-L,ANLTK02007,TESORO LOGISTICS OPERATIONS LP,D,61.23550500,-149.88370600,L_0063,Airport Gas and Oil,L,64.82608300,-146.14257200,714.28571430,442.57743270,442.57743270,316126.73765113,"LINESTRING (-149.88370600 61.23550500, -149.51138877 61.63917390, -149.12925265 62.04177929, -148.73689236 62.44327580, -148.33388194 62.84361551, -147.91977367 63.24274778, -147.49409674 63.64061904, -147.05635598 64.03717259, -146.60603045 64.43234844, -146.14257200 64.82608300)"
DL_ANLTK02007_L_0085,D-L,ANLTK02007,TESORO LOGISTICS OPERATIONS LP,D,61.23550500,-149.88370600,L_0085,AT&T - Black Rapids Microwave Repeater,L,63.49873400,-145.85027800,238.09523810,327.32154627,327.32154627,77933.70149329,"LINESTRING (-149.88370600 61.23550500, -149.34387979 61.56580863, -148.79249202 61.89391768, -148.22921178 62.21975504, -147.65370034 62.54324050, -147.06561132 62.86429059, -146.46459088 63.18281852, -145.85027800 63.49873400)"
DL_ANLTK02007_L_0086,D-L,ANLTK02007,TESORO LOGISTICS OPERATIONS LP,D,61.23550500,-149.88370600,L_0086,AT&T - Canyon Creek Microwave Repeater,L,64.30572500,-145.45240000,119.04761900,410.05397682,410.05397682,48815.94960240,"LINESTRING (-149.88370600 61.23550500, -149.43519684 61.58329468, -148.97654843 61.92956160, -148.50742562 62.27424948, -148.02748121 62.61729948, -147.53635564 62.95865006, -147.03367667 63.29823684, -146.51905902 63.63599246, -145.99210416 63.97184643, -145.45240000 64.30572500)"
DL_ANLTK02007_L_0087,D-L,ANLTK02007,TESORO LOGISTICS OPERATIONS LP,D,61.23550500,-149.88370600,L_0087,AT&T - Canyon Creek Microwave Repeater,L,64.31191200,-146.54203200,119.04761900,382.88255491,382.88255491,45581.25651895,"LINESTRING (-149.88370600 61.23550500, -149.50265798 61.62428470, -149.11194340 62.01195399, -148.71118193 62.39846717, -148.29997505 62.78377614, -147.87790511 63.16783013, -147.44453432 63.55057562, -146.99940370 63.93195613, -146.54203200 64.31191200)"
DL_ANLTK02007_L_0091,D-L,ANLTK02007,TESORO LOGISTICS OPERATIONS LP,D,61.23550500,-149.88370600,L_0091,AT&T - Gerstle River Microwave Repeater,L,63.79957200,-144.99161900,238.09523810,380.79097430,380.79097430,90664.51769170,"LINESTRING (-149.88370600 61.23550500, -149.31698027 61.56509596, -148.73814794 61.89226998, -148.14687263 62.21694231, -147.54281113 62.53902486, -146.92561369 62.85842610, -146.29492444 63.17505088, -145.65038179 63.48880040, -144.99161900 63.79957200)"
DL_ANLTK02007_L_0092,D-L,ANLTK02007,TESORO LOGISTICS OPERATIONS LP,D,61.23550500,-149.88370600,L_0092,AT&T - Gerstle River Microwave Repeater,L,64.04665000,-145.73621000,238.09523810,378.55096126,378.55096126,90131.18125395,"LINESTRING (-149.88370600 61.23550500, -149.40685544 61.59340737, -148.91890552 61.94958899, -148.41948204 62.30398435, -147.90819745 62.65652483, -147.38465046 63.00713862, -146.84842574 63.35575053, -146.29909365 63.70228181, -145.73621000 64.04665000)"
DL_ANLTK02007_L_0093,D-L,ANLTK02007,TESORO LOGISTICS OPERATIONS LP,D,61.23550500,-149.88370600,L_0093,AT&T - Harding Lake Microwave Repeater,L,64.40941400,-145.04248100,119.04761900,431.08926293,431.08926293,51320.15032823,"LINESTRING (-149.88370600 61.23550500, -149.39540647 61.59607141, -148.89565533 61.95483389, -148.38406559 62.31172321, -147.86023655 62.66666685, -147.32375349 63.01958892, -146.77418738 63.37040991, -146.21109463 63.71904658, -145.63401692 64.06541172, -145.04248100 64.40941400)"
DL_ANLTK02007_L_0094,D-L,ANLTK02007,TESORO LOGISTICS OPERATIONS LP,D,61.23550500,-149.88370600,L_0094,AT&T - Harding Lake Microwave Repeater,L,64.45256400,-146.91338100,119.04761900,389.08960640,389.08960640,46320.19121971,"LINESTRING (-149.88370600 61.23550500, -149.54650218 61.64098812, -149.20036218 62.04559426, -148.84491056 62.44928608, -148.47975210 62.85202406, -148.10447052 63.25376641, -147.71862722 63.65446890, -147.32175988 64.05408465, -146.91338100 64.45256400)"
DL_ANLTK02007_L_0103,D-L,ANLTK02007,TESORO LOGISTICS OPERATIONS LP,D,61.23550500,-149.88370600,L_0103,AT&T - Neklasson Lake Earth Station,L,61.62009300,-149.25649050,119.04761900,54.38343964,54.38343964,6474.21900203,"LINESTRING (-149.88370600 61.23550500, -149.57202799 61.42816277, -149.25649050 61.62009300)"
DL_ANLTK02007_L_0113,D-L,ANLTK02007,TESORO LOGISTICS OPERATIONS LP,D,61.23550500,-149.88370600,L_0113,AT&T Delta Junction Facility,L,64.03745300,-144.27003300,119.04761900,424.51414305,424.51414305,50537.39796189,"LINESTRING (-149.88370600 61.23550500, -149.31079882 61.55753993, -148.72594233 61.87710676, -148.12881880 62.19412100, -147.51910498 62.50849493, -146.89647244 62.82013755, -146.26058807 63.12895443, -145.61111450 63.43484761, -144.94771077 63.73771556, -144.27003300 64.03745300)"
DL_ANLTK02007_L_0114,D-L,ANLTK02007,TESORO LOGISTICS OPERATIONS LP,D,61.23550500,-149.88370600,L_0114,AT&T Delta Junction Facility,L,64.03773060,-145.73164190,119.04761900,377.87897073,377.87897073,44985.59173547,"LINESTRING (-149.88370600 61.23550500, -149.40619655 61.59230787, -148.91760761 61.94738549, -148.41756736 62.30067235, -147.90569079 62.65209991, -147.38157938 63.00159641, -146.84482077 63.34908674, -146.29498852 63.69449225, -145.73164190 64.03773060)"
DL_ANLTK02007_L_0155,D-L,ANLTK02007,TESORO LOGISTICS OPERATIONS LP,D,61.23550500,-149.88370600,L_0155,Buffalo Center Service,L,64.04099000,-145.73374000,523.80952380,378.11199763,378.11199763,198058.66542240,"LINESTRING (-149.88370600 61.23550500, -149.40648662 61.59270832, -148.91818166 61.94818839, -148.41841846 62.30187971, -147.90681112 62.65371373, -147.38296012 63.00361868, -146.84645205 63.35151943, -146.29685933 63.69733733, -145.73374000 64.04099000)"
DL_ANLTK02007_L_0156,D-L,ANLTK02007,TESORO LOGISTICS OPERATIONS LP,D,61.23550500,-149.88370600,L_0156,Buffalo Center Service,L,64.04285680,-145.72859160,238.09523810,378.42837456,378.42837456,90101.99394572,"LINESTRING (-149.88370600 61.23550500, -149.40592326 61.59295744, -148.91703393 61.94868256, -148.41666448 62.30261465, -147.90442802 62.65468496, -147.37992406 63.00482148, -146.84273816 63.35294886, -146.29244170 63.69898818, -145.72859160 64.04285680)"
DL_ANLTK02007_L_0184,D-L,ANLTK02007,TESORO LOGISTICS OPERATIONS LP,D,61.23550500,-149.88370600,L_0184,Chevron,L,61.58190150,-149.46650300,454.91508861,44.57083222,44.57083222,20275.94408877,"LINESTRING (-149.88370600 61.23550500, -149.46650300 61.58190150)"
DL_ANLTK02007_L_0185,D-L,ANLTK02007,TESORO LOGISTICS OPERATIONS LP,D,61.23550500,-149.88370600,L_0185,Chevron,L,61.58198090,-149.46601700,454.19112199,44.59146174,44.59146174,20253.04604087,"LINESTRING (-149.88370600 61.23550500, -149.46601700 61.58198090)"
DL_ANLTK02007_L_0216,D-L,ANLTK02007,TESORO LOGISTICS OPERATIONS LP,D,61.23550500,-149.88370600,L_0216,City of Fairbanks Dept of Public Works,L,64.82847800,-146.23078900,238.09523810,440.93315218,440.93315218,104984.08385505,"LINESTRING (-149.88370600 61.23550500, -149.52019002 61.63922434, -149.14708544 62.04192873, -148.76399513 62.44357491, -148.37050155 62.84411720, -147.96616561 63.24350731, -147.55052539 63.64169413, -147.12309481 64.03862360, -146.68336225 64.43423845, -146.23078900 64.82847800)"
DL_ANLTK02007_L_0222,D-L,ANLTK02007,TESORO LOGISTICS OPERATIONS LP,D,61.23550500,-149.88370600,L_0222,Clearwater Store,L,64.05602200,-144.51601400,47.61904762,417.58377439,417.58377439,19884.94163823,"LINESTRING (-149.88370600 61.23550500, -149.33618508 61.55868600, -148.77719873 61.87961123, -148.20643203 62.19820319, -147.62356348 62.51438134, -147.02826524 62.82806204, -146.42020338 63.13915841, -145.79903830 63.44758023, -145.16442506 63.75323383, -144.51601400 64.05602200)"
DL_ANLTK02007_L_0241,D-L,ANLTK02007,TESORO LOGISTICS OPERATIONS LP,D,61.23550500,-149.88370600,L_0241,Crowley Fuels - ACE Fuels,L,61.57273500,-149.54782950,142.85714290,41.64284225,41.64284225,5948.97746664,"LINESTRING (-149.88370600 61.23550500, -149.54782950 61.57273500)"
DL_ANLTK02007_L_0244,D-L,ANLTK02007,TESORO LOGISTICS OPERATIONS LP,D,61.23550500,-149.88370600,L_0244,"Crowley Fuels - Delta Junction | Delta Petro-Wash, LLC | Tanana Trading Post | US Army Cold Regions Test Center | AT&T - McCallum Microwave Repeater | AT&T - Black Rapids Microwave Repeater",L,63.57596190,-145.86924070,2476.19047600,333.21564307,333.21564307,825105.40181800,"LINESTRING (-149.88370600 61.23550500, -149.34766730 61.57676513, -148.79975582 61.91585906, -148.23961350 62.25270811, -147.66687265 62.58723023, -147.08115612 62.91933995, -146.48207737 63.24894813, -145.86924070 63.57596190)"
DL_ANLTK02007_L_0251,D-L,ANLTK02007,TESORO LOGISTICS OPERATIONS LP,D,61.23550500,-149.88370600,L_0251,Crowley Fuels - Palmer-Wasilla Kwik Kard,L,61.58369700,-149.38831350,571.42857140,46.96333213,46.96333213,26836.18978450,"LINESTRING (-149.88370600 61.23550500, -149.38831350 61.58369700)"
DL_ANLTK02007_L_0254,D-L,ANLTK02007,TESORO LOGISTICS OPERATIONS LP,D,61.23550500,-149.88370600,L_0254,Crowley Fuels - Parks & Vine Extension | Shell,L,61.58061970,-149.60416850,1714.28571400,41.25465412,41.25465412,70722.26420239,"LINESTRING (-149.88370600 61.23550500, -149.60416850 61.58061970)"
DL_ANLTK02007_L_0266,D-L,ANLTK02007,TESORO LOGISTICS OPERATIONS LP,D,61.23550500,-149.88370600,L_0266,"Delta Petro-Wash, LLC",L,64.03109400,-144.26854400,1261.90476200,424.06665270,424.06665270,535131.72844558,"LINESTRING (-149.88370600 61.23550500, -149.31053066 61.55684070, -148.72542714 61.87570614, -148.12807950 62.19201695, -147.51816637 62.50568554, -146.89536134 62.81662105, -146.25933338 63.12472921, -145.60974738 63.42991227, -144.94626473 63.73206888, -144.26854400 64.03109400)"
DL_ANLTK02007_L_0274,D-L,ANLTK02007,TESORO LOGISTICS OPERATIONS LP,D,61.23550500,-149.88370600,L_0274,Doyon Utilities at Fort Greely (FGA),L,63.95555000,-145.73199000,833.33333330,370.51086269,370.51086269,308759.05222804,"LINESTRING (-149.88370600 61.23550500, -149.40500120 61.58204548, -148.91551780 61.92685397, -148.41490838 62.26986662, -147.90281394 62.61101673, -147.37886371 62.95023461, -146.84267494 63.28744743, -146.29385275 63.62257908, -145.73199000 63.95555000)"
DL_ANLTK02007_L_0275,D-L,ANLTK02007,TESORO LOGISTICS OPERATIONS LP,D,61.23550500,-149.88370600,L_0275,Doyon Utilities at Fort Greely (FGA),L,63.97372200,-144.28386700,449.02122494,419.05221729,419.05221729,188163.33992175,"LINESTRING (-149.88370600 61.23550500, -149.31104444 61.55042300, -148.72670982 61.86287641, -148.13040297 62.17278276, -147.52182012 62.48005657, -146.90065329 62.78460921, -146.26659076 63.08634889, -145.61931757 63.38518049, -144.95851616 63.68100551, -144.28386700 63.97372200)"
DL_ANLTK02007_L_0289,D-L,ANLTK02007,TESORO LOGISTICS OPERATIONS LP,D,61.23550500,-149.88370600,L_0289,Essential One - Wasilla #1,L,61.58356200,-149.37924150,1428.57142900,47.22567169,47.22567169,67465.24529465,"LINESTRING (-149.88370600 61.23550500, -149.37924150 61.58356200)"
DL_ANLTK02007_L_0290,D-L,ANLTK02007,TESORO LOGISTICS OPERATIONS LP,D,61.23550500,-149.88370600,L_0290,Essential One - Wasilla #1,L,61.58448100,-149.38224400,1452.38095200,47.21845453,47.21845453,68579.18394321,"LINESTRING (-149.88370600 61.23550500, -149.38224400 61.58448100)"
DL_ANLTK02007_L_0291,D-L,ANLTK02007,TESORO LOGISTICS OPERATIONS LP,D,61.23550500,-149.88370600,L_0291,Ester Gas,L,64.84421700,-147.98955800,285.71428570,413.45016894,413.45016894,118128.61969218,"LINESTRING (-149.88370600 61.23550500, -149.69525637 61.63775045, -149.50185011 62.03970577, -149.30327284 62.44135952, -149.09929796 62.84269959, -148.88968582 63.24371315, -148.67418269 63.64438658, -148.45251985 64.04470543, -148.22441237 64.44465435, -147.98955800 64.84421700)"
DL_ANLTK02007_L_0292,D-L,ANLTK02007,TESORO LOGISTICS OPERATIONS LP,D,61.23550500,-149.88370600,L_0292,Ester Gas,L,64.84422660,-148.00952910,296.68885314,413.21908997,413.21908997,122597.49790003,"LINESTRING (-149.88370600 61.23550500, -149.69724295 61.63772667, -149.50587579 62.03966379, -149.30939234 62.44130517, -149.10756834 62.84263897, -148.90016656 63.24365263, -148.68693590 63.64433281, -148.46761032 64.04466538, -148.24190780 64.44463530, -148.00952910 64.84422660)"
DL_ANLTK02007_L_0293,D-L,ANLTK02007,TESORO LOGISTICS OPERATIONS LP,D,61.23550500,-149.88370600,L_0293,Ester Gas,L,64.84457630,-148.01157320,285.71428570,413.23327875,413.23327875,118066.65106602,"LINESTRING (-149.88370600 61.23550500, -149.69744844 61.63776300, -149.50629171 62.03973702, -149.31002382 62.44141590, -149.10842071 62.84278782, -148.90124535 63.24384023, -148.68824684 63.64455985, -148.46915937 64.04493256, -148.24370116 64.44494336, -148.01157320 64.84457630)"
DL_ANLTK02007_L_0307,D-L,ANLTK02007,TESORO LOGISTICS OPERATIONS LP,D,61.23550500,-149.88370600,L_0307,FAA Fairbanks,L,64.82745300,-146.18490800,11.90476190,441.80540201,441.80540201,5259.58811700,"LINESTRING (-149.88370600 61.23550500, -149.51561536 61.63922196, -149.13781582 62.04189886, -148.74990593 62.44349137, -148.35146374 62.84395263, -147.94204556 63.24323314, -147.52118478 63.64128051, -147.08839051 64.03803932, -146.64314615 64.43345088, -146.18490800 64.82745300)"
DL_ANLTK02007_L_0322,D-L,ANLTK02007,TESORO LOGISTICS OPERATIONS LP,D,61.23550500,-149.88370600,L_0322,Fairbanks Memorial Hospital,L,64.83168100,-146.25859700,607.07450433,440.66782398,440.66782398,267518.20081799,"LINESTRING (-149.88370600 61.23550500, -149.52299347 61.63951313, -149.15275908 62.04252148, -148.77260774 62.44448744, -148.38212397 62.84536599, -147.98087079 63.24510952, -147.56838838 63.64366770, -147.14419280 64.04098720, -146.70777453 64.43701157, -146.25859700 64.83168100)"
DL_ANLTK02007_L_0329,D-L,ANLTK02007,TESORO LOGISTICS OPERATIONS LP,D,61.23550500,-149.88370600,L_0329,Fairview Marketplace - Wasilla Shell,L,61.56831600,-149.31932400,428.57142860,47.79623128,47.79623128,20484.09912296,"LINESTRING (-149.88370600 61.23550500, -149.31932400 61.56831600)"
DL_ANLTK02007_L_0339,D-L,ANLTK02007,TESORO LOGISTICS OPERATIONS LP,D,61.23550500,-149.88370600,L_0339,"Fisher's Fuel, Inc.",L,61.56862760,-149.70676240,714.28571430,38.30636012,38.30636012,27361.68580209,"LINESTRING (-149.88370600 61.23550500, -149.70676240 61.56862760)"
DL_ANLTK02007_L_0341,D-L,ANLTK02007,TESORO LOGISTICS OPERATIONS LP,D,61.23550500,-149.88370600,L_0341,Fisher's Hill Top Tesoro,L,61.71005700,-148.93950150,309.52380950,73.00149637,73.00149637,22595.70125659,"LINESTRING (-149.88370600 61.23550500, -149.41519509 61.47360248, -148.93950150 61.71005700)"
DL_ANLTK02007_L_0344,D-L,ANLTK02007,TESORO LOGISTICS OPERATIONS LP,D,61.23550500,-149.88370600,L_0344,Fishers Bulk Fuel Facility,L,61.56803700,-149.70586050,785.71428570,38.25454318,38.25454318,30057.14106699,"LINESTRING (-149.88370600 61.23550500, -149.70586050 61.56803700)"
DL_ANLTK02007_L_0345,D-L,ANLTK02007,TESORO LOGISTICS OPERATIONS LP,D,61.23550500,-149.88370600,L_0345,Fishhook Food Mart,L,61.61383800,-149.39629200,523.80952380,49.54260020,49.54260020,25950.88581810,"LINESTRING (-149.88370600 61.23550500, -149.39629200 61.61383800)"
DL_ANLTK02007_L_0357,D-L,ANLTK02007,TESORO LOGISTICS OPERATIONS LP,D,61.23550500,-149.88370600,L_0357,FNSB - Effie Kokrine Charter School,L,64.84786900,-146.16114200,59.52380952,444.34568973,444.34568973,26449.14819624,"LINESTRING (-149.88370600 61.23550500, -149.51350294 61.64154692, -149.13347741 62.04653671, -148.74322080 62.45042925, -148.34230355 62.85317685, -147.93027385 63.25472908, -147.50665636 63.65503259, -147.07095089 64.05403090, -146.62263089 64.45166417, -146.16114200 64.84786900)"
DL_ANLTK02007_L_0361,D-L,ANLTK02007,TESORO LOGISTICS OPERATIONS LP,D,61.23550500,-149.88370600,L_0361,FNSB - Hutchison Career Center,L,64.85225300,-146.18457200,23.80952381,444.28390270,444.28390270,10578.18815984,"LINESTRING (-149.88370600 61.23550500, -149.51588466 61.64197626, -149.13829323 62.04740850, -148.75052443 62.45175714, -148.35215001 62.85497503, -147.94271944 63.25701234, -147.52175867 63.65781631, -147.08876873 64.05733112, -146.64322426 64.45549758, -146.18457200 64.85225300)"
DL_ANLTK02007_L_0385,D-L,ANLTK02007,TESORO LOGISTICS OPERATIONS LP,D,61.23550500,-149.88370600,L_0385,FNSB - Salcha Elementary,L,64.48150800,-146.96257050,47.61904762,391.07896275,391.07896275,18622.80775038,"LINESTRING (-149.88370600 61.23550500, -149.55239204 61.64449759, -149.21221925 62.05264220, -148.86281103 62.45990243, -148.50377060 62.86623979, -148.13467969 63.27161352, -147.75509724 63.67598044, -147.36455790 64.07929478, -146.96257050 64.48150800)"
DL_ANLTK02007_L_0386,D-L,ANLTK02007,TESORO LOGISTICS OPERATIONS LP,D,61.23550500,-149.88370600,L_0386,FNSB - Salcha Elementary,L,64.48246700,-145.02217200,47.61904762,438.19536948,438.19536948,20866.44616629,"LINESTRING (-149.88370600 61.23550500, -149.39452617 61.60424082, -148.89360644 61.97116479, -148.38053819 62.33620574, -147.85489766 62.69928907, -147.31624555 63.06033659, -146.76412665 63.41926627, -146.19806953 63.77599211, -145.61758622 64.13042389, -145.02217200 64.48246700)"
DL_ANLTK02007_L_0391,D-L,ANLTK02007,TESORO LOGISTICS OPERATIONS LP,D,61.23550500,-149.88370600,L_0391,FNSB - Transit Garage - Bus Maintenance,L,64.81899400,-146.22268100,238.09523810,440.15836825,440.15836825,104799.61148949,"LINESTRING (-149.88370600 61.23550500, -149.51926924 61.63819092, -149.14524505 62.03985703, -148.76123764 62.44045997, -148.36683103 62.83995395, -147.96158781 63.23829059, -147.54504797 63.63541869, -147.11672755 64.03128409, -146.67611725 64.42582944, -146.22268100 64.81899400)"
DL_ANLTK02007_L_0395,D-L,ANLTK02007,TESORO LOGISTICS OPERATIONS LP,D,61.23550500,-149.88370600,L_0395,FNSB - University Park Elementary School,L,64.84611100,-146.15392500,95.23809524,444.32492898,444.32492898,42316.65990391,"LINESTRING (-149.88370600 61.23550500, -149.51276417 61.64136950, -149.13198475 62.04617778, -148.74095884 62.44988458, -148.33925656 62.85244203, -147.92642583 63.25379954, -147.50199106 63.65390357, -147.06545179 64.05269743, -146.61628129 64.45012112, -146.15392500 64.84611100)"
DL_ANLTK02007_L_0401,D-L,ANLTK02007,TESORO LOGISTICS OPERATIONS LP,D,61.23550500,-149.88370600,L_0401,FNSB - Woodriver Elementary School,L,64.83950800,-146.12788900,142.85714290,444.22747921,444.22747921,63461.06847820,"LINESTRING (-149.88370600 61.23550500, -149.51009509 61.64070075, -149.12659282 62.04482550, -148.73278928 62.44783339, -148.32825360 62.84967597, -147.91253276 63.25030199, -147.48515034 63.64965728, -147.04560511 64.04768448, -146.59336969 64.44432284, -146.12788900 64.83950800)"
DL_ANLTK02007_L_0402,D-L,ANLTK02007,TESORO LOGISTICS OPERATIONS LP,D,61.23550500,-149.88370600,L_0402,Fort Greely,L,63.97405000,-144.28361400,1321.42857100,419.08658885,419.08658885,553792.99222371,"LINESTRING (-149.88370600 61.23550500, -149.31102460 61.55046032, -148.72666832 61.86295087, -148.13033789 62.17289417, -147.52172943 62.48020471, -146.90053486 62.78479387, -146.26644234 63.08656981, -145.61913681 63.38543739, -144.95830058 63.68129812, -144.28361400 63.97405000)"
DL_ANLTK02007_L_0415,D-L,ANLTK02007,TESORO LOGISTICS OPERATIONS LP,D,61.23550500,-149.88370600,L_0415,Fred Meyer #485 Fuel Stop,L,64.83628100,-146.18038600,952.38095240,442.78110482,442.78110482,421696.29031066,"LINESTRING (-149.88370600 61.23550500, -149.51527357 61.64021316, -149.13709865 62.04387922, -148.74877727 62.44645864, -148.34988478 62.84790435, -147.93997462 63.24816661, -147.51857704 63.64719278, -147.08519778 64.04492716, -146.63931664 64.44131073, -146.18038600 64.83628100)"
DL_ANLTK02007_L_0419,D-L,ANLTK02007,TESORO LOGISTICS OPERATIONS LP,D,61.23550500,-149.88370600,L_0419,Fred Meyer #653Fuel Stop,L,61.57388000,-149.39602000,904.76190480,45.83076531,45.83076531,41465.93051848,"LINESTRING (-149.88370600 61.23550500, -149.39602000 61.57388000)"
DL_ANLTK02007_L_0439,D-L,ANLTK02007,TESORO LOGISTICS OPERATIONS LP,D,61.23550500,-149.88370600,L_0439,"Gold Hill, Inc.",L,64.84710600,-147.95109000,285.71428570,414.21562486,414.21562486,118347.32138209,"LINESTRING (-149.88370600 61.23550500, -149.69144843 61.63812010, -149.49412935 62.04043416, -149.29152978 62.44243523, -149.08341829 62.84411071, -148.86955005 63.24544721, -148.64966595 63.64643053, -148.42349151 64.04704561, -148.19073575 64.44727644, -147.95109000 64.84710600)"
DL_ANLTK02007_L_0459,D-L,ANLTK02007,TESORO LOGISTICS OPERATIONS LP,D,61.23550500,-149.88370600,L_0459,Hertz Rental Car Return Shop,L,64.82595600,-146.14204400,23.80952381,442.57620067,442.57620067,10537.52858764,"LINESTRING (-149.88370600 61.23550500, -149.51133470 61.63916111, -149.12914341 62.04175340, -148.73672682 62.44323650, -148.33365896 62.84356249, -147.91949208 63.24268069, -147.49375536 63.64053753, -147.05595361 64.03707630, -146.60556588 64.43223699, -146.14204400 64.82595600)"
DL_ANLTK02007_L_0472,D-L,ANLTK02007,TESORO LOGISTICS OPERATIONS LP,D,61.23550500,-149.88370600,L_0472,Holiday #605,L,61.58158200,-149.43865050,476.19047620,45.30260223,45.30260223,21572.66772733,"LINESTRING (-149.88370600 61.23550500, -149.43865050 61.58158200)"
DL_ANLTK02007_L_0491,D-L,ANLTK02007,TESORO LOGISTICS OPERATIONS LP,D,61.23550500,-149.88370600,L_0491,Holiday #626,L,64.84880800,-146.16982800,595.23809520,444.25397266,444.25397266,264436.88847323,"LINESTRING (-149.88370600 61.23550500, -149.51437756 61.64162985, -149.13524772 62.04670741, -148.74590855 62.45069276, -148.34593111 62.85353842, -147.93486428 63.25519420, -147.51223340 63.65560697, -147.07753893 64.05472050, -146.63025504 64.45247522, -146.16982800 64.84880800)"
DL_ANLTK02007_L_0515,D-L,ANLTK02007,TESORO LOGISTICS OPERATIONS LP,D,61.23550500,-149.88370600,L_0515,Holiday #650,L,61.58310300,-149.63675400,476.19047620,40.91886271,40.91886271,19485.17271819,"LINESTRING (-149.88370600 61.23550500, -149.63675400 61.58310300)"
DL_ANLTK02007_L_0525,D-L,ANLTK02007,TESORO LOGISTICS OPERATIONS LP,D,61.23550500,-149.88370600,L_0525,Jack's Tesoro Service,L,64.03989380,-145.73421160,285.71428570,377.99969206,377.99969206,107999.91201121,"LINESTRING (-149.88370600 61.23550500, -149.40652432 61.59256998, -148.91826234 61.94791200, -148.41854779 62.30146560, -147.90699512 62.65316227, -147.38320524 63.00293029, -146.84676517 63.35069458, -146.29724778 63.69637652, -145.73421160 64.03989380)"
DL_ANLTK02007_L_0528,D-L,ANLTK02007,TESORO LOGISTICS OPERATIONS LP,D,61.23550500,-149.88370600,L_0528,Justa Store,L,64.84725300,-146.13157200,238.09523810,444.91779228,444.91779228,105932.80768737,"LINESTRING (-149.88370600 61.23550500, -149.51055705 61.64155150, -149.12750754 62.04652944, -148.73414609 62.45039299, -148.33004022 62.85309368, -147.91473514 63.25458030, -147.48775248 63.65479864, -147.04858888 64.05369132, -146.59671460 64.45119757, -146.13157200 64.84725300)"
DL_ANLTK02007_L_0540,D-L,ANLTK02007,TESORO LOGISTICS OPERATIONS LP,D,61.23550500,-149.88370600,L_0540,Knik Super Store,L,61.51645800,-149.62281300,357.14285710,34.27491376,34.27491376,12241.04062655,"LINESTRING (-149.88370600 61.23550500, -149.62281300 61.51645800)"
DL_ANLTK02007_L_0555,D-L,ANLTK02007,TESORO LOGISTICS OPERATIONS LP,D,61.23550500,-149.88370600,L_0555,Mat-Su Regional Medical Center,L,61.56297000,-149.25781350,357.14285710,49.49524538,49.49524538,17676.87334852,"LINESTRING (-149.88370600 61.23550500, -149.25781350 61.56297000)"
DL_ANLTK02007_L_0557,D-L,ANLTK02007,TESORO LOGISTICS OPERATIONS LP,D,61.23550500,-149.88370600,L_0557,Mat-Su Regional Outpatient Center,L,61.58655900,-149.42562300,11.90476190,46.13978441,46.13978441,549.28314747,"LINESTRING (-149.88370600 61.23550500, -149.42562300 61.58655900)"
DL_ANLTK02007_L_0598,D-L,ANLTK02007,TESORO LOGISTICS OPERATIONS LP,D,61.23550500,-149.88370600,L_0598,MSB-Cottonwood Public Safety Bldg,L,61.58862000,-149.36267250,95.23809524,48.19384932,48.19384932,4589.89041177,"LINESTRING (-149.88370600 61.23550500, -149.36267250 61.58862000)"
DL_ANLTK02007_L_0619,D-L,ANLTK02007,TESORO LOGISTICS OPERATIONS LP,D,61.23550500,-149.88370600,L_0619,"O Morleys, Inc.",L,64.03941100,-144.26714200,285.71428570,424.76818650,424.76818650,121362.33899512,"LINESTRING (-149.88370600 61.23550500, -149.31054019 61.55776794, -148.72541101 61.87756052, -148.12800009 62.19479811, -147.51798350 62.50939285, -146.89503213 62.82125357, -146.25881212 63.13028568, -145.60898539 63.43639107, -144.94521024 63.73946799, -144.26714200 64.03941100)"
DL_ANLTK02007_L_0621,D-L,ANLTK02007,TESORO LOGISTICS OPERATIONS LP,D,61.23550500,-149.88370600,L_0621,Parks Highway Chevron,L,64.84536000,-147.94988400,380.95238100,414.04153944,414.04153944,157730.11028336,"LINESTRING (-149.88370600 61.23550500, -149.69131734 61.63792762, -149.49386622 62.04004883, -149.29113373 62.44185671, -149.08288852 62.84333861, -148.86888589 63.24448115, -148.64886683 63.64527011, -148.42255699 64.04569042, -148.18966555 64.44572607, -147.94988400 64.84536000)"
DL_ANLTK02007_L_0622,D-L,ANLTK02007,TESORO LOGISTICS OPERATIONS LP,D,61.23550500,-149.88370600,L_0622,Paxson Microwave Repeater,L,63.53705970,-145.86326460,238.09523810,330.11458921,330.11458921,78598.71171772,"LINESTRING (-149.88370600 61.23550500, -149.34623834 61.57123365, -148.79706488 61.90478568, -148.23584147 62.23608334, -147.66221530 62.56504565, -147.07582499 62.89158828, -146.47630073 63.21562344, -145.86326460 63.53705970)"
DL_ANLTK02007_L_0639,D-L,ANLTK02007,TESORO LOGISTICS OPERATIONS LP,D,61.23550500,-149.88370600,L_0639,Pleasant Valley Store,L,64.88019700,-145.12018900,357.14285710,472.01312050,472.01312050,168576.11444354,"LINESTRING (-149.88370600 61.23550500, -149.45848770 61.60687041, -149.02298336 61.97686145, -148.57681813 62.34542392, -148.11960135 62.71250091, -147.65092594 63.07803263, -147.17036775 63.44195625, -146.67748488 63.80420575, -146.17181701 64.16471168, -145.65288475 64.52340104, -145.12018900 64.88019700)"
DL_ANLTK02007_L_0671,D-L,ANLTK02007,TESORO LOGISTICS OPERATIONS LP,D,61.23550500,-149.88370600,L_0671,Shell,L,61.58090350,-149.60396390,714.28571430,41.28806683,41.28806683,29491.47630957,"LINESTRING (-149.88370600 61.23550500, -149.60396390 61.58090350)"
DL_ANLTK02007_L_0672,D-L,ANLTK02007,TESORO LOGISTICS OPERATIONS LP,D,61.23550500,-149.88370600,L_0672,Shell,L,61.58381760,-149.63077350,714.28571430,41.09808341,41.09808341,29355.77386187,"LINESTRING (-149.88370600 61.23550500, -149.63077350 61.58381760)"
DL_ANLTK02007_L_0684,D-L,ANLTK02007,TESORO LOGISTICS OPERATIONS LP,D,61.23550500,-149.88370600,L_0684,Silver Fox Roadhouse,L,63.90181780,-145.24028460,340.60679012,381.01001620,381.01001620,129774.59862164,"LINESTRING (-149.88370600 61.23550500, -149.34746730 61.57696335, -148.79934434 61.91625386, -148.23897843 62.25329773, -147.66600130 62.58801282, -147.08003512 62.92031352, -146.48069270 63.25011057, -145.86757764 63.57731097, -145.24028460 63.90181780)"
DL_ANLTK02007_L_0685,D-L,ANLTK02007,TESORO LOGISTICS OPERATIONS LP,D,61.23550500,-149.88370600,L_0685,Silver Fox Roadhouse,L,63.90194200,-144.76018300,285.71428570,396.90702560,396.90702560,113402.00730952,"LINESTRING (-149.88370600 61.23550500, -149.29210187 61.57874282, -148.68732530 61.91934544, -148.06899542 62.25721651, -147.43672339 62.59225575, -146.79011282 62.92435876, -146.12876020 63.25341691, -145.45225554 63.57931718, -144.76018300 63.90194200)"
DL_ANLTK02007_L_0708,D-L,ANLTK02007,TESORO LOGISTICS OPERATIONS LP,D,61.23550500,-149.88370600,L_0708,Speedway Express #5306,L,64.82766700,-146.22058100,357.14285710,441.06813770,441.06813770,157524.33487356,"LINESTRING (-149.88370600 61.23550500, -149.51916518 61.63915897, -149.14501040 62.04179239, -148.76084370 62.44336179, -148.36624671 62.84382123, -147.96077947 63.24312215, -147.54397917 63.64121317, -147.11535887 64.03803994, -146.67440601 64.43354488, -146.22058100 64.82766700)"
DL_ANLTK02007_L_0710,D-L,ANLTK02007,TESORO LOGISTICS OPERATIONS LP,D,61.23550500,-149.88370600,L_0710,Speedway Express #5308 | 2Go Mart-Tesoro Northstore #65,L,61.55224250,-149.53465700,357.14285710,39.92089550,39.92089550,14257.46267574,"LINESTRING (-149.88370600 61.23550500, -149.53465700 61.55224250)"
DL_ANLTK02007_L_0715,D-L,ANLTK02007,TESORO LOGISTICS OPERATIONS LP,D,61.23550500,-149.88370600,L_0715,Speedway Express #5313,L,64.81358100,-146.29066100,952.38095240,438.18510948,438.18510948,417319.15189285,"LINESTRING (-149.88370600 61.23550500, -149.52596698 61.63742695, -149.15883471 62.03836548, -148.78192134 62.43827890, -148.39481914 62.83712318, -147.99709935 63.23485180, -147.58831090 63.63141552, -147.16797917 64.02676227, -146.73560454 64.42083690, -146.29066100 64.81358100)"
DL_ANLTK02007_L_0717,D-L,ANLTK02007,TESORO LOGISTICS OPERATIONS LP,D,61.23550500,-149.88370600,L_0717,Speedway Express #5315,L,64.85557800,-146.18791400,714.28571430,444.54469384,444.54469384,317531.92417778,"LINESTRING (-149.88370600 61.23550500, -149.51625726 61.64233727, -149.13903936 62.04813252, -148.75164458 62.45284620, -148.35364416 62.85643124, -147.94458703 63.25883784, -147.52399852 63.66001329, -147.09137893 64.05990180, -146.64620214 64.45844426, -146.18791400 64.85557800)"
DL_ANLTK02007_L_0743,D-L,ANLTK02007,TESORO LOGISTICS OPERATIONS LP,D,61.23550500,-149.88370600,L_0743,Tack's General Store,L,64.88207500,-145.12773600,142.85714290,471.99552189,471.99552189,67427.93171847,"LINESTRING (-149.88370600 61.23550500, -149.45918725 61.60703635, -149.02439460 61.97719776, -148.57895329 62.34593518, -148.12247272 62.71319185, -147.65454588 63.07890815, -147.17474862 63.44302142, -146.68263901 63.80546580, -146.17775667 64.16617205, -145.65962209 64.52506732, -145.12773600 64.88207500)"
DL_ANLTK02007_L_0767,D-L,ANLTK02007,TESORO LOGISTICS OPERATIONS LP,D,61.23550500,-149.88370600,L_0767,Tesoro,L,61.61352450,-149.51095560,438.97903738,46.58826507,46.58826507,20451.27175379,"LINESTRING (-149.88370600 61.23550500, -149.51095560 61.61352450)"
DL_ANLTK02007_L_0783,D-L,ANLTK02007,TESORO LOGISTICS OPERATIONS LP,D,61.23550500,-149.88370600,L_0783,Three Bears #44 | Gold Hill,L,64.84688270,-147.95128120,285.71428570,414.18924989,414.18924989,118339.78567586,"LINESTRING (-149.88370600 61.23550500, -149.69146602 61.63809505, -149.49416532 62.04038409, -149.29158497 62.44236022, -149.08349357 62.84401082, -148.86964638 63.24532249, -148.64978433 63.64628106, -148.42363300 64.04687145, -148.19090149 64.44707767, -147.95128120 64.84688270)"
DL_ANLTK02007_L_0788,D-L,ANLTK02007,TESORO LOGISTICS OPERATIONS LP,D,61.23550500,-149.88370600,L_0788,Three Bears #85,L,61.53652800,-149.58286200,619.04761900,37.19950316,37.19950316,23028.26385755,"LINESTRING (-149.88370600 61.23550500, -149.58286200 61.53652800)"
DL_ANLTK02007_L_0791,D-L,ANLTK02007,TESORO LOGISTICS OPERATIONS LP,D,61.23550500,-149.88370600,L_0791,Three Bears Alaska #82,L,61.58368500,-149.63198200,714.28571430,41.06296020,41.06296020,29330.68585569,"LINESTRING (-149.88370600 61.23550500, -149.63198200 61.58368500)"
DL_ANLTK02007_L_0794,D-L,ANLTK02007,TESORO LOGISTICS OPERATIONS LP,D,61.23550500,-149.88370600,L_0794,"Three Bears Alaska, Inc. #60",L,61.60014900,-149.24514150,595.23809520,53.04403293,53.04403293,31573.82912473,"LINESTRING (-149.88370600 61.23550500, -149.56628575 61.41820376, -149.24514150 61.60014900)"
DL_ANLTK02007_L_0797,D-L,ANLTK02007,TESORO LOGISTICS OPERATIONS LP,D,61.23550500,-149.88370600,L_0797,Three Bears Sudzy Car Wash,L,61.57394000,-149.42162000,809.52380950,45.07311421,45.07311421,36487.75911770,"LINESTRING (-149.88370600 61.23550500, -149.42162000 61.57394000)"
DL_ANLTK02007_L_0810,D-L,ANLTK02007,TESORO LOGISTICS OPERATIONS LP,D,61.23550500,-149.88370600,L_0810,Tsesyu Service Station,L,63.39001400,-147.09650600,357.14285710,280.21232547,280.21232547,100075.83051461,"LINESTRING (-149.88370600 61.23550500, -149.44625256 61.59841334, -148.99846623 61.95986970, -148.53998368 62.31981809, -148.07042716 62.67819982, -147.58940397 63.03495331, -147.09650600 63.39001400)"
DL_ANLTK02007_L_0811,D-L,ANLTK02007,TESORO LOGISTICS OPERATIONS LP,D,61.23550500,-149.88370600,L_0811,Turner's Corner,L,61.68520800,-149.24096100,476.19047620,60.71169117,60.71169117,28910.32913132,"LINESTRING (-149.88370600 61.23550500, -149.56464898 61.46073908, -149.24096100 61.68520800)"
DL_ANLTK02007_L_0819,D-L,ANLTK02007,TESORO LOGISTICS OPERATIONS LP,D,61.23550500,-149.88370600,L_0819,University Alaska Fairbanks - Physical Plant,L,64.85393300,-146.18372200,166.66666670,444.46946601,444.46946601,74078.24434942,"LINESTRING (-149.88370600 61.23550500, -149.51582073 61.64216486, -149.13815898 62.04778532, -148.75031303 62.45232176, -148.35185408 62.85572699, -147.94233107 63.25795112, -147.52126935 63.65894138, -147.08816929 64.05864184, -146.64250484 64.45699331, -146.18372200 64.85393300)"
DL_ANLTK02007_L_0839,D-L,ANLTK02007,TESORO LOGISTICS OPERATIONS LP,D,61.23550500,-149.88370600,L_0839,Unnamed last-mile facility,L,61.58407240,-149.38803700,714.28571430,47.00612638,47.00612638,33575.80455596,"LINESTRING (-149.88370600 61.23550500, -149.38803700 61.58407240)"
DL_ANLTK02007_L_0840,D-L,ANLTK02007,TESORO LOGISTICS OPERATIONS LP,D,61.23550500,-149.88370600,L_0840,Unnamed last-mile facility,L,61.61424740,-149.39515880,529.58913801,49.61311232,49.61311232,26274.56538645,"LINESTRING (-149.88370600 61.23550500, -149.39515880 61.61424740)"
DL_ANLTK02007_L_0842,D-L,ANLTK02007,TESORO LOGISTICS OPERATIONS LP,D,61.23550500,-149.88370600,L_0842,Unnamed last-mile facility,L,61.70856020,-148.93514300,102.41255267,73.04220073,73.04220073,7480.43822985,"LINESTRING (-149.88370600 61.23550500, -149.41302092 61.47286163, -148.93514300 61.70856020)"
DL_ANLTK02007_L_0856,D-L,ANLTK02007,TESORO LOGISTICS OPERATIONS LP,D,61.23550500,-149.88370600,L_0856,Unnamed last-mile facility,L,63.11914450,-146.53258950,631.88528158,272.95785229,272.95785229,172478.04935152,"LINESTRING (-149.88370600 61.23550500, -149.35363601 61.55497769, -148.81259440 61.87233583, -148.26027997 62.18750762, -147.69638491 62.50041847, -147.12059493 62.81099091, -146.53258950 63.11914450)"
DL_ANLTK02007_L_0857,D-L,ANLTK02007,TESORO LOGISTICS OPERATIONS LP,D,61.23550500,-149.88370600,L_0857,Unnamed last-mile facility,L,63.13518450,-147.53942590,317.61692262,244.36025647,244.36025647,77612.95267057,"LINESTRING (-149.88370600 61.23550500, -149.43796497 61.61858770, -148.98109286 62.00016014, -148.51267229 62.38016079, -148.03226797 62.75852493, -147.53942590 63.13518450)"
DL_ANLTK02007_L_0862,D-L,ANLTK02007,TESORO LOGISTICS OPERATIONS LP,D,61.23550500,-149.88370600,L_0862,Unnamed last-mile facility,L,64.45486500,-146.91398620,143.54288709,389.31164854,389.31164854,55882.91800994,"LINESTRING (-149.88370600 61.23550500, -149.54659577 61.64127431, -149.20054532 62.04616708, -148.84517874 62.45014594, -148.48010027 62.85317138, -148.10489306 63.25520159, -147.71911786 63.65619232, -147.32231166 64.05609669, -146.91398620 64.45486500)"
DL_ANLTK02007_L_0863,D-L,ANLTK02007,TESORO LOGISTICS OPERATIONS LP,D,61.23550500,-149.88370600,L_0863,Unnamed last-mile facility,L,64.45529070,-146.91386820,143.45245991,389.35726801,389.35726801,55854.25787977,"LINESTRING (-149.88370600 61.23550500, -149.54658699 61.64132777, -149.20052631 62.04627394, -148.84514795 62.45030614, -148.48005600 62.85338485, -148.10483348 63.25546826, -147.71904100 63.65651210, -147.32221539 64.05646948, -146.91386820 64.45529070)"
DL_ANLTK02007_L_0864,D-L,ANLTK02007,TESORO LOGISTICS OPERATIONS LP,D,61.23550500,-149.88370600,L_0864,Unnamed last-mile facility,L,64.52236110,-146.98413400,255.50165871,394.84525659,394.84525659,100883.61799096,"LINESTRING (-149.88370600 61.23550500, -149.55526883 61.64955620, -149.21793749 62.06277287, -148.87132817 62.47511878, -148.51503613 62.88655559, -148.14863431 63.29704264, -147.77167191 63.70653686, -147.38367282 64.11499253, -146.98413400 64.52236110)"
DL_ANLTK02007_L_0905,D-L,ANLTK02007,TESORO LOGISTICS OPERATIONS LP,D,61.23550500,-149.88370600,L_0905,Valley Country Store #1,L,61.61267700,-149.32888200,428.57142860,51.41808160,51.41808160,22036.32068800,"LINESTRING (-149.88370600 61.23550500, -149.60796783 61.42437616, -149.32888200 61.61267700)"
DL_ANLTK02007_L_0906,D-L,ANLTK02007,TESORO LOGISTICS OPERATIONS LP,D,61.23550500,-149.88370600,L_0906,Valley Country Store #2,L,61.61334300,-149.51046150,476.19047620,46.58127846,46.58127846,22181.56117325,"LINESTRING (-149.88370600 61.23550500, -149.51046150 61.61334300)"
DL_ANLTK02007_L_0920,D-L,ANLTK02007,TESORO LOGISTICS OPERATIONS LP,D,61.23550500,-149.88370600,L_0920,Wasilla Chevron,L,61.58217600,-149.46645150,571.42857140,44.59865276,44.59865276,25484.94443525,"LINESTRING (-149.88370600 61.23550500, -149.46645150 61.58217600)"
DL_ANLTK02007_L_0927,D-L,ANLTK02007,TESORO LOGISTICS OPERATIONS LP,D,61.23550500,-149.88370600,L_0927,"Wright Air Service, Inc.",L,64.80890800,-146.14775600,119.04761900,440.75999157,440.75999157,52471.42754729,"LINESTRING (-149.88370600 61.23550500, -149.51169259 61.63725425, -149.12991642 62.03794199, -148.73797670 62.43752317, -148.33545239 62.83595019, -147.92190102 63.23317277, -147.49685749 63.62913774, -147.05983278 64.02378888, -146.61031261 64.41706664, -146.14775600 64.80890800)"
DL_ANLTK02008_L_0443,D-L,ANLTK02008,CROWLEY PETROLEUM DISTRIBUTION,D,61.58214300,-159.53638200,L_0443,Grayling Native Store,L,62.90119540,-160.06610730,53.85895595,149.56310459,149.56310459,8055.31266129,"LINESTRING (-159.53638200 61.58214300, -159.70785535 62.02207799, -159.88434953 62.46176558, -160.06610730 62.90119540)"
DL_ANLTK02008_L_0444,D-L,ANLTK02008,CROWLEY PETROLEUM DISTRIBUTION,D,61.58214300,-159.53638200,L_0444,Grayling Native Store,L,62.90378100,-159.93558900,167.66666670,148.74962879,148.74962879,24940.35443203,"LINESTRING (-159.53638200 61.58214300, -159.66559873 62.02284372, -159.79860621 62.46339165, -159.93558900 62.90378100)"
DL_ANLTK02009_L_0051,D-L,ANLTK02009,CROWLEY FUELS LLC BETHEL TANK FARM,D,60.78432900,-161.78177900,L_0051,ADOC - Yukon-Kuskokwim Correctional Center,L,60.78446770,-161.79050960,47.61904762,0.47584017,0.47584017,22.65905580,"LINESTRING (-161.78177900 60.78432900, -161.79050960 60.78446770)"
DL_ANLTK02011_L_0056,D-L,ANLTK02011,SHORESIDE PETROLEUM INCORPORATED - CORDOVA TERMINAL,D,60.55478900,-145.75533600,L_0056,ADOTPF - Cordova Maintenance Station,L,60.44551770,-145.09880920,23.80952381,38.07849396,38.07849396,906.63080853,"LINESTRING (-145.75533600 60.55478900, -145.09880920 60.44551770)"
DL_ANLTK02011_L_0109,D-L,ANLTK02011,SHORESIDE PETROLEUM INCORPORATED - CORDOVA TERMINAL,D,60.55478900,-145.75533600,L_0109,AT&T - Tok Junction Microwave Repeater,L,63.33708100,-141.01489700,119.04761900,397.35704239,397.35704239,47304.40978947,"LINESTRING (-145.75533600 60.55478900, -145.20859900 60.91121430, -144.64955683 61.26535068, -144.07782962 61.61711323, -143.49302707 61.96641339, -142.89474846 62.31315873, -142.28258285 62.65725288, -141.65610928 62.99859526, -141.01489700 63.33708100)"
DL_ANLTK02011_L_0159,D-L,ANLTK02011,SHORESIDE PETROLEUM INCORPORATED - CORDOVA TERMINAL,D,60.55478900,-145.75533600,L_0159,Camper City Super Service,L,63.33471700,-141.02475000,266.96691413,396.83494532,396.83494532,105941.80076896,"LINESTRING (-145.75533600 60.55478900, -145.20969462 60.91088363, -144.65178431 61.26469849, -144.08122648 61.61614910, -143.49763213 61.96514733, -142.90060189 62.31160124, -142.28972616 62.65541490, -141.66458532 62.99648827, -141.02475000 63.33471700)"
DL_ANLTK02011_L_0230,D-L,ANLTK02011,SHORESIDE PETROLEUM INCORPORATED - CORDOVA TERMINAL,D,60.55478900,-145.75533600,L_0230,Cordova Community Medical Center - City Hospital,L,60.54146000,-145.75072000,238.09523810,1.50658403,1.50658403,358.71048372,"LINESTRING (-145.75533600 60.55478900, -145.75072000 60.54146000)"
DL_ANLTK02011_L_0255,D-L,ANLTK02011,SHORESIDE PETROLEUM INCORPORATED - CORDOVA TERMINAL,D,60.55478900,-145.75533600,L_0255,Crowley Fuels - South Dock,L,61.12451900,-145.65502800,571.42857140,63.71687793,63.71687793,36409.64452991,"LINESTRING (-145.75533600 60.55478900, -145.70562819 60.83966944, -145.65502800 61.12451900)"
DL_ANLTK02011_L_0306,D-L,ANLTK02011,SHORESIDE PETROLEUM INCORPORATED - CORDOVA TERMINAL,D,60.55478900,-145.75533600,L_0306,FAA Cordova,L,60.54370000,-145.73407000,47.61904762,1.69949749,1.69949749,80.92845170,"LINESTRING (-145.75533600 60.55478900, -145.73407000 60.54370000)"
DL_ANLTK02011_L_0310,D-L,ANLTK02011,SHORESIDE PETROLEUM INCORPORATED - CORDOVA TERMINAL,D,60.55478900,-145.75533600,L_0310,FAA Johnstone Point,L,60.23802000,-142.31277650,47.61904762,193.02224174,193.02224174,9191.53532114,"LINESTRING (-145.75533600 60.55478900, -144.88855462 60.48396286, -144.02569276 60.40752996, -143.16701493 60.32553366, -142.31277650 60.23802000)"
DL_ANLTK02011_L_0346,D-L,ANLTK02011,SHORESIDE PETROLEUM INCORPORATED - CORDOVA TERMINAL,D,60.55478900,-145.75533600,L_0346,Fishhook Food Mart,L,61.61407500,-140.60496100,523.80952380,301.85456282,301.85456282,158114.29480709,"LINESTRING (-145.75533600 60.55478900, -145.04083056 60.71798115, -144.31912809 60.87732354, -143.59028513 61.03275263, -142.85436724 61.18420512, -142.11144932 61.33161800, -141.36161583 61.47492867, -140.60496100 61.61407500)"
DL_ANLTK02011_L_0436,D-L,ANLTK02011,SHORESIDE PETROLEUM INCORPORATED - CORDOVA TERMINAL,D,60.55478900,-145.75533600,L_0436,GCI Ocean Terminal Building,L,60.77498900,-147.31200300,95.23809524,88.57657417,88.57657417,8435.86420716,"LINESTRING (-145.75533600 60.55478900, -146.53101223 60.66715144, -147.31200300 60.77498900)"
DL_ANLTK02011_L_0453,D-L,ANLTK02011,SHORESIDE PETROLEUM INCORPORATED - CORDOVA TERMINAL,D,60.55478900,-145.75533600,L_0453,GSA - US Border Station Tok,L,62.62071100,-140.99285800,238.09523810,341.84837557,341.84837557,81392.47037452,"LINESTRING (-145.75533600 60.55478900, -145.11317302 60.85984817, -144.45871064 61.16176870, -143.79168925 61.46045141, -143.11184980 61.75579402, -142.41893460 62.04769110, -141.71268812 62.33603405, -140.99285800 62.62071100)"
DL_ANLTK02011_L_0675,D-L,ANLTK02011,SHORESIDE PETROLEUM INCORPORATED - CORDOVA TERMINAL,D,60.55478900,-145.75533600,L_0675,Shoreside Service Station,L,60.54413990,-145.75867340,240.47619050,1.20058845,1.20058845,288.71293649,"LINESTRING (-145.75533600 60.55478900, -145.75867340 60.54413990)"
DL_ANLTK02011_L_0733,D-L,ANLTK02011,SHORESIDE PETROLEUM INCORPORATED - CORDOVA TERMINAL,D,60.55478900,-145.75533600,L_0733,Spirit Mountain Gas,L,61.51909850,-144.44184240,117.45882205,128.77820920,128.77820920,15126.13675826,"LINESTRING (-145.75533600 60.55478900, -145.32632466 60.87765254, -144.88857929 61.19910477, -144.44184240 61.51909850)"
DL_ANLTK02011_L_0803,D-L,ANLTK02011,SHORESIDE PETROLEUM INCORPORATED - CORDOVA TERMINAL,D,60.55478900,-145.75533600,L_0803,Tiekel River Lodge,L,61.38326700,-144.76332800,71.42857143,106.80962164,106.80962164,7629.25868877,"LINESTRING (-145.75533600 60.55478900, -145.43037651 60.83176680, -145.09975640 61.10793383, -144.76332800 61.38326700)"
DL_ANLTK02011_L_0885,D-L,ANLTK02011,SHORESIDE PETROLEUM INCORPORATED - CORDOVA TERMINAL,D,60.55478900,-145.75533600,L_0885,USCG  Marine Safety Office Valdez,L,61.12400600,-145.64796700,95.23809524,63.69397539,63.69397539,6066.09289452,"LINESTRING (-145.75533600 60.55478900, -145.70212866 60.83941429, -145.64796700 61.12400600)"
DL_ANLTK02011_L_0902,D-L,ANLTK02011,SHORESIDE PETROLEUM INCORPORATED - CORDOVA TERMINAL,D,60.55478900,-145.75533600,L_0902,Valdez Civic Center,L,61.12671100,-145.64356400,238.09523810,64.01639724,64.01639724,15241.99934267,"LINESTRING (-145.75533600 60.55478900, -145.69994912 60.84076774, -145.64356400 61.12671100)"
DL_ANLTK02011_L_0928,D-L,ANLTK02011,SHORESIDE PETROLEUM INCORPORATED - CORDOVA TERMINAL,D,60.55478900,-145.75533600,L_0928,Young's Chevron,L,63.33499200,-141.01361900,476.19047620,397.22285700,397.22285700,189153.74143463,"LINESTRING (-145.75533600 60.55478900, -145.20841690 60.91095819, -144.64919766 61.26483700, -144.07729904 61.61634052, -143.49233137 61.96538021, -142.89389467 62.31186367, -142.28157876 62.65569453, -141.65496349 62.99677225, -141.01361900 63.33499200)"
DL_ANLTK02012_L_0058,D-L,ANLTK02012,PETRO MARINE SERVICES,D,55.48866300,-133.14136200,L_0058,ADOTPF - Maintenance & Operation Craig,L,55.55222200,-132.90444400,13.09523810,16.55319699,16.55319699,216.76805586,"LINESTRING (-133.14136200 55.48866300, -132.90444400 55.55222200)"
DL_ANLTK02012_L_0059,D-L,ANLTK02012,PETRO MARINE SERVICES,D,55.48866300,-133.14136200,L_0059,ADOTPF - Maintenance & Operation Craig | Shaub-Ellison Tire & Fuel,L,55.52790000,-133.11463530,203.57142860,4.68339792,4.68339792,953.40600554,"LINESTRING (-133.14136200 55.48866300, -133.11463530 55.52790000)"
DL_ANLTK02012_L_0069,D-L,ANLTK02012,PETRO MARINE SERVICES,D,55.48866300,-133.14136200,L_0069,Alaska Marine Lines,L,55.35266400,-131.68955250,26.19047619,93.16942695,93.16942695,2440.15165819,"LINESTRING (-133.14136200 55.48866300, -132.41421009 55.42281733, -131.68955250 55.35266400)"
DL_ANLTK02012_L_0140,D-L,ANLTK02012,PETRO MARINE SERVICES,D,55.48866300,-133.14136200,L_0140,Black Bear Store,L,55.55203900,-132.91816700,119.04761900,15.76485471,15.76485471,1876.76841734,"LINESTRING (-133.14136200 55.48866300, -132.91816700 55.55203900)"
DL_ANLTK02012_L_0141,D-L,ANLTK02012,PETRO MARINE SERVICES,D,55.48866300,-133.14136200,L_0141,Black Bear Store,L,55.55935350,-133.08007730,142.85714290,8.77048414,8.77048414,1252.92630546,"LINESTRING (-133.14136200 55.48866300, -133.08007730 55.55935350)"
DL_ANLTK02012_L_0531,D-L,ANLTK02012,PETRO MARINE SERVICES,D,55.48866300,-133.14136200,L_0531,Ketchikan General Hospital,L,55.35295000,-131.68643300,277.66996978,93.35884526,93.35884526,25922.94774096,"LINESTRING (-133.14136200 55.48866300, -132.41265028 55.42296959, -131.68643300 55.35295000)"
DL_ANLTK02012_L_0532,D-L,ANLTK02012,PETRO MARINE SERVICES,D,55.48866300,-133.14136200,L_0532,Ketchikan General Hospital,L,55.35396900,-131.68598400,142.85714290,93.36744503,93.36744503,13338.20643630,"LINESTRING (-133.14136200 55.48866300, -132.41243474 55.42348040, -131.68598400 55.35396900)"
DL_ANLTK02012_L_0534,D-L,ANLTK02012,PETRO MARINE SERVICES,D,55.48866300,-133.14136200,L_0534,Ketchikan International Airport,L,55.35737570,-131.68666720,130.95238100,93.26064976,93.26064976,12212.70413966,"LINESTRING (-133.14136200 55.48866300, -132.41280815 55.42518165, -131.68666720 55.35737570)"
DL_ANLTK02012_L_0536,D-L,ANLTK02012,PETRO MARINE SERVICES,D,55.48866300,-133.14136200,L_0536,Ketchikan Pioneer Home,L,55.35615600,-131.69190150,95.23809524,92.95619424,92.95619424,8852.97087999,"LINESTRING (-133.14136200 55.48866300, -132.41541850 55.42455629, -131.69190150 55.35615600)"
DL_ANLTK02012_L_0538,D-L,ANLTK02012,PETRO MARINE SERVICES,D,55.48866300,-133.14136200,L_0538,Klawock Delta Fuels Gas Station,L,55.55074420,-133.09665640,119.04761900,7.46627767,7.46627767,888.84257993,"LINESTRING (-133.14136200 55.48866300, -133.09665640 55.55074420)"
DL_ANLTK02012_L_0539,D-L,ANLTK02012,PETRO MARINE SERVICES,D,55.48866300,-133.14136200,L_0539,Klawock Delta Fuels Gas Station,L,55.55227800,-132.90677800,119.04761900,16.42272287,16.42272287,1955.08605472,"LINESTRING (-133.14136200 55.48866300, -132.90677800 55.55227800)"
DL_ANLTK02012_L_0551,D-L,ANLTK02012,PETRO MARINE SERVICES,D,55.48866300,-133.14136200,L_0551,Lighthouse Service,L,55.42923600,-131.78737350,142.85714290,85.90924808,85.90924808,12272.74972963,"LINESTRING (-133.14136200 55.48866300, -132.46385878 55.46082164, -131.78737350 55.42923600)"
DL_ANLTK02012_L_0665,D-L,ANLTK02012,PETRO MARINE SERVICES,D,55.48866300,-133.14136200,L_0665,Shaan-Seet,L,55.47814100,-133.12960400,380.95238100,1.38739654,1.38739654,528.53201671,"LINESTRING (-133.14136200 55.48866300, -133.12960400 55.47814100)"
DL_ANLTK02012_L_0666,D-L,ANLTK02012,PETRO MARINE SERVICES,D,55.48866300,-133.14136200,L_0666,Shaub-Ellison Tire & Fuel,L,55.47651700,-132.86470600,190.47619050,17.54341414,17.54341414,3341.60269414,"LINESTRING (-133.14136200 55.48866300, -132.86470600 55.47651700)"
DL_ANLTK02012_L_0761,D-L,ANLTK02012,PETRO MARINE SERVICES,D,55.48866300,-133.14136200,L_0761,Temsco Peninsula Point Facility,L,55.38270140,-131.73500840,238.09523810,89.79720820,89.79720820,21380.28766722,"LINESTRING (-133.14136200 55.48866300, -132.43724339 55.43770273, -131.73500840 55.38270140)"
DL_ANLTK02012_L_0821,D-L,ANLTK02012,PETRO MARINE SERVICES,D,55.48866300,-133.14136200,L_0821,Unnamed last-mile facility,L,55.55236520,-133.08134620,150.30080239,8.04168932,8.04168932,1208.67235737,"LINESTRING (-133.14136200 55.48866300, -133.08134620 55.55236520)"
DL_ANLTK02012_L_0822,D-L,ANLTK02012,PETRO MARINE SERVICES,D,55.48866300,-133.14136200,L_0822,Unnamed last-mile facility,L,55.55297660,-133.08380310,150.37119922,8.03033320,8.03033320,1207.53083358,"LINESTRING (-133.14136200 55.48866300, -133.08380310 55.55297660)"
DL_ANLTK02012_L_0893,D-L,ANLTK02012,PETRO MARINE SERVICES,D,55.48866300,-133.14136200,L_0893,USPS - Craig,L,55.47705000,-132.86173900,119.04761900,17.72590058,17.72590058,2110.22625899,"LINESTRING (-133.14136200 55.48866300, -132.86173900 55.47705000)"
DL_ANLTK02014_L_0737,D-L,ANLTK02014,BRISTOL ALLIANCE FUELS LLC,D,59.04215051,-158.48263030,L_0737,Stelling Enterprises,L,59.04462800,-158.50055300,47.61904762,1.06518989,1.06518989,50.72332816,"LINESTRING (-158.48263030 59.04215051, -158.50055300 59.04462800)"
DL_ANLTK02014_L_0738,D-L,ANLTK02014,BRISTOL ALLIANCE FUELS LLC,D,59.04215051,-158.48263030,L_0738,Stelling Enterprises,L,59.04617640,-158.50148250,47.61904762,1.17139570,1.17139570,55.78074782,"LINESTRING (-158.48263030 59.04215051, -158.50148250 59.04617640)"
DL_ANLTK02015_L_0154,D-L,ANLTK02015,BRISTOL ALLIANCE FUELS LLC DOWNTOWN DILLINGHAM TERMINAL,D,59.03903500,-158.46614084,L_0154,Bristol Express,L,59.04057300,-158.46416250,95.23809524,0.20555269,0.20555269,19.57644701,"LINESTRING (-158.46614084 59.03903500, -158.46416250 59.04057300)"
DL_ANLTK02017_L_0160,D-L,ANLTK02017,"DELTA WESTERN, INCORPORATED -DUTCH HARBOR",D,53.89104900,-166.53630400,L_0160,Cape Sarichef RRL,L,54.58247500,-163.08551700,162.97541929,237.77057845,237.77057845,38750.75971764,"LINESTRING (-166.53630400 53.89104900, -165.85545463 54.03719726, -165.16987634 54.17946053, -164.47964137 54.31779197, -163.78482726 54.45214533, -163.08551700 54.58247500)"
DL_ANLTK02017_L_0614,D-L,ANLTK02017,"DELTA WESTERN, INCORPORATED -DUTCH HARBOR",D,53.89104900,-166.53630400,L_0614,North Pacific Fuel Petro Star Gas n Go,L,53.88143380,-166.54914830,380.95238100,1.36331388,1.36331388,519.35766736,"LINESTRING (-166.53630400 53.89104900, -166.54914830 53.88143380)"
DL_ANLTK02017_L_0647,D-L,ANLTK02017,"DELTA WESTERN, INCORPORATED -DUTCH HARBOR",D,53.89104900,-166.53630400,L_0647,PSI North Pacific Fuel Gas n Go,L,53.88439700,-165.44625600,380.95238100,71.67606782,71.67606782,27305.16869781,"LINESTRING (-166.53630400 53.89104900, -165.99123673 53.88896015, -165.44625600 53.88439700)"
DL_ANLTK02017_L_0880,D-L,ANLTK02017,"DELTA WESTERN, INCORPORATED -DUTCH HARBOR",D,53.89104900,-166.53630400,L_0880,USAF Eareckson AS,L,52.72283600,-173.89985600,523.80952380,507.51894388,507.51894388,265843.25631281,"LINESTRING (-166.53630400 53.89104900, -167.22165770 53.80388318, -167.90411107 53.71281634, -168.58356077 53.61787802, -169.25990710 53.51909873, -169.93305409 53.41650986, -170.60290956 53.31014367, -171.26938513 53.20003322, -171.93239627 53.08621235, -172.59186233 52.96871560, -173.24770654 52.84757820, -173.89985600 52.72283600)"
DL_ANLTK02019_L_0052,D-L,ANLTK02019,US DEPARTMENT OF THE AIR FORCE - EIELSON AIR FORCE BASE,D,64.65843100,-147.05077000,L_0052,"ADOT Proj #Z62541, former Holiday #618",L,64.84788300,-146.29548900,7.14285714,41.70329521,41.70329521,297.88067996,"LINESTRING (-147.05077000 64.65843100, -146.29548900 64.84788300)"
DL_ANLTK02019_L_0068,D-L,ANLTK02019,US DEPARTMENT OF THE AIR FORCE - EIELSON AIR FORCE BASE,D,64.65843100,-147.05077000,L_0068,Alaska Fuel Services,L,64.83990300,-146.28051400,602.38095240,41.88738018,41.88738018,25232.15996577,"LINESTRING (-147.05077000 64.65843100, -146.28051400 64.83990300)"
DL_ANLTK02019_L_0126,D-L,ANLTK02019,US DEPARTMENT OF THE AIR FORCE - EIELSON AIR FORCE BASE,D,64.65843100,-147.05077000,L_0126,Beaverbrook - Sourdough Fuel,L,64.76242200,-146.65206700,476.19047620,22.26845536,22.26845536,10604.02636370,"LINESTRING (-147.05077000 64.65843100, -146.65206700 64.76242200)"
DL_ANLTK02019_L_0276,D-L,ANLTK02019,US DEPARTMENT OF THE AIR FORCE - EIELSON AIR FORCE BASE,D,64.65843100,-147.05077000,L_0276,Doyon Utilities at Fort Wainwright (FWA),L,64.82879700,-146.35655600,47.61904762,38.13054885,38.13054885,1815.74042146,"LINESTRING (-147.05077000 64.65843100, -146.35655600 64.82879700)"
DL_ANLTK02019_L_0296,D-L,ANLTK02019,US DEPARTMENT OF THE AIR FORCE - EIELSON AIR FORCE BASE,D,64.65843100,-147.05077000,L_0296,Express,L,64.67745080,-147.09106490,455.87364114,2.86358039,2.86358039,1305.43081841,"LINESTRING (-147.05077000 64.65843100, -147.09106490 64.67745080)"
DL_ANLTK02019_L_0318,D-L,ANLTK02019,US DEPARTMENT OF THE AIR FORCE - EIELSON AIR FORCE BASE,D,64.65843100,-147.05077000,L_0318,Fairbanks Daily News-Miner,L,64.84650800,-146.27701100,47.61904762,42.38895097,42.38895097,2018.52147472,"LINESTRING (-147.05077000 64.65843100, -146.27701100 64.84650800)"
DL_ANLTK02019_L_0321,D-L,ANLTK02019,US DEPARTMENT OF THE AIR FORCE - EIELSON AIR FORCE BASE,D,64.65843100,-147.05077000,L_0321,Fairbanks Fire Department,L,64.83837200,-146.28238100,119.04761900,41.72813941,41.72813941,4967.63564210,"LINESTRING (-147.05077000 64.65843100, -146.28238100 64.83837200)"
DL_ANLTK02019_L_0322,D-L,ANLTK02019,US DEPARTMENT OF THE AIR FORCE - EIELSON AIR FORCE BASE,D,64.65843100,-147.05077000,L_0322,Fairbanks Memorial Hospital,L,64.83168100,-146.25859700,583.40168567,42.38368244,42.38368244,24726.71178124,"LINESTRING (-147.05077000 64.65843100, -146.25859700 64.83168100)"
DL_ANLTK02019_L_0326,D-L,ANLTK02019,US DEPARTMENT OF THE AIR FORCE - EIELSON AIR FORCE BASE,D,64.65843100,-147.05077000,L_0326,Fairbanks Police Department,L,64.83900600,-146.27867800,23.80952381,41.91636238,41.91636238,998.00862814,"LINESTRING (-147.05077000 64.65843100, -146.27867800 64.83900600)"
DL_ANLTK02019_L_0349,D-L,ANLTK02019,US DEPARTMENT OF THE AIR FORCE - EIELSON AIR FORCE BASE,D,64.65843100,-147.05077000,L_0349,FNSB - Anne Hopkins Wien Elementary School,L,64.85767500,-146.25091700,238.09523810,44.08018274,44.08018274,10495.28160587,"LINESTRING (-147.05077000 64.65843100, -146.25091700 64.85767500)"
DL_ANLTK02019_L_0350,D-L,ANLTK02019,US DEPARTMENT OF THE AIR FORCE - EIELSON AIR FORCE BASE,D,64.65843100,-147.05077000,L_0350,FNSB - Arctic Light Elementary School,L,64.82840300,-146.31383900,23.80952381,39.88683295,39.88683295,949.68649890,"LINESTRING (-147.05077000 64.65843100, -146.31383900 64.82840300)"
DL_ANLTK02019_L_0355,D-L,ANLTK02019,US DEPARTMENT OF THE AIR FORCE - EIELSON AIR FORCE BASE,D,64.65843100,-147.05077000,L_0355,FNSB - Denali Elementary School,L,64.84060300,-146.25168600,119.04761900,43.13067842,43.13067842,5134.60457134,"LINESTRING (-147.05077000 64.65843100, -146.25168600 64.84060300)"
DL_ANLTK02019_L_0359,D-L,ANLTK02019,US DEPARTMENT OF THE AIR FORCE - EIELSON AIR FORCE BASE,D,64.65843100,-147.05077000,L_0359,FNSB - Hunter Elementary School,L,64.83270800,-146.26953300,119.04761900,41.97302321,41.97302321,4996.78847502,"LINESTRING (-147.05077000 64.65843100, -146.26953300 64.83270800)"
DL_ANLTK02019_L_0362,D-L,ANLTK02019,US DEPARTMENT OF THE AIR FORCE - EIELSON AIR FORCE BASE,D,64.65843100,-147.05077000,L_0362,FNSB - John Carlson Community Activity Center,L,64.84267800,-146.23654400,357.14285710,43.87456034,43.87456034,15669.48583286,"LINESTRING (-147.05077000 64.65843100, -146.23654400 64.84267800)"
DL_ANLTK02019_L_0363,D-L,ANLTK02019,US DEPARTMENT OF THE AIR FORCE - EIELSON AIR FORCE BASE,D,64.65843100,-147.05077000,L_0363,FNSB - Joy Elementary School,L,64.86001900,-146.27716700,95.23809524,43.13973344,43.13973344,4108.54604241,"LINESTRING (-147.05077000 64.65843100, -146.27716700 64.86001900)"
DL_ANLTK02019_L_0367,D-L,ANLTK02019,US DEPARTMENT OF THE AIR FORCE - EIELSON AIR FORCE BASE,D,64.65843100,-147.05077000,L_0367,FNSB - Lathrop High School,L,64.83558600,-146.26625600,238.09523810,42.25865939,42.25865939,10061.58556839,"LINESTRING (-147.05077000 64.65843100, -146.26625600 64.83558600)"
DL_ANLTK02019_L_0369,D-L,ANLTK02019,US DEPARTMENT OF THE AIR FORCE - EIELSON AIR FORCE BASE,D,64.65843100,-147.05077000,L_0369,FNSB - Midnight Sun Elementary (former Badger Elem,L,64.80517800,-146.58612800,95.23809524,27.52835468,27.52835468,2621.74806473,"LINESTRING (-147.05077000 64.65843100, -146.58612800 64.80517800)"
DL_ANLTK02019_L_0372,D-L,ANLTK02019,US DEPARTMENT OF THE AIR FORCE - EIELSON AIR FORCE BASE,D,64.65843100,-147.05077000,L_0372,FNSB - Nordale Elementary School,L,64.84744200,-146.30731100,119.04761900,41.19404902,41.19404902,4904.05345232,"LINESTRING (-147.05077000 64.65843100, -146.30731100 64.84744200)"
DL_ANLTK02019_L_0373,D-L,ANLTK02019,US DEPARTMENT OF THE AIR FORCE - EIELSON AIR FORCE BASE,D,64.65843100,-147.05077000,L_0373,FNSB - North Pole Elementary School,L,64.75222200,-146.65135800,238.09523810,21.73090482,21.73090482,5174.02495817,"LINESTRING (-147.05077000 64.65843100, -146.65135800 64.75222200)"
DL_ANLTK02019_L_0375,D-L,ANLTK02019,US DEPARTMENT OF THE AIR FORCE - EIELSON AIR FORCE BASE,D,64.65843100,-147.05077000,L_0375,FNSB - North Pole High School,L,64.74720000,-146.62912500,190.47619050,22.41508642,22.41508642,4269.54027177,"LINESTRING (-147.05077000 64.65843100, -146.62912500 64.74720000)"
DL_ANLTK02019_L_0381,D-L,ANLTK02019,US DEPARTMENT OF THE AIR FORCE - EIELSON AIR FORCE BASE,D,64.65843100,-147.05077000,L_0381,FNSB - Randy Smith Middle School,L,64.85520800,-146.24894400,238.09523810,44.02513330,44.02513330,10482.17459655,"LINESTRING (-147.05077000 64.65843100, -146.24894400 64.85520800)"
DL_ANLTK02019_L_0383,D-L,ANLTK02019,US DEPARTMENT OF THE AIR FORCE - EIELSON AIR FORCE BASE,D,64.65843100,-147.05077000,L_0383,FNSB - Ryan Middle School,L,64.83515000,-146.26445800,47.61904762,42.31198328,42.31198328,2014.85634682,"LINESTRING (-147.05077000 64.65843100, -146.26445800 64.83515000)"
DL_ANLTK02019_L_0387,D-L,ANLTK02019,US DEPARTMENT OF THE AIR FORCE - EIELSON AIR FORCE BASE,D,64.65843100,-147.05077000,L_0387,FNSB - Tanana Middle School,L,64.84574400,-146.33214400,142.85714290,40.08467501,40.08467501,5726.38214555,"LINESTRING (-147.05077000 64.65843100, -146.33214400 64.84574400)"
DL_ANLTK02019_L_0388,D-L,ANLTK02019,US DEPARTMENT OF THE AIR FORCE - EIELSON AIR FORCE BASE,D,64.65843100,-147.05077000,L_0388,FNSB - Ticasuk Brown Elementary School,L,64.82534400,-146.46599400,95.23809524,33.49730396,33.49730396,3190.21942515,"LINESTRING (-147.05077000 64.65843100, -146.46599400 64.82534400)"
DL_ANLTK02019_L_0403,D-L,ANLTK02019,US DEPARTMENT OF THE AIR FORCE - EIELSON AIR FORCE BASE,D,64.65843100,-147.05077000,L_0403,Fort Wainwright,L,64.82697200,-146.38852500,535.71428570,36.71450423,36.71450423,19668.48441095,"LINESTRING (-147.05077000 64.65843100, -146.38852500 64.82697200)"
DL_ANLTK02019_L_0413,D-L,ANLTK02019,US DEPARTMENT OF THE AIR FORCE - EIELSON AIR FORCE BASE,D,64.65843100,-147.05077000,L_0413,Fred Meyer #224 Fuel Stop,L,64.85420600,-146.31274700,476.19047620,41.36105108,41.36105108,19695.73860904,"LINESTRING (-147.05077000 64.65843100, -146.31274700 64.85420600)"
DL_ANLTK02019_L_0484,D-L,ANLTK02019,US DEPARTMENT OF THE AIR FORCE - EIELSON AIR FORCE BASE,D,64.65843100,-147.05077000,L_0484,Holiday #622,L,64.82547500,-146.28610800,595.23809520,40.90588797,40.90588797,24348.74283675,"LINESTRING (-147.05077000 64.65843100, -146.28610800 64.82547500)"
DL_ANLTK02019_L_0513,D-L,ANLTK02019,US DEPARTMENT OF THE AIR FORCE - EIELSON AIR FORCE BASE,D,64.65843100,-147.05077000,L_0513,Holiday #640,L,64.85989400,-146.30405000,428.03623735,42.04541994,42.04541994,17996.96335014,"LINESTRING (-147.05077000 64.65843100, -146.30405000 64.85989400)"
DL_ANLTK02019_L_0562,D-L,ANLTK02019,US DEPARTMENT OF THE AIR FORCE - EIELSON AIR FORCE BASE,D,64.65843100,-147.05077000,L_0562,"Mike's University Service, Inc.",L,64.85788300,-146.20240300,476.19047620,46.10055072,46.10055072,21952.64320002,"LINESTRING (-147.05077000 64.65843100, -146.20240300 64.85788300)"
DL_ANLTK02019_L_0592,D-L,ANLTK02019,US DEPARTMENT OF THE AIR FORCE - EIELSON AIR FORCE BASE,D,64.65843100,-147.05077000,L_0592,Moose Creek General Store,L,64.71755000,-146.80681900,238.09523810,13.37876340,13.37876340,3185.41985804,"LINESTRING (-147.05077000 64.65843100, -146.80681900 64.71755000)"
DL_ANLTK02019_L_0608,D-L,ANLTK02019,US DEPARTMENT OF THE AIR FORCE - EIELSON AIR FORCE BASE,D,64.65843100,-147.05077000,L_0608,Niff's Badger Road Tesoro,L,64.81711700,-146.43197500,285.71428570,34.37912003,34.37912003,9822.60572113,"LINESTRING (-147.05077000 64.65843100, -146.43197500 64.81711700)"
DL_ANLTK02019_L_0650,D-L,ANLTK02019,US DEPARTMENT OF THE AIR FORCE - EIELSON AIR FORCE BASE,D,64.65843100,-147.05077000,L_0650,Ron's Service and Towing,L,64.84473100,-146.28446400,607.14285710,41.98360804,41.98360804,25490.04773560,"LINESTRING (-147.05077000 64.65843100, -146.28446400 64.84473100)"
DL_ANLTK02019_L_0687,D-L,ANLTK02019,US DEPARTMENT OF THE AIR FORCE - EIELSON AIR FORCE BASE,D,64.65843100,-147.05077000,L_0687,Simard Automotive,L,64.83751700,-146.27422800,595.23809520,42.02411201,42.02411201,25014.35238611,"LINESTRING (-147.05077000 64.65843100, -146.27422800 64.83751700)"
DL_ANLTK02019_L_0694,D-L,ANLTK02019,US DEPARTMENT OF THE AIR FORCE - EIELSON AIR FORCE BASE,D,64.65843100,-147.05077000,L_0694,Sourdough Danby Station,L,64.85236700,-146.24921400,476.19047620,43.85872158,43.85872158,20885.10551369,"LINESTRING (-147.05077000 64.65843100, -146.24921400 64.85236700)"
DL_ANLTK02019_L_0698,D-L,ANLTK02019,US DEPARTMENT OF THE AIR FORCE - EIELSON AIR FORCE BASE,D,64.65843100,-147.05077000,L_0698,Sourdough Fuel Plaza Gas,L,64.75736900,-146.64628300,476.19047620,22.22097865,22.22097865,10581.41840656,"LINESTRING (-147.05077000 64.65843100, -146.64628300 64.75736900)"
DL_ANLTK02019_L_0700,D-L,ANLTK02019,US DEPARTMENT OF THE AIR FORCE - EIELSON AIR FORCE BASE,D,64.65843100,-147.05077000,L_0700,Sourdough Gas & Go,L,64.83722800,-146.24898600,642.85714290,43.07081199,43.07081199,27688.37913731,"LINESTRING (-147.05077000 64.65843100, -146.24898600 64.83722800)"
DL_ANLTK02019_L_0712,D-L,ANLTK02019,US DEPARTMENT OF THE AIR FORCE - EIELSON AIR FORCE BASE,D,64.65843100,-147.05077000,L_0712,Speedway Express #5310,L,64.76006100,-146.65019700,357.14285710,22.20991562,22.20991562,7932.11272080,"LINESTRING (-147.05077000 64.65843100, -146.65019700 64.76006100)"
DL_ANLTK02019_L_0726,D-L,ANLTK02019,US DEPARTMENT OF THE AIR FORCE - EIELSON AIR FORCE BASE,D,64.65843100,-147.05077000,L_0726,Speedway Express #5328,L,64.85388600,-146.28521400,619.04761900,42.46186280,42.46186280,26285.91506561,"LINESTRING (-147.05077000 64.65843100, -146.28521400 64.85388600)"
DL_ANLTK02019_L_0748,D-L,ANLTK02019,US DEPARTMENT OF THE AIR FORCE - EIELSON AIR FORCE BASE,D,64.65843100,-147.05077000,L_0748,Tanana Valley Clinic,L,64.83900600,-146.28680600,389.52380950,41.57730922,41.57730922,16195.35187736,"LINESTRING (-147.05077000 64.65843100, -146.28680600 64.83900600)"
DL_ANLTK02019_L_0776,D-L,ANLTK02019,US DEPARTMENT OF THE AIR FORCE - EIELSON AIR FORCE BASE,D,64.65843100,-147.05077000,L_0776,The Gas Line II,L,64.84181400,-146.27469200,357.14285710,42.23191566,42.23191566,15082.82701966,"LINESTRING (-147.05077000 64.65843100, -146.27469200 64.84181400)"
DL_ANLTK02019_L_0882,D-L,ANLTK02019,US DEPARTMENT OF THE AIR FORCE - EIELSON AIR FORCE BASE,D,64.65843100,-147.05077000,L_0882,USAF Eielson Air Force Base,L,64.66420300,-146.91847200,1255.95238100,6.35281352,6.35281352,7978.83126536,"LINESTRING (-147.05077000 64.65843100, -146.91847200 64.66420300)"
DL_ANLTK02020_L_0062,D-L,ANLTK02020,ANDEAVOR LOGISTICS LP,D,64.80836900,-147.89065700,L_0062,Air Arctic,L,64.81027800,-147.84976350,333.33333330,1.95453573,1.95453573,651.51191072,"LINESTRING (-147.89065700 64.80836900, -147.84976350 64.81027800)"
DL_ANLTK02020_L_0064,D-L,ANLTK02020,ANDEAVOR LOGISTICS LP,D,64.80836900,-147.89065700,L_0064,Airport Gas and Oil | Airport Gas & Oil,L,64.82710400,-147.85437130,619.04761900,2.70799100,2.70799100,1676.37538002,"LINESTRING (-147.89065700 64.80836900, -147.85437130 64.82710400)"
DL_ANLTK02020_L_0066,D-L,ANLTK02020,ANDEAVOR LOGISTICS LP,D,64.80836900,-147.89065700,L_0066,"Alaska Aerofuel, Inc.",L,64.80624600,-147.89053350,238.09523810,0.23676537,0.23676537,56.37270684,"LINESTRING (-147.89065700 64.80836900, -147.89053350 64.80624600)"
DL_ANLTK02020_L_0221,D-L,ANLTK02020,ANDEAVOR LOGISTICS LP,D,64.80836900,-147.89065700,L_0221,"Claire Air, LLC",L,64.81015200,-147.88148400,95.23809524,0.47901863,0.47901863,45.62082181,"LINESTRING (-147.89065700 64.80836900, -147.88148400 64.81015200)"
DL_ANLTK02020_L_0356,D-L,ANLTK02020,ANDEAVOR LOGISTICS LP,D,64.80836900,-147.89065700,L_0356,FNSB - Effie Kokrine Charter School,L,64.84725000,-147.84065100,11.90476190,4.94245390,4.94245390,58.83873687,"LINESTRING (-147.89065700 64.80836900, -147.84065100 64.84725000)"
DL_ANLTK02020_L_0394,D-L,ANLTK02020,ANDEAVOR LOGISTICS LP,D,64.80836900,-147.89065700,L_0394,FNSB - University Park Elementary School,L,64.84513500,-147.84749100,95.23809524,4.58288407,4.58288407,436.46514908,"LINESTRING (-147.89065700 64.80836900, -147.84749100 64.84513500)"
DL_ANLTK02020_L_0399,D-L,ANLTK02020,ANDEAVOR LOGISTICS LP,D,64.80836900,-147.89065700,L_0399,FNSB - West Valley High School,L,64.85197200,-147.82438900,238.09523810,5.79050448,5.79050448,1378.69154280,"LINESTRING (-147.89065700 64.80836900, -147.82438900 64.85197200)"
DL_ANLTK02020_L_0400,D-L,ANLTK02020,ANDEAVOR LOGISTICS LP,D,64.80836900,-147.89065700,L_0400,FNSB - Woodriver Elementary School,L,64.83945600,-147.87077400,142.85714290,3.59218888,3.59218888,513.16984071,"LINESTRING (-147.89065700 64.80836900, -147.87077400 64.83945600)"
DL_ANLTK02020_L_0416,D-L,ANLTK02020,ANDEAVOR LOGISTICS LP,D,64.80836900,-147.89065700,L_0416,Fred Meyer #485 Fuel Stop,L,64.83657680,-147.81719270,192.19580985,4.69694969,4.69694969,902.73405032,"LINESTRING (-147.89065700 64.80836900, -147.81719270 64.83657680)"
DL_ANLTK02020_L_0442,D-L,ANLTK02020,ANDEAVOR LOGISTICS LP,D,64.80836900,-147.89065700,L_0442,Goldstream General Store,L,64.91363440,-147.90560390,142.85714290,11.75747735,11.75747735,1679.63962234,"LINESTRING (-147.89065700 64.80836900, -147.90560390 64.91363440)"
DL_ANLTK02020_L_0460,D-L,ANLTK02020,ANDEAVOR LOGISTICS LP,D,64.80836900,-147.89065700,L_0460,Hertz Rental Car Return Shop,L,64.82601900,-147.85735050,47.61904762,2.52485366,2.52485366,120.23112661,"LINESTRING (-147.89065700 64.80836900, -147.85735050 64.82601900)"
DL_ANLTK02020_L_0490,D-L,ANLTK02020,ANDEAVOR LOGISTICS LP,D,64.80836900,-147.89065700,L_0490,Holiday #626,L,64.84874880,-147.83032850,476.19047620,5.33586616,5.33586616,2540.88864741,"LINESTRING (-147.89065700 64.80836900, -147.83032850 64.84874880)"
DL_ANLTK02020_L_0527,D-L,ANLTK02020,ANDEAVOR LOGISTICS LP,D,64.80836900,-147.89065700,L_0527,Just A Store,L,64.84714410,-147.86863040,238.09523810,4.44773494,4.44773494,1058.98451049,"LINESTRING (-147.89065700 64.80836900, -147.86863040 64.84714410)"
DL_ANLTK02020_L_0817,D-L,ANLTK02020,ANDEAVOR LOGISTICS LP,D,64.80836900,-147.89065700,L_0817,UAF Biological Research & Diagnostics Bldg,L,64.84090990,-147.86623000,238.09523810,3.80889051,3.80889051,906.87869297,"LINESTRING (-147.89065700 64.80836900, -147.86623000 64.84090990)"
DL_ANLTK02020_L_0818,D-L,ANLTK02020,ANDEAVOR LOGISTICS LP,D,64.80836900,-147.89065700,L_0818,UAF Biological Research & Diagnostics Bldg,L,64.85979000,-147.84384000,238.09523810,6.14859019,6.14859019,1463.95004618,"LINESTRING (-147.89065700 64.80836900, -147.84384000 64.85979000)"
DL_ANLTK02020_L_0898,D-L,ANLTK02020,ANDEAVOR LOGISTICS LP,D,64.80836900,-147.89065700,L_0898,USPS College,L,64.84833900,-147.82856400,238.09523810,5.34314806,5.34314806,1272.17811029,"LINESTRING (-147.89065700 64.80836900, -147.82856400 64.84833900)"
DL_ANLTK02020_L_0926,D-L,ANLTK02020,ANDEAVOR LOGISTICS LP,D,64.80836900,-147.89065700,L_0926,"Wright Air Service, Inc.",L,64.80853600,-147.85162230,238.09523810,1.85475206,1.85475206,441.60763358,"LINESTRING (-147.89065700 64.80836900, -147.85162230 64.80853600)"
DL_ANLTK02020_L_0931,D-L,ANLTK02020,ANDEAVOR LOGISTICS LP,D,64.80836900,-147.89065700,L_0931,Yukon Sqd Civil Air Patrol,L,64.81239400,-147.84567500,269.59126396,2.18368621,2.18368621,588.70272436,"LINESTRING (-147.89065700 64.80836900, -147.84567500 64.81239400)"
DL_ANLTK02021_L_0227,D-L,ANLTK02021,CROWLEY FUELS LLC FORT YUKON FACILITY,D,66.57061700,-145.27622700,L_0227,Coldfoot Camp,L,67.25161150,-150.17794080,136.38548130,227.56168027,227.56168027,31036.10928932,"LINESTRING (-145.27622700 66.57061700, -146.23443197 66.71882496, -147.20398309 66.86113655, -148.18461800 66.99744255, -149.17604463 67.12763578, -150.17794080 67.25161150)"
DL_ANLTK02021_L_0297,D-L,ANLTK02021,CROWLEY FUELS LLC FORT YUKON FACILITY,D,66.57061700,-145.27622700,L_0297,FAA - Fort Yukon Vortac Facility,L,66.56696000,-145.25843000,11.90476190,0.88907784,0.88907784,10.58426001,"LINESTRING (-145.27622700 66.57061700, -145.25843000 66.56696000)"
DL_ANLTK02021_L_0455,D-L,ANLTK02021,CROWLEY FUELS LLC FORT YUKON FACILITY,D,66.57061700,-145.27622700,L_0455,GZ Gas Station,L,66.56602430,-145.25621710,47.61904762,1.02535264,1.02535264,48.82631629,"LINESTRING (-145.27622700 66.57061700, -145.25621710 66.56602430)"
DL_ANLTK02021_L_0654,D-L,ANLTK02021,CROWLEY FUELS LLC FORT YUKON FACILITY,D,66.57061700,-145.27622700,L_0654,Safeway Fuel #2754,L,65.83610600,-146.18782200,476.19047620,91.61939655,91.61939655,43628.28407173,"LINESTRING (-145.27622700 66.57061700, -145.73864263 66.20404020, -146.18782200 65.83610600)"
DL_ANLTK02022_L_0030,D-L,ANLTK02022,"CROWLEY MARINE SERVICES, INCORPORATED",D,64.73367700,-156.93806400,L_0030,611th CES/CEAN Galena Airport,L,64.73889400,-155.04946900,18.45238095,89.97141796,89.97141796,1660.18687888,"LINESTRING (-156.93806400 64.73367700, -155.99385749 64.73929259, -155.04946900 64.73889400)"
DL_ANLTK02024_L_0074,D-L,ANLTK02024,DELTA WESTERN - LUTAK,D,59.28058300,-135.46865600,L_0074,AMHS - Auke Bay Ferry Terminal,L,58.38244980,-134.68712330,23.80952381,109.75447631,109.75447631,2613.20181695,"LINESTRING (-135.46865600 59.28058300, -135.20363173 58.98174718, -134.94316168 58.68236441, -134.68712330 58.38244980)"
DL_ANLTK02024_L_0139,D-L,ANLTK02024,DELTA WESTERN - LUTAK,D,59.28058300,-135.46865600,L_0139,Bigfoot Auto Service Inc.,L,59.23528990,-135.46671530,142.85714290,5.04684688,5.04684688,720.97812554,"LINESTRING (-135.46865600 59.28058300, -135.46671530 59.23528990)"
DL_ANLTK02024_L_0163,D-L,ANLTK02024,DELTA WESTERN - LUTAK,D,59.28058300,-135.46865600,L_0163,Capitol Transit (bus Barn),L,58.37027800,-133.39250000,238.09523810,157.04029374,157.04029374,37390.54612879,"LINESTRING (-135.46865600 59.28058300, -134.93936780 59.05617073, -134.41697072 58.82961847, -133.90137756 58.60097246, -133.39250000 58.37027800)"
DL_ANLTK02024_L_0264,D-L,ANLTK02024,DELTA WESTERN - LUTAK,D,59.28058300,-135.46865600,L_0264,"DEG, Inc.",L,59.23785470,-135.44475200,95.23809524,4.95136986,4.95136986,471.55903405,"LINESTRING (-135.46865600 59.28058300, -135.44475200 59.23785470)"
DL_ANLTK02024_L_0265,D-L,ANLTK02024,DELTA WESTERN - LUTAK,D,59.28058300,-135.46865600,L_0265,Dehart's Auke Bay Store,L,58.38649520,-134.64507020,357.14285710,110.36731316,110.36731316,39416.89755230,"LINESTRING (-135.46865600 59.28058300, -135.18939247 58.98315383, -134.91490621 58.68511900, -134.64507020 58.38649520)"
DL_ANLTK02024_L_0342,D-L,ANLTK02024,DELTA WESTERN - LUTAK,D,59.28058300,-135.46865600,L_0342,Fisherman's Bend,L,58.38664500,-134.64966150,714.28571430,110.23820838,110.23820838,78741.57741463,"LINESTRING (-135.46865600 59.28058300, -135.19095006 58.98319724, -134.91799401 58.68521240, -134.64966150 58.38664500)"
DL_ANLTK02024_L_0343,D-L,ANLTK02024,DELTA WESTERN - LUTAK,D,59.28058300,-135.46865600,L_0343,Fisherman's Bend,L,58.38710300,-133.34924200,519.39268505,157.74459594,157.74459594,81931.38923847,"LINESTRING (-135.46865600 59.28058300, -134.92853302 59.06050832, -134.39531036 58.83820539, -133.86890740 58.61372149, -133.34924200 58.38710300)"
DL_ANLTK02024_L_0657,D-L,ANLTK02024,DELTA WESTERN - LUTAK,D,59.28058300,-135.46865600,L_0657,Safeway Fuel Station #1820,L,58.37160800,-133.40312200,476.19047620,156.47474771,156.47474771,74511.78462302,"LINESTRING (-135.46865600 59.28058300, -134.94209021 59.05647096, -134.42237078 58.83024080, -133.90941072 58.60193822, -133.40312200 58.37160800)"
DL_ANLTK02024_L_0736,D-L,ANLTK02024,DELTA WESTERN - LUTAK,D,59.28058300,-135.46865600,L_0736,"Statter Harbor Food & Fuel, LLC",L,58.38618600,-133.35541900,357.14285710,157.53385770,157.53385770,56262.09203070,"LINESTRING (-135.46865600 59.28058300, -134.93009658 59.06026003, -134.39842491 58.83772166, -133.87355990 58.61301493, -133.35541900 58.38618600)"
DL_ANLTK02024_L_0824,D-L,ANLTK02024,DELTA WESTERN - LUTAK,D,59.28058300,-135.46865600,L_0824,Unnamed last-mile facility,L,59.23564030,-135.46390800,152.50362904,5.01391904,5.01391904,764.64085000,"LINESTRING (-135.46865600 59.28058300, -135.46390800 59.23564030)"
DL_ANLTK02024_L_0890,D-L,ANLTK02024,DELTA WESTERN - LUTAK,D,59.28058300,-135.46865600,L_0890,USDOI Glacier Bay Park Fuel Farm,L,58.45322200,-134.11263600,976.19047620,120.88785608,120.88785608,118009.57379753,"LINESTRING (-135.46865600 59.28058300, -135.00943262 59.00639564, -134.55747639 58.73059462, -134.11263600 58.45322200)"
DL_ANLTK02024_L_0899,D-L,ANLTK02024,DELTA WESTERN - LUTAK,D,59.28058300,-135.46865600,L_0899,USPS Haines,L,59.23042900,-135.44398440,238.09523810,5.76169008,5.76169008,1371.83097212,"LINESTRING (-135.46865600 59.28058300, -135.44398440 59.23042900)"
DL_ANLTK02024_L_0909,D-L,ANLTK02024,DELTA WESTERN - LUTAK,D,59.28058300,-135.46865600,L_0909,Valley Tesoro,L,58.37272200,-133.41348900,142.85714290,155.93682880,155.93682880,22276.68983487,"LINESTRING (-135.46865600 59.28058300, -134.94474509 59.05671813, -134.42763833 58.83075637, -133.91724891 58.60274290, -133.41348900 58.37272200)"
DL_ANLTK02025_L_0519,D-L,ANLTK02025,PETRO MARINE SERVICES,D,59.60183100,-151.41136900,L_0519,Homer Marina,L,59.60340900,-151.41675150,952.38095240,0.35111713,0.35111713,334.39726717,"LINESTRING (-151.41136900 59.60183100, -151.41675150 59.60340900)"
DL_ANLTK02025_L_0632,D-L,ANLTK02025,PETRO MARINE SERVICES,D,59.60183100,-151.41136900,L_0632,Petro Marine,L,59.60344750,-151.42653880,643.27171490,0.87533056,0.87533056,563.07539271,"LINESTRING (-151.41136900 59.60183100, -151.42653880 59.60344750)"
DL_ANLTK02025_L_0633,D-L,ANLTK02025,PETRO MARINE SERVICES,D,59.60183100,-151.41136900,L_0633,Petro Marine,L,59.60413540,-151.41818960,651.57227925,0.46286030,0.46286030,301.58694345,"LINESTRING (-151.41136900 59.60183100, -151.41818960 59.60413540)"
DL_ANLTK02025_L_0887,D-L,ANLTK02025,PETRO MARINE SERVICES,D,59.60183100,-151.41136900,L_0887,USCG  Support Center,L,57.73873100,-151.49508600,364.62494886,207.58630000,207.58630000,75691.14401984,"LINESTRING (-151.41136900 59.60183100, -151.42883977 59.22925872, -151.44593370 58.85666265, -151.46266426 58.48404272, -151.47904428 58.11139886, -151.49508600 57.73873100)"
DL_ANLTK02026_L_0605,D-L,ANLTK02026,CROWLEY PETROLEUM DISTRIBUTION,D,61.53395400,-166.10095500,L_0605,Nelson Island Area School,L,60.53055600,-164.89666700,99.81568055,129.37212310,129.37212310,12913.36651108,"LINESTRING (-166.10095500 61.53395400, -165.69102798 61.20070494, -165.28968671 60.86622519, -164.89666700 60.53055600)"
DL_ANLTK02027_L_0002,D-L,ANLTK02027,"DELTA WESTERN, INCORPORATED - SITE 2 6092",D,58.28886100,-134.39130400,L_0002,10th Street Tesoro,L,58.30177800,-133.57636900,496.76483378,47.81340646,47.81340646,23752.01891436,"LINESTRING (-134.39130400 58.28886100, -133.57636900 58.30177800)"
DL_ANLTK02027_L_0162,D-L,ANLTK02027,"DELTA WESTERN, INCORPORATED - SITE 2 6092",D,58.28886100,-134.39130400,L_0162,"Capital Service, Inc.",L,58.30072500,-133.57945600,357.14285710,47.62976270,47.62976270,17010.62953465,"LINESTRING (-134.39130400 58.28886100, -133.57945600 58.30072500)"
DL_ANLTK02027_L_0218,D-L,ANLTK02027,"DELTA WESTERN, INCORPORATED - SITE 2 6092",D,58.28886100,-134.39130400,L_0218,City of Juneau Downtown Firestation,L,58.30095000,-133.57876400,13.09523810,47.67087959,47.67087959,624.26151873,"LINESTRING (-134.39130400 58.28886100, -133.57876400 58.30095000)"
DL_ANLTK02027_L_0279,D-L,ANLTK02027,"DELTA WESTERN, INCORPORATED - SITE 2 6092",D,58.28886100,-134.39130400,L_0279,Eaglecrest Ski Area,L,58.27645600,-133.48684700,142.85714290,53.07861102,53.07861102,7582.65871910,"LINESTRING (-134.39130400 58.28886100, -133.93899643 58.28345813, -133.48684700 58.27645600)"
DL_ANLTK02027_L_0533,D-L,ANLTK02027,"DELTA WESTERN, INCORPORATED - SITE 2 6092",D,58.28886100,-134.39130400,L_0533,Ketchikan International Airport,L,55.35182800,-130.29773100,202.38095240,411.49099514,411.49099514,83277.93949986,"LINESTRING (-134.39130400 58.28886100, -133.90387808 57.96944752, -133.42507085 57.64818281, -132.95467312 57.32512108, -132.49248011 57.00031473, -132.03829152 56.67381442, -131.59191150 56.34566907, -131.15314865 56.01592600, -130.72181600 55.68463092, -130.29773100 55.35182800)"
DL_ANLTK02027_L_0535,D-L,ANLTK02027,"DELTA WESTERN, INCORPORATED - SITE 2 6092",D,58.28886100,-134.39130400,L_0535,Ketchikan Pioneer Home,L,55.35600000,-130.30833300,95.23809524,410.72149794,410.72149794,39116.33313805,"LINESTRING (-134.39130400 58.28886100, -133.90518493 57.96987490, -133.42765009 57.64904740, -132.95849127 57.32643237, -132.49750467 57.00208185, -132.04449095 56.67604616, -131.59925520 56.34837392, -131.16160693 56.01911213, -130.73136009 55.68830619, -130.30833300 55.35600000)"
DL_ANLTK02027_L_0544,D-L,ANLTK02027,"DELTA WESTERN, INCORPORATED - SITE 2 6092",D,58.28886100,-134.39130400,L_0544,L N M Services,L,56.47083300,-131.61750000,71.42857143,262.31353111,262.31353111,18736.68079387,"LINESTRING (-134.39130400 58.28886100, -133.90964657 57.99021317, -133.43596412 57.68975791, -132.97008013 57.38754488, -132.51182114 57.08362220, -132.06101681 56.77803651, -131.61750000 56.47083300)"
DL_ANLTK02027_L_0547,D-L,ANLTK02027,"DELTA WESTERN, INCORPORATED - SITE 2 6092",D,58.28886100,-134.39130400,L_0547,Last Chance Gas,L,56.12073440,-133.12997180,149.45121947,253.18700257,253.18700257,37839.10628915,"LINESTRING (-134.39130400 58.28886100, -134.17058578 57.92845753, -133.95424910 57.56765777, -133.74215242 57.20647403, -133.53415998 56.84491810, -133.33014147 56.48300128, -133.12997180 56.12073440)"
DL_ANLTK02027_L_0550,D-L,ANLTK02027,"DELTA WESTERN, INCORPORATED - SITE 2 6092",D,58.28886100,-134.39130400,L_0550,Lighthouse Service,L,55.42912200,-130.21234200,214.28571430,407.76190139,407.76190139,87377.55030310,"LINESTRING (-134.39130400 58.28886100, -133.89458150 57.97831096, -133.40640503 57.66583927, -132.92657716 57.35150076, -132.45490412 57.03534851, -131.99119587 56.71743388, -131.53526613 56.39780659, -131.08693239 56.07651473, -130.64601597 55.75360485, -130.21234200 55.42912200)"
DL_ANLTK02027_L_0625,D-L,ANLTK02027,"DELTA WESTERN, INCORPORATED - SITE 2 6092",D,58.28886100,-134.39130400,L_0625,"Petersburg Motors, Inc.",L,56.81014400,-131.04442200,130.95238100,259.32632458,259.32632458,33959.39966035,"LINESTRING (-134.39130400 58.28886100, -133.81449124 58.04868428, -133.24540697 57.80592089, -132.68395594 57.56062886, -132.13004093 57.31286507, -131.58356306 57.06268525, -131.04442200 56.81014400)"
DL_ANLTK02027_L_0634,D-L,ANLTK02027,"DELTA WESTERN, INCORPORATED - SITE 2 6092",D,58.28886100,-134.39130400,L_0634,Petro One,L,56.80774700,-131.03108600,71.42857143,260.11746573,260.11746573,18579.81898125,"LINESTRING (-134.39130400 58.28886100, -133.81216316 58.04833505, -133.24079338 57.80520159, -132.67709914 57.55951921, -132.12098292 57.31134533, -131.57234545 57.06073621, -131.03108600 56.80774700)"
DL_ANLTK02027_L_0660,D-L,ANLTK02027,"DELTA WESTERN, INCORPORATED - SITE 2 6092",D,58.28886100,-134.39130400,L_0660,Safeway Gasoline #1818,L,55.34879400,-130.32469400,13.34230991,410.77018181,410.77018181,5480.62306919,"LINESTRING (-134.39130400 58.28886100, -133.90705314 57.96902093, -133.43137568 57.64735343, -132.96406254 57.32391209, -132.50490913 56.99874869, -132.05371541 56.67191325, -131.61028583 56.34345413, -131.17442936 56.01341803, -130.74595946 55.68185011, -130.32469400 55.34879400)"
DL_ANLTK02027_L_0692,D-L,ANLTK02027,"DELTA WESTERN, INCORPORATED - SITE 2 6092",D,58.28886100,-134.39130400,L_0692,Sitka Street Pump Station,L,58.29666700,-133.56666700,5.71428571,48.37202130,48.37202130,276.41155005,"LINESTRING (-134.39130400 58.28886100, -133.56666700 58.29666700)"
DL_ANLTK02027_L_0762,D-L,ANLTK02027,"DELTA WESTERN, INCORPORATED - SITE 2 6092",D,58.28886100,-134.39130400,L_0762,Temsco Peninsula Point Facility,L,55.38378100,-130.26368600,238.09523810,409.87820204,409.87820204,97590.04810722,"LINESTRING (-134.39130400 58.28886100, -133.90017960 57.97310676, -133.41764255 57.65547345, -132.94348849 57.33601551, -132.47751722 57.01478560, -132.01953265 56.69183464, -131.56934288 56.36721187, -131.12676019 56.04096491, -130.69160102 55.71313978, -130.26368600 55.38378100)"
DL_ANLTK02027_L_0879,D-L,ANLTK02027,"DELTA WESTERN, INCORPORATED - SITE 2 6092",D,58.28886100,-134.39130400,L_0879,US Dept of Commerce - NOAA - NMFS,L,58.29891700,-133.58916100,23.80952381,47.05680936,47.05680936,1120.40022282,"LINESTRING (-134.39130400 58.28886100, -133.58916100 58.29891700)"
DL_ANLTK02027_L_0924,D-L,ANLTK02027,"DELTA WESTERN, INCORPORATED - SITE 2 6092",D,58.28886100,-134.39130400,L_0924,"Westside Service, Inc.",L,55.34928600,-130.32540800,297.61904760,410.69928726,410.69928726,122231.93072542,"LINESTRING (-134.39130400 58.28886100, -133.90714343 57.96907314, -133.43155330 57.64745852, -132.96432461 57.32407072, -132.50525288 56.99896147, -132.05413817 56.67218078, -131.61078504 56.34377697, -131.17500253 56.01379674, -130.74660419 55.68228522, -130.32540800 55.34928600)"
DL_ANLTK02028_L_0003,D-L,ANLTK02028,PETRO MARINE SERVICES,D,58.29911100,-134.43613900,L_0003,10th Street Tesoro | Tesoro Alaska,L,58.30164550,-134.42384240,192.85906294,0.77432768,0.77432768,149.33611078,"LINESTRING (-134.43613900 58.29911100, -134.42384240 58.30164550)"
DL_ANLTK02028_L_0121,D-L,ANLTK02028,PETRO MARINE SERVICES,D,58.29911100,-134.43613900,L_0121,Bartlett Memorial Hospital,L,58.32853100,-134.46500000,476.19047620,3.68779006,3.68779006,1756.09050287,"LINESTRING (-134.43613900 58.29911100, -134.46500000 58.32853100)"
DL_ANLTK02028_L_0408,D-L,ANLTK02028,PETRO MARINE SERVICES,D,58.29911100,-134.43613900,L_0408,Fred Meyer #158 Fuel Stop,L,58.35934800,-134.56144350,380.95238100,9.94552168,9.94552168,3788.77016239,"LINESTRING (-134.43613900 58.29911100, -134.56144350 58.35934800)"
DL_ANLTK02028_L_0429,D-L,ANLTK02028,PETRO MARINE SERVICES,D,58.29911100,-134.43613900,L_0429,Gas-n-Go,L,58.35013200,-134.49266100,476.19047620,6.57758443,6.57758443,3132.18305979,"LINESTRING (-134.43613900 58.29911100, -134.49266100 58.35013200)"
DL_ANLTK02028_L_0560,D-L,ANLTK02028,PETRO MARINE SERVICES,D,58.29911100,-134.43613900,L_0560,Mike's Airport Express,L,58.36342500,-134.58492000,285.71428570,11.28239045,11.28239045,3223.54012933,"LINESTRING (-134.43613900 58.29911100, -134.58492000 58.36342500)"
DL_ANLTK02028_L_0617,D-L,ANLTK02028,PETRO MARINE SERVICES,D,58.29911100,-134.43613900,L_0617,NorthStar Trekking - Douglas Island Base.,L,58.33183500,-134.49782250,285.71428570,5.13384253,5.13384253,1466.81215152,"LINESTRING (-134.43613900 58.29911100, -134.49782250 58.33183500)"
DL_ANLTK02028_L_0635,D-L,ANLTK02028,PETRO MARINE SERVICES,D,58.29911100,-134.43613900,L_0635,Petro One,L,58.35752770,-134.55958090,324.85049836,9.72862247,9.72862247,3160.34785833,"LINESTRING (-134.43613900 58.29911100, -134.55958090 58.35752770)"
DL_ANLTK02028_L_0656,D-L,ANLTK02028,PETRO MARINE SERVICES,D,58.29911100,-134.43613900,L_0656,Safeway Fuel Station #1820,L,58.37137200,-134.59674150,476.19047620,12.38107356,12.38107356,5895.74931631,"LINESTRING (-134.43613900 58.29911100, -134.59674150 58.37137200)"
DL_ANLTK02028_L_0760,D-L,ANLTK02028,PETRO MARINE SERVICES,D,58.29911100,-134.43613900,L_0760,"Temsco Helicopters, Inc.",L,58.35538800,-134.55958050,190.47619050,9.57101266,9.57101266,1823.05003006,"LINESTRING (-134.43613900 58.29911100, -134.55958050 58.35538800)"
DL_ANLTK02028_L_0908,D-L,ANLTK02028,PETRO MARINE SERVICES,D,58.29911100,-134.43613900,L_0908,Valley Tesoro,L,58.37241600,-134.58639150,147.60486503,12.00557051,12.00557051,1772.08061535,"LINESTRING (-134.43613900 58.29911100, -134.58639150 58.37241600)"
DL_ANLTK02029_L_0002,D-L,ANLTK02029,CROWLEY FUELS LLC,D,58.28973700,-134.39340300,L_0002,10th Street Tesoro,L,58.30177800,-133.57636900,74.66373762,47.93302420,47.93302420,3578.85874235,"LINESTRING (-134.39340300 58.28973700, -133.57636900 58.30177800)"
DL_ANLTK02029_L_0003,D-L,ANLTK02029,CROWLEY FUELS LLC,D,58.28973700,-134.39340300,L_0003,10th Street Tesoro | Tesoro Alaska,L,58.30164550,-134.42384240,378.56950846,2.22394922,2.22394922,841.91936298,"LINESTRING (-134.39340300 58.28973700, -134.42384240 58.30164550)"
DL_ANLTK02029_L_0095,D-L,ANLTK02029,CROWLEY FUELS LLC,D,58.28973700,-134.39340300,L_0095,AT&T - Juneau Toll Center,L,58.33930000,-133.51056100,47.61904762,52.03968946,52.03968946,2478.08045059,"LINESTRING (-134.39340300 58.28973700, -133.95229074 58.31527998, -133.51056100 58.33930000)"
DL_ANLTK02029_L_0100,D-L,ANLTK02029,CROWLEY FUELS LLC,D,58.28973700,-134.39340300,L_0100,AT&T - Mud Bay Microwave Repeater,L,57.15000000,-134.28333300,95.23809524,127.10489108,127.10489108,12105.22772176,"LINESTRING (-134.39340300 58.28973700, -134.35593961 57.90985828, -134.31925873 57.52994587, -134.28333300 57.15000000)"
DL_ANLTK02029_L_0122,D-L,ANLTK02029,CROWLEY FUELS LLC,D,58.28973700,-134.39340300,L_0122,Basin Road Well House LCB Water Treatment Building,L,58.30732020,-134.40196050,35.71428571,2.02173450,2.02173450,72.20480370,"LINESTRING (-134.39340300 58.28973700, -134.40196050 58.30732020)"
DL_ANLTK02029_L_0123,D-L,ANLTK02029,CROWLEY FUELS LLC,D,58.28973700,-134.39340300,L_0123,Basin Road Well House LCB Water Treatment Building,L,58.30736900,-133.59675600,35.71428571,46.75627267,46.75627267,1669.86688087,"LINESTRING (-134.39340300 58.28973700, -133.59675600 58.30736900)"
DL_ANLTK02029_L_0161,D-L,ANLTK02029,CROWLEY FUELS LLC,D,58.28973700,-134.39340300,L_0161,"Capital Service, Inc.",L,58.30072400,-134.42093260,285.71428570,2.02587117,2.02587117,578.82033505,"LINESTRING (-134.39340300 58.28973700, -134.42093260 58.30072400)"
DL_ANLTK02029_L_0219,D-L,ANLTK02029,CROWLEY FUELS LLC,D,58.28973700,-134.39340300,L_0219,City of Juneau Downtown Firestation,L,58.30102800,-134.42175000,13.09523810,2.08452276,2.08452276,27.29732192,"LINESTRING (-134.39340300 58.28973700, -134.42175000 58.30102800)"
DL_ANLTK02029_L_0271,D-L,ANLTK02029,CROWLEY FUELS LLC,D,58.28973700,-134.39340300,L_0271,Douglas Depot,L,58.27679800,-134.39556940,300.65358826,1.44677289,1.44677289,434.97746187,"LINESTRING (-134.39340300 58.28973700, -134.39556940 58.27679800)"
DL_ANLTK02029_L_0280,D-L,ANLTK02029,CROWLEY FUELS LLC,D,58.28973700,-134.39340300,L_0280,Eaglecrest Ski Area,L,58.29966000,-134.40659400,285.71428570,1.34908962,1.34908962,385.45417581,"LINESTRING (-134.39340300 58.28973700, -134.40659400 58.29966000)"
DL_ANLTK02029_L_0407,D-L,ANLTK02029,CROWLEY FUELS LLC,D,58.28973700,-134.39340300,L_0407,Fred Meyer #158 Fuel Stop,L,58.35894400,-133.44100800,476.19047620,56.33706828,56.33706828,26827.17537131,"LINESTRING (-134.39340300 58.28973700, -133.91767075 58.32522658, -133.44100800 58.35894400)"
DL_ANLTK02029_L_0451,D-L,ANLTK02029,CROWLEY FUELS LLC,D,58.28973700,-134.39340300,L_0451,GSA - Juneau Courthouse,L,58.30175400,-134.41148960,357.14285710,1.70780309,1.70780309,609.92967362,"LINESTRING (-134.39340300 58.28973700, -134.41148960 58.30175400)"
DL_ANLTK02029_L_0452,D-L,ANLTK02029,CROWLEY FUELS LLC,D,58.28973700,-134.39340300,L_0452,GSA - Juneau Courthouse,L,58.30186700,-133.58023600,357.14285710,47.70655915,47.70655915,17038.05683799,"LINESTRING (-134.39340300 58.28973700, -133.58023600 58.30186700)"
DL_ANLTK02029_L_0457,D-L,ANLTK02029,CROWLEY FUELS LLC,D,58.28973700,-134.39340300,L_0457,Halibut Point Marine Services,L,57.05673600,-134.65543600,339.60201265,138.20860010,138.20860010,46935.91875925,"LINESTRING (-134.39340300 58.28973700, -134.48273647 57.87882417, -134.57005554 57.46782313, -134.65543600 57.05673600)"
DL_ANLTK02029_L_0559,D-L,ANLTK02029,CROWLEY FUELS LLC,D,58.28973700,-134.39340300,L_0559,Mike's Airport Express,L,58.36333100,-133.41500600,285.71428570,57.91034019,57.91034019,16545.81148116,"LINESTRING (-134.39340300 58.28973700, -133.90471279 58.32746909, -133.41500600 58.36333100)"
DL_ANLTK02029_L_0604,D-L,ANLTK02029,CROWLEY FUELS LLC,D,58.28973700,-134.39340300,L_0604,Mt. Edgecombe High School,L,57.05152500,-134.64731900,164.46963259,138.73159482,138.73159482,22817.13442945,"LINESTRING (-134.39340300 58.28973700, -134.47997719 57.87708370, -134.56459117 57.46434571, -134.64731900 57.05152500)"
DL_ANLTK02029_L_0618,D-L,ANLTK02029,CROWLEY FUELS LLC,D,58.28973700,-134.39340300,L_0618,NorthStar Trekking - Douglas Island Base.,L,58.33210800,-133.50250000,297.61904760,52.43663543,52.43663543,15606.14149554,"LINESTRING (-134.39340300 58.28973700, -133.94821781 58.31169799, -133.50250000 58.33210800)"
DL_ANLTK02029_L_0759,D-L,ANLTK02029,CROWLEY FUELS LLC,D,58.28973700,-134.39340300,L_0759,"Temsco Helicopters, Inc.",L,58.35532200,-133.43982200,190.47619050,56.35502950,56.35502950,10734.29133464,"LINESTRING (-134.39340300 58.28973700, -133.91705392 58.32341781, -133.43982200 58.35532200)"
DL_ANLTK02029_L_0889,D-L,ANLTK02029,CROWLEY FUELS LLC,D,58.28973700,-134.39340300,L_0889,USCG Air Station  Sitka,L,57.05522800,-134.63108100,14.52380952,138.21886787,138.21886787,2007.46450907,"LINESTRING (-134.39340300 58.28973700, -134.47443543 57.87831082, -134.55363845 57.46680725, -134.63108100 57.05522800)"
DL_ANLTK02030_L_0531,D-L,ANLTK02030,CROWLEY FUELS LLC KETCHIKAN FACILITY,D,55.33712900,-131.63333000,L_0531,Ketchikan General Hospital,L,55.35295000,-131.68643300,8.04431592,3.80169589,3.80169589,30.58204278,"LINESTRING (-131.63333000 55.33712900, -131.68643300 55.35295000)"
DL_ANLTK02030_L_0655,D-L,ANLTK02030,CROWLEY FUELS LLC KETCHIKAN FACILITY,D,55.33712900,-131.63333000,L_0655,Safeway Fuel Station,L,55.34887920,-131.67531000,221.90476192,2.96740991,2.96740991,658.48238888,"LINESTRING (-131.63333000 55.33712900, -131.67531000 55.34887920)"
DL_ANLTK02030_L_0661,D-L,ANLTK02030,CROWLEY FUELS LLC KETCHIKAN FACILITY,D,55.33712900,-131.63333000,L_0661,Safeway Gasoline #1818,L,55.34941810,-131.67490150,476.19047620,2.97129578,2.97129578,1414.90275426,"LINESTRING (-131.63333000 55.33712900, -131.67490150 55.34941810)"
DL_ANLTK02030_L_0751,D-L,ANLTK02030,CROWLEY FUELS LLC KETCHIKAN FACILITY,D,55.33712900,-131.63333000,L_0751,Tatsuda's Gas At Last,L,55.33910000,-131.63470300,219.04761900,0.23609414,0.23609414,51.71585842,"LINESTRING (-131.63333000 55.33712900, -131.63470300 55.33910000)"
DL_ANLTK02030_L_0752,D-L,ANLTK02030,CROWLEY FUELS LLC KETCHIKAN FACILITY,D,55.33712900,-131.63333000,L_0752,Tatsuda's Gas At Last,L,55.33920000,-131.63584050,238.09523810,0.28024496,0.28024496,66.72499033,"LINESTRING (-131.63333000 55.33712900, -131.63584050 55.33920000)"
DL_ANLTK02030_L_0923,D-L,ANLTK02030,CROWLEY FUELS LLC KETCHIKAN FACILITY,D,55.33712900,-131.63333000,L_0923,"Westside Service, Inc.",L,55.34922600,-131.67447300,178.57142860,2.93732768,2.93732768,524.52280076,"LINESTRING (-131.63333000 55.33712900, -131.67447300 55.34922600)"
DL_ANLTK02032_L_0660,D-L,ANLTK02032,PETRO MARINE SERVICES - KETCHIKAN TERMINAL NO. 1,D,55.33395600,-131.62770900,L_0660,Safeway Gasoline #1818,L,55.34879400,-130.32469400,26.03877327,82.69115024,82.69115024,2153.17611291,"LINESTRING (-131.62770900 55.33395600, -130.97632326 55.34311150, -130.32469400 55.34879400)"
DL_ANLTK02033_L_0057,D-L,ANLTK02033,PETRO STAR INC (DBA NORTH PACIFIC FUEL) - KODIAK,D,57.78503134,-152.42417278,L_0057,ADOTPF - Kodiak Maintenance Shop,L,57.75987800,-152.51585800,238.09523810,6.13314112,6.13314112,1460.27169633,"LINESTRING (-152.42417278 57.78503134, -152.51585800 57.75987800)"
DL_ANLTK02033_L_0317,D-L,ANLTK02033,PETRO STAR INC (DBA NORTH PACIFIC FUEL) - KODIAK,D,57.78503134,-152.42417278,L_0317,FAA Woody Island,L,57.79634270,-152.39063730,23.80952381,2.35913782,2.35913782,56.16994821,"LINESTRING (-152.42417278 57.78503134, -152.39063730 57.79634270)"
DL_ANLTK02033_L_0428,D-L,ANLTK02033,PETRO STAR INC (DBA NORTH PACIFIC FUEL) - KODIAK,D,57.78503134,-152.42417278,L_0428,Gas N Go,L,57.79053560,-152.40587590,285.71428570,1.24911654,1.24911654,356.89043859,"LINESTRING (-152.42417278 57.78503134, -152.40587590 57.79053560)"
DL_ANLTK02033_L_0543,D-L,ANLTK02033,PETRO STAR INC (DBA NORTH PACIFIC FUEL) - KODIAK,D,57.78503134,-152.42417278,L_0543,Kodiak Public Works,L,57.80682000,-152.36846100,95.23809524,4.10677287,4.10677287,391.12122574,"LINESTRING (-152.42417278 57.78503134, -152.36846100 57.80682000)"
DL_ANLTK02033_L_0564,D-L,ANLTK02033,PETRO STAR INC (DBA NORTH PACIFIC FUEL) - KODIAK,D,57.78503134,-152.42417278,L_0564,Mill Bay Gas & Go,L,57.81704400,-152.35504200,142.85714290,5.44137590,5.44137590,777.33941388,"LINESTRING (-152.42417278 57.78503134, -152.35504200 57.81704400)"
DL_ANLTK02033_L_0631,D-L,ANLTK02033,PETRO STAR INC (DBA NORTH PACIFIC FUEL) - KODIAK,D,57.78503134,-152.42417278,L_0631,Petro Express Kodiak,L,57.80895300,-152.36713350,261.90476190,4.31319554,4.31319554,1129.64645084,"LINESTRING (-152.42417278 57.78503134, -152.36713350 57.80895300)"
DL_ANLTK02033_L_0887,D-L,ANLTK02033,PETRO STAR INC (DBA NORTH PACIFIC FUEL) - KODIAK,D,57.78503134,-152.42417278,L_0887,USCG  Support Center,L,57.73873100,-151.49508600,2469.93697592,55.54322977,55.54322977,137188.27697642,"LINESTRING (-152.42417278 57.78503134, -151.95933234 57.76273256, -151.49508600 57.73873100)"
DL_ANLTK02033_L_0900,D-L,ANLTK02033,PETRO STAR INC (DBA NORTH PACIFIC FUEL) - KODIAK,D,57.78503134,-152.42417278,L_0900,USPS Kodiak,L,57.79249200,-152.40411000,119.04761900,1.45413636,1.45413636,173.11147104,"LINESTRING (-152.42417278 57.78503134, -152.40411000 57.79249200)"
DL_ANLTK02034_L_0040,D-L,ANLTK02034,PETRO MARINE SERVICES,D,57.78839200,-152.40189400,L_0040,ADF&G - Kodiak Airport Hanger,L,57.78770300,-151.59756100,11.90476190,47.84300386,47.84300386,569.55956958,"LINESTRING (-152.40189400 57.78839200, -151.59756100 57.78770300)"
DL_ANLTK02034_L_0097,D-L,ANLTK02034,PETRO MARINE SERVICES,D,57.78839200,-152.40189400,L_0097,AT&T - Kodiak Earth Station,L,57.79161000,-152.39825100,47.61904762,0.41881028,0.41881028,19.94334674,"LINESTRING (-152.40189400 57.78839200, -152.39825100 57.79161000)"
DL_ANLTK02034_L_0098,D-L,ANLTK02034,PETRO MARINE SERVICES,D,57.78839200,-152.40189400,L_0098,AT&T - Kodiak Earth Station,L,57.79172800,-151.60149700,47.61904762,47.60762639,47.60762639,2267.02982791,"LINESTRING (-152.40189400 57.78839200, -151.60149700 57.79172800)"
DL_ANLTK02034_L_0427,D-L,ANLTK02034,PETRO MARINE SERVICES,D,57.78839200,-152.40189400,L_0427,Gas N Go,L,57.79039400,-151.59370600,285.71428570,48.07096950,48.07096950,13734.56271292,"LINESTRING (-152.40189400 57.78839200, -151.59370600 57.79039400)"
DL_ANLTK02034_L_0563,D-L,ANLTK02034,PETRO MARINE SERVICES,D,57.78839200,-152.40189400,L_0563,Mill Bay Gas & Go,L,57.81682800,-151.64511900,142.85714290,45.10733854,45.10733854,6443.90550718,"LINESTRING (-152.40189400 57.78839200, -151.64511900 57.81682800)"
DL_ANLTK02034_L_0630,D-L,ANLTK02034,PETRO MARINE SERVICES,D,57.78839200,-152.40189400,L_0630,Petro Express Kodiak,L,57.80885300,-151.63312500,238.09523810,45.77095550,45.77095550,10897.84654679,"LINESTRING (-152.40189400 57.78839200, -151.63312500 57.80885300)"
DL_ANLTK02034_L_0815,D-L,ANLTK02034,PETRO MARINE SERVICES,D,57.78839200,-152.40189400,L_0815,UAA - Kodiak,L,57.80470600,-151.63320000,47.61904762,45.74844993,45.74844993,2178.49761556,"LINESTRING (-152.40189400 57.78839200, -151.63320000 57.80470600)"
DL_ANLTK02034_L_0887,D-L,ANLTK02034,PETRO MARINE SERVICES,D,57.78839200,-152.40189400,L_0887,USCG  Support Center,L,57.73873100,-151.49508600,2244.49365327,54.25736581,54.25736581,121780.31320906,"LINESTRING (-152.40189400 57.78839200, -151.94817900 57.76437253, -151.49508600 57.73873100)"
DL_ANLTK02034_L_0901,D-L,ANLTK02034,PETRO MARINE SERVICES,D,57.78839200,-152.40189400,L_0901,USPS Kodiak,L,57.79257800,-151.59573600,119.04761900,47.95052940,47.95052940,5708.39635531,"LINESTRING (-152.40189400 57.78839200, -151.59573600 57.79257800)"
DL_ANLTK02035_L_0311,D-L,ANLTK02035,CROWLEY MARINE SERVICES INCORPORATED,D,66.90347600,-162.58142500,L_0311,FAA Kotzebue,L,66.88656400,-161.38751400,47.61904762,52.33592074,52.33592074,2492.18670186,"LINESTRING (-162.58142500 66.90347600, -161.98426320 66.89614362, -161.38751400 66.88656400)"
DL_ANLTK02040_L_0153,D-L,ANLTK02040,BRISTOL ALLIANCE FUELS LLC NAKNEK TERMINAL,D,58.72746600,-157.01164200,L_0153,Bristol Express,L,59.04046100,-157.53243900,95.23809524,46.01733068,46.01733068,4382.60292162,"LINESTRING (-157.01164200 58.72746600, -157.53243900 59.04046100)"
DL_ANLTK02040_L_0883,D-L,ANLTK02040,BRISTOL ALLIANCE FUELS LLC NAKNEK TERMINAL,D,58.72746600,-157.01164200,L_0883,USAF King Salmon Airport,L,58.68702200,-155.33646900,516.66666670,97.19899464,97.19899464,50219.48056564,"LINESTRING (-157.01164200 58.72746600, -156.17357000 58.70996633, -155.33646900 58.68702200)"
DL_ANLTK02040_L_0884,D-L,ANLTK02040,BRISTOL ALLIANCE FUELS LLC NAKNEK TERMINAL,D,58.72746600,-157.01164200,L_0884,USAF King Salmon Airport | FAA King Salmon,L,58.68272000,-156.66937000,523.80952380,20.45660753,20.45660753,10715.36584725,"LINESTRING (-157.01164200 58.72746600, -156.66937000 58.68272000)"
DL_ANLTK02042_L_0015,D-L,ANLTK02042,ANDEAVOR LOGISTICS LP - KENAI REFINERY STORAGE FACILITY AND TRUCK TERMINAL,D,60.68343000,-151.36540600,L_0015,2Go Mart-Tesoro Northstore #201,L,60.63556970,-151.34711650,357.14285710,5.42574040,5.42574040,1937.76442876,"LINESTRING (-151.36540600 60.68343000, -151.34711650 60.63556970)"
DL_ANLTK02042_L_0070,D-L,ANLTK02042,ANDEAVOR LOGISTICS LP - KENAI REFINERY STORAGE FACILITY AND TRUCK TERMINAL,D,60.68343000,-151.36540600,L_0070,"Alaska Oil Sales, Inc",L,60.49102500,-151.15902300,476.19047620,24.23930765,24.23930765,11542.52745469,"LINESTRING (-151.36540600 60.68343000, -151.15902300 60.49102500)"
DL_ANLTK02042_L_0124,D-L,ANLTK02042,ANDEAVOR LOGISTICS LP - KENAI REFINERY STORAGE FACILITY AND TRUCK TERMINAL,D,60.68343000,-151.36540600,L_0124,Baycrest Fuel & Store,L,59.65805070,-151.63879540,714.28571430,115.24617717,115.24617717,82318.69797835,"LINESTRING (-151.36540600 60.68343000, -151.45843982 60.34171763, -151.54954791 59.99992386, -151.63879540 59.65805070)"
DL_ANLTK02042_L_0130,D-L,ANLTK02042,ANDEAVOR LOGISTICS LP - KENAI REFINERY STORAGE FACILITY AND TRUCK TERMINAL,D,60.68343000,-151.36540600,L_0130,Big John's Chevron,L,60.55522200,-151.25171400,476.19047620,15.58270554,15.58270554,7420.33596998,"LINESTRING (-151.36540600 60.68343000, -151.25171400 60.55522200)"
DL_ANLTK02042_L_0132,D-L,ANLTK02042,ANDEAVOR LOGISTICS LP - KENAI REFINERY STORAGE FACILITY AND TRUCK TERMINAL,D,60.68343000,-151.36540600,L_0132,Big John's K-Beach Short Stop,L,60.48733500,-151.15703400,428.57142860,24.65429444,24.65429444,10566.12619105,"LINESTRING (-151.36540600 60.68343000, -151.15703400 60.48733500)"
DL_ANLTK02042_L_0182,D-L,ANLTK02042,ANDEAVOR LOGISTICS LP - KENAI REFINERY STORAGE FACILITY AND TRUCK TERMINAL,D,60.68343000,-151.36540600,L_0182,Chevron,L,59.64252800,-151.53760640,260.83611886,116.36551277,116.36551277,30352.32871995,"LINESTRING (-151.36540600 60.68343000, -151.42402332 60.33650595, -151.48140933 59.98953837, -151.53760640 59.64252800)"
DL_ANLTK02042_L_0226,D-L,ANLTK02042,ANDEAVOR LOGISTICS LP - KENAI REFINERY STORAGE FACILITY AND TRUCK TERMINAL,D,60.68343000,-151.36540600,L_0226,Coast Tesoro,L,60.03936900,-151.67507400,476.19047620,73.76714531,73.76714531,35127.21205480,"LINESTRING (-151.36540600 60.68343000, -151.52176701 60.36149741, -151.67507400 60.03936900)"
DL_ANLTK02042_L_0245,D-L,ANLTK02042,ANDEAVOR LOGISTICS LP - KENAI REFINERY STORAGE FACILITY AND TRUCK TERMINAL,D,60.68343000,-151.36540600,L_0245,Crowley Fuels - Kenai Airport,L,60.56624700,-151.24375350,571.42857140,14.65722984,14.65722984,8375.55990917,"LINESTRING (-151.36540600 60.68343000, -151.24375350 60.56624700)"
DL_ANLTK02042_L_0247,D-L,ANLTK02042,ANDEAVOR LOGISTICS LP - KENAI REFINERY STORAGE FACILITY AND TRUCK TERMINAL,D,60.68343000,-151.36540600,L_0247,Crowley Fuels - Kenai Service Station,L,60.56445300,-151.24324990,285.71428570,14.84805323,14.84805323,4242.30092397,"LINESTRING (-151.36540600 60.68343000, -151.24324990 60.56445300)"
DL_ANLTK02042_L_0283,D-L,ANLTK02042,ANDEAVOR LOGISTICS LP - KENAI REFINERY STORAGE FACILITY AND TRUCK TERMINAL,D,60.68343000,-151.36540600,L_0283,Essential 1 Homer,L,59.64277500,-151.53786000,285.71428570,116.33924340,116.33924340,33239.78382593,"LINESTRING (-151.36540600 60.68343000, -151.42410936 60.33658835, -151.48157989 59.98970310, -151.53786000 59.64277500)"
DL_ANLTK02042_L_0298,D-L,ANLTK02042,ANDEAVOR LOGISTICS LP - KENAI REFINERY STORAGE FACILITY AND TRUCK TERMINAL,D,60.68343000,-151.36540600,L_0298,FAA AFSS Kenai,L,60.56773200,-151.23909150,71.42857143,14.62885109,14.62885109,1044.91793535,"LINESTRING (-151.36540600 60.68343000, -151.23909150 60.56773200)"
DL_ANLTK02042_L_0504,D-L,ANLTK02042,ANDEAVOR LOGISTICS LP - KENAI REFINERY STORAGE FACILITY AND TRUCK TERMINAL,D,60.68343000,-151.36540600,L_0504,Holiday #636,L,60.55731900,-151.24011300,714.28571430,15.63676591,15.63676591,11169.11850537,"LINESTRING (-151.36540600 60.68343000, -151.24011300 60.55731900)"
DL_ANLTK02042_L_0517,D-L,ANLTK02042,ANDEAVOR LOGISTICS LP - KENAI REFINERY STORAGE FACILITY AND TRUCK TERMINAL,D,60.68343000,-151.36540600,L_0517,Home Run Oil,L,59.66481180,-151.46256850,209.80117200,113.61761561,113.61761561,23837.10891323,"LINESTRING (-151.36540600 60.68343000, -151.39846581 60.34391606, -151.43084566 60.00437661, -151.46256850 59.66481180)"
DL_ANLTK02042_L_0521,D-L,ANLTK02042,ANDEAVOR LOGISTICS LP - KENAI REFINERY STORAGE FACILITY AND TRUCK TERMINAL,D,60.68343000,-151.36540600,L_0521,"Homer Public Works, Sewage Plant",L,59.64190200,-151.53404400,190.47619050,116.41895253,116.41895253,22175.03857904,"LINESTRING (-151.36540600 60.68343000, -151.42281138 60.33629628, -151.47901020 59.98912005, -151.53404400 59.64190200)"
DL_ANLTK02042_L_0523,D-L,ANLTK02042,ANDEAVOR LOGISTICS LP - KENAI REFINERY STORAGE FACILITY AND TRUCK TERMINAL,D,60.68343000,-151.36540600,L_0523,"Iliamna Air Taxi, Inc.",L,59.75581900,-153.09246700,500.00000000,140.86570204,140.86570204,70432.85101811,"LINESTRING (-151.36540600 60.68343000, -151.95197619 60.37675106, -152.52757914 60.06752145, -153.09246700 59.75581900)"
DL_ANLTK02042_L_0524,D-L,ANLTK02042,ANDEAVOR LOGISTICS LP - KENAI REFINERY STORAGE FACILITY AND TRUCK TERMINAL,D,60.68343000,-151.36540600,L_0524,"Iliamna Air Taxi, Inc.",L,60.50004120,-153.22579500,240.62241893,103.97407299,103.97407299,25018.49294817,"LINESTRING (-151.36540600 60.68343000, -151.98786368 60.62517965, -152.60802520 60.56404407, -153.22579500 60.50004120)"
DL_ANLTK02042_L_0529,D-L,ANLTK02042,ANDEAVOR LOGISTICS LP - KENAI REFINERY STORAGE FACILITY AND TRUCK TERMINAL,D,60.68343000,-151.36540600,L_0529,Kasilof Riverview Lodge,L,60.31845960,-151.26067060,190.47619050,41.07056426,41.07056426,7822.96462155,"LINESTRING (-151.36540600 60.68343000, -151.26067060 60.31845960)"
DL_ANLTK02042_L_0553,D-L,ANLTK02042,ANDEAVOR LOGISTICS LP - KENAI REFINERY STORAGE FACILITY AND TRUCK TERMINAL,D,60.68343000,-151.36540600,L_0553,"Maritime Helicopters, Inc.",L,59.64127200,-151.49830050,142.85714290,116.34623945,116.34623945,16620.89135521,"LINESTRING (-151.36540600 60.68343000, -151.41064464 60.33607722, -151.45493187 59.98869109, -151.49830050 59.64127200)"
DL_ANLTK02042_L_0629,D-L,ANLTK02042,ANDEAVOR LOGISTICS LP - KENAI REFINERY STORAGE FACILITY AND TRUCK TERMINAL,D,60.68343000,-151.36540600,L_0629,Petro Express,L,59.78368140,-151.83327610,326.08215044,103.54339868,103.54339868,33763.65410389,"LINESTRING (-151.36540600 60.68343000, -151.52422703 60.38371159, -151.68015542 60.08379357, -151.83327610 59.78368140)"
DL_ANLTK02042_L_0641,D-L,ANLTK02042,ANDEAVOR LOGISTICS LP - KENAI REFINERY STORAGE FACILITY AND TRUCK TERMINAL,D,60.68343000,-151.36540600,L_0641,PMS Homer Truck Yard,L,59.64045300,-151.50188250,476.19047620,116.45007411,116.45007411,55452.41624362,"LINESTRING (-151.36540600 60.68343000, -151.41186474 60.33580506, -151.45734566 59.98814592, -151.50188250 59.64045300)"
DL_ANLTK02042_L_0679,D-L,ANLTK02042,ANDEAVOR LOGISTICS LP - KENAI REFINERY STORAGE FACILITY AND TRUCK TERMINAL,D,60.68343000,-151.36540600,L_0679,Short Stop Services,L,59.65754400,-151.63806150,1071.42857100,115.29679677,115.29679677,123532.28220113,"LINESTRING (-151.36540600 60.68343000, -151.45819100 60.34154841, -151.54905450 59.99958574, -151.63806150 59.65754400)"
DL_ANLTK02042_L_0693,D-L,ANLTK02042,ANDEAVOR LOGISTICS LP - KENAI REFINERY STORAGE FACILITY AND TRUCK TERMINAL,D,60.68343000,-151.36540600,L_0693,"Smokey Bay Air, Inc.",L,59.63937250,-151.48597270,238.09523810,116.51611920,116.51611920,27741.93314267,"LINESTRING (-151.36540600 60.68343000, -151.40644967 60.33544148, -151.44662861 59.98742222, -151.48597270 59.63937250)"
DL_ANLTK02042_L_0703,D-L,ANLTK02042,ANDEAVOR LOGISTICS LP - KENAI REFINERY STORAGE FACILITY AND TRUCK TERMINAL,D,60.68343000,-151.36540600,L_0703,Speedway Express #5301 | 2Go Mart-Tesoro Northstore #206,L,60.55526750,-151.25042580,357.14285710,15.60637575,15.60637575,5573.70562435,"LINESTRING (-151.36540600 60.68343000, -151.25042580 60.55526750)"
DL_ANLTK02042_L_0720,D-L,ANLTK02042,ANDEAVOR LOGISTICS LP - KENAI REFINERY STORAGE FACILITY AND TRUCK TERMINAL,D,60.68343000,-151.36540600,L_0720,Speedway Express #5318,L,60.66422500,-151.36870300,357.14285710,2.14746689,2.14746689,766.95245972,"LINESTRING (-151.36540600 60.68343000, -151.36870300 60.66422500)"
DL_ANLTK02042_L_0763,D-L,ANLTK02042,ANDEAVOR LOGISTICS LP - KENAI REFINERY STORAGE FACILITY AND TRUCK TERMINAL,D,60.68343000,-151.36540600,L_0763,Tesoro,L,59.71026350,-151.33954350,355.56065139,108.43542925,108.43542925,38555.37185683,"LINESTRING (-151.36540600 60.68343000, -151.35661408 60.35905770, -151.34799511 60.03466890, -151.33954350 59.71026350)"
DL_ANLTK02042_L_0772,D-L,ANLTK02042,ANDEAVOR LOGISTICS LP - KENAI REFINERY STORAGE FACILITY AND TRUCK TERMINAL,D,60.68343000,-151.36540600,L_0772,The Aero Roost,L,59.64093900,-151.48137150,35.71428571,116.32746318,116.32746318,4154.55225577,"LINESTRING (-151.36540600 60.68343000, -151.40488210 60.33596268, -151.44352771 59.98846559, -151.48137150 59.64093900)"
DL_ANLTK02042_L_0795,D-L,ANLTK02042,ANDEAVOR LOGISTICS LP - KENAI REFINERY STORAGE FACILITY AND TRUCK TERMINAL,D,60.68343000,-151.36540600,L_0795,Three Bears Kenai,L,60.55846700,-151.23654900,714.28571430,15.60908852,15.60908852,11149.34894223,"LINESTRING (-151.36540600 60.68343000, -151.23654900 60.55846700)"
DL_ANLTK02042_L_0796,D-L,ANLTK02042,ANDEAVOR LOGISTICS LP - KENAI REFINERY STORAGE FACILITY AND TRUCK TERMINAL,D,60.68343000,-151.36540600,L_0796,Three Bears Ninilchik,L,60.04088800,-151.67638800,976.19047620,73.61930284,73.61930284,71866.46229492,"LINESTRING (-151.36540600 60.68343000, -151.52242692 60.36225764, -151.67638800 60.04088800)"
DL_ANLTK02042_L_0801,D-L,ANLTK02042,ANDEAVOR LOGISTICS LP - KENAI REFINERY STORAGE FACILITY AND TRUCK TERMINAL,D,60.68343000,-151.36540600,L_0801,Thurmond's FarWest Auto | Thurmond's,L,59.77845720,-151.83241380,285.71428570,104.09561019,104.09561019,29741.60291072,"LINESTRING (-151.36540600 60.68343000, -151.52395070 60.38196968, -151.67959138 60.08031026, -151.83241380 59.77845720)"
DL_ANLTK02042_L_0804,D-L,ANLTK02042,ANDEAVOR LOGISTICS LP - KENAI REFINERY STORAGE FACILITY AND TRUCK TERMINAL,D,60.68343000,-151.36540600,L_0804,TJ Seggy's,L,60.40394800,-151.16562080,295.15732853,33.01420569,33.01420569,9744.38475575,"LINESTRING (-151.36540600 60.68343000, -151.16562080 60.40394800)"
DL_ANLTK02042_L_0806,D-L,ANLTK02042,ANDEAVOR LOGISTICS LP - KENAI REFINERY STORAGE FACILITY AND TRUCK TERMINAL,D,60.68343000,-151.36540600,L_0806,TJ Seggy's,L,60.40406700,-151.16609250,238.09523810,32.99310125,32.99310125,7855.50029766,"LINESTRING (-151.36540600 60.68343000, -151.16609250 60.40406700)"
DL_ANLTK02042_L_0825,D-L,ANLTK02042,ANDEAVOR LOGISTICS LP - KENAI REFINERY STORAGE FACILITY AND TRUCK TERMINAL,D,60.68343000,-151.36540600,L_0825,Unnamed last-mile facility,L,59.64020270,-151.50196770,224.99457437,116.47820964,116.47820964,26206.96520153,"LINESTRING (-151.36540600 60.68343000, -151.41189397 60.33572165, -151.45740328 59.98797908, -151.50196770 59.64020270)"
DL_ANLTK02042_L_0826,D-L,ANLTK02042,ANDEAVOR LOGISTICS LP - KENAI REFINERY STORAGE FACILITY AND TRUCK TERMINAL,D,60.68343000,-151.36540600,L_0826,Unnamed last-mile facility,L,59.64231750,-151.53819720,260.60708452,116.39158575,116.39158575,30332.47182417,"LINESTRING (-151.36540600 60.68343000, -151.42422467 60.33643596, -151.48180756 59.98939821, -151.53819720 59.64231750)"
DL_ANLTK02042_L_0827,D-L,ANLTK02042,ANDEAVOR LOGISTICS LP - KENAI REFINERY STORAGE FACILITY AND TRUCK TERMINAL,D,60.68343000,-151.36540600,L_0827,Unnamed last-mile facility,L,59.65818850,-151.63766470,714.28571430,115.22270722,115.22270722,82301.93372665,"LINESTRING (-151.36540600 60.68343000, -151.45805479 60.34176304, -151.54878608 60.00001520, -151.63766470 59.65818850)"
DL_ANLTK02042_L_0828,D-L,ANLTK02042,ANDEAVOR LOGISTICS LP - KENAI REFINERY STORAGE FACILITY AND TRUCK TERMINAL,D,60.68343000,-151.36540600,L_0828,Unnamed last-mile facility,L,60.03942670,-151.67570530,714.28571430,73.76896803,73.76896803,52692.12002477,"LINESTRING (-151.36540600 60.68343000, -151.52208564 60.36152663, -151.67570530 60.03942670)"
DL_ANLTK02042_L_0829,D-L,ANLTK02042,ANDEAVOR LOGISTICS LP - KENAI REFINERY STORAGE FACILITY AND TRUCK TERMINAL,D,60.68343000,-151.36540600,L_0829,Unnamed last-mile facility,L,60.31808270,-151.26147120,226.53115733,41.10601204,41.10601204,9311.79248147,"LINESTRING (-151.36540600 60.68343000, -151.26147120 60.31808270)"
DL_ANLTK02042_L_0911,D-L,ANLTK02042,ANDEAVOR LOGISTICS LP - KENAI REFINERY STORAGE FACILITY AND TRUCK TERMINAL,D,60.68343000,-151.36540600,L_0911,Vaughn's Mini Mart,L,60.49406350,-151.15939990,476.19047620,23.93039825,23.93039825,11395.42773922,"LINESTRING (-151.36540600 60.68343000, -151.15939990 60.49406350)"
DL_ANLTK02044_L_0016,D-L,ANLTK02044,NIKISKI FUEL LLC,D,60.73926900,-151.30948200,L_0016,2Go Mart-Tesoro Northstore #203,L,60.49472480,-151.06848110,285.71428570,30.27524111,30.27524111,8650.06888940,"LINESTRING (-151.30948200 60.73926900, -151.06848110 60.49472480)"
DL_ANLTK02044_L_0017,D-L,ANLTK02044,NIKISKI FUEL LLC,D,60.73926900,-151.30948200,L_0017,2Go Mart-Tesoro Northstore #207,L,60.48368570,-151.06603740,357.14285710,31.44426321,31.44426321,11230.09400129,"LINESTRING (-151.30948200 60.73926900, -151.06603740 60.48368570)"
DL_ANLTK02044_L_0181,D-L,ANLTK02044,NIKISKI FUEL LLC,D,60.73926900,-151.30948200,L_0181,Central Peninsula General Hospital,L,60.49334700,-151.07719050,285.71428570,30.20971817,30.20971817,8631.34804797,"LINESTRING (-151.30948200 60.73926900, -151.07719050 60.49334700)"
DL_ANLTK02044_L_0285,D-L,ANLTK02044,NIKISKI FUEL LLC,D,60.73926900,-151.30948200,L_0285,Essential 1 Nikiski,L,60.73041600,-151.30248300,714.28571430,1.05777091,1.05777091,755.55065132,"LINESTRING (-151.30948200 60.73926900, -151.30248300 60.73041600)"
DL_ANLTK02044_L_0503,D-L,ANLTK02044,NIKISKI FUEL LLC,D,60.73926900,-151.30948200,L_0503,Holiday #635,L,60.48814500,-151.05382200,490.45453784,31.28816577,31.28816577,15345.42288454,"LINESTRING (-151.30948200 60.73926900, -151.05382200 60.48814500)"
DL_ANLTK02044_L_0524,D-L,ANLTK02044,NIKISKI FUEL LLC,D,60.73926900,-151.30948200,L_0524,"Iliamna Air Taxi, Inc.",L,60.50004120,-153.22579500,211.75853347,108.25282467,108.25282467,22923.45939665,"LINESTRING (-151.30948200 60.73926900, -151.95139037 60.66258086, -152.59019296 60.58282997, -153.22579500 60.50004120)"
DL_ANLTK02044_L_0830,D-L,ANLTK02044,NIKISKI FUEL LLC,D,60.73926900,-151.30948200,L_0830,Unnamed last-mile facility,L,60.48341560,-151.06585330,408.79774038,31.47581750,31.47581750,12867.24307113,"LINESTRING (-151.30948200 60.73926900, -151.06585330 60.48341560)"
DL_ANLTK02047_L_0146,D-L,ANLTK02047,CROWLEY MARINE SERVICES INCORPORATED,D,64.50098800,-165.41699400,L_0146,Bonanza Express,L,64.50054200,-164.59089400,857.14285710,39.69728474,39.69728474,34026.24406301,"LINESTRING (-165.41699400 64.50098800, -164.59089400 64.50054200)"
DL_ANLTK02047_L_0147,D-L,ANLTK02047,CROWLEY MARINE SERVICES INCORPORATED,D,64.50098800,-165.41699400,L_0147,Bonanza Express,L,64.50082370,-165.40821180,619.04761900,0.42241631,0.42241631,261.49581044,"LINESTRING (-165.41699400 64.50098800, -165.40821180 64.50082370)"
DL_ANLTK02047_L_0248,D-L,ANLTK02047,CROWLEY MARINE SERVICES INCORPORATED,D,64.50098800,-165.41699400,L_0248,Crowley Fuels - Nome Service Station,L,64.50579900,-165.40289550,190.47619050,0.86405027,0.86405027,164.58100322,"LINESTRING (-165.41699400 64.50098800, -165.40289550 64.50579900)"
DL_ANLTK02047_L_0249,D-L,ANLTK02047,CROWLEY MARINE SERVICES INCORPORATED,D,64.50098800,-165.41699400,L_0249,Crowley Fuels - Nome Service Station,L,64.50583300,-164.40361100,190.47619050,48.69502939,48.69502939,9275.24369406,"LINESTRING (-165.41699400 64.50098800, -164.40361100 64.50583300)"
DL_ANLTK02047_L_0313,D-L,ANLTK02047,CROWLEY MARINE SERVICES INCORPORATED,D,64.50098800,-165.41699400,L_0313,FAA Moses Point,L,64.62244070,-162.23999240,142.85714290,152.91230178,152.91230178,21844.61454611,"LINESTRING (-165.41699400 64.50098800, -164.62551654 64.53775757, -163.83202928 64.57026676, -163.03677310 64.59849923, -162.23999240 64.62244070)"
DL_ANLTK02047_L_0314,D-L,ANLTK02047,CROWLEY MARINE SERVICES INCORPORATED,D,64.50098800,-165.41699400,L_0314,FAA Moses Point,L,64.69657800,-161.92873900,142.85714290,168.41976759,168.41976759,24059.96680563,"LINESTRING (-165.41699400 64.50098800, -164.54978261 64.55759502, -163.67912979 64.60908266, -162.80534344 64.65541974, -161.92873900 64.69657800)"
DL_ANLTK02047_L_0611,D-L,ANLTK02047,CROWLEY MARINE SERVICES INCORPORATED,D,64.50098800,-165.41699400,L_0611,Nome Annex Post Office,L,64.50066520,-165.40567140,95.23809524,0.54528553,0.54528553,51.93195519,"LINESTRING (-165.41699400 64.50098800, -165.40567140 64.50066520)"
DL_ANLTK02047_L_0612,D-L,ANLTK02047,CROWLEY MARINE SERVICES INCORPORATED,D,64.50098800,-165.41699400,L_0612,Nome Federal Building,L,64.49801680,-165.41091700,95.23809524,0.44159857,0.44159857,42.05700701,"LINESTRING (-165.41699400 64.50098800, -165.41091700 64.49801680)"
DL_ANLTK02047_L_0613,D-L,ANLTK02047,CROWLEY MARINE SERVICES INCORPORATED,D,64.50098800,-165.41699400,L_0613,Nome Federal Building & US Post Office,L,64.49781700,-164.58950000,95.23809524,39.76779102,39.76779102,3787.40866900,"LINESTRING (-165.41699400 64.50098800, -164.58950000 64.49781700)"
DL_ANLTK02047_L_0750,D-L,ANLTK02047,CROWLEY MARINE SERVICES INCORPORATED,D,64.50098800,-165.41699400,L_0750,Tapraq Fuel Company,L,63.52191390,-162.28770340,176.31847387,187.95516441,187.95516441,33139.96774459,"LINESTRING (-165.41699400 64.50098800, -164.61405018 64.26260911, -163.82495350 64.01989080, -163.04955744 63.77295316, -162.28770340 63.52191390)"
DL_ANLTK02047_L_0852,D-L,ANLTK02047,CROWLEY MARINE SERVICES INCORPORATED,D,64.50098800,-165.41699400,L_0852,Unnamed last-mile facility,L,62.68619230,-164.63093630,267.85532336,206.02187764,206.02187764,55184.05665445,"LINESTRING (-165.41699400 64.50098800, -165.25160240 64.13841666, -165.09046916 63.77564432, -164.93342147 63.41267827, -164.78029560 63.04952542, -164.63093630 62.68619230)"
DL_ANLTK02047_L_0853,D-L,ANLTK02047,CROWLEY MARINE SERVICES INCORPORATED,D,64.50098800,-165.41699400,L_0853,Unnamed last-mile facility,L,62.68697290,-164.62984530,267.85967095,205.94660741,205.94660741,55164.79049318,"LINESTRING (-165.41699400 64.50098800, -165.25137631 64.13857371, -165.09002101 63.77595794, -164.93275520 63.41314800, -164.77941508 63.05015080, -164.62984530 62.68697290)"
DL_ANLTK02047_L_0854,D-L,ANLTK02047,CROWLEY MARINE SERVICES INCORPORATED,D,64.50098800,-165.41699400,L_0854,Unnamed last-mile facility,L,62.77534290,-164.52232940,268.34021194,197.40023164,197.40023164,52970.41999551,"LINESTRING (-165.41699400 64.50098800, -165.18297845 64.07014567, -164.95608526 63.63891269, -164.73597510 63.20730636, -164.52232940 62.77534290)"
DL_ANLTK02048_L_0315,D-L,ANLTK02048,CROWLEY MARINE SERVICES INCORPORATED,D,64.50280100,-165.43807500,L_0315,FAA Nome,L,64.50709000,-165.44210000,11.90476190,0.51578648,0.51578648,6.14031529,"LINESTRING (-165.43807500 64.50280100, -165.44210000 64.50709000)"
DL_ANLTK02049_L_0007,D-L,ANLTK02049,FLINT HILLS RESOURCES L.P. - NORTH POLE TERMINAL,D,64.73791600,-147.34907200,L_0007,2Go Mart-Tesoro Northstore #101,L,64.81360800,-147.70948050,952.38095240,19.10912954,19.10912954,18199.17099104,"LINESTRING (-147.34907200 64.73791600, -147.70948050 64.81360800)"
DL_ANLTK02049_L_0008,D-L,ANLTK02049,FLINT HILLS RESOURCES L.P. - NORTH POLE TERMINAL,D,64.73791600,-147.34907200,L_0008,2Go Mart-Tesoro Northstore #111,L,64.85544900,-147.81199050,714.28571430,25.61035809,25.61035809,18293.11292228,"LINESTRING (-147.34907200 64.73791600, -147.81199050 64.85544900)"
DL_ANLTK02049_L_0009,D-L,ANLTK02049,FLINT HILLS RESOURCES L.P. - NORTH POLE TERMINAL,D,64.73791600,-147.34907200,L_0009,2Go Mart-Tesoro Northstore #112,L,64.75914900,-147.34970100,285.71428570,2.36743143,2.36743143,676.40897956,"LINESTRING (-147.34907200 64.73791600, -147.34970100 64.75914900)"
DL_ANLTK02049_L_0010,D-L,ANLTK02049,FLINT HILLS RESOURCES L.P. - NORTH POLE TERMINAL,D,64.73791600,-147.34907200,L_0010,2Go Mart-Tesoro Northstore #115 | Tesoro,L,64.85375340,-147.71490180,619.04761900,21.66084210,21.66084210,13409.09272680,"LINESTRING (-147.34907200 64.73791600, -147.71490180 64.85375340)"
DL_ANLTK02049_L_0034,D-L,ANLTK02049,FLINT HILLS RESOURCES L.P. - NORTH POLE TERMINAL,D,64.73791600,-147.34907200,L_0034,AAFES Express,L,64.83150500,-147.68165730,233.62502509,18.94777564,18.94777564,4426.67455883,"LINESTRING (-147.34907200 64.73791600, -147.68165730 64.83150500)"
DL_ANLTK02049_L_0067,D-L,ANLTK02049,FLINT HILLS RESOURCES L.P. - NORTH POLE TERMINAL,D,64.73791600,-147.34907200,L_0067,Alaska Chevron,L,64.84903200,-147.71928150,380.95238100,21.52234168,21.52234168,8198.98730858,"LINESTRING (-147.34907200 64.73791600, -147.71928150 64.84903200)"
DL_ANLTK02049_L_0119,D-L,ANLTK02049,FLINT HILLS RESOURCES L.P. - NORTH POLE TERMINAL,D,64.73791600,-147.34907200,L_0119,Badger Gas,L,64.82011650,-147.44202880,571.42857140,10.17531454,10.17531454,5814.46544925,"LINESTRING (-147.34907200 64.73791600, -147.44202880 64.82011650)"
DL_ANLTK02049_L_0125,D-L,ANLTK02049,FLINT HILLS RESOURCES L.P. - NORTH POLE TERMINAL,D,64.73791600,-147.34907200,L_0125,Beaverbrook - Sourdough Fuel,L,64.76135400,-147.34720350,595.23809520,2.61458941,2.61458941,1556.30322222,"LINESTRING (-147.34907200 64.73791600, -147.34720350 64.76135400)"
DL_ANLTK02049_L_0144,D-L,ANLTK02049,FLINT HILLS RESOURCES L.P. - NORTH POLE TERMINAL,D,64.73791600,-147.34907200,L_0144,BLM Northern District Office,L,64.83812630,-147.81269660,238.09523810,24.71429218,24.71429218,5884.35528088,"LINESTRING (-147.34907200 64.73791600, -147.81269660 64.83812630)"
DL_ANLTK02049_L_0145,D-L,ANLTK02049,FLINT HILLS RESOURCES L.P. - NORTH POLE TERMINAL,D,64.73791600,-147.34907200,L_0145,BLM Northern District Office,L,64.84054400,-147.81366400,238.09523810,24.87726531,24.87726531,5923.15840613,"LINESTRING (-147.34907200 64.73791600, -147.81366400 64.84054400)"
DL_ANLTK02049_L_0186,D-L,ANLTK02049,FLINT HILLS RESOURCES L.P. - NORTH POLE TERMINAL,D,64.73791600,-147.34907200,L_0186,Chevron,L,64.84927890,-147.71923660,342.85714285,21.53638796,21.53638796,7383.90444231,"LINESTRING (-147.34907200 64.73791600, -147.71923660 64.84927890)"
DL_ANLTK02049_L_0217,D-L,ANLTK02049,FLINT HILLS RESOURCES L.P. - NORTH POLE TERMINAL,D,64.73791600,-147.34907200,L_0217,City of Fairbanks Dept of Public Works | 2Go Mart-Tesoro Northstore #114,L,64.82835390,-147.77850860,595.23809520,22.77630289,22.77630289,13557.32314601,"LINESTRING (-147.34907200 64.73791600, -147.77850860 64.82835390)"
DL_ANLTK02049_L_0238,D-L,ANLTK02049,FLINT HILLS RESOURCES L.P. - NORTH POLE TERMINAL,D,64.73791600,-147.34907200,L_0238,Costco Fuel Store #1342,L,64.85395000,-147.70879400,714.28571430,21.44162290,21.44162290,15315.44492692,"LINESTRING (-147.34907200 64.73791600, -147.70879400 64.85395000)"
DL_ANLTK02049_L_0239,D-L,ANLTK02049,FLINT HILLS RESOURCES L.P. - NORTH POLE TERMINAL,D,64.73791600,-147.34907200,L_0239,Costco Fuel Store #3616,L,64.85235430,-147.70993930,714.28571430,21.37882370,21.37882370,15270.58835391,"LINESTRING (-147.34907200 64.73791600, -147.70993930 64.85235430)"
DL_ANLTK02049_L_0260,D-L,ANLTK02049,FLINT HILLS RESOURCES L.P. - NORTH POLE TERMINAL,D,64.73791600,-147.34907200,L_0260,Curry's Corner,L,64.88827200,-147.62780100,285.71428570,21.36178043,21.36178043,6103.36583806,"LINESTRING (-147.34907200 64.73791600, -147.62780100 64.88827200)"
DL_ANLTK02049_L_0319,D-L,ANLTK02049,FLINT HILLS RESOURCES L.P. - NORTH POLE TERMINAL,D,64.73791600,-147.34907200,L_0319,"Fairbanks Daily News-Miner, Inc.",L,64.84630500,-147.72309300,47.61904762,21.49914981,21.49914981,1023.76903853,"LINESTRING (-147.34907200 64.73791600, -147.72309300 64.84630500)"
DL_ANLTK02049_L_0320,D-L,ANLTK02049,FLINT HILLS RESOURCES L.P. - NORTH POLE TERMINAL,D,64.73791600,-147.34907200,L_0320,Fairbanks Fire Department,L,64.83822300,-147.71786400,119.04761900,20.79810588,20.79810588,2475.96498417,"LINESTRING (-147.34907200 64.73791600, -147.71786400 64.83822300)"
DL_ANLTK02049_L_0323,D-L,ANLTK02049,FLINT HILLS RESOURCES L.P. - NORTH POLE TERMINAL,D,64.73791600,-147.34907200,L_0323,Fairbanks Memorial Hospital,L,64.83293260,-147.73658730,476.19047620,21.25556011,21.25556011,10121.69528903,"LINESTRING (-147.34907200 64.73791600, -147.73658730 64.83293260)"
DL_ANLTK02049_L_0324,D-L,ANLTK02049,FLINT HILLS RESOURCES L.P. - NORTH POLE TERMINAL,D,64.73791600,-147.34907200,L_0324,Fairbanks Pioneer Home,L,64.83274200,-147.77020350,142.85714290,22.64559338,22.64559338,3235.08476915,"LINESTRING (-147.34907200 64.73791600, -147.77020350 64.83274200)"
DL_ANLTK02049_L_0325,D-L,ANLTK02049,FLINT HILLS RESOURCES L.P. - NORTH POLE TERMINAL,D,64.73791600,-147.34907200,L_0325,Fairbanks Pioneer Home,L,64.83439700,-147.77206900,142.85714290,22.80996557,22.80996557,3258.56651115,"LINESTRING (-147.34907200 64.73791600, -147.77206900 64.83439700)"
DL_ANLTK02049_L_0327,D-L,ANLTK02049,FLINT HILLS RESOURCES L.P. - NORTH POLE TERMINAL,D,64.73791600,-147.34907200,L_0327,Fairbanks Police Department,L,64.83922200,-147.71839050,23.80952381,20.87898299,20.87898299,497.11864261,"LINESTRING (-147.34907200 64.73791600, -147.71839050 64.83922200)"
DL_ANLTK02049_L_0347,D-L,ANLTK02049,FLINT HILLS RESOURCES L.P. - NORTH POLE TERMINAL,D,64.73791600,-147.34907200,L_0347,FNSB - Administrative Office Bldg,L,64.84541390,-147.72367520,71.42857143,21.46666711,21.46666711,1533.33336502,"LINESTRING (-147.34907200 64.73791600, -147.72367520 64.84541390)"
DL_ANLTK02049_L_0348,D-L,ANLTK02049,FLINT HILLS RESOURCES L.P. - NORTH POLE TERMINAL,D,64.73791600,-147.34907200,L_0348,FNSB - Anne Hopkins Wien Elementary School,L,64.85724900,-147.74939100,238.09523810,23.21788372,23.21788372,5528.06755180,"LINESTRING (-147.34907200 64.73791600, -147.74939100 64.85724900)"
DL_ANLTK02049_L_0351,D-L,ANLTK02049,FLINT HILLS RESOURCES L.P. - NORTH POLE TERMINAL,D,64.73791600,-147.34907200,L_0351,FNSB - Barnette Elementary School,L,64.83896320,-147.72594210,119.04761900,21.16656520,21.16656520,2519.82918941,"LINESTRING (-147.34907200 64.73791600, -147.72594210 64.83896320)"
DL_ANLTK02049_L_0352,D-L,ANLTK02049,FLINT HILLS RESOURCES L.P. - NORTH POLE TERMINAL,D,64.73791600,-147.34907200,L_0352,FNSB - Big Dipper Ice Arena,L,64.82883600,-147.75292350,59.52380952,21.71683945,21.71683945,1292.66901488,"LINESTRING (-147.34907200 64.73791600, -147.75292350 64.82883600)"
DL_ANLTK02049_L_0354,D-L,ANLTK02049,FLINT HILLS RESOURCES L.P. - NORTH POLE TERMINAL,D,64.73791600,-147.34907200,L_0354,FNSB - Denali Elementary School,L,64.83979800,-147.74911200,119.04761900,22.15434102,22.15434102,2637.42154943,"LINESTRING (-147.34907200 64.73791600, -147.74911200 64.83979800)"
DL_ANLTK02049_L_0358,D-L,ANLTK02049,FLINT HILLS RESOURCES L.P. - NORTH POLE TERMINAL,D,64.73791600,-147.34907200,L_0358,FNSB - Hunter Elementary School,L,64.83232800,-147.73132350,119.04761900,21.00523744,21.00523744,2500.62350340,"LINESTRING (-147.34907200 64.73791600, -147.73132350 64.83232800)"
DL_ANLTK02049_L_0360,D-L,ANLTK02049,FLINT HILLS RESOURCES L.P. - NORTH POLE TERMINAL,D,64.73791600,-147.34907200,L_0360,FNSB - Hutchison Career Center,L,64.85031900,-147.81541050,11.90476190,25.46571300,25.46571300,303.16324989,"LINESTRING (-147.34907200 64.73791600, -147.81541050 64.85031900)"
DL_ANLTK02049_L_0364,D-L,ANLTK02049,FLINT HILLS RESOURCES L.P. - NORTH POLE TERMINAL,D,64.73791600,-147.34907200,L_0364,FNSB - Joy Elementary School,L,64.86079500,-147.72641400,95.23809524,22.56843131,22.56843131,2149.37441062,"LINESTRING (-147.34907200 64.73791600, -147.72641400 64.86079500)"
DL_ANLTK02049_L_0365,D-L,ANLTK02049,FLINT HILLS RESOURCES L.P. - NORTH POLE TERMINAL,D,64.73791600,-147.34907200,L_0365,FNSB - Ladd Elementary School,L,64.84826400,-147.66562200,119.04761900,19.43760982,19.43760982,2314.00116843,"LINESTRING (-147.34907200 64.73791600, -147.66562200 64.84826400)"
DL_ANLTK02049_L_0366,D-L,ANLTK02049,FLINT HILLS RESOURCES L.P. - NORTH POLE TERMINAL,D,64.73791600,-147.34907200,L_0366,FNSB - Lathrop High School,L,64.83538800,-147.73465350,238.09523810,21.31343138,21.31343138,5074.62651839,"LINESTRING (-147.34907200 64.73791600, -147.73465350 64.83538800)"
DL_ANLTK02049_L_0368,D-L,ANLTK02049,FLINT HILLS RESOURCES L.P. - NORTH POLE TERMINAL,D,64.73791600,-147.34907200,L_0368,FNSB - Midnight Sun Elementary (former Badger Elem,L,64.80472500,-147.41453250,95.23809524,8.07341255,8.07341255,768.89643305,"LINESTRING (-147.34907200 64.73791600, -147.41453250 64.80472500)"
DL_ANLTK02049_L_0370,D-L,ANLTK02049,FLINT HILLS RESOURCES L.P. - NORTH POLE TERMINAL,D,64.73791600,-147.34907200,L_0370,FNSB - Noel Wien Public Library,L,64.83843440,-147.73863540,166.66666670,21.64947738,21.64947738,3608.24622995,"LINESTRING (-147.34907200 64.73791600, -147.73863540 64.83843440)"
DL_ANLTK02049_L_0371,D-L,ANLTK02049,FLINT HILLS RESOURCES L.P. - NORTH POLE TERMINAL,D,64.73791600,-147.34907200,L_0371,FNSB - Nordale Elementary School,L,64.84651200,-147.69206100,119.04761900,20.30959278,20.30959278,2417.80866332,"LINESTRING (-147.34907200 64.73791600, -147.69206100 64.84651200)"
DL_ANLTK02049_L_0374,D-L,ANLTK02049,FLINT HILLS RESOURCES L.P. - NORTH POLE TERMINAL,D,64.73791600,-147.34907200,L_0374,FNSB - North Pole Elementary School,L,64.75261500,-147.34806300,238.09523810,1.63947769,1.63947769,390.35183006,"LINESTRING (-147.34907200 64.73791600, -147.34806300 64.75261500)"
DL_ANLTK02049_L_0376,D-L,ANLTK02049,FLINT HILLS RESOURCES L.P. - NORTH POLE TERMINAL,D,64.73791600,-147.34907200,L_0376,FNSB - North Pole High School,L,64.74791000,-147.36566000,190.47619050,1.36589835,1.36589835,260.17111416,"LINESTRING (-147.34907200 64.73791600, -147.36566000 64.74791000)"
DL_ANLTK02049_L_0377,D-L,ANLTK02049,FLINT HILLS RESOURCES L.P. - NORTH POLE TERMINAL,D,64.73791600,-147.34907200,L_0377,FNSB - North Pole Middle School | FNSB - Wescott Memorial Pool,L,64.74781220,-147.34410340,357.14285710,1.12840828,1.12840828,403.00295858,"LINESTRING (-147.34907200 64.73791600, -147.34410340 64.74781220)"
DL_ANLTK02049_L_0378,D-L,ANLTK02049,FLINT HILLS RESOURCES L.P. - NORTH POLE TERMINAL,D,64.73791600,-147.34907200,L_0378,FNSB - Pearl Creek Elementary School,L,64.89055800,-147.81590100,95.23809524,27.95298951,27.95298951,2662.18947729,"LINESTRING (-147.34907200 64.73791600, -147.81590100 64.89055800)"
DL_ANLTK02049_L_0380,D-L,ANLTK02049,FLINT HILLS RESOURCES L.P. - NORTH POLE TERMINAL,D,64.73791600,-147.34907200,L_0380,FNSB - Pioneer Park,L,64.83716850,-147.77755840,23.80952381,23.18542531,23.18542531,552.03393600,"LINESTRING (-147.34907200 64.73791600, -147.77755840 64.83716850)"
DL_ANLTK02049_L_0382,D-L,ANLTK02049,FLINT HILLS RESOURCES L.P. - NORTH POLE TERMINAL,D,64.73791600,-147.34907200,L_0382,FNSB - Randy Smith Middle School,L,64.85527800,-147.75070050,238.09523810,23.14455567,23.14455567,5510.60849303,"LINESTRING (-147.34907200 64.73791600, -147.75070050 64.85527800)"
DL_ANLTK02049_L_0384,D-L,ANLTK02049,FLINT HILLS RESOURCES L.P. - NORTH POLE TERMINAL,D,64.73791600,-147.34907200,L_0384,FNSB - Ryan Middle School,L,64.83666990,-147.73187850,47.61904762,21.27326791,21.27326791,1013.01275764,"LINESTRING (-147.34907200 64.73791600, -147.73187850 64.83666990)"
DL_ANLTK02049_L_0389,D-L,ANLTK02049,FLINT HILLS RESOURCES L.P. - NORTH POLE TERMINAL,D,64.73791600,-147.34907200,L_0389,FNSB - Ticasuk Brown Elementary School,L,64.82567700,-147.53245050,95.23809524,13.10720192,13.10720192,1248.30494504,"LINESTRING (-147.34907200 64.73791600, -147.53245050 64.82567700)"
DL_ANLTK02049_L_0392,D-L,ANLTK02049,FLINT HILLS RESOURCES L.P. - NORTH POLE TERMINAL,D,64.73791600,-147.34907200,L_0392,FNSB - Two Rivers Elementary School,L,64.87615800,-147.03669000,47.61904762,21.39765999,21.39765999,1018.93619000,"LINESTRING (-147.34907200 64.73791600, -147.03669000 64.87615800)"
DL_ANLTK02049_L_0396,D-L,ANLTK02049,FLINT HILLS RESOURCES L.P. - NORTH POLE TERMINAL,D,64.73791600,-147.34907200,L_0396,FNSB - Weller Elementary School,L,64.88767800,-147.59189100,95.23809524,20.29402888,20.29402888,1932.76465537,"LINESTRING (-147.34907200 64.73791600, -147.59189100 64.88767800)"
DL_ANLTK02049_L_0398,D-L,ANLTK02049,FLINT HILLS RESOURCES L.P. - NORTH POLE TERMINAL,D,64.73791600,-147.34907200,L_0398,FNSB - West Valley High School,L,64.85125500,-147.82297050,238.09523810,25.82972738,25.82972738,6149.93508952,"LINESTRING (-147.34907200 64.73791600, -147.82297050 64.85125500)"
DL_ANLTK02049_L_0414,D-L,ANLTK02049,FLINT HILLS RESOURCES L.P. - NORTH POLE TERMINAL,D,64.73791600,-147.34907200,L_0414,Fred Meyer #224 Fuel Stop,L,64.85434200,-147.69020250,380.95238100,20.77089652,20.77089652,7912.72248479,"LINESTRING (-147.34907200 64.73791600, -147.69020250 64.85434200)"
DL_ANLTK02049_L_0416,D-L,ANLTK02049,FLINT HILLS RESOURCES L.P. - NORTH POLE TERMINAL,D,64.73791600,-147.34907200,L_0416,Fred Meyer #485 Fuel Stop,L,64.83657680,-147.81719270,760.18514255,24.82872832,24.82872832,18874.43037982,"LINESTRING (-147.34907200 64.73791600, -147.81719270 64.83657680)"
DL_ANLTK02049_L_0440,D-L,ANLTK02049,FLINT HILLS RESOURCES L.P. - NORTH POLE TERMINAL,D,64.73791600,-147.34907200,L_0440,"Goldpanner Service, Inc.",L,64.83967200,-147.71927250,595.23809520,20.94127985,20.94127985,12465.04753189,"LINESTRING (-147.34907200 64.73791600, -147.71927250 64.83967200)"
DL_ANLTK02049_L_0450,D-L,ANLTK02049,FLINT HILLS RESOURCES L.P. - NORTH POLE TERMINAL,D,64.73791600,-147.34907200,L_0450,GSA - Fairbanks Federal Building,L,64.83829720,-147.70647600,357.14285710,20.34817404,20.34817404,7267.20501244,"LINESTRING (-147.34907200 64.73791600, -147.70647600 64.83829720)"
DL_ANLTK02049_L_0463,D-L,ANLTK02049,FLINT HILLS RESOURCES L.P. - NORTH POLE TERMINAL,D,64.73791600,-147.34907200,L_0463,Hilltop Truck Stop Café,L,65.02482900,-147.65277150,595.23809520,35.07603180,35.07603180,20878.59035524,"LINESTRING (-147.34907200 64.73791600, -147.65277150 65.02482900)"
DL_ANLTK02049_L_0485,D-L,ANLTK02049,FLINT HILLS RESOURCES L.P. - NORTH POLE TERMINAL,D,64.73791600,-147.34907200,L_0485,Holiday #622,L,64.82617200,-147.71380050,476.19047620,19.94269903,19.94269903,9496.52334679,"LINESTRING (-147.34907200 64.73791600, -147.71380050 64.82617200)"
DL_ANLTK02049_L_0512,D-L,ANLTK02049,FLINT HILLS RESOURCES L.P. - NORTH POLE TERMINAL,D,64.73791600,-147.34907200,L_0512,Holiday #640,L,64.85946150,-147.68510870,952.38095240,20.94591017,20.94591017,19948.48587935,"LINESTRING (-147.34907200 64.73791600, -147.68510870 64.85946150)"
DL_ANLTK02049_L_0561,D-L,ANLTK02049,FLINT HILLS RESOURCES L.P. - NORTH POLE TERMINAL,D,64.73791600,-147.34907200,L_0561,"Mike's University Service, Inc.",L,64.85742000,-147.79850400,476.19047620,25.17664341,25.17664341,11988.87781335,"LINESTRING (-147.34907200 64.73791600, -147.79850400 64.85742000)"
DL_ANLTK02049_L_0607,D-L,ANLTK02049,FLINT HILLS RESOURCES L.P. - NORTH POLE TERMINAL,D,64.73791600,-147.34907200,L_0607,Niff's Badger Road Tesoro,L,64.81678500,-147.56728050,285.71428570,13.60351347,13.60351347,3886.71813550,"LINESTRING (-147.34907200 64.73791600, -147.56728050 64.81678500)"
DL_ANLTK02049_L_0610,D-L,ANLTK02049,FLINT HILLS RESOURCES L.P. - NORTH POLE TERMINAL,D,64.73791600,-147.34907200,L_0610,NOAA NESDIS CDA Station,L,64.97751600,-147.51069300,785.71428570,27.79105639,27.79105639,21835.83002218,"LINESTRING (-147.34907200 64.73791600, -147.51069300 64.97751600)"
DL_ANLTK02049_L_0649,D-L,ANLTK02049,FLINT HILLS RESOURCES L.P. - NORTH POLE TERMINAL,D,64.73791600,-147.34907200,L_0649,Riverview Quik Stop,L,64.83237270,-147.51995240,642.85714290,13.30161317,13.30161317,8551.03703570,"LINESTRING (-147.34907200 64.73791600, -147.51995240 64.83237270)"
DL_ANLTK02049_L_0651,D-L,ANLTK02049,FLINT HILLS RESOURCES L.P. - NORTH POLE TERMINAL,D,64.73791600,-147.34907200,L_0651,Ron's Service and Towing | Chevron,L,64.84459590,-147.71544150,595.23809520,21.09169172,21.09169172,12554.57840510,"LINESTRING (-147.34907200 64.73791600, -147.71544150 64.84459590)"
DL_ANLTK02049_L_0653,D-L,ANLTK02049,FLINT HILLS RESOURCES L.P. - NORTH POLE TERMINAL,D,64.73791600,-147.34907200,L_0653,Safeway Fuel #2754,L,64.83627900,-147.81358350,476.19047620,24.66031489,24.66031489,11743.00709307,"LINESTRING (-147.34907200 64.73791600, -147.81358350 64.83627900)"
DL_ANLTK02049_L_0658,D-L,ANLTK02049,FLINT HILLS RESOURCES L.P. - NORTH POLE TERMINAL,D,64.73791600,-147.34907200,L_0658,Safeway Fuel Station #3410,L,64.85004000,-147.69868050,476.19047620,20.79626897,20.79626897,9902.98522423,"LINESTRING (-147.34907200 64.73791600, -147.69868050 64.85004000)"
DL_ANLTK02049_L_0662,D-L,ANLTK02049,FLINT HILLS RESOURCES L.P. - NORTH POLE TERMINAL,D,64.73791600,-147.34907200,L_0662,Sam's Club #6603,L,64.85285700,-147.70733400,238.09523810,21.31310232,21.31310232,5074.54817048,"LINESTRING (-147.34907200 64.73791600, -147.70733400 64.85285700)"
DL_ANLTK02049_L_0686,D-L,ANLTK02049,FLINT HILLS RESOURCES L.P. - NORTH POLE TERMINAL,D,64.73791600,-147.34907200,L_0686,Simard Automotive,L,64.83748500,-147.72540150,595.23809520,21.05788124,21.05788124,12534.45311990,"LINESTRING (-147.34907200 64.73791600, -147.72540150 64.83748500)"
DL_ANLTK02049_L_0695,D-L,ANLTK02049,FLINT HILLS RESOURCES L.P. - NORTH POLE TERMINAL,D,64.73791600,-147.34907200,L_0695,Sourdough Danby Station,L,64.85238900,-147.75041250,714.28571430,22.95346851,22.95346851,16395.33465379,"LINESTRING (-147.34907200 64.73791600, -147.75041250 64.85238900)"
DL_ANLTK02049_L_0696,D-L,ANLTK02049,FLINT HILLS RESOURCES L.P. - NORTH POLE TERMINAL,D,64.73791600,-147.34907200,L_0696,Sourdough Fuel,L,64.86921890,-147.67397380,549.45627032,21.27640934,21.27640934,11690.45652262,"LINESTRING (-147.34907200 64.73791600, -147.67397380 64.86921890)"
DL_ANLTK02049_L_0697,D-L,ANLTK02049,FLINT HILLS RESOURCES L.P. - NORTH POLE TERMINAL,D,64.73791600,-147.34907200,L_0697,Sourdough Fuel Plaza Gas,L,64.75693750,-147.35245860,476.19047620,2.12680739,2.12680739,1012.76542288,"LINESTRING (-147.34907200 64.73791600, -147.35245860 64.75693750)"
DL_ANLTK02049_L_0699,D-L,ANLTK02049,FLINT HILLS RESOURCES L.P. - NORTH POLE TERMINAL,D,64.73791600,-147.34907200,L_0699,Sourdough Gas & Go,L,64.83717770,-147.75057580,642.85714290,22.06697734,22.06697734,14185.91400669,"LINESTRING (-147.34907200 64.73791600, -147.75057580 64.83717770)"
DL_ANLTK02049_L_0749,D-L,ANLTK02049,FLINT HILLS RESOURCES L.P. - NORTH POLE TERMINAL,D,64.73791600,-147.34907200,L_0749,Tanana Valley Clinic,L,64.83916800,-147.71256300,47.61904762,20.64320579,20.64320579,983.00979946,"LINESTRING (-147.34907200 64.73791600, -147.71256300 64.83916800)"
DL_ANLTK02049_L_0777,D-L,ANLTK02049,FLINT HILLS RESOURCES L.P. - NORTH POLE TERMINAL,D,64.73791600,-147.34907200,L_0777,The Gas Line II,L,64.84875300,-147.69535050,357.14285710,20.58383081,20.58383081,7351.36814666,"LINESTRING (-147.34907200 64.73791600, -147.69535050 64.84875300)"
DL_ANLTK02049_L_0820,D-L,ANLTK02049,FLINT HILLS RESOURCES L.P. - NORTH POLE TERMINAL,D,64.73791600,-147.34907200,L_0820,University Alaska Fairbanks - Physical Plant,L,64.85486650,-147.81712960,166.66666670,25.78785262,25.78785262,4297.97543795,"LINESTRING (-147.34907200 64.73791600, -147.81712960 64.85486650)"
DL_ANLTK02049_L_0865,D-L,ANLTK02049,FLINT HILLS RESOURCES L.P. - NORTH POLE TERMINAL,D,64.73791600,-147.34907200,L_0865,Unnamed last-mile facility,L,64.81337300,-147.70951670,551.99668358,19.09918671,19.09918671,10542.68772375,"LINESTRING (-147.34907200 64.73791600, -147.70951670 64.81337300)"
DL_ANLTK02049_L_0866,D-L,ANLTK02049,FLINT HILLS RESOURCES L.P. - NORTH POLE TERMINAL,D,64.73791600,-147.34907200,L_0866,Unnamed last-mile facility,L,64.82552230,-147.71393700,423.43899888,19.91289890,19.91289890,8431.89797457,"LINESTRING (-147.34907200 64.73791600, -147.71393700 64.82552230)"
DL_ANLTK02049_L_0867,D-L,ANLTK02049,FLINT HILLS RESOURCES L.P. - NORTH POLE TERMINAL,D,64.73791600,-147.34907200,L_0867,Unnamed last-mile facility,L,64.82574820,-147.71372780,420.39897469,19.91653665,19.91653665,8372.89158766,"LINESTRING (-147.34907200 64.73791600, -147.71372780 64.82574820)"
DL_ANLTK02049_L_0868,D-L,ANLTK02049,FLINT HILLS RESOURCES L.P. - NORTH POLE TERMINAL,D,64.73791600,-147.34907200,L_0868,Unnamed last-mile facility,L,64.82594440,-147.71129770,402.31573292,19.82674189,19.82674189,7976.61019450,"LINESTRING (-147.34907200 64.73791600, -147.71129770 64.82594440)"
DL_ANLTK02049_L_0869,D-L,ANLTK02049,FLINT HILLS RESOURCES L.P. - NORTH POLE TERMINAL,D,64.73791600,-147.34907200,L_0869,Unnamed last-mile facility,L,64.83631800,-147.79211270,289.39521016,23.75221160,23.75221160,6873.77626761,"LINESTRING (-147.34907200 64.73791600, -147.79211270 64.83631800)"
DL_ANLTK02049_L_0870,D-L,ANLTK02049,FLINT HILLS RESOURCES L.P. - NORTH POLE TERMINAL,D,64.73791600,-147.34907200,L_0870,Unnamed last-mile facility,L,64.95785550,-147.61714340,538.83051723,27.62312513,27.62312513,14884.18279872,"LINESTRING (-147.34907200 64.73791600, -147.61714340 64.95785550)"
DL_ANLTK02049_L_0871,D-L,ANLTK02049,FLINT HILLS RESOURCES L.P. - NORTH POLE TERMINAL,D,64.73791600,-147.34907200,L_0871,Unnamed last-mile facility,L,65.02419950,-147.65169030,549.38939098,34.99108093,34.99108093,19223.72864437,"LINESTRING (-147.34907200 64.73791600, -147.65169030 65.02419950)"
DL_ANLTK02049_L_0894,D-L,ANLTK02049,FLINT HILLS RESOURCES L.P. - NORTH POLE TERMINAL,D,64.73791600,-147.34907200,L_0894,USPS - North Pole,L,64.75273200,-147.35434050,238.09523810,1.67076509,1.67076509,397.80121247,"LINESTRING (-147.34907200 64.73791600, -147.35434050 64.75273200)"
DL_ANLTK02049_L_0895,D-L,ANLTK02049,FLINT HILLS RESOURCES L.P. - NORTH POLE TERMINAL,D,64.73791600,-147.34907200,L_0895,USPS - North Pole,L,64.75293000,-147.35477000,238.09523810,1.69574546,1.69574546,403.74891895,"LINESTRING (-147.34907200 64.73791600, -147.35477000 64.75293000)"
DL_ANLTK02050_L_0053,D-L,ANLTK02050,PETRO STAR INCORPORATED,D,64.73352500,-147.34778100,L_0053,ADOT&PF Fairbanks M&O Shop,L,64.82596500,-147.77265150,238.09523810,22.68459347,22.68459347,5401.09368377,"LINESTRING (-147.34778100 64.73352500, -147.77265150 64.82596500)"
DL_ANLTK02050_L_0120,D-L,ANLTK02050,PETRO STAR INCORPORATED,D,64.73352500,-147.34778100,L_0120,Badger Gas,L,64.82060300,-146.55858300,571.42857140,38.77554016,38.77554016,22157.45152166,"LINESTRING (-147.34778100 64.73352500, -146.55858300 64.82060300)"
DL_ANLTK02050_L_0259,D-L,ANLTK02050,PETRO STAR INCORPORATED,D,64.73352500,-147.34778100,L_0259,Curry's Corner,L,64.88808600,-146.37203100,285.71428570,49.45539253,49.45539253,14130.11215052,"LINESTRING (-147.34778100 64.73352500, -146.37203100 64.88808600)"
DL_ANLTK02050_L_0308,D-L,ANLTK02050,PETRO STAR INCORPORATED,D,64.73352500,-147.34778100,L_0308,FAA Fairbanks,L,64.82769300,-147.81130200,59.52380952,24.41816750,24.41816750,1453.46235098,"LINESTRING (-147.34778100 64.73352500, -147.81130200 64.82769300)"
DL_ANLTK02050_L_0353,D-L,ANLTK02050,PETRO STAR INCORPORATED,D,64.73352500,-147.34778100,L_0353,FNSB - Chena Lake Recreation Area,L,64.73367770,-147.25888750,47.61904762,4.23534968,4.23534968,201.68331788,"LINESTRING (-147.34778100 64.73352500, -147.25888750 64.73367770)"
DL_ANLTK02050_L_0379,D-L,ANLTK02050,PETRO STAR INCORPORATED,D,64.73352500,-147.34778100,L_0379,FNSB - Pearl Creek Elementary School,L,64.89166900,-146.18481400,95.23809524,57.99186679,57.99186679,5523.03493207,"LINESTRING (-147.34778100 64.73352500, -146.76800182 64.81373516, -146.18481400 64.89166900)"
DL_ANLTK02050_L_0390,D-L,ANLTK02050,PETRO STAR INCORPORATED,D,64.73352500,-147.34778100,L_0390,FNSB - Transit Garage - Bus Maintenance,L,64.81886400,-147.77595000,238.09523810,22.48052051,22.48052051,5352.50488322,"LINESTRING (-147.34778100 64.73352500, -147.77595000 64.81886400)"
DL_ANLTK02050_L_0393,D-L,ANLTK02050,PETRO STAR INCORPORATED,D,64.73352500,-147.34778100,L_0393,FNSB - Two Rivers Elementary School,L,64.87808300,-146.96025000,47.61904762,24.47125909,24.47125909,1165.29805171,"LINESTRING (-147.34778100 64.73352500, -146.96025000 64.87808300)"
DL_ANLTK02050_L_0397,D-L,ANLTK02050,PETRO STAR INCORPORATED,D,64.73352500,-147.34778100,L_0397,FNSB - Weller Elementary School,L,64.88778100,-146.40711900,95.23809524,47.88445076,47.88445076,4560.42388227,"LINESTRING (-147.34778100 64.73352500, -146.40711900 64.88778100)"
DL_ANLTK02050_L_0441,D-L,ANLTK02050,PETRO STAR INCORPORATED,D,64.73352500,-147.34778100,L_0441,Goldstream General Store,L,64.91342800,-146.09365000,142.85714290,62.84004557,62.84004557,8977.14936913,"LINESTRING (-147.34778100 64.73352500, -146.72280735 64.82479973, -146.09365000 64.91342800)"
DL_ANLTK02050_L_0462,D-L,ANLTK02050,PETRO STAR INCORPORATED,D,64.73352500,-147.34778100,L_0462,Hilltop Truck Stop Café,L,65.02402800,-146.34856700,595.23809520,57.36811367,57.36811367,34147.68670652,"LINESTRING (-147.34778100 64.73352500, -146.85087201 64.87961619, -146.34856700 65.02402800)"
DL_ANLTK02050_L_0513,D-L,ANLTK02050,PETRO STAR INCORPORATED,D,64.73352500,-147.34778100,L_0513,Holiday #640,L,64.85989400,-146.30405000,524.34471505,51.57344094,51.57344094,27042.26119439,"LINESTRING (-147.34778100 64.73352500, -146.82713686 64.79762659, -146.30405000 64.85989400)"
DL_ANLTK02050_L_0591,D-L,ANLTK02050,PETRO STAR INCORPORATED,D,64.73352500,-147.34778100,L_0591,Moose Creek General Store,L,64.71696600,-147.19227300,238.09523810,7.63790655,7.63790655,1818.54917884,"LINESTRING (-147.34778100 64.73352500, -147.19227300 64.71696600)"
DL_ANLTK02050_L_0609,D-L,ANLTK02050,PETRO STAR INCORPORATED,D,64.73352500,-147.34778100,L_0609,NOAA NESDIS CDA Station,L,64.97618600,-146.48439200,904.76190480,49.08074043,49.08074043,44406.38420327,"LINESTRING (-147.34778100 64.73352500, -146.48439200 64.97618600)"
DL_ANLTK02050_L_0638,D-L,ANLTK02050,PETRO STAR INCORPORATED,D,64.73352500,-147.34778100,L_0638,Pleasant Valley Store,L,64.87984800,-146.88095400,357.14285710,27.53467447,27.53467447,9833.81230962,"LINESTRING (-147.34778100 64.73352500, -146.88095400 64.87984800)"
DL_ANLTK02050_L_0648,D-L,ANLTK02050,PETRO STAR INCORPORATED,D,64.73352500,-147.34778100,L_0648,Riverview Quick Stop,L,64.83277800,-146.48317800,642.85714290,42.58102952,42.58102952,27373.51897799,"LINESTRING (-147.34778100 64.73352500, -146.48317800 64.83277800)"
DL_ANLTK02050_L_0659,D-L,ANLTK02050,PETRO STAR INCORPORATED,D,64.73352500,-147.34778100,L_0659,Safeway Fuel Station #3410,L,64.88394200,-146.35201400,476.19047620,50.19502526,50.19502526,23902.39298235,"LINESTRING (-147.34778100 64.73352500, -146.85128523 64.80956808, -146.35201400 64.88394200)"
DL_ANLTK02050_L_0809,D-L,ANLTK02050,PETRO STAR INCORPORATED,D,64.73352500,-147.34778100,L_0809,TPI Bulk Plant,L,64.81213200,-147.74353200,1785.71428600,20.76782708,20.76782708,37085.40550910,"LINESTRING (-147.34778100 64.73352500, -147.74353200 64.81213200)"
DL_ANLTK02050_L_0865,D-L,ANLTK02050,PETRO STAR INCORPORATED,D,64.73352500,-147.34778100,L_0865,Unnamed last-mile facility,L,64.81337300,-147.70951670,162.28903072,19.37558343,19.37558343,3144.44465449,"LINESTRING (-147.34778100 64.73352500, -147.70951670 64.81337300)"
DL_ANLTK02051_L_0073,D-L,ANLTK02051,PETRO MARINE SERVICES,D,56.80741200,-132.97191000,L_0073,Alpine Mini-Mart,L,56.46308400,-132.37476300,190.47619050,53.03652004,53.03652004,10102.19429460,"LINESTRING (-132.97191000 56.80741200, -132.67197681 56.63560845, -132.37476300 56.46308400)"
DL_ANLTK02051_L_0215,D-L,ANLTK02051,PETRO MARINE SERVICES,D,56.80741200,-132.97191000,L_0215,"City & Borough of Wrangell, Public Safety Building",L,56.46941000,-132.37777000,95.23809524,52.39887250,52.39887250,4990.36880986,"LINESTRING (-132.97191000 56.80741200, -132.67351186 56.63876775, -132.37777000 56.46941000)"
DL_ANLTK02051_L_0295,D-L,ANLTK02051,PETRO MARINE SERVICES,D,56.80741200,-132.97191000,L_0295,Evergreen Elementary,L,56.47249000,-132.37477000,71.42857143,52.28087258,52.28087258,3734.34804139,"LINESTRING (-132.97191000 56.80741200, -132.67201724 56.64031129, -132.37477000 56.47249000)"
DL_ANLTK02051_L_0545,D-L,ANLTK02051,PETRO MARINE SERVICES,D,56.80741200,-132.97191000,L_0545,L N M Services,L,56.47156200,-132.38586000,142.85714290,51.88102970,51.88102970,7411.57567371,"LINESTRING (-132.97191000 56.80741200, -132.67758323 56.63983413, -132.38586000 56.47156200)"
DL_ANLTK02051_L_0626,D-L,ANLTK02051,PETRO MARINE SERVICES,D,56.80741200,-132.97191000,L_0626,"Petersburg Motors, Inc. | Petersburg Motors",L,56.81124950,-132.95455610,130.95238100,1.14291646,1.14291646,149.66763144,"LINESTRING (-132.97191000 56.80741200, -132.95455610 56.81124950)"
DL_ANLTK02051_L_0660,D-L,ANLTK02051,PETRO MARINE SERVICES,D,56.80741200,-132.97191000,L_0660,Safeway Gasoline #1818,L,55.34879400,-130.32469400,30.94606374,231.36934958,231.36934958,7159.97064040,"LINESTRING (-132.97191000 56.80741200, -132.42631674 56.52031472, -131.88894535 56.23084466, -131.35964870 55.93906222, -130.83828020 55.64502623, -130.32469400 55.34879400)"
DL_ANLTK02051_L_0701,D-L,ANLTK02051,PETRO MARINE SERVICES,D,56.80741200,-132.97191000,L_0701,Southeast Island Fuel | S.E. Island Fuel,L,56.80798580,-132.97037100,71.42857143,0.11366913,0.11366913,8.11922333,"LINESTRING (-132.97191000 56.80741200, -132.97037100 56.80798580)"
DL_ANLTK02051_L_0757,D-L,ANLTK02051,PETRO MARINE SERVICES,D,56.80741200,-132.97191000,L_0757,"Temsco Helicopters, Inc.",L,56.80536700,-132.93574400,238.09523810,2.22099320,2.22099320,528.80790487,"LINESTRING (-132.97191000 56.80741200, -132.93574400 56.80536700)"
DL_ANLTK02051_L_0758,D-L,ANLTK02051,PETRO MARINE SERVICES,D,56.80741200,-132.97191000,L_0758,"Temsco Helicopters, Inc.",L,56.80643950,-132.93320590,119.04761900,2.36677889,2.36677889,281.75939208,"LINESTRING (-132.97191000 56.80741200, -132.93320590 56.80643950)"
DL_ANLTK02051_L_0807,D-L,ANLTK02051,PETRO MARINE SERVICES,D,56.80741200,-132.97191000,L_0807,Tk's Mini-Mart,L,56.42322500,-132.54141900,190.47619050,50.28663321,50.28663321,9578.40632709,"LINESTRING (-132.97191000 56.80741200, -132.75557165 56.61550763, -132.54141900 56.42322500)"
DL_ANLTK02051_L_0823,D-L,ANLTK02051,PETRO MARINE SERVICES,D,56.80741200,-132.97191000,L_0823,Unnamed last-mile facility,L,56.81004700,-132.97120580,125.67714711,0.29656041,0.29656041,37.27086617,"LINESTRING (-132.97191000 56.80741200, -132.97120580 56.81004700)"
DL_ANLTK02051_L_0897,D-L,ANLTK02051,PETRO MARINE SERVICES,D,56.80741200,-132.97191000,L_0897,USPS - Wrangell,L,56.47281700,-132.38718860,119.04761900,51.72339779,51.72339779,6157.54735301,"LINESTRING (-132.97191000 56.80741200, -132.67825530 56.64046004, -132.38718860 56.47281700)"
DL_ANLTK02051_L_0925,D-L,ANLTK02051,PETRO MARINE SERVICES,D,56.80741200,-132.97191000,L_0925,Wrangell High School,L,56.47175000,-132.37971000,238.09523810,52.12820380,52.12820380,12411.47709652,"LINESTRING (-132.97191000 56.80741200, -132.67449530 56.63993540, -132.37971000 56.47175000)"
DL_ANLTK02054_L_PRUDHOE_DEADHORSE_INDUSTRIAL_OPERATIONS,D-L,ANLTK02054,BP EXPLORATION ALASKA - REFINERY,D,70.25440900,-148.35003700,L_PRUDHOE_DEADHORSE_INDUSTRIAL_OPERATIONS,Prudhoe Bay and Deadhorse Industrial Operations Aggregate,L,70.25498900,-148.34717500,8723.47400000,0.12586259,0.12586259,1097.95905747,"LINESTRING (-148.35003700 70.25440900, -148.34717500 70.25498900)"
DL_ANLTK02056_L_0443,D-L,ANLTK02056,CROWLEY FUELS LLC - ST. MARY'S BULK FUEL STORAGE FACILITY,D,62.04873000,-163.18822500,L_0443,Grayling Native Store,L,62.90119540,-160.06610730,187.49818695,186.95005036,186.95005036,35052.79549332,"LINESTRING (-163.18822500 62.04873000, -162.42437188 62.26835037, -161.64942458 62.48370211, -160.86334476 62.69468441, -160.06610730 62.90119540)"
DL_ANLTK02059_L_0456,D-L,ANLTK02059,PETRO MARINE SERVICES NO. 2 (NORTH PLANT),D,57.05544400,-135.34892600,L_0456,Halibut Point Marine Services,L,57.05673300,-135.34529400,476.19047620,0.26301662,0.26301662,125.24601096,"LINESTRING (-135.34892600 57.05544400, -135.34529400 57.05673300)"
DL_ANLTK02059_L_0627,D-L,ANLTK02059,PETRO MARINE SERVICES NO. 2 (NORTH PLANT),D,57.05544400,-135.34892600,L_0627,Petro Express,L,57.05500940,-135.34742180,380.95238100,0.10331504,0.10331504,39.35810962,"LINESTRING (-135.34892600 57.05544400, -135.34742180 57.05500940)"
DL_ANLTK02059_L_0628,D-L,ANLTK02059,PETRO MARINE SERVICES NO. 2 (NORTH PLANT),D,57.05544400,-135.34892600,L_0628,Petro Express,L,57.05600000,-135.34759000,380.95238100,0.10201008,0.10201008,38.86098384,"LINESTRING (-135.34892600 57.05544400, -135.34759000 57.05600000)"
DL_ANLTK02059_L_0689,D-L,ANLTK02059,PETRO MARINE SERVICES NO. 2 (NORTH PLANT),D,57.05544400,-135.34892600,L_0689,Sitka High School,L,57.06227700,-135.33911100,133.18253168,0.96626993,0.96626993,128.69027612,"LINESTRING (-135.34892600 57.05544400, -135.33911100 57.06227700)"
DL_ANLTK02059_L_0888,D-L,ANLTK02059,PETRO MARINE SERVICES NO. 2 (NORTH PLANT),D,57.05544400,-135.34892600,L_0888,USCG Air Station  Sitka,L,57.05383650,-135.36568910,14.52380952,1.03286789,1.03286789,15.00117643,"LINESTRING (-135.34892600 57.05544400, -135.36568910 57.05383650)"
DL_ANLTK02060_L_0101,D-L,ANLTK02060,PETRO MARINE SERVICES NO. 1 (SOUTH PLANT),D,57.04861400,-135.34006800,L_0101,AT&T - Mud Bay Microwave Repeater | USPS - Craig,L,57.05362000,-135.33630000,214.28571430,0.60255097,0.60255097,129.11806405,"LINESTRING (-135.34006800 57.04861400, -135.33630000 57.05362000)"
DL_ANLTK02060_L_0178,D-L,ANLTK02060,PETRO MARINE SERVICES NO. 1 (SOUTH PLANT),D,57.04861400,-135.34006800,L_0178,Cascade Convenience Center,L,57.04875000,-135.31062150,285.71428570,1.78725497,1.78725497,510.64427839,"LINESTRING (-135.34006800 57.04861400, -135.31062150 57.04875000)"
DL_ANLTK02060_L_0179,D-L,ANLTK02060,PETRO MARINE SERVICES NO. 1 (SOUTH PLANT),D,57.04861400,-135.34006800,L_0179,Cascade Convenience Center,L,57.04982800,-134.68720300,285.71428570,39.62371690,39.62371690,11321.06197181,"LINESTRING (-135.34006800 57.04861400, -134.68720300 57.04982800)"
DL_ANLTK02060_L_0604,D-L,ANLTK02060,PETRO MARINE SERVICES NO. 1 (SOUTH PLANT),D,57.04861400,-135.34006800,L_0604,Mt. Edgecombe High School,L,57.05152500,-134.64731900,73.62560551,42.04438487,42.04438487,3095.54329405,"LINESTRING (-135.34006800 57.04861400, -134.64731900 57.05152500)"
DL_ANLTK02060_L_0688,D-L,ANLTK02060,PETRO MARINE SERVICES NO. 1 (SOUTH PLANT),D,57.04861400,-135.34006800,L_0688,Sitka High School,L,57.05790800,-134.66404200,190.47619050,41.03775405,41.03775405,7816.71505825,"LINESTRING (-135.34006800 57.04861400, -134.66404200 57.05790800)"
DL_ANLTK02060_L_0689,D-L,ANLTK02060,PETRO MARINE SERVICES NO. 1 (SOUTH PLANT),D,57.04861400,-135.34006800,L_0689,Sitka High School,L,57.06227700,-135.33911100,57.29365882,1.52263137,1.52263137,87.23712242,"LINESTRING (-135.34006800 57.04861400, -135.33911100 57.06227700)"
DL_ANLTK02060_L_0690,D-L,ANLTK02060,PETRO MARINE SERVICES NO. 1 (SOUTH PLANT),D,57.04861400,-135.34006800,L_0690,Sitka Pioneer Home,L,57.04989300,-135.33809400,119.04761900,0.18611782,0.18611782,22.15688333,"LINESTRING (-135.34006800 57.04861400, -135.33809400 57.04989300)"
DL_ANLTK02060_L_0691,D-L,ANLTK02060,PETRO MARINE SERVICES NO. 1 (SOUTH PLANT),D,57.04861400,-135.34006800,L_0691,Sitka Pioneer Home,L,57.05010000,-135.33739000,119.04761900,0.23195064,0.23195064,27.61317189,"LINESTRING (-135.34006800 57.04861400, -135.33739000 57.05010000)"
DL_ANLTK02060_L_0896,D-L,ANLTK02060,PETRO MARINE SERVICES NO. 1 (SOUTH PLANT),D,57.04861400,-135.34006800,L_0896,USPS - Sitka,L,57.04945200,-135.31157100,71.42857143,1.73206246,1.73206246,123.71874706,"LINESTRING (-135.34006800 57.04861400, -135.31157100 57.04945200)"
DL_ANLTK02061_L_0075,D-L,ANLTK02061,PETRO MARINE SERVICES,D,59.45296400,-135.32674100,L_0075,AMHS - Skagway Ferry Terminal,L,59.58134610,-135.19713830,23.80952381,16.07438834,16.07438834,382.72353183,"LINESTRING (-135.32674100 59.45296400, -135.19713830 59.58134610)"
DL_ANLTK02061_L_0231,D-L,ANLTK02061,PETRO MARINE SERVICES,D,59.45296400,-135.32674100,L_0231,Corner Gas Station,L,59.45621060,-135.31861760,185.80205970,0.58573154,0.58573154,108.83012673,"LINESTRING (-135.32674100 59.45296400, -135.31861760 59.45621060)"
DL_ANLTK02061_L_0232,D-L,ANLTK02061,PETRO MARINE SERVICES,D,59.45296400,-135.32674100,L_0232,Corner Station,L,59.45593310,-135.31834620,428.57142860,0.57973900,0.57973900,248.45957176,"LINESTRING (-135.32674100 59.45296400, -135.31834620 59.45593310)"
DL_ANLTK02061_L_0233,D-L,ANLTK02061,PETRO MARINE SERVICES,D,59.45296400,-135.32674100,L_0233,Corner Station,L,59.45630300,-134.68157200,428.57142860,36.59303679,36.59303679,15682.73005254,"LINESTRING (-135.32674100 59.45296400, -134.68157200 59.45630300)"
DL_ANLTK02061_L_0263,D-L,ANLTK02061,PETRO MARINE SERVICES,D,59.45296400,-135.32674100,L_0263,DEG dba Haines Express Gas,L,59.23791100,-134.55503600,95.23809524,50.01893282,50.01893282,4763.70788794,"LINESTRING (-135.32674100 59.45296400, -134.93966884 59.34600925, -134.55503600 59.23791100)"
DL_ANLTK02061_L_0330,D-L,ANLTK02061,PETRO MARINE SERVICES,D,59.45296400,-135.32674100,L_0330,Family Fuel,L,59.45391700,-135.32070300,71.42857143,0.35854119,0.35854119,25.61008505,"LINESTRING (-135.32674100 59.45296400, -135.32070300 59.45391700)"
DL_ANLTK02061_L_0331,D-L,ANLTK02061,PETRO MARINE SERVICES,D,59.45296400,-135.32674100,L_0331,Family Fuel,L,59.45423430,-135.32002240,71.42857143,0.40649134,0.40649134,29.03509592,"LINESTRING (-135.32674100 59.45296400, -135.32002240 59.45423430)"
DL_ANLTK02061_L_0343,D-L,ANLTK02061,PETRO MARINE SERVICES,D,59.45296400,-135.32674100,L_0343,Fisherman's Bend,L,58.38710300,-133.34924200,194.89302925,164.53082918,164.53082918,32065.91170375,"LINESTRING (-135.32674100 59.45296400, -134.82087021 59.18937325, -134.32275921 58.92383351, -133.83226407 58.65639409, -133.34924200 58.38710300)"
DL_ANLTK02061_L_0430,D-L,ANLTK02061,PETRO MARINE SERVICES,D,59.45296400,-135.32674100,L_0430,Gas-n-Go,L,59.34991700,-133.50730300,476.19047620,103.98518844,103.98518844,49516.75639921,"LINESTRING (-135.32674100 59.45296400, -134.71905017 59.42143439, -134.11253866 59.38708222, -133.50730300 59.34991700)"
DL_ANLTK02061_L_0549,D-L,ANLTK02061,PETRO MARINE SERVICES,D,59.45296400,-135.32674100,L_0549,Lena Point Earth Station,L,58.39447500,-133.23490000,119.04761900,168.57220776,168.57220776,20068.11996287,"LINESTRING (-135.32674100 59.45296400, -134.79170660 59.19155568, -134.26481639 58.92796845, -133.74592813 58.66225710, -133.23490000 58.39447500)"
DL_ANLTK02062_L_ST_GEORGE_COMMUNITY_FUEL,D-L,ANLTK02062,DELTA WESTERN,D,56.57240144,-169.67115100,L_ST_GEORGE_COMMUNITY_FUEL,St. George Island Community Fuel Demand Aggregate,L,56.60150146,-169.54528809,663.28320802,8.38492622,8.38492622,5561.58076414,"LINESTRING (-169.67115100 56.57240144, -169.54528809 56.60150146)"
DL_ANLTK02063_L_ST_PAUL_COMMUNITY_FUEL,D-L,ANLTK02063,ST. PAUL FUEL LLC BULK FUEL FACILITY - MAIN TANK FARM,D,57.12311700,-170.28328300,L_ST_PAUL_COMMUNITY_FUEL,St. Paul Island Community Fuel Demand Aggregate,L,57.12048340,-170.28228760,4088.59649123,0.29941705,0.29941705,1224.19551687,"LINESTRING (-170.28328300 57.12311700, -170.28228760 57.12048340)"
DL_ANLTK02068_L_0160,D-L,ANLTK02068,PETRO STAR INCORPORATED - NORTH PACIFIC FUEL RESOFF TANK FARM,D,53.91272600,-166.50853100,L_0160,Cape Sarichef RRL,L,54.58247500,-163.08551700,1.00000000,235.22798276,235.22798276,235.22798276,"LINESTRING (-166.50853100 53.91272600, -165.83287900 54.05441295, -165.15267598 54.19227571, -164.46799499 54.32626959, -163.77891423 54.45635050, -163.08551700 54.58247500)"
DL_ANLTK02070_L_0036,D-L,ANLTK02070,PETRO STAR INCORPORATED,D,61.12904200,-146.36382100,L_0036,Acres Kwik Trip,L,61.12442070,-146.26677450,551.28472218,5.25529871,5.25529871,2897.16588666,"LINESTRING (-146.36382100 61.12904200, -146.26677450 61.12442070)"
DL_ANLTK02070_L_0060,D-L,ANLTK02070,PETRO STAR INCORPORATED,D,61.12904200,-146.36382100,L_0060,ADOTPF - Thompson Pass Maintenance Station,L,61.14056100,-145.74740000,97.61904762,33.23622317,33.23622317,3244.48845272,"LINESTRING (-146.36382100 61.12904200, -145.74740000 61.14056100)"
DL_ANLTK02070_L_0065,D-L,ANLTK02070,PETRO STAR INCORPORATED,D,61.12904200,-146.36382100,L_0065,Airport Store,L,62.96232500,-141.92888800,119.04761900,309.04555308,309.04555308,36791.13725702,"LINESTRING (-146.36382100 61.12904200, -145.76250146 61.39947695, -145.15074943 61.66719852, -144.52837431 61.93212940, -143.89518680 62.19419016, -143.25099943 62.45329920, -142.59562716 62.70937278, -141.92888800 62.96232500)"
DL_ANLTK02070_L_0083,D-L,ANLTK02070,PETRO STAR INCORPORATED,D,61.12904200,-146.36382100,L_0083,AT&T - Beaver Creek Microwave Repeater,L,63.05885300,-141.82892500,119.04761900,319.82348233,319.82348233,38074.22407109,"LINESTRING (-146.36382100 61.12904200, -145.75070898 61.41363549, -145.12639059 61.69540575, -144.49064258 61.97426800, -143.84324235 62.25013497, -143.18396852 62.52291683, -142.51260167 62.79252117, -141.82892500 63.05885300)"
DL_ANLTK02070_L_0084,D-L,ANLTK02070,PETRO STAR INCORPORATED,D,61.12904200,-146.36382100,L_0084,AT&T - Beaver Creek Microwave Repeater,L,63.33743730,-143.01048560,119.04761900,301.54365940,301.54365940,35898.05467662,"LINESTRING (-146.36382100 61.12904200, -145.91408859 61.44938736, -145.45505446 61.76820262, -144.98644482 62.08543596, -144.50797764 62.40103341, -144.01936262 62.71493883, -143.52030102 63.02709375, -143.01048560 63.33743730)"
DL_ANLTK02070_L_0088,D-L,ANLTK02070,PETRO STAR INCORPORATED,D,61.12904200,-146.36382100,L_0088,AT&T - Cathedral Microwave Repeater,L,63.38475600,-142.20380000,119.04761900,331.40638387,331.40638387,39453.14092121,"LINESTRING (-146.36382100 61.12904200, -145.80677610 61.45873567, -145.23787955 61.78608825, -144.65680042 62.11101793, -144.06320078 62.43343967, -143.45673594 62.75326510, -142.83705475 63.07040236, -142.20380000 63.38475600)"
DL_ANLTK02070_L_0096,D-L,ANLTK02070,PETRO STAR INCORPORATED,D,61.12904200,-146.36382100,L_0096,AT&T - Knob Ridge Microwave Repeater,L,63.64868300,-144.06565300,119.04761900,304.89874426,304.89874426,36297.46954043,"LINESTRING (-146.36382100 61.12904200, -146.05843374 61.49129119, -145.74587149 61.85282122, -145.42586755 62.21360491, -145.09814286 62.57361372, -144.76240525 62.93281765, -144.41834879 63.29118514, -144.06565300 63.64868300)"
DL_ANLTK02070_L_0099,D-L,ANLTK02070,PETRO STAR INCORPORATED,D,61.12904200,-146.36382100,L_0099,AT&T - McCallum Microwave Repeater,L,63.23796900,-144.35124400,238.09523810,257.32104865,257.32104865,61266.91634609,"LINESTRING (-146.36382100 61.12904200, -146.04741332 61.48255166, -145.72375650 61.83529193, -145.39258974 62.18723438, -145.05364063 62.53834917, -144.70662453 62.88860500, -144.35124400 63.23796900)"
DL_ANLTK02070_L_0104,D-L,ANLTK02070,PETRO STAR INCORPORATED,D,61.12904200,-146.36382100,L_0104,AT&T - Paxson Annex,L,63.02610600,-145.49484700,119.04761900,216.23964256,216.23964256,25742.81458010,"LINESTRING (-146.36382100 61.12904200, -146.19852891 61.50892470, -146.02915603 61.88858093, -145.85553630 62.26800244, -145.67749479 62.64718052, -145.49484700 63.02610600)"
DL_ANLTK02070_L_0105,D-L,ANLTK02070,PETRO STAR INCORPORATED,D,61.12904200,-146.36382100,L_0105,AT&T - Paxson Annex,L,63.38208380,-143.59381190,119.04761900,289.36404764,289.36404764,34448.10089621,"LINESTRING (-146.36382100 61.12904200, -145.93019306 61.50833113, -145.48589405 61.88618714, -145.03052813 62.26255246, -144.56368250 62.63736662, -144.08492670 63.01056603, -143.59381190 63.38208380)"
DL_ANLTK02070_L_0108,D-L,ANLTK02070,PETRO STAR INCORPORATED,D,61.12904200,-146.36382100,L_0108,AT&T - Tok Junction Microwave Repeater,L,63.33656400,-142.98447150,119.04761900,302.24862763,302.24862763,35981.97946549,"LINESTRING (-146.36382100 61.12904200, -145.91058988 61.44933770, -145.44798653 61.76807965, -144.97573587 62.08521521, -144.49355469 62.40068961, -144.00115152 62.71444585, -143.49822654 63.02642458, -142.98447150 63.33656400)"
DL_ANLTK02070_L_0110,D-L,ANLTK02070,PETRO STAR INCORPORATED,D,61.12904200,-146.36382100,L_0110,AT&T - Tolsona Microwave Repeater,L,62.10444400,-145.82555600,119.04761900,112.38593943,112.38593943,13379.27849766,"LINESTRING (-146.36382100 61.12904200, -146.18814135 61.45442554, -146.00876209 61.77956219, -145.82555600 62.10444400)"
DL_ANLTK02070_L_0115,D-L,ANLTK02070,PETRO STAR INCORPORATED,D,61.12904200,-146.36382100,L_0115,AT&T Donnelly Dome Microwave Repeater,L,63.78735800,-144.13666400,238.09523810,317.74521471,317.74521471,75653.62255153,"LINESTRING (-146.36382100 61.12904200, -146.06911476 61.51096389, -145.76709687 61.89221201, -145.45747761 62.27275963, -145.13995269 62.65257857, -144.81420239 63.03163914, -144.47989063 63.40990998, -144.13666400 63.78735800)"
DL_ANLTK02070_L_0116,D-L,ANLTK02070,PETRO STAR INCORPORATED,D,61.12904200,-146.36382100,L_0116,AT&T Paxson Microwave Repeater,L,62.95888100,-144.52751700,238.09523810,225.40759309,225.40759309,53668.47454545,"LINESTRING (-146.36382100 61.12904200, -146.01389781 61.49696219, -145.65562343 61.86394340, -145.28868737 62.22994935, -144.91276503 62.59494191, -144.52751700 62.95888100)"
DL_ANLTK02070_L_0117,D-L,ANLTK02070,PETRO STAR INCORPORATED,D,61.12904200,-146.36382100,L_0117,AT&T Tahneta Pass Microwave Repeater,L,61.83284400,-146.67240800,119.04761900,80.13468573,80.13468573,9539.84353504,"LINESTRING (-146.36382100 61.12904200, -146.51637319 61.48103943, -146.67240800 61.83284400)"
DL_ANLTK02070_L_0159,D-L,ANLTK02070,PETRO STAR INCORPORATED,D,61.12904200,-146.36382100,L_0159,Camper City Super Service,L,63.33471700,-141.02475000,304.46165727,370.60720517,370.60720517,112835.68388265,"LINESTRING (-146.36382100 61.12904200, -145.73831924 61.41568105, -145.10130268 61.69938168, -144.45254351 61.98005503, -143.79181502 62.25760962, -143.11889221 62.53195129, -142.43355257 62.80298322, -141.73557686 63.07060587, -141.02475000 63.33471700)"
DL_ANLTK02070_L_0174,D-L,ANLTK02070,PETRO STAR INCORPORATED,D,61.12904200,-146.36382100,L_0174,Carrs - Safeway #1813,L,61.10921100,-146.14282200,952.38095240,12.11610509,12.11610509,11539.14770074,"LINESTRING (-146.36382100 61.12904200, -146.14282200 61.10921100)"
DL_ANLTK02070_L_0187,D-L,ANLTK02070,PETRO STAR INCORPORATED,D,61.12904200,-146.36382100,L_0187,Chicken Pump Station,L,64.07245460,-141.93451500,390.52283339,399.02630658,399.02630658,155828.88384389,"LINESTRING (-146.36382100 61.12904200, -145.85652423 61.50438301, -145.33688605 61.87777120, -144.80447361 62.24912871, -144.25883815 62.61837389, -143.69951464 62.98542112, -143.12602146 63.35018058, -142.53786012 63.71255803, -141.93451500 64.07245460)"
DL_ANLTK02070_L_0220,D-L,ANLTK02070,PETRO STAR INCORPORATED,D,61.12904200,-146.36382100,L_0220,CJ's Cardlock,L,61.12446300,-146.26569150,285.71428570,5.31292742,5.31292742,1517.97926235,"LINESTRING (-146.36382100 61.12904200, -146.26569150 61.12446300)"
DL_ANLTK02070_L_0250,D-L,ANLTK02070,PETRO STAR INCORPORATED,D,61.12904200,-146.36382100,L_0250,Crowley Fuels - North Dock,L,61.12616840,-146.35305310,357.14285710,0.66277043,0.66277043,236.70372584,"LINESTRING (-146.36382100 61.12904200, -146.35305310 61.12616840)"
DL_ANLTK02070_L_0256,D-L,ANLTK02070,PETRO STAR INCORPORATED,D,61.12904200,-146.36382100,L_0256,Crowley Fuels - South Dock,L,61.12465770,-146.34482970,571.42857140,1.13409529,1.13409529,648.05445201,"LINESTRING (-146.36382100 61.12904200, -146.34482970 61.12465770)"
DL_ANLTK02070_L_0258,D-L,ANLTK02070,PETRO STAR INCORPORATED,D,61.12904200,-146.36382100,L_0258,Crowley Fuels - Valdez Petroleum Services,L,61.12522150,-146.26325280,952.38095240,5.43642473,5.43642473,5177.54736371,"LINESTRING (-146.36382100 61.12904200, -146.26325280 61.12522150)"
DL_ANLTK02070_L_0275,D-L,ANLTK02070,PETRO STAR INCORPORATED,D,61.12904200,-146.36382100,L_0275,Doyon Utilities at Fort Greely (FGA),L,63.97372200,-144.28386700,384.31210836,334.58008154,334.58008154,128583.17655179,"LINESTRING (-146.36382100 61.12904200, -146.09015839 61.53731877, -145.80922216 61.94500789, -145.52069978 62.35208469, -145.22426140 62.75852302, -144.91955869 63.16429521, -144.60622359 63.56937191, -144.28386700 63.97372200)"
DL_ANLTK02070_L_0281,D-L,ANLTK02070,PETRO STAR INCORPORATED,D,61.12904200,-146.36382100,L_0281,Eco,L,62.28765750,-145.35490150,118.69452978,139.70837928,139.70837928,16582.62038452,"LINESTRING (-146.36382100 61.12904200, -146.03587102 61.51608833, -145.69967388 61.90230470, -145.35490150 62.28765750)"
DL_ANLTK02070_L_0309,D-L,ANLTK02070,PETRO STAR INCORPORATED,D,61.12904200,-146.36382100,L_0309,FAA Gulkana,L,62.54796460,-143.36123080,11.90476190,223.60907797,223.60907797,2662.01283193,"LINESTRING (-146.36382100 61.12904200, -145.78526613 61.41801474, -145.19596368 61.70447137, -144.59568026 61.98833511, -143.98418115 62.26952675, -143.36123080 62.54796460)"
DL_ANLTK02070_L_0340,D-L,ANLTK02070,PETRO STAR INCORPORATED,D,61.12904200,-146.36382100,L_0340,Fisher's Hill Top Tesoro,L,61.70840800,-147.06422800,309.52380950,74.61033967,74.61033967,23093.67656302,"LINESTRING (-146.36382100 61.12904200, -146.71077940 61.41918149, -147.06422800 61.70840800)"
DL_ANLTK02070_L_0437,D-L,ANLTK02070,PETRO STAR INCORPORATED,D,61.12904200,-146.36382100,L_0437,Glennallen Fuel and Auto Service | Glennallen Towing and Recovery,L,62.10766320,-145.53487930,176.03761228,117.58767400,117.58767400,20699.85336487,"LINESTRING (-146.36382100 61.12904200, -146.09329020 61.45581957, -145.81704013 61.78203301, -145.53487930 62.10766320)"
DL_ANLTK02070_L_0438,D-L,ANLTK02070,PETRO STAR INCORPORATED,D,61.12904200,-146.36382100,L_0438,Glennallen Fuel and Service,L,62.10754200,-144.46535300,190.47619050,148.42913680,148.42913680,28272.21653672,"LINESTRING (-146.36382100 61.12904200, -145.74425812 61.45813438, -145.11154939 61.78433467, -144.46535300 62.10754200)"
DL_ANLTK02070_L_0522,D-L,ANLTK02070,PETRO STAR INCORPORATED,D,61.12904200,-146.36382100,L_0522,Hub of Alaska | Glennallen Fuels | AT&T - Tolsona Microwave Repeater,L,62.09535550,-146.25086280,976.19047620,107.85186236,107.85186236,105283.96087192,"LINESTRING (-146.36382100 61.12904200, -146.32694604 61.45117211, -146.28930221 61.77327669, -146.25086280 62.09535550)"
DL_ANLTK02070_L_0542,D-L,ANLTK02070,PETRO STAR INCORPORATED,D,61.12904200,-146.36382100,L_0542,Knoebel's Union 76 Auto Service,L,62.10621100,-145.64624700,138.09523810,115.35615288,115.35615288,15930.13539849,"LINESTRING (-146.36382100 61.12904200, -146.12962790 61.45519640, -145.89049237 61.78092417, -145.64624700 62.10621100)"
DL_ANLTK02070_L_0558,D-L,ANLTK02070,PETRO STAR INCORPORATED,D,61.12904200,-146.36382100,L_0558,Mentasta Lodge,L,62.71581130,-144.23430580,142.85714290,209.22436328,209.22436328,29889.19476390,"LINESTRING (-146.36382100 61.12904200, -145.95532259 61.44901310, -145.53838187 61.76771921, -145.11274309 62.08511760, -144.67814203 62.40116375, -144.23430580 62.71581130)"
DL_ANLTK02070_L_0593,D-L,ANLTK02070,PETRO STAR INCORPORATED,D,61.12904200,-146.36382100,L_0593,Mountain View Gas & Grocery,L,61.95393560,-145.30627410,123.96335271,107.76311796,107.76311796,13358.67740027,"LINESTRING (-146.36382100 61.12904200, -146.01751175 61.40492319, -145.66504975 61.67989649, -145.30627410 61.95393560)"
DL_ANLTK02070_L_0615,D-L,ANLTK02070,PETRO STAR INCORPORATED,D,61.12904200,-146.36382100,L_0615,Northern Energy Corporation,L,63.33804400,-142.99127500,571.42857140,302.17528523,302.17528523,172671.59155386,"LINESTRING (-146.36382100 61.12904200, -145.91152185 61.44952932, -145.44986391 61.76846918, -144.97857207 62.08580913, -144.49736304 62.40149458, -144.00594524 62.71546871, -143.50401871 63.02767238, -142.99127500 63.33804400)"
DL_ANLTK02070_L_0616,D-L,ANLTK02070,PETRO STAR INCORPORATED,D,61.12904200,-146.36382100,L_0616,Northern Energy Corporation | GSA - US Border Station Tok | AT&T - Cathedral Microwave Repeater | AT&T - Knob Ridge Microwave Repeater,L,63.32608800,-142.85118750,726.19047620,305.40450912,305.40450912,221781.84591229,"LINESTRING (-146.36382100 61.12904200, -145.89257743 61.44823563, -145.41162549 61.76575096, -144.92068574 62.08153132, -144.41947098 62.39551777, -143.90768622 62.70764898, -143.38502861 63.01786118, -142.85118750 63.32608800)"
DL_ANLTK02070_L_0673,D-L,ANLTK02070,PETRO STAR INCORPORATED,D,61.12904200,-146.36382100,L_0673,Shell,L,63.33370590,-142.96396230,484.63901091,302.61502317,302.61502317,146659.04551512,"LINESTRING (-146.36382100 61.12904200, -145.90780184 61.44898921, -145.44236361 61.76736374, -144.96723089 62.08411237, -144.48212019 62.39917971, -143.98673984 62.71250815, -143.48078995 63.02403769, -142.96396230 63.33370590)"
DL_ANLTK02070_L_0683,D-L,ANLTK02070,PETRO STAR INCORPORATED,D,61.12904200,-146.36382100,L_0683,Silver Fox Roadhouse,L,63.69076990,-144.56523590,285.71428570,300.23705597,300.23705597,85782.01598849,"LINESTRING (-146.36382100 61.12904200, -146.12511272 61.49643446, -145.88071201 61.86337932, -145.63039919 62.22985980, -145.37394363 62.59585821, -145.11110311 62.96135595, -144.84162307 63.32633341, -144.56523590 63.69076990)"
DL_ANLTK02070_L_0753,D-L,ANLTK02070,PETRO STAR INCORPORATED,D,61.12904200,-146.36382100,L_0753,Tazlina River Trading Post,L,62.05943100,-144.57314200,95.23809524,140.66308156,140.66308156,13396.48395880,"LINESTRING (-146.36382100 61.12904200, -145.77881019 61.44177706, -145.18201466 61.75193515, -144.57314200 62.05943100)"
DL_ANLTK02070_L_0754,D-L,ANLTK02070,PETRO STAR INCORPORATED,D,61.12904200,-146.36382100,L_0754,Tazlina River Trading Post,L,62.17422200,-145.45583570,95.23809524,126.02004158,126.02004158,12001.90872182,"LINESTRING (-146.36382100 61.12904200, -146.06793163 61.47811808, -145.76534961 61.82651959, -145.45583570 62.17422200)"
DL_ANLTK02070_L_0764,D-L,ANLTK02070,PETRO STAR INCORPORATED,D,61.12904200,-146.36382100,L_0764,Tesoro,L,61.12421200,-146.26337090,553.23362595,5.44014099,5.44014099,3009.66892481,"LINESTRING (-146.36382100 61.12904200, -146.26337090 61.12421200)"
DL_ANLTK02070_L_0769,D-L,ANLTK02070,PETRO STAR INCORPORATED,D,61.12904200,-146.36382100,L_0769,Tesoro,L,61.73630930,-144.95186110,115.59329951,101.27781086,101.27781086,11707.03632377,"LINESTRING (-146.36382100 61.12904200, -145.89925294 61.33309079, -145.42862673 61.53552475, -144.95186110 61.73630930)"
DL_ANLTK02070_L_0770,D-L,ANLTK02070,PETRO STAR INCORPORATED,D,61.12904200,-146.36382100,L_0770,Tesoro,L,62.88866990,-143.67935540,146.54803954,241.26657986,241.26657986,35357.14428429,"LINESTRING (-146.36382100 61.12904200, -145.85132391 61.48509923, -145.32701878 61.83916750, -144.79052183 62.19117166, -144.24143691 62.54103317, -143.67935540 62.88866990)"
DL_ANLTK02070_L_0802,D-L,ANLTK02070,PETRO STAR INCORPORATED,D,61.12904200,-146.36382100,L_0802,Tiekel River Lodge,L,61.10070880,-145.85382420,71.42857143,27.67553380,27.67553380,1976.82384260,"LINESTRING (-146.36382100 61.12904200, -145.85382420 61.10070880)"
DL_ANLTK02070_L_0835,D-L,ANLTK02070,PETRO STAR INCORPORATED,D,61.12904200,-146.36382100,L_0835,Unnamed last-mile facility,L,61.12504460,-146.26801650,550.51257543,5.18220267,5.18220267,2852.86773809,"LINESTRING (-146.36382100 61.12904200, -146.26801650 61.12504460)"
DL_ANLTK02070_L_0841,D-L,ANLTK02070,PETRO STAR INCORPORATED,D,61.12904200,-146.36382100,L_0841,Unnamed last-mile facility,L,61.70746770,-144.87941340,114.26712319,102.15645877,102.15645877,11673.12465887,"LINESTRING (-146.36382100 61.12904200, -145.87511080 61.32364781, -145.38033067 61.51646850, -144.87941340 61.70746770)"
DL_ANLTK02070_L_0843,D-L,ANLTK02070,PETRO STAR INCORPORATED,D,61.12904200,-146.36382100,L_0843,Unnamed last-mile facility,L,61.73598410,-144.95228290,115.57833097,101.23714448,101.23714448,11700.82019148,"LINESTRING (-146.36382100 61.12904200, -145.89938843 61.33298143, -145.42890278 61.53530697, -144.95228290 61.73598410)"
DL_ANLTK02070_L_0845,D-L,ANLTK02070,PETRO STAR INCORPORATED,D,61.12904200,-146.36382100,L_0845,Unnamed last-mile facility,L,62.10700010,-145.48622950,176.18101955,118.50905717,118.50905717,20879.04651741,"LINESTRING (-146.36382100 61.12904200, -146.07740902 61.45566555, -145.78494558 61.78165873, -145.48622950 62.10700010)"
DL_ANLTK02070_L_0846,D-L,ANLTK02070,PETRO STAR INCORPORATED,D,61.12904200,-146.36382100,L_0846,Unnamed last-mile facility,L,62.11661980,-145.47789930,171.43963182,119.66563134,119.66563134,20515.43177816,"LINESTRING (-146.36382100 61.12904200, -146.07475204 61.45888418, -145.77951387 61.78808413, -145.47789930 62.11661980)"
DL_ANLTK02070_L_0849,D-L,ANLTK02070,PETRO STAR INCORPORATED,D,61.12904200,-146.36382100,L_0849,Unnamed last-mile facility,L,62.52917340,-145.51697570,255.70304427,162.28580795,162.28580795,41496.97513435,"LINESTRING (-146.36382100 61.12904200, -146.15925761 61.47958471, -145.95004497 61.82979541, -145.73601110 62.17966241, -145.51697570 62.52917340)"
DL_ANLTK02070_L_0850,D-L,ANLTK02070,PETRO STAR INCORPORATED,D,61.12904200,-146.36382100,L_0850,Unnamed last-mile facility,L,62.58590250,-144.65184870,156.56846095,185.67859718,185.67859718,29071.41219187,"LINESTRING (-146.36382100 61.12904200, -145.95088801 61.49525721, -145.52815193 61.86017297, -145.09526098 62.22373899, -144.65184870 62.58590250)"
DL_ANLTK02070_L_0851,D-L,ANLTK02070,PETRO STAR INCORPORATED,D,61.12904200,-146.36382100,L_0851,Unnamed last-mile facility,L,62.59190750,-144.64870580,156.87709634,186.33976374,186.33976374,29232.44106657,"LINESTRING (-146.36382100 61.12904200, -145.95019321 61.49676569, -145.52670428 61.86318537, -145.09299863 62.22825038, -144.64870580 62.59190750)"
DL_ANLTK02070_L_0855,D-L,ANLTK02070,PETRO STAR INCORPORATED,D,61.12904200,-146.36382100,L_0855,Unnamed last-mile facility,L,62.81740110,-145.49660310,156.50939627,193.57337448,193.57337448,30296.05197469,"LINESTRING (-146.36382100 61.12904200, -146.15587369 61.55167416, -145.94219714 61.97395467, -145.72253190 62.39586884, -145.49660310 62.81740110)"
DL_ANLTK02070_L_0858,D-L,ANLTK02070,PETRO STAR INCORPORATED,D,61.12904200,-146.36382100,L_0858,Unnamed last-mile facility,L,63.33800700,-143.00900100,430.36227290,301.63905477,301.63905477,129814.06920529,"LINESTRING (-146.36382100 61.12904200, -145.91389726 61.44947297, -145.45466533 61.76837252, -144.98585113 62.08568879, -144.50717240 62.40136776, -144.01833856 62.71535321, -143.51905060 63.02758660, -143.00900100 63.33800700)"
DL_ANLTK02070_L_0878,D-L,ANLTK02070,PETRO STAR INCORPORATED,D,61.12904200,-146.36382100,L_0878,US Army Cold Regions Test Center,L,63.88566400,-144.15488600,357.14285710,327.59135853,327.59135853,116996.91374755,"LINESTRING (-146.36382100 61.12904200, -146.07240403 61.52497259, -145.77348362 61.92024192, -145.46674976 62.31482283, -145.15187613 62.70868668, -144.82851902 63.10180316, -144.49631626 63.49414023, -144.15488600 63.88566400)"
DL_ANLTK02070_L_0886,D-L,ANLTK02070,PETRO STAR INCORPORATED,D,61.12904200,-146.36382100,L_0886,USCG  Marine Safety Office Valdez,L,61.12681370,-146.35289090,95.23809524,0.63921738,0.63921738,60.87784555,"LINESTRING (-146.36382100 61.12904200, -146.35289090 61.12681370)"
DL_ANLTK02070_L_0903,D-L,ANLTK02070,PETRO STAR INCORPORATED,D,61.12904200,-146.36382100,L_0903,Valdez Civic Center,L,61.12674580,-146.35337410,238.09523810,0.61839844,0.61839844,147.23772302,"LINESTRING (-146.36382100 61.12904200, -146.35337410 61.12674580)"
DL_ANLTK02070_L_0907,D-L,ANLTK02070,PETRO STAR INCORPORATED,D,61.12904200,-146.36382100,L_0907,Valley Country Store #2,L,61.61350800,-146.48880600,476.19047620,54.39870749,54.39870749,25904.14642238,"LINESTRING (-146.36382100 61.12904200, -146.42583024 61.37129370, -146.48880600 61.61350800)"
DL_ANLTK02070_L_0912,D-L,ANLTK02070,PETRO STAR INCORPORATED,D,61.12904200,-146.36382100,L_0912,Village Gas,L,63.33341260,-142.96063360,483.89116698,302.68997328,302.68997328,146469.00440247,"LINESTRING (-146.36382100 61.12904200, -145.90735162 61.44895704, -145.44145489 61.76729632, -144.96585529 62.08400653, -144.48026922 62.39903219, -143.98440496 62.71231556, -143.47796251 63.02379655, -142.96063360 63.33341260)"
DL_ANLTK02070_L_0929,D-L,ANLTK02070,PETRO STAR INCORPORATED,D,61.12904200,-146.36382100,L_0929,Young's Chevron,L,63.33532280,-142.98582700,455.49432759,302.09729466,302.09729466,137603.60409805,"LINESTRING (-146.36382100 61.12904200, -145.91075474 61.44915658, -145.44832509 61.76771854, -144.97625739 62.08467534, -144.49426890 62.39997228, -144.00206862 62.71355241, -143.49935723 63.02535649, -142.98582700 63.33532280)"
DL_ANLTK02070_L_0930,D-L,ANLTK02070,PETRO STAR INCORPORATED,D,61.12904200,-146.36382100,L_0930,Young's Chevron | Camper City Super Service,L,63.33586090,-142.98480020,904.76190480,302.17615402,302.17615402,273397.47269578,"LINESTRING (-146.36382100 61.12904200, -145.91062440 61.44923637, -145.44805933 61.76787723, -144.97585093 62.08491199, -144.49371621 62.40028590, -144.00136396 62.71394197, -143.49849461 63.02582088, -142.98480020 63.33586090)"
DL_ANLTK02072_L_0660,D-L,ANLTK02072,PETRO 49 INC - WRANGELL,D,56.46420500,-132.38429000,L_0660,Safeway Gasoline #1818,L,55.34879400,-130.32469400,405.86332927,178.91620047,178.91620047,72615.52478409,"LINESTRING (-132.38429000 56.46420500, -131.85824310 56.18862620, -131.33971245 55.91082916, -130.82857150 55.63086762, -130.32469400 55.34879400)"
DL_ANLTK02073_L_0432,D-L,ANLTK02073,SHORESIDE PETROLEUM INCORPORATED - SEWARD TERMINAL,D,60.12235229,-149.43353395,L_0432,Gateway Liquor & Food Mart | Chevron;Gateway Liquor & Food Mart,L,60.11878000,-149.44099010,240.80246493,0.57467349,0.57467349,138.38279214,"LINESTRING (-149.43353395 60.12235229, -149.44099010 60.11878000)"
DL_ANLTK02074_L_0305,D-L,ANLTK02074,FROSTY FUELS COLD BAY,D,55.20145408,-162.71581284,L_0305,FAA Cold Bay,L,55.20109000,-162.71688000,35.71428571,0.07911981,0.07911981,2.82570748,"LINESTRING (-162.71581284 55.20145408, -162.71688000 55.20109000)"
DL_ANLTK02077_L_0029,D-L,ANLTK02077,DELTA WESTERN INCORPORATED - YAKUTAT BULK PLANT,D,59.54481900,-139.73300900,L_0029,33 Mile Roadhouse,L,59.43109410,-136.17842100,124.44408449,201.77684256,201.77684256,25109.93444356,"LINESTRING (-139.73300900 59.54481900, -139.02033951 59.52981280, -138.30838488 59.51092927, -137.59730689 59.48817563, -136.88726597 59.46156054, -136.17842100 59.43109410)"
DL_ANLTK02077_L_0454,D-L,ANLTK02077,DELTA WESTERN INCORPORATED - YAKUTAT BULK PLANT,D,59.54481900,-139.73300900,L_0454,Gustavus Dray,L,58.41234100,-135.72690380,396.25065924,262.61050931,262.61050931,104059.58743682,"LINESTRING (-139.73300900 59.54481900, -139.04706549 59.36479623, -138.36842057 59.18119970, -137.69708313 58.99409292, -137.03305524 58.80353908, -136.37633237 58.60960098, -135.72690380 58.41234100)"
DL_ANLTK02077_L_0457,D-L,ANLTK02077,DELTA WESTERN INCORPORATED - YAKUTAT BULK PLANT,D,59.54481900,-139.73300900,L_0457,Halibut Point Marine Services,L,57.05673600,-134.65543600,136.58846355,406.54419930,406.54419930,55529.24754586,"LINESTRING (-139.73300900 59.54481900, -139.13289617 59.27866638, -138.54212357 59.00978037, -137.96053991 58.73823130, -137.38799277 58.46408780, -136.82432900 58.18741674, -136.26939502 57.90828333, -135.72303715 57.62675109, -135.18510185 57.34288189, -134.65543600 57.05673600)"
DL_ANLTK02077_L_0734,D-L,ANLTK02077,DELTA WESTERN INCORPORATED - YAKUTAT BULK PLANT,D,59.54481900,-139.73300900,L_0734,St Elias Auto Center,L,59.54513600,-139.72861100,95.23809524,0.25126468,0.25126468,23.92996941,"LINESTRING (-139.73300900 59.54481900, -139.72861100 59.54513600)"
DL_ANLTK02077_L_0735,D-L,ANLTK02077,DELTA WESTERN INCORPORATED - YAKUTAT BULK PLANT,D,59.54481900,-139.73300900,L_0735,St Elias Auto Center,L,59.54717280,-139.72913930,95.23809524,0.34157031,0.34157031,32.53050597,"LINESTRING (-139.73300900 59.54481900, -139.72913930 59.54717280)"
DL_ANLTK02077_L_0891,D-L,ANLTK02077,DELTA WESTERN INCORPORATED - YAKUTAT BULK PLANT,D,59.54481900,-139.73300900,L_0891,USDOI Glacier Bay Park Fuel Farm,L,58.73631000,-137.17722580,833.33333330,171.77955074,171.77955074,143149.62561507,"LINESTRING (-139.73300900 59.54481900, -139.08274888 59.34744618, -138.44005205 59.14686238, -137.80488924 58.94312980, -137.17722580 58.73631000)"
DL_ANLTK02078_L_0908,D-L,ANLTK02078,JUNEAU AIRPORT FUELING FACILITY,D,58.36224000,-134.48882400,L_0908,Valley Tesoro,L,58.37241600,-134.58639150,280.96656357,5.82164713,5.82164713,1635.68818925,"LINESTRING (-134.48882400 58.36224000, -134.58639150 58.37241600)"
DL_D_KUPARUK_LOCAL_L_KUPARUK_INDUSTRIAL_OPERATIONS,D-L,D_KUPARUK_LOCAL,Kuparuk Local Refined-Fuel Terminal,D,70.32450000,-149.59900000,L_KUPARUK_INDUSTRIAL_OPERATIONS,Kuparuk Industrial Operations Aggregate,L,70.32450000,-149.59900000,20131.09300000,0.00000000,0.00000000,0.00000000,"LINESTRING (-149.59900000 70.32450000, -149.59900000 70.32450000)"
PD_P_CRAIG_ANLTK02012,P-D,P_CRAIG,Craig marine import hub,P,55.47805600,-133.15222000,ANLTK02012,PETRO MARINE SERVICES,D,55.48866300,-133.14136200,2761.67530482,1.36593295,1.36593295,3772.26329553,"LINESTRING (-133.15222000 55.47805600, -133.14136200 55.48866300)"
PD_P_HAINES_ANLTK02024,P-D,P_HAINES,Haines marine import hub,P,59.22944400,-135.43722000,ANLTK02024,DELTA WESTERN - LUTAK,D,59.28058300,-135.46865600,293.85573936,5.97248358,5.97248358,1755.04857682,"LINESTRING (-135.43722000 59.22944400, -135.46865600 59.28058300)"
PD_P_HOMER_ANLTK02008,P-D,P_HOMER,Homer marine import hub,P,59.60248800,-151.41095200,ANLTK02008,CROWLEY PETROLEUM DISTRIBUTION,D,61.58214300,-159.53638200,221.52562265,496.44883818,496.44883818,109976.13798995,"LINESTRING (-151.41095200 59.60248800, -152.17847217 59.82208235, -152.95605337 60.03713506, -153.74369829 60.24754766, -154.54139692 60.45322104, -155.34912587 60.65405560, -156.16684763 60.84995136, -156.99450994 61.04080812, -157.83204510 61.22652566, -158.67936929 61.40700388, -159.53638200 61.58214300)"
PD_P_HOMER_ANLTK02009,P-D,P_HOMER,Homer marine import hub,P,59.60248800,-151.41095200,ANLTK02009,CROWLEY FUELS LLC BETHEL TANK FARM,D,60.78432900,-161.78177900,47.61904762,589.50984696,589.50984696,28071.89747499,"LINESTRING (-151.41095200 59.60248800, -152.24451405 59.73141780, -153.08438393 59.85501644, -153.93036882 59.97321799, -154.78226390 60.08595840, -155.63985243 60.19317564, -156.50290590 60.29480984, -157.37118426 60.39080344, -158.24443622 60.48110137, -159.12239951 60.56565114, -160.00480131 60.64440304, -160.89135867 60.71731026, -161.78177900 60.78432900)"
PD_P_HOMER_ANLTK02014,P-D,P_HOMER,Homer marine import hub,P,59.60248800,-151.41095200,ANLTK02014,BRISTOL ALLIANCE FUELS LLC,D,59.04215051,-158.48263030,95.23809524,407.24974860,407.24974860,38785.69034341,"LINESTRING (-151.41095200 59.60248800, -152.20724263 59.55930612, -153.00138323 59.51129432, -153.79315791 59.45847543, -154.58235520 59.40087438, -155.36876837 59.33851817, -156.15219581 59.27143581, -156.93244132 59.19965825, -157.70931436 59.12321828, -158.48263030 59.04215051)"
PD_P_HOMER_ANLTK02015,P-D,P_HOMER,Homer marine import hub,P,59.60248800,-151.41095200,ANLTK02015,BRISTOL ALLIANCE FUELS LLC DOWNTOWN DILLINGHAM TERMINAL,D,59.03903500,-158.46614084,95.23809524,406.39479304,406.39479304,38704.26600462,"LINESTRING (-151.41095200 59.60248800, -152.20545460 59.55887245, -152.99779218 59.51044873, -153.78775055 59.45723974, -154.57511992 59.39927050, -155.35969529 59.33656804, -156.14127675 59.26916140, -156.91966976 59.19708153, -157.69468545 59.12036121, -158.46614084 59.03903500)"
PD_P_HOMER_ANLTK02025,P-D,P_HOMER,Homer marine import hub,P,59.60248800,-151.41095200,ANLTK02025,PETRO MARINE SERVICES,D,59.60183100,-151.41136900,2611.84989541,0.07688794,0.07688794,200.81976910,"LINESTRING (-151.41095200 59.60248800, -151.41136900 59.60183100)"
PD_P_HOMER_ANLTK02033,P-D,P_HOMER,Homer marine import hub,P,59.60248800,-151.41095200,ANLTK02033,PETRO STAR INC (DBA NORTH PACIFIC FUEL) - KODIAK,D,57.78503134,-152.42417278,3636.60364257,210.79239529,210.79239529,766568.39254390,"LINESTRING (-151.41095200 59.60248800, -151.62218427 59.23968628, -151.82897483 58.87652851, -152.03147454 58.51302618, -152.22982779 58.14919030, -152.42417278 57.78503134)"
PD_P_HOMER_ANLTK02034,P-D,P_HOMER,Homer marine import hub,P,59.60248800,-151.41095200,ANLTK02034,PETRO MARINE SERVICES,D,57.78839200,-152.40189400,3184.96984373,210.07549580,210.07549580,669084.11903178,"LINESTRING (-151.41095200 59.60248800, -151.61752458 59.24033002, -151.81976103 58.87783069, -152.01780852 58.51500101, -152.21180791 58.15185144, -152.40189400 57.78839200)"
PD_P_HOMER_ANLTK02040,P-D,P_HOMER,Homer marine import hub,P,59.60248800,-151.41095200,ANLTK02040,BRISTOL ALLIANCE FUELS LLC NAKNEK TERMINAL,D,58.72746600,-157.01164200,1135.71428574,334.74329653,334.74329653,380172.74392815,"LINESTRING (-151.41095200 59.60248800, -152.22816653 59.49241747, -153.03995703 59.37727170, -153.84614462 59.25710780, -154.64656051 59.13198448, -155.44104602 59.00196187, -156.22945265 58.86710148, -157.01164200 58.72746600)"
PD_P_HOMER_ANLTK02073,P-D,P_HOMER,Homer marine import hub,P,59.60248800,-151.41095200,ANLTK02073,SHORESIDE PETROLEUM INCORPORATED - SEWARD TERMINAL,D,60.12235229,-149.43353395,240.80246493,125.01557619,125.01557619,30104.05890104,"LINESTRING (-151.41095200 59.60248800, -150.75867117 59.77906916, -150.09952800 59.95237625, -149.43353395 60.12235229)"
PD_P_HOMER_ANLTK02074,P-D,P_HOMER,Homer marine import hub,P,59.60248800,-151.41095200,ANLTK02074,FROSTY FUELS COLD BAY,D,55.20145408,-162.71581284,35.71428571,836.13447591,836.13447591,29861.94556462,"LINESTRING (-151.41095200 59.60248800, -152.15303806 59.37341851, -152.88509614 59.14017683, -153.60717889 58.90285682, -154.31934785 58.66155110, -155.02167284 58.41635103, -155.71423130 58.16734657, -156.39710767 57.91462631, -157.07039280 57.65827736, -157.73418335 57.39838532, -158.38858128 57.13503428, -159.03369327 56.86830673, -159.66963026 56.59828362, -160.29650699 56.32504425, -160.91444147 56.04866635, -161.52355463 55.76922598, -162.12396991 55.48679761, -162.71581284 55.20145408)"
PD_P_JUNEAU_ANLTK02029,P-D,P_JUNEAU,Juneau marine import hub,P,58.29027800,-134.39527000,ANLTK02029,CROWLEY FUELS LLC,D,58.28973700,-134.39340300,2710.56414150,0.12499131,0.12499131,338.79695189,"LINESTRING (-134.39527000 58.29027800, -134.39340300 58.28973700)"
PD_P_KETCHIKAN_ANLTK02030,P-D,P_KETCHIKAN,Ketchikan marine import hub,P,55.33388900,-131.62861000,ANLTK02030,CROWLEY FUELS LLC KETCHIKAN FACILITY,D,55.33712900,-131.63333000,1341.85383974,0.46885672,0.46885672,629.13718662,"LINESTRING (-131.62861000 55.33388900, -131.63333000 55.33712900)"
PD_P_KETCHIKAN_ANLTK02032,P-D,P_KETCHIKAN,Ketchikan marine import hub,P,55.33388900,-131.62861000,ANLTK02032,PETRO MARINE SERVICES - KETCHIKAN TERMINAL NO. 1,D,55.33395600,-131.62770900,26.03877327,0.05766335,0.05766335,1.50148280,"LINESTRING (-131.62861000 55.33388900, -131.62770900 55.33395600)"
PD_P_NIKISKI_ANLTK02005,P-D,P_NIKISKI,Nikiski marine import hub,P,60.68372100,-151.39395400,ANLTK02005,TESORO LOGISTICS OPERATIONS LLC OCEAN DOCK PETROLEUM TERMINAL,D,61.23024400,-149.89365300,9436.91384001,101.56465814,101.56465814,958456.92805347,"LINESTRING (-151.39395400 60.68372100, -150.89956365 60.86774993, -150.39947996 61.04993591, -149.89365300 61.23024400)"
PD_P_NIKISKI_ANLTK02044,P-D,P_NIKISKI,Nikiski marine import hub,P,60.68372100,-151.39395400,ANLTK02044,NIKISKI FUEL LLC,D,60.73926900,-151.30948200,2753.86795449,7.71873038,7.71873038,21256.36424737,"LINESTRING (-151.39395400 60.68372100, -151.30948200 60.73926900)"
PD_P_NOME_ANLTK02022,P-D,P_NOME,Nome marine import hub,P,64.49666700,-165.43611000,ANLTK02022,"CROWLEY MARINE SERVICES, INCORPORATED",D,64.73367700,-156.93806400,18.45238095,407.20782701,407.20782701,7513.95394976,"LINESTRING (-165.43611000 64.49666700, -164.50111120 64.54703443, -163.56286118 64.59145207, -162.62175421 64.62988870, -161.67819253 64.66231712, -160.73258532 64.68871426, -159.78534758 64.70906125, -158.83689896 64.72334349, -157.88766263 64.73155071, -156.93806400 64.73367700)"
PD_P_NOME_ANLTK02026,P-D,P_NOME,Nome marine import hub,P,64.49666700,-165.43611000,ANLTK02026,CROWLEY PETROLEUM DISTRIBUTION,D,61.53395400,-166.10095500,99.81568055,331.93663273,331.93663273,33132.48089486,"LINESTRING (-165.43611000 64.49666700, -165.53968270 64.07369668, -165.64016041 63.65063006, -165.73768979 63.22747023, -165.83240848 62.80422008, -165.92444575 62.38088233, -166.01392313 61.95745952, -166.10095500 61.53395400)"
PD_P_NOME_ANLTK02035,P-D,P_NOME,Nome marine import hub,P,64.49666700,-165.43611000,ANLTK02035,CROWLEY MARINE SERVICES INCORPORATED,D,66.90347600,-162.58142500,47.61904762,298.62105205,298.62105205,14220.05009794,"LINESTRING (-165.43611000 64.49666700, -164.99608845 64.90143774, -164.54263008 65.30484701, -164.07511182 65.70682842, -163.59287535 66.10731134, -163.09522491 66.50622056, -162.58142500 66.90347600)"
PD_P_NOME_ANLTK02047,P-D,P_NOME,Nome marine import hub,P,64.49666700,-165.43611000,ANLTK02047,CROWLEY MARINE SERVICES INCORPORATED,D,64.50098800,-165.41699400,3408.94510874,1.03730992,1.03730992,3536.13259245,"LINESTRING (-165.43611000 64.49666700, -165.41699400 64.50098800)"
PD_P_NOME_ANLTK02048,P-D,P_NOME,Nome marine import hub,P,64.49666700,-165.43611000,ANLTK02048,CROWLEY MARINE SERVICES INCORPORATED,D,64.50280100,-165.43807500,11.90476190,0.69033809,0.69033809,8.21831064,"LINESTRING (-165.43611000 64.49666700, -165.43807500 64.50280100)"
PD_P_NOME_ANLTK02056,P-D,P_NOME,Nome marine import hub,P,64.49666700,-165.43611000,ANLTK02056,CROWLEY FUELS LLC - ST. MARY'S BULK FUEL STORAGE FACILITY,D,62.04873000,-163.18822500,187.49818695,295.22988759,295.22988759,55355.06865764,"LINESTRING (-165.43611000 64.49666700, -165.03421153 64.09127236, -164.64385375 63.68477734, -164.26453700 63.27723083, -163.89578819 62.86867889, -163.53715911 62.45916495, -163.18822500 62.04873000)"
PD_P_NOME_ANLTK02063,P-D,P_NOME,Nome marine import hub,P,64.49666700,-165.43611000,ANLTK02063,ST. PAUL FUEL LLC BULK FUEL FACILITY - MAIN TANK FARM,D,57.12311700,-170.28328300,779.00683133,862.31065204,862.31065204,671745.88866350,"LINESTRING (-165.43611000 64.49666700, -165.77117413 64.09233226, -166.09664488 63.68722584, -166.41294335 63.28138151, -166.72046746 62.87483111, -167.01959349 62.46760462, -167.31067741 62.05973033, -167.59405624 61.65123492, -167.87004919 61.24214359, -168.13895882 60.83248018, -168.40107205 60.42226720, -168.65666113 60.01152597, -168.90598453 59.60027668, -169.14928778 59.18853847, -169.38680426 58.77632946, -169.61875588 58.36366688, -169.84535379 57.95056705, -170.06679901 57.53704551, -170.28328300 57.12311700)"
PD_P_POA_ANCHORAGE_ANLTK02002,P-D,P_POA_ANCHORAGE,Port of Alaska marine import hub,P,61.23917000,-149.88944000,ANLTK02002,ANCHORAGE FUELING AND SERVICE COMPANY OFF-AIRPORT FUEL FACILITY,D,61.23429400,-149.88501600,2880.96032990,0.59302156,0.59302156,1708.47158193,"LINESTRING (-149.88944000 61.23917000, -149.88501600 61.23429400)"
PD_P_POA_ANCHORAGE_ANLTK02006,P-D,P_POA_ANCHORAGE,Port of Alaska marine import hub,P,61.23917000,-149.88944000,ANLTK02006,PETRO STAR INCORPORATED,D,61.23388600,-149.88981200,15006.71133430,0.58915100,0.58915100,8841.21895269,"LINESTRING (-149.88944000 61.23917000, -149.88981200 61.23388600)"
PD_P_POA_ANCHORAGE_ANLTK02007,P-D,P_POA_ANCHORAGE,Port of Alaska marine import hub,P,61.23917000,-149.88944000,ANLTK02007,TESORO LOGISTICS OPERATIONS LP,D,61.23550500,-149.88370600,43266.66799580,0.51148423,0.51148423,22130.21825922,"LINESTRING (-149.88944000 61.23917000, -149.88370600 61.23550500)"
PD_P_SITKA_ANLTK02060,P-D,P_SITKA,Sitka marine import hub,P,57.04833300,-135.34083000,ANLTK02060,PETRO MARINE SERVICES NO. 1 (SOUTH PLANT),D,57.04861400,-135.34006800,69.27435813,0.05584001,0.05584001,3.86828072,"LINESTRING (-135.34083000 57.04833300, -135.34006800 57.04861400)"
PD_P_SKAGWAY_ANLTK02061,P-D,P_SKAGWAY,Skagway marine import hub,P,59.45027800,-135.32722000,ANLTK02061,PETRO MARINE SERVICES,D,59.45296400,-135.32674100,112.22379118,0.30045916,0.30045916,33.71866620,"LINESTRING (-135.32722000 59.45027800, -135.32674100 59.45296400)"
PD_P_UNALASKA_ANLTK02001,P-D,P_UNALASKA,Unalaska/Dutch Harbor marine import hub,P,53.89138900,-166.53444000,ANLTK02001,ALEUT ENTERPRISE CORPORATION (ADAK ISLAND),D,51.87078853,-176.64223488,1692.85714286,715.91983208,715.91983208,1211950.00144549,"LINESTRING (-166.53444000 53.89138900, -167.23639465 53.78409400, -167.93470900 53.67270910, -168.62928272 53.55727213, -169.32002014 53.43782180, -170.00683027 53.31439770, -170.68962676 53.18704015, -171.36832797 53.05579022, -172.04285691 52.92068964, -172.71314123 52.78178077, -173.37911321 52.63910650, -174.04070970 52.49271025, -174.69787207 52.34263589, -175.35054617 52.18892769, -175.99868225 52.03163026, -176.64223488 51.87078853)"
PD_P_UNALASKA_ANLTK02017,P-D,P_UNALASKA,Unalaska/Dutch Harbor marine import hub,P,53.89138900,-166.53444000,ANLTK02017,"DELTA WESTERN, INCORPORATED -DUTCH HARBOR",D,53.89104900,-166.53630400,1448.68970509,0.12826150,0.12826150,185.81110923,"LINESTRING (-166.53444000 53.89138900, -166.53630400 53.89104900)"
PD_P_UNALASKA_ANLTK02062,P-D,P_UNALASKA,Unalaska/Dutch Harbor marine import hub,P,53.89138900,-166.53444000,ANLTK02062,DELTA WESTERN,D,56.57240144,-169.67115100,663.28320802,358.96311156,358.96311156,238094.20419536,"LINESTRING (-166.53444000 53.89138900, -166.90402187 54.23085976, -167.27970852 54.56915937, -167.66165735 54.90625432, -168.05003010 55.24210992, -168.44499289 55.57669027, -168.84671638 55.90995819, -169.25537578 56.24187519, -169.67115100 56.57240144)"
PD_P_UNALASKA_ANLTK02063,P-D,P_UNALASKA,Unalaska/Dutch Harbor marine import hub,P,53.89138900,-166.53444000,ANLTK02063,ST. PAUL FUEL LLC BULK FUEL FACILITY - MAIN TANK FARM,D,57.12311700,-170.28328300,3309.58965990,430.62419540,430.62419540,1425189.38438634,"LINESTRING (-166.53444000 53.89138900, -166.92158554 54.25601095, -167.31561014 54.61934555, -167.71670592 54.98135318, -168.12507081 55.34199272, -168.54090868 55.70122150, -168.96442947 56.05899521, -169.39584935 56.41526785, -169.83539086 56.76999166, -170.28328300 57.12311700)"
RD_R_CONOCOPHILLIPS_KUPARUK_D_KUPARUK_LOCAL,R-D,R_CONOCOPHILLIPS_KUPARUK,ConocoPhillips Kuparuk/Prudhoe Bay topping plant (CPF-1),R,70.32450000,-149.59900000,D_KUPARUK_LOCAL,Kuparuk Local Refined-Fuel Terminal,D,70.32450000,-149.59900000,20131.09300000,0.00000000,0.00000000,0.00000000,"LINESTRING (-149.59900000 70.32450000, -149.59900000 70.32450000)"
RD_R_HILCORP_PRUDHOE_ANLTK02054,R-D,R_HILCORP_PRUDHOE,Hilcorp North Slope Crude Oil Topping Unit,R,70.25498900,-148.34717500,ANLTK02054,BP EXPLORATION ALASKA - REFINERY,D,70.25440900,-148.35003700,8723.47400000,0.12586259,0.12586259,1097.95905747,"LINESTRING (-148.34717500 70.25498900, -148.35003700 70.25440900)"
RD_R_KENAI_ANLTK02003,R-D,R_KENAI,Kenai Refinery,R,60.68416700,-151.36722200,ANLTK02003,ANCHORAGE FUELING AND SERVICE COMPANY AIRPORT FUEL FACILITY,D,61.17494900,-150.01127000,61774.78614600,91.63349375,91.63349375,5660639.48001365,"LINESTRING (-151.36722200 60.68416700, -150.69446122 60.93126858, -150.01127000 61.17494900)"
RD_R_KENAI_ANLTK02004,R-D,R_KENAI,Kenai Refinery,R,60.68416700,-151.36722200,ANLTK02004,CROWLEY FUELS LLC - ANCHORAGE BULK FUEL FACILITY,D,61.23116800,-149.88821100,8565.93841891,100.67484668,100.67484668,862374.53702816,"LINESTRING (-151.36722200 60.68416700, -150.87985207 60.86830312, -150.38686542 61.05064811, -149.88821100 61.23116800)"
RD_R_KENAI_ANLTK02005,R-D,R_KENAI,Kenai Refinery,R,60.68416700,-151.36722200,ANLTK02005,TESORO LOGISTICS OPERATIONS LLC OCEAN DOCK PETROLEUM TERMINAL,D,61.23024400,-149.89365300,38637.08591939,100.37884283,100.37884283,3878345.97496950,"LINESTRING (-151.36722200 60.68416700, -150.88163573 60.86798193, -150.39046303 61.05001882, -149.89365300 61.23024400)"
RD_R_KENAI_ANLTK02042,R-D,R_KENAI,Kenai Refinery,R,60.68416700,-151.36722200,ANLTK02042,ANDEAVOR LOGISTICS LP - KENAI REFINERY STORAGE FACILITY AND TRUCK TERMINAL,D,60.68343000,-151.36540600,14935.90694170,0.12880626,0.12880626,1923.83837261,"LINESTRING (-151.36722200 60.68416700, -151.36540600 60.68343000)"
RD_R_PETROSTAR_NORTH_POLE_ANLTK02019,R-D,R_PETROSTAR_NORTH_POLE,Petro Star North Pole Refinery,R,64.73266700,-147.34530400,ANLTK02019,US DEPARTMENT OF THE AIR FORCE - EIELSON AIR FORCE BASE,D,64.65843100,-147.05077000,6316.96122645,16.30883151,16.30883151,103022.25626756,"LINESTRING (-147.34530400 64.73266700, -147.05077000 64.65843100)"
RD_R_PETROSTAR_NORTH_POLE_ANLTK02020,R-D,R_PETROSTAR_NORTH_POLE,Petro Star North Pole Refinery,R,64.73266700,-147.34530400,ANLTK02020,ANDEAVOR LOGISTICS LP,D,64.80836900,-147.89065700,4092.73945481,27.28582980,27.28582980,111673.79219545,"LINESTRING (-147.34530400 64.73266700, -147.89065700 64.80836900)"
RD_R_PETROSTAR_NORTH_POLE_ANLTK02021,R-D,R_PETROSTAR_NORTH_POLE,Petro Star North Pole Refinery,R,64.73266700,-147.34530400,ANLTK02021,CROWLEY FUELS LLC FORT YUKON FACILITY,D,66.57061700,-145.27622700,672.09976702,225.95023358,225.95023358,151861.09934616,"LINESTRING (-147.34530400 64.73266700, -146.95444639 65.10248824, -146.55259367 65.47124303, -146.13927462 65.83888362, -145.71399319 66.20535946, -145.27622700 66.57061700)"
RD_R_PETROSTAR_NORTH_POLE_ANLTK02049,R-D,R_PETROSTAR_NORTH_POLE,Petro Star North Pole Refinery,R,64.73266700,-147.34530400,ANLTK02049,FLINT HILLS RESOURCES L.P. - NORTH POLE TERMINAL,D,64.73791600,-147.34907200,26966.65099380,0.61211834,0.61211834,16506.78152575,"LINESTRING (-147.34530400 64.73266700, -147.34907200 64.73791600)"
RD_R_PETROSTAR_NORTH_POLE_ANLTK02050,R-D,R_PETROSTAR_NORTH_POLE,Petro Star North Pole Refinery,R,64.73266700,-147.34530400,ANLTK02050,PETRO STAR INCORPORATED,D,64.73352500,-147.34778100,7508.06231752,0.15191660,0.15191660,1140.59932513,"LINESTRING (-147.34530400 64.73266700, -147.34778100 64.73352500)"
RD_R_PETROSTAR_VALDEZ_ANLTK02002,R-D,R_PETROSTAR_VALDEZ,Petro Star Valdez Refinery,R,61.08472200,-146.25305600,ANLTK02002,ANCHORAGE FUELING AND SERVICE COMPANY OFF-AIRPORT FUEL FACILITY,D,61.23429400,-149.88501600,34935.95223213,196.21344678,196.21344678,6854903.60404828,"LINESTRING (-146.25305600 61.08472200, -147.15765151 61.13123766, -148.06473689 61.17168798, -148.97397318 61.20604737, -149.88501600 61.23429400)"
RD_R_PETROSTAR_VALDEZ_ANLTK02004,R-D,R_PETROSTAR_VALDEZ,Petro Star Valdez Refinery,R,61.08472200,-146.25305600,ANLTK02004,CROWLEY FUELS LLC - ANCHORAGE BULK FUEL FACILITY,D,61.23116800,-149.88821100,6705.64697849,196.36517876,196.36517876,1316755.56765694,"LINESTRING (-146.25305600 61.08472200, -147.15851444 61.13047277, -148.06642081 61.17014683, -148.97643486 61.20371903, -149.88821100 61.23116800)"
RD_R_PETROSTAR_VALDEZ_ANLTK02011,R-D,R_PETROSTAR_VALDEZ,Petro Star Valdez Refinery,R,61.08472200,-146.25305600,ANLTK02011,SHORESIDE PETROLEUM INCORPORATED - CORDOVA TERMINAL,D,60.55478900,-145.75533600,3410.61621234,64.96253138,64.96253138,221562.26273140,"LINESTRING (-146.25305600 61.08472200, -146.00213837 60.81999118, -145.75533600 60.55478900)"
RD_R_PETROSTAR_VALDEZ_ANLTK02019,R-D,R_PETROSTAR_VALDEZ,Petro Star Valdez Refinery,R,61.08472200,-146.25305600,ANLTK02019,US DEPARTMENT OF THE AIR FORCE - EIELSON AIR FORCE BASE,D,64.65843100,-147.05077000,7214.87414695,400.37890677,400.37890677,2888683.42343050,"LINESTRING (-146.25305600 61.08472200, -146.33257700 61.48210322, -146.41415096 61.87941354, -146.49786629 62.27665112, -146.58381652 62.67381402, -146.67210060 63.07090017, -146.76282339 63.46790736, -146.85609603 63.86483326, -146.95203648 64.26167536, -147.05077000 64.65843100)"
RD_R_PETROSTAR_VALDEZ_ANLTK02024,R-D,R_PETROSTAR_VALDEZ,Petro Star Valdez Refinery,R,61.08472200,-146.25305600,ANLTK02024,DELTA WESTERN - LUTAK,D,59.28058300,-135.46865600,4139.94533668,630.43663690,630.43663690,2609973.21499021,"LINESTRING (-146.25305600 61.08472200, -145.38335372 60.97786650, -144.51962054 60.86543804, -143.66208536 60.74750092, -142.81096407 60.62412151, -141.96645951 60.49536812, -141.12876140 60.36131083, -140.29804632 60.22202131, -139.47447776 60.07757270, -138.65820626 59.92803936, -137.84936949 59.77349684, -137.04809248 59.61402162, -136.25448785 59.44969101, -135.46865600 59.28058300)"
RD_R_PETROSTAR_VALDEZ_ANLTK02027,R-D,R_PETROSTAR_VALDEZ,Petro Star Valdez Refinery,R,61.08472200,-146.25305600,ANLTK02027,"DELTA WESTERN, INCORPORATED - SITE 2 6092",D,58.28886100,-134.39130400,2523.60598228,735.77518007,735.77518007,1856806.64605204,"LINESTRING (-146.25305600 61.08472200, -145.40179500 60.93300397, -144.55873412 60.77595466, -143.72401740 60.61365955, -142.89777379 60.44620508, -142.08011753 60.27367844, -141.27114851 60.09616745, -140.47095268 59.91376036, -139.67960248 59.72654569, -138.89715733 59.53461210, -138.12366409 59.33804824, -137.35915760 59.13694263, -136.60366118 58.93138350, -135.85718716 58.72145872, -135.11973744 58.50725563, -134.39130400 58.28886100)"
RD_R_PETROSTAR_VALDEZ_ANLTK02028,R-D,R_PETROSTAR_VALDEZ,Petro Star Valdez Refinery,R,61.08472200,-146.25305600,ANLTK02028,PETRO MARINE SERVICES,D,58.29911100,-134.43613900,3236.74299783,732.92735903,732.92735903,2372297.49725059,"LINESTRING (-146.25305600 61.08472200, -145.40521551 60.93341790, -144.56551943 60.77682516, -143.73410977 60.61502836, -142.91111370 60.44811298, -142.09664391 60.27616526, -141.29079895 60.09927204, -140.49366363 59.91752058, -139.70530948 59.73099842, -138.92579517 59.53979324, -138.15516704 59.34399269, -137.39345953 59.14368429, -136.64069578 58.93895530, -135.89688808 58.72989259, -135.16203841 58.51658256, -134.43613900 58.29911100)"
RD_R_PETROSTAR_VALDEZ_ANLTK02029,R-D,R_PETROSTAR_VALDEZ,Petro Star Valdez Refinery,R,61.08472200,-146.25305600,ANLTK02029,CROWLEY FUELS LLC,D,58.28973700,-134.39340300,1325.01338559,735.61975645,735.61975645,974706.02399751,"LINESTRING (-146.25305600 61.08472200, -145.40196409 60.93304941, -144.55906823 60.77604765, -143.72451240 60.61380213, -142.89842551 60.44639924, -142.08092178 60.27392611, -141.27210106 60.09647051, -140.47204930 59.91412061, -139.68083894 59.72696488, -138.89852941 59.53509193, -138.12516760 59.33859035, -137.36078837 59.13754859, -136.60541508 58.93205483, -135.85906012 58.72219688, -135.12172541 58.50806203, -134.39340300 58.28973700)"
RD_R_PETROSTAR_VALDEZ_ANLTK02051,R-D,R_PETROSTAR_VALDEZ,Petro Star Valdez Refinery,R,61.08472200,-146.25305600,ANLTK02051,PETRO MARINE SERVICES,D,56.80741200,-132.97191000,1763.76606805,898.38227600,898.38227600,1584536.17454126,"LINESTRING (-146.25305600 61.08472200, -145.42773053 60.88505751, -144.61278020 60.68038855, -143.80823668 60.47081911, -143.01411691 60.25645273, -142.23042387 60.03739231, -141.45714738 59.81374001, -140.69426486 59.58559709, -139.94174207 59.35306379, -139.19953389 59.11623925, -138.46758506 58.87522141, -137.74583090 58.63010689, -137.03419803 58.38099096, -136.33260506 58.12796744, -135.64096324 57.87112865, -134.95917708 57.61056535, -134.28714503 57.34636672, -133.62476001 57.07862031, -132.97191000 56.80741200)"
RD_R_PETROSTAR_VALDEZ_ANLTK02059,R-D,R_PETROSTAR_VALDEZ,Petro Star Valdez Refinery,R,61.08472200,-146.25305600,ANLTK02059,PETRO MARINE SERVICES NO. 2 (NORTH PLANT),D,57.05544400,-135.34892600,1385.80157940,768.28740937,768.28740937,1064693.90534444,"LINESTRING (-146.25305600 61.08472200, -145.49480307 60.86131954, -144.74716497 60.63369448, -144.01008704 60.40194412, -143.28350453 60.16616448, -142.56734334 59.92645022, -141.86152078 59.68289455, -141.16594625 59.43558921, -140.48052199 59.18462437, -139.80514368 58.93008861, -139.13970109 58.67206888, -138.48407872 58.41065047, -137.83815631 58.14591697, -137.20180947 57.87795026, -136.57491009 57.60683053, -135.95732693 57.33263620, -135.34892600 57.05544400)"
RD_R_PETROSTAR_VALDEZ_ANLTK02060,R-D,R_PETROSTAR_VALDEZ,Petro Star Valdez Refinery,R,61.08472200,-146.25305600,ANLTK02060,PETRO MARINE SERVICES NO. 1 (SOUTH PLANT),D,57.04861400,-135.34006800,1347.35919183,769.18923167,769.18923167,1036374.18153965,"LINESTRING (-146.25305600 61.08472200, -145.49405986 60.86094322, -144.74570659 60.63293360, -144.00794101 60.40079081, -143.28069783 60.16461120, -142.56390237 59.92448976, -141.85747134 59.68052003, -141.16131352 59.43279406, -140.47533051 59.18140232, -139.79941732 58.92643368, -139.13346308 58.66797538, -138.47735160 58.40611297, -137.83096197 58.14093031, -137.19416910 57.87250954, -136.56684421 57.60093107, -135.94885540 57.32627357, -135.34006800 57.04861400)"
RD_R_PETROSTAR_VALDEZ_ANLTK02061,R-D,R_PETROSTAR_VALDEZ,Petro Star Valdez Refinery,R,61.08472200,-146.25305600,ANLTK02061,PETRO MARINE SERVICES,D,59.45296400,-135.32674100,1982.75701208,630.61065047,630.61065047,1250347.68911739,"LINESTRING (-146.25305600 61.08472200, -145.37611810 60.99183392, -144.50444017 60.89327701, -143.63827539 60.78910869, -142.77786493 60.67938881, -141.92343769 60.56417947, -141.07521016 60.44354491, -140.23338621 60.31755134, -139.39815707 60.18626673, -138.56970128 60.04976072, -137.74818472 59.90810443, -136.93376067 59.76137029, -136.12656994 59.60963194, -135.32674100 59.45296400)"
RD_R_PETROSTAR_VALDEZ_ANLTK02068,R-D,R_PETROSTAR_VALDEZ,Petro Star Valdez Refinery,R,61.08472200,-146.25305600,ANLTK02068,PETRO STAR INCORPORATED - NORTH PACIFIC FUEL RESOFF TANK FARM,D,53.91272600,-166.50853100,1.00000000,1444.23607081,1444.23607081,1444.23607081,"LINESTRING (-146.25305600 61.08472200, -147.08820552 60.89709553, -147.91346985 60.70434312, -148.72878549 60.50656522, -149.53410421 60.30386222, -150.32939233 60.09633424, -151.11463010 59.88408100, -151.88981092 59.66720168, -152.65494071 59.44579478, -153.41003714 59.21995799, -154.15512900 58.98978809, -154.89025543 58.75538083, -155.61546529 58.51683088, -156.33081646 58.27423170, -157.03637520 58.02767547, -157.73221550 57.77725306, -158.41841847 57.52305395, -159.09507177 57.26516614, -159.76226897 57.00367619, -160.42010908 56.73866910, -161.06869597 56.47022835, -161.70813786 56.19843580, -162.33854692 55.92337176, -162.96003871 55.64511489, -163.57273184 55.36374226, -164.17674753 55.07932930, -164.77220923 54.79194981, -165.35924226 54.50167598, -165.93797348 54.20857839, -166.50853100 53.91272600)"
RD_R_PETROSTAR_VALDEZ_ANLTK02070,R-D,R_PETROSTAR_VALDEZ,Petro Star Valdez Refinery,R,61.08472200,-146.25305600,ANLTK02070,PETRO STAR INCORPORATED,D,61.12904200,-146.36382100,17379.81809480,7.75031855,7.75031855,134699.12652382,"LINESTRING (-146.25305600 61.08472200, -146.36382100 61.12904200)"
RD_R_PETROSTAR_VALDEZ_ANLTK02072,R-D,R_PETROSTAR_VALDEZ,Petro Star Valdez Refinery,R,61.08472200,-146.25305600,ANLTK02072,PETRO 49 INC - WRANGELL,D,56.46420500,-132.38429000,405.86332927,950.32612476,950.32612476,385702.52488623,"LINESTRING (-146.25305600 61.08472200, -145.47049842 60.89148514, -144.69745783 60.69374760, -143.93395414 60.49159980, -143.17999531 60.28513169, -142.43557796 60.07443265, -141.70068798 59.85959136, -140.97530115 59.64069572, -140.25938378 59.41783275, -139.55289328 59.19108851, -138.85577874 58.96054804, -138.16798156 58.72629525, -137.48943596 58.48841292, -136.82006956 58.24698262, -136.15980390 58.00208463, -135.50855494 57.75379797, -134.86623359 57.50220030, -134.23274612 57.24736795, -133.60799465 56.98937583, -132.99187758 56.72829748, -132.38429000 56.46420500)"
RD_R_PETROSTAR_VALDEZ_ANLTK02077,R-D,R_PETROSTAR_VALDEZ,Petro Star Valdez Refinery,R,61.08472200,-146.25305600,ANLTK02077,DELTA WESTERN INCORPORATED - YAKUTAT BULK PLANT,D,59.54481900,-139.73300900,1681.09273106,398.88393844,398.88393844,670560.88945501,"LINESTRING (-146.25305600 61.08472200, -145.40469787 60.91007297, -144.56570918 60.73013269, -143.73618902 60.54499813, -142.91622065 60.35476658, -142.10587209 60.15953551, -141.30519668 59.95940241, -140.51423369 59.75446457, -139.73300900 59.54481900)"
RD_R_PETROSTAR_VALDEZ_ANLTK02078,R-D,R_PETROSTAR_VALDEZ,Petro Star Valdez Refinery,R,61.08472200,-146.25305600,ANLTK02078,JUNEAU AIRPORT FUELING FACILITY,D,58.36224000,-134.48882400,280.96656357,726.75223670,726.75223670,204193.07851524,"LINESTRING (-146.25305600 61.08472200, -145.41037521 60.93726992, -144.57558725 60.78459269, -143.74883662 60.62677181, -142.93025350 60.46388975, -142.11995404 60.29602977, -141.31804066 60.12327581, -140.52460244 59.94571227, -139.73971554 59.76342392, -138.96344355 59.57649572, -138.19583800 59.38501270, -137.43693881 59.18905980, -136.68677473 58.98872182, -135.94536388 58.78408323, -135.21271421 58.57522810, -134.48882400 58.36224000)"
