ObjectID,LATITUDE,LONGITUDE,LOC_DOCK,NAV_UNIT_ID,NAV_UNIT_GUID,UNLOCODE,NAV_UNIT_NAME,FAC_TYPE,DATA_RECORD_STATUS,LOCATION_DESCRIPTION,STREET_ADDRESS,CITY_OR_TOWN,STATE,ZIPCODE,COUNTY_NAME,COUNTY_FIPS_CODE,CONGRESS,CONGRESS_FIPS,TOWS_LINK_NUM,TOWS_MILE,WTWY,WTWY_NAME,PORT,PORT_NAME,PSA,PSA_NAME,MILE,BANK,OPERATORS,OWNERS,PURPOSE,HIGHWAY_NOTE,RAILWAY_NOTE,COMMODITIES,CONSTRUCTION,MECHANICAL_HANDLING,REMARKS,VERTICAL_DATUM,DEPTH_MIN,DEPTH_MAX,BERTHING_LARGEST,BERTHING_TOTAL,DECK_HEIGHT_MIN,DECK_HEIGHT_MAX,PARENT_OR_CHILD,SERVICE_INITIATION_DATE,x,y
51,61.0875,-146.36527,95130-310,0TSL,32116,VDZ,"Alyeska Pipeline Marine Terminal, Equipment Dock.",Dock,Validated for Public,"Southerly shore of Port Valdez, at east side of Berth 1 (Ref. No. 34).",,Valdez,AK,99686,Valdez-Cordova,261,112,00,8081,,4816,"Valdez, AK",4816.00,"Valdez, AK",,,,,,Current Owner and Operator: Alyeska Pipeline Service Co. Phone: 907/834-7315 FAX: 907/834-6288,Handling oil-spill control equipment and supplies; and construction equipment and supplies.,"Via Port Valdez Drive and Dayville Road, each asphalt, 30 feet wide; from Richardson Highway (State Highway 4), dual lane, each asphalt, various widths.",None.,,"Precast-concrete-block bulkhead with solid fill, with row of two timber-breasting dolphins in line with face on west side.  Wharf fronted by timber-fender system.",Stevedore rental equipment is available as required.,-,MLLW (Mean Lower Low Water),3,4,400,400,18,18,Child,01-JAN-1990,-146.36527,61.0875
761,57.510037,-156.263814,96300-140,02EG,2804,PIP,BIG CREEK,Dock,Validated for TOWS,,,PILOT POINT,AK,99649,Kodiak Island,150,116,00,8215,0,4870,"Bristol Bay, AK",,,,,0,,,,,,,"Gasoline, Jet Fuel, Kerosene | Distillate,Residual & Other Fuel Oils; Lube Oil & Greases",,,,,,,,,,,,19-DEC-1990,-156.263814,57.5100370000001
764,53.882741,-166.532909,96080-200,026P,2539,DUT,UDAGAK BAY,Dock,Validated for TOWS,,,DUTCH HARBOR,AK,99692,Aleutians West,16,116,00,8196,0,4947,"Unalaska Channels, AK",4939.00,"Unalaska Island, AK",,,0,,,,,,,"Distillate,Residual & Other Fuel Oils; Lube Oil & Greases | Sulphur (Dry), Clay & Salt | Paper & Allied Products | Primary Non-Ferrous Metal Products;Fabricated Metal Prods. | Fish | All Manufactured Equipment, Machinery and Products",,,,,,,,,,,,18-DEC-1990,-166.532909,53.8827410000001
906,61.125278,-146.34472,95130-205,0TPV,32023,VDZ,"City of Valdez Small Boat Harbor, Fish Wharf.",Dock,Validated for Public,"Northerly shore of Port Valdez, at south side of Small-Boat Harbor.",,Valdez,AK,99686,Valdez-Cordova,261,112,00,8081,,4818,"Valdez Harbor (Small Boat Harbor), AK",4816.00,"Valdez, AK",,,,,Current Operator: City of Valdez. Phone: 907-835-4981 FAX: 907/835-2958,Current Owner: State of Alaska.,Mooring commercial vessels and recreational craft for minor repairs; handling supplies for fishing vessels.,"Via South Harbor Drive, dual lane, each asphalt, various widths; from Kobuk Drive, dual lane, each asphalt, 30 feet wide.",None.,,Steel-sheet-pile cellular bulkhead with concrete-capped asphalt-surfaced solid fill; fronted by timber-and-steel fender system.,"One 3 1/2- and one 2-ton hydraulic cranes with 25- and 27-foot booms, respectively. Open storage area serves one 3/4-ton, electric-hydraulic mast-and-boom derrick with 15-foot boom.","Tidal grid is adjacent to face with 60-foot-wide, asphalt- paved open storage area at rear.",MLLW (Mean Lower Low Water),12,12,290,290,20,20,Child,01-JAN-1990,-146.34472,61.125278
913,56.810556,-132.96194,93846-095,0TQ6,32034,PSG,"City of Petersburg, South Harbor Crane Wharf.",Dock,Validated for Public,"Easterly side of Wrangell Narrows, Petersburg, at south side of Hammer Slough.",,Petersburg,AK,99833,Wrangell-Petersburg,280,112,00,8036,,4804,"Wrangell Narrows, AK",4826.00,"Petersburg, AK",,,,East,Current Operator: City of Petersburg. Phone: 907/772-4688 FAX: 907-772-,Current Owner: State of Alaska.,Receipt of seafood; and handling supplies for fishing vessels.,"Via Sing Lee Alley, asphalt, 24 feet wide; from South Nordic Drive, asphalt, 30 feet wide.",None.,Fish,"Steel pile, concrete-surfaced steel-decked offshore wharf with 100- by 20-foot approach.","One 3- and one 1-ton electric-hydraulic cranes, each with 20-foot boom.",Paved parking lot is located at rear.,MLLW (Mean Lower Low Water),18,18,120,256,25,25,Child,14-JUN-1995,-132.96194,56.8105560000001
922,55.336111,-131.63305,93810-114,0TR4,32066,KTN,"Alaska General Seafoods, Ketchikan Wharf.",Dock,Validated for Public,"Left bank, Tongass Narrows, Ketchikan, opposite Pennock Island, approximately 1,800 feet southeast of foot of Deermont Street extended.",980 Stedman Street.,Ketchikan,AK,99901,Ketchikan Gateway,130,113,00,8103,,4770,"Tongass Narrows, AK",4827.00,"Ketchikan, AK",,,,Left,,Current Owner and Operator: Alaska General Seafoods. Phone: 907-225-2906 FAX: 907-225-2908,Receipt of seafood.,"Via driveway, asphalt-and-gravel, various widths; from Stedman Street, asphalt, 26 feet wide.",None.,Fish,"Steel pile, concrete-decked wharf with 80- by 20-foot concrete float at face of northwest corner.  Wharf fronted by timber-fender system.","One 1/2- and one 1 1/2-ton, electric-hydraulic hoists, each with 15-foot boom. Open storage area serves one 2 1/2-ton forklift truck.","Seafood-processing plant, cannery, and a 6,500-square-foot, private cold-storage warehouse is located at rear.",MLLW (Mean Lower Low Water),45,45,260,440,23,23,Child,01-JAN-1990,-131.63305,55.3361110000001
923,57.200833,-153.30527,95350-210,0TR6,32068,OLH,"City of Old Harbor, Small Boat Harbor Dock.",Dock,Validated for Public,"Northerly side of Sitkalidak Strait, Old Harbor, at northwest side of Small-Boat Harbor.",,Old Harbor,AK,99643,Kodiak Island,150,112,00,8161,,4933,"Old Harbor Project, AK",5003.00,"Old Harbor, AK",,,,,,Current Owner and Operator: City of Old Harbor. Phone: 907-286-2204 FAX: 907/286-2278,Fueling small vessels; and handling supplies and equipment for fishing vessels.,"Via Three Saints Avenue, dual lane, each concrete,  20 feet wide.",None.,,"Timber pile, timber-decked pier.",None.,One 2-inch pipeline extends from wharf to storage tanks described under company-owned City Dock (Ref. No. 142).  Wharf has two fueling stations.,MLLW (Mean Lower Low Water),8,8,70,165,6,6,Child,14-JUL-1994,-153.30527,57.200833
1179,59.603056,-151.42222,95220-402,0TKU,31886,HOM,"City of Homer Small Boat Harbor, Systems 1 and 2, Floats B - W.",Dock,Validated for Public,"Northerly side of Kachemak Bay, Homer, at southwest side of Small-Boat Harbor.",4350 Homer Spit Road.,Homer,AK,99603,Kenai Peninsula,122,116,00,8127,18,4844,"Homer Harbor, AK",4830.00,"Homer, AK",,,18,,,Current Owner and Operator: City of Homer. Phone: 907-235-3160 FAX: 907/235-3152,Mooring commercial vessels and recreational craft.,"Via Homer Spit Road, asphalt, 24 feet wide; from Sterling Highway (State Highway 1), dual lane, each asphalt, 33 feet wide.",None.,,"Twenty parallel timber-and-concrete floats with five approach ramps: fifteen are approximately 290-310 feet long and five are approximately 260-270 feet long.  One 2,250- by 10- and one 330- by 8-foot timber-and-concrete floats are at southwest side of basin with 300-ton, steel tidal grid southwest of Float B.  ",None.,"Small-Boat Harbor has capacity for mooring approximately nine-hundred-and-twenty vessels in reserved slips, with another five-hundred vessels in transient moorage loca- tions.  Entrance channel to harbor is 90 feet wide with 20-foot depth.",MLLW (Mean Lower Low Water),5,10,75,56800,,,Child,03-JAN-2005,-151.42222,59.603056
1351,61.09,-146.36888,95130-310,0TTU,32158,VDZ,"Alyeska Pipeline Marine Terminal, Berth No. 1.",Dock,Validated for Public,"South shore of Port Valdez, at east side of Jackson Point.",,Valdez,AK,99686,Valdez-Cordova,261,112,00,8081,,4816,"Valdez, AK",4816.00,"Valdez, AK",,,,,,Current Owner and Operator: Alyeska Pipeline Service Co. Phone: 907/834-7315 FAX: 907/834-6288,Receipt of diesel fuel; and shipment of crude oil and ballast water.,"Via Port Valdez Drive and Dayville Road, each asphalt, 30 feet wide; from Richardson Highway (State Highway 4), dual lane, each asphalt, various widths.",None.,"Crude Petroleum | Distillate,Residual & Other Fuel Oils; Lube Oil & Greases","Floating offshore wharf formed by one 390- by 86-foot steel structure, supported by cylindrical steel- flotation buoys connected to shore by four steel struts; four concrete-capped steel-pile mooring dolphins 
150 feet in rear of line of face.","Four 12-inch, swivel-jointed pipeline loading arms; and one 12 1/2-ton, electric-hydraulic mast-and-boom derrick with 50-foot boom for handling gangway.","One 18-inch diesel-fuel pipeline extends from berth to two steel storage tanks at rear, total capacity 
72,000 barrels; one 42-inch crude-oil pipeline extends from berth to eighteen steel storage tanks at rear, total capacity 9,180,000 barrels; and one 42-inch ballast-water pipeline extends from berth to three steel storage tanks at rear; total capacity 30,714 gallons. Approach to wharf is via a 20-foot-wide walkway on westernmost steel strut.  Terminal in rear is terminus of a 48-inch crude-oil pipeline extending from Prudhoe Bay oil fields on Alaska's north slope.",MLLW (Mean Lower Low Water),99,99,200,1200,32,32,Child,01-JAN-1990,-146.36888,61.09
1352,61.09,-146.38361,95130-310,0TTV,32159,VDZ,"Alyeska Pipeline Marine Terminal, Berth No. 3.",Dock,Validated for Public,"Southerly shore of Port Valdez, at west side of Jackson Point, approximately 1/2 mile west of 
Berth 1 (Ref. No. 34).",,Valdez,AK,,Valdez-Cordova,261,112,00,8081,,4816,"Valdez, AK",4816.00,"Valdez, AK",,,,,,Current Owner and Operator: Alyeska Pipeline Service Co. Phone: 907/834-7315 FAX: 907/834-6288,Shipment of crude oil and ballast water.,"Via Port Valdez Drive and Dayville Road, each asphalt, 30 feet wide; from Richardson Highway (State Highway 4), dual lane, each asphalt, various widths.",None.,Crude Petroleum,"Steel pile, concrete-decked offshore wharf with four 40-foot-square steel pile, concrete-decked breasting platforms in line with face with four 25-foot-square, concrete-capped steel-pile mooring dolphins approximately 200 feet in rear of line of face, connected by steel- truss grating-decked walkways.  Wharf, fronted by rubber- cushioned timber-fender system, has one 345- + 55- by 25-foot approach.","Four 16-inch, swivel-jointed pipeline loading arms.","One 48-inch crude-oil and one 42-inch ballast pipelines on wharf connect to appropriate tankage described under adja- cent, company-owned Berth 1 (Ref. No. 34).",MLLW (Mean Lower Low Water),90,90,1050,1050,38,38,Child,01-JAN-1990,-146.38361,61.09
1353,61.086389,-146.39055,95130-310,0TTW,32160,VDZ,"Alyeska Pipeline Marine Terminal, Small Boat Basin.",Dock,Validated for Public,"Southerly shore of Port Valdez, at western side 
of Jackson Point, on east side of Berth 4 (Ref. 
No. 33).",,Valdez,AK,,Valdez-Cordova,261,112,00,8081,,4816,"Valdez, AK",4816.00,"Valdez, AK",,,,,,Current Owner and Operator: Alyeska Pipeline Service Co. Phone: 907/834-7315 FAX: 907/834-6288,"Mooring small craft, work launches, and oil-spill recovery equipment; fueling small vessels at pier.","Via Port Valdez Drive and Dayville Road, each asphalt, 30 feet wide; from Richardson Highway (State Highway 4), dual lanes, each asphalt, various widths.",None.,,"Steel-sheet-pile, asphalt-surfaced cellular bulkhead with L-shaped rubblemound breakwater at 8-foot-wide concrete basin; vessels moor end-to east end of U-shaped arrange- ment.",None.,Fueling pipelines extend to float from two diesel-fuel storage tanks described under company-owned Berth 1 (Ref. No. 34).  A concrete small-boat ramp is located on west side of basin.,MLLW (Mean Lower Low Water),15,15,160,420,,,Child,01-JAN-1990,-146.39055,61.0863890000001
1354,61.088333,-146.38166,95130-310,0TTX,32161,VDZ,"Alyeska Pipeline Marine Terminal, Tug Dock.",Dock,Validated for Public,"Southerly shore of Port Valdez, at west side of Jackson Point, behind adjacent company-owned Small-Boat Basin (Ref. No. 36).",,Valdez,AK,,Valdez-Cordova,261,112,00,8081,,4816,"Valdez, AK",4816.00,"Valdez, AK",,,,,,Current Owner and Operator: Alyeska Pipeline Service Co. Phone: 907/834-7315 FAX: 907/834-6288,Receipt of used oil and bilge water; mooring tugs and fueling vessels.,"Via Port Valdez Drive and Dayville Road, each asphalt, 30 feet wide; and Richardson Highway (State Highway 4), dual lane, each asphalt, various widths.",None.,,"Steel pile, concrete-surfaced, steel-decked offshore wharf with one steel float moored to steel dolphins on each side, connected by 4-foot-wide, covered steel ramps.  Wharf has a 60- by 18-foot approach. ","One 35-ton, diesel mobile hoist with 20-foot boom.",One 3-inch diesel-fuel pipeline extends from wharf to appropriate tankage described under company-owned Berth 1 (Ref. No. 34).,MLLW (Mean Lower Low Water),40,40,300,300,20,20,Child,01-JAN-1990,-146.38166,61.088333
1760,53.877222,-166.54916,96080-290,0U37,32477,DUT,"UniSea, Dutch Harbor East Wharf.",Dock,Validated for Public,"Iliuliuk Harbor, Dutch Harbor, at outer end of north side of Expedition and Amaknak Islands.",,Dutch Harbor,AK,99692,Aleutians West,16,112,00,8196,,4947,"Unalaska Channels, AK",4939.00,"Unalaska Island, AK",,,,,,"Current Owner and Operator: UniSea, Inc. Phone: 907-581-7317 FAX: 907/581-7228",Receipt of seafood; and handling supplies and equipment for fishing vessels.,"Via South Pace Setter Way, gravel, 20 feet wide.",None.,Fish,"Steel pile, concrete-decked offshore wharf with 60- by 20-foot approach; fronted by timber-fender system.","Three electric-hydraulic derricks, each with 30-foot boom; and use of equipment described under company-owned West Wharf (Ref. No. 183).","West side of wharf is in line and contiguous with adjacent, company-owned South Wharf (Ref. No. 184) providing for continuous berthing space.  Seafood-processing plant is located at rear.",MLLW (Mean Lower Low Water),20,30,334,334,16,16,Child,01-JAN-1990,-166.54916,53.8772220000001
1902,66.563453,-145.276407,97643-271,020F,2327,WBQ,FORT YUKON VILLAGE,Dock,Validated for TOWS,,,BEAVER,AK,99724,Yukon-Koyukuk,290,116,00,8250,1077,4860,"Yukon River, AK",,,,,1077,,,,,,,"Petroleum Products NEC | All Manufactured Equipment, Machinery and Products",,,,,,,,,,,,01-JAN-1990,-145.276407,66.563453
1903,70.916833,-153.266383,98935-200,01ZW,2308,,LONELY VILLAGE,Dock,Validated for TOWS,,,,AK,,North Slope,185,113,00,8495,0,4991,"Lonely, AK",,,,,0,,,,,,,,,,,,,,,,,,,01-JAN-1990,-153.266383,70.9168330000001
1904,65.1704,-152.085072,97643-231,020A,2322,TAL,TANANA VILLAGE,Dock,Validated for TOWS,,,TANANA,AK,99777,Yukon-Koyukuk,290,116,00,8246,739,4860,"Yukon River, AK",,,,,739,,,,,,,"Petroleum Products NEC | All Manufactured Equipment, Machinery and Products",,,,,,,,,,,,01-JAN-1990,-152.085072,65.1704
1905,65.699563,-156.396261,97645-111,020P,2335,HSL,HUSLIA VILLAGE,Dock,Validated for TOWS,,,HUSLIA,AK,99746,Yukon-Koyukuk,290,116,00,8245,140,4867,"Koyukuk River, AK",,,,,140,,,,,,,"Petroleum Products NEC | All Manufactured Equipment, Machinery and Products",,,,,,,,,,,,01-JAN-1990,-156.396261,65.6995630000001
1906,65.505944,-150.1735,97643-242,020C,2324,RMP,RAMPART VILLAGE,Dock,Validated for TOWS,,,RAMPART,AK,99767,Yukon-Koyukuk,290,116,00,8250,814,4860,"Yukon River, AK",,,,,814,,,,,,,"All Manufactured Equipment, Machinery and Products",,,,,,,,,,,,01-JAN-1990,-150.1735,65.5059440000001
1907,66.006495,-149.098902,97643-251,020D,2325,SVS,STEVENS VILLAGE,Dock,Validated for TOWS,,,STEVENS VILLAGE,AK,99774,Yukon-Koyukuk,290,116,00,8250,904,4860,"Yukon River, AK",,,,,904,,,,,,,"Petroleum Products NEC | All Manufactured Equipment, Machinery and Products",,,,,,,,,,,,01-JAN-1990,-149.098902,66.006495
1908,64.565833,-149.08833,97646-200,0UH7,32953,ENN,"YUTANA BARGE LINES, NENANA DK",Dock,Validated for TOWS and Public,"Left bank, Tanana River, Nenana, above Parks Highway Bridge.",,Nenana,AK,,Yukon-Koyukuk,290,112,00,8247,192,4891,"Tanana River, AK",,,,,192,,"Current Operator: Yutana Barge Lines, LLC; Yukon Fuel Co.; and Nenana Port Authority. Phone: 907-832-5505 FAX: 907/832-5282",Current Owner: Nenana Port Authority.,Receipt and shipment of conventional-and-containerized general cargo; shipment of petroleum products; and mooring small vessels and barges for repair.,"Via ""A"" Street, from George Parks Highway, each asphalt, 24 feet wide.",Trackage in rear joins tracks of Alaska Railroad Corp.'s 50-car-capacity Nenana Yard.,"Petroleum and Petroleum Products | Petroleum Products NEC | Other Chemicals and Related Products | Forest Products, Lumber, Logs, Woodchips | Building Cement & Concrete; Lime; Glass | Primary Iron and Steel Products (Ingots,Bars,Rods,etc.) | Primary Non-F",Steel-sheet-pile bulkhead with solid fill.,"One 100-ton, diesel crawler crane with 120-foot boom; and one 30-ton, diesel mobile crane with 60-foot boom. Open storage area serves twenty 2- to 26-ton forklift trucks.","Yutana Barge Lines, LLC:  Company moors small vessels and barges for repair, with marine-repair plant located above Parks Highway Bridge.  
Yukon Fuel Co.:  Company in use for shipment of petro- leum products. One 6-, one 4-, and four 3-inch petroleum-product pipelines extend from wharf to twenty- four steel storage tanks located at rear; total capacity 22,400 barrels. Fenced open-storage area in rear totals approximately 25 acres, with an additional 20 acres available as required.",,6,12,2300,2300,12,12,,01-JAN-1990,-149.08833,64.5658330000001
1909,66.024715,-154.237483,97645-121,020Q,2336,HUS,HUGHES VILLAGE,,Validated for TOWS,,,HUGHES,AK,99745,Yukon-Koyukuk,290,116,00,8245,260,4867,"Koyukuk River, AK",,,,,260,,,,,,,,,,,,,,,,,,,01-JAN-1990,-154.237483,66.0247150000001
1910,66.565526,-152.645072,97645-131,020R,2337,AET,ALLAKAKET VILLAGE,,Validated for TOWS,,,ALLAKAKET,AK,99720,Yukon-Koyukuk,290,116,00,8245,380,4867,"Koyukuk River, AK",,,,,380,,,,,,,,,,,,,,,,,,,01-JAN-1990,-152.645072,66.565526
1911,60.498975,-172.752647,97651-200,01X4,2214,,ST MATTHEW ISLAND,Dock,Validated for TOWS,,,,AK,,Bethel,50,112,00,8308,0,4560,"St Matthew Island, AK",,,,,0,,,,,,,"Sulphur (Dry), Clay & Salt | Paper & Allied Products | Primary Non-Ferrous Metal Products;Fabricated Metal Prods. | Fish | All Manufactured Equipment, Machinery and Products",,,,,,,,,,,,01-JAN-1990,-172.752647,60.498975
1912,60.551428,-165.273993,97660-100,01X5,2215,OOK,VANCOUVER POINT,Dock,Validated for TOWS,,,TOKSOOK BAY,AK,99637,Bethel,50,112,00,8233,0,4964,"Nelson Island and Baird Inlet, AK",,,,,0,,,,,,,"Gasoline, Jet Fuel, Kerosene | Distillate,Residual & Other Fuel Oils; Lube Oil & Greases",,,,,,,,,,,,01-JAN-1990,-165.273993,60.551428
1938,59.038889,-158.47722,96390-110,0TZC,32346,DLG,"City of Dillingham, Small Boat Harbor Floats.",Dock,Validated for Public,"Northerly shore of Nushagak Bay, Dillingham, above mouth of Scandinavian Creek, at Small-Boat Harbor.",,Dillingham,AK,,Dillingham,70,112,00,8314,,4846,"Dillingham Harbor, AK",4875.00,"Dillingham, AK",,,,,,Current Owner and Operator: City of Dillingham. Phone: 907-842-1069 FAX: 907/842-4573,Mooring commercial vessels and recreational craft.,"Via plant road, unpaved, various widths; from Harbor Road, unpaved, 24 feet wide; and Kanakanak Road, asphalt, 24 feet wide.",None.,,"Rectangular-dredged basin with three steel-pontoon floats along north, east, and south sides, each with 10-foot-wide steel-pontoon approach.",None.,Small-Boat Harbor has berthing space for approximately three-hundred-and-twenty vessels with two launching ramps.,MLLW (Mean Lower Low Water),2,2,380,770,,,Child,01-JAN-1990,-158.47722,59.038889
1940,59.039444,-158.47777,96390-110,0TZE,32348,DLG,"City of Dillingham, Small Boat Harbor Wharf.",Dock,Validated for Public,"Northerly shore of Nushagak Bay, Dillingham, above mouth of Scandinavian Creek, at south side of Small-Boat Harbor.",,Dillingham,AK,,Dillingham,70,112,00,8314,,4846,"Dillingham Harbor, AK",4875.00,"Dillingham, AK",,,,,,Current Owner and Operator: City of Dillingham. Phone: 907-842-1069 FAX: 907/842-4573,Handling supplies and equipment for fishing vessels. (See Remarks.),"Via plant road, unpaved, various widths; from Harbor Road, unpaved, 24 feet wide; and Kanakanak Road, asphalt, 24 feet wide.",None.,,Steel-sheet-pile bulkhead with solid fill.,None.,Building materials are also occasionally handled at wharf.,MLLW (Mean Lower Low Water),2,2,95,95,15,15,Child,01-JAN-1990,-158.47777,59.0394440000001
2033,60.239741,-166.882564,97650-200,0210,2346,MYU,MEKORYUK VILLAGE,Anchorage,Validated for TOWS,,,MEKORYUK,AK,99630,Bethel,50,112,00,8231,0,4966,"Nunavak Island, AK",,,,,0,,,,,,,"Gasoline, Jet Fuel, Kerosene | Distillate,Residual & Other Fuel Oils; Lube Oil & Greases | Petroleum Products NEC | Forest Products, Lumber, Logs, Woodchips | Building Cement & Concrete; Lime; Glass | Primary Non-Ferrous Metal Products;Fabricated Metal Pr",,,,,,,,,,,,01-JAN-1990,-166.882564,60.239741
2034,61.515843,-166.102335,97670-200,01XD,2223,HPB,HOOPER BAY VILLAGE,Dock,Validated for TOWS,,,HOOPER BAY,AK,99604,Wade Hampton,270,112,00,8235,0,4962,"Hooper Bay, AK",4962.00,"Hooper Bay, AK",,,0,,,,,,,"Gasoline, Jet Fuel, Kerosene | Distillate,Residual & Other Fuel Oils; Lube Oil & Greases | Petroleum Products NEC | Other Chemicals and Related Products | Forest Products, Lumber, Logs, Woodchips | Sand, Gravel, Stone, Rock, Limestone, Soil, Dredged Mater",,,,,,,,,,,,01-JAN-1990,-166.102335,61.5158430000001
2035,60.239741,-166.882564,97650-600,01X3,2213,MYU,NASH HARBOR,Dock,Validated for TOWS,,,MEKORYUK,AK,99630,Bethel,50,112,00,8231,0,4966,"Nunavak Island, AK",,,,,0,,,,,,,"Gasoline, Jet Fuel, Kerosene | Distillate,Residual & Other Fuel Oils; Lube Oil & Greases",,,,,,,,,,,,01-JAN-1990,-166.882564,60.239741
2036,61.846107,-165.585732,97675-200,01XG,2226,SXP,SCAMMON BAY VILLAGE,Dock,Validated for TOWS,,,SHELDON POINT,AK,99666,,158,116,00,8238,0,4961,"Scammon Bay, AK",,,,,0,,,,,,,"Gasoline, Jet Fuel, Kerosene | Distillate,Residual & Other Fuel Oils; Lube Oil & Greases | Petroleum Products NEC | Forest Products, Lumber, Logs, Woodchips | Building Cement & Concrete; Lime; Glass | Primary Non-Ferrous Metal Products;Fabricated Metal Pr",,,,,,,,,,,,01-JAN-1990,-165.585732,61.8461070000001
2037,60.551428,-165.273993,97660-200,01X6,2216,OOK,TUNUNAK VILLAGE,Dock,Validated for TOWS,,,TOKSOOK BAY,AK,99637,Bethel,50,112,00,8233,0,4964,"Nelson Island and Baird Inlet, AK",,,,,0,,,,,,,"Gasoline, Jet Fuel, Kerosene | Distillate,Residual & Other Fuel Oils; Lube Oil & Greases | Petroleum Products NEC | Primary Non-Ferrous Metal Products;Fabricated Metal Prods. | Other Agricultural Products; Food and Kindred Products | All Manufactured Equi",,,,,,,,,,,,01-JAN-1990,-165.273993,60.551428
2038,60.551428,-165.273993,97660-300,01X7,2217,OOK,TOKSOOK VILLAGE,Dock,Validated for TOWS,,,TOKSOOK BAY,AK,99637,Bethel,50,112,00,8233,0,4964,"Nelson Island and Baird Inlet, AK",,,,,0,,,,,,,"Gasoline, Jet Fuel, Kerosene | Distillate,Residual & Other Fuel Oils; Lube Oil & Greases | Petroleum Products NEC | Forest Products, Lumber, Logs, Woodchips | Building Cement & Concrete; Lime; Glass | Primary Non-Ferrous Metal Products;Fabricated Metal Pr",,,,,,,,,,,,01-JAN-1990,-165.273993,60.551428
2039,60.551428,-165.273993,97660-400,01X8,2218,OOK,NIGHTMUTE VILLAGE,Dock,Validated for TOWS,,,TOKSOOK BAY,AK,99637,Bethel,50,112,00,8233,0,4964,"Nelson Island and Baird Inlet, AK",,,,,0,,,,,,,"Gasoline, Jet Fuel, Kerosene | Distillate,Residual & Other Fuel Oils; Lube Oil & Greases | Forest Products, Lumber, Logs, Woodchips | Building Cement & Concrete; Lime; Glass | Primary Non-Ferrous Metal Products;Fabricated Metal Prods. | All Manufactured E",,,,,,,,,,,,01-JAN-1990,-165.273993,60.551428
2040,60.551428,-165.273993,97660-600,01XA,2220,OOK,NEWTOK VILLAGE,Dock,Validated for TOWS,,,TOKSOOK BAY,AK,99637,Bethel,50,112,00,8233,0,4964,"Nelson Island and Baird Inlet, AK",,,,,0,,,,,,,"Gasoline, Jet Fuel, Kerosene | Distillate,Residual & Other Fuel Oils; Lube Oil & Greases",,,,,,,,,,,,01-JAN-1990,-165.273993,60.551428
2041,60.551428,-165.273993,97660-700,01XB,2221,OOK,CHEFORNAK,Dock,Validated for TOWS,,,TOKSOOK BAY,AK,99637,Bethel,50,112,00,8233,0,4964,"Nelson Island and Baird Inlet, AK",,,,,0,,,,,,,"Gasoline, Jet Fuel, Kerosene | Distillate,Residual & Other Fuel Oils; Lube Oil & Greases | Other Chemicals and Related Products | Other Agricultural Products; Food and Kindred Products",,,,,,,,,,,,01-JAN-1990,-165.273993,60.551428
2042,64.680343,-163.406649,97690-400,01Y0,2244,ELI,WHITE MOUNTAIN VILLAGE,Dock,Validated for TOWS,,,ELIM,AK,99739,Nome,180,113,00,8254,110,4888,"Norton Sound, AK",,,,,110,,,,,,,"Gasoline, Jet Fuel, Kerosene | Distillate,Residual & Other Fuel Oils; Lube Oil & Greases | Primary Non-Ferrous Metal Products;Fabricated Metal Prods.",,,,,,,,,,,,01-JAN-1990,-163.406649,64.6803430000001
2045,61.527779,-165.584705,97670-400,01XF,2225,HPB,CHEVAK,Dock,Validated for TOWS,,,HOOPER BAY,AK,99604,,158,116,00,8235,0,4962,"Hooper Bay, AK",,,,,0,,,,,,,"Gasoline, Jet Fuel, Kerosene | Distillate,Residual & Other Fuel Oils; Lube Oil & Greases | Petroleum Products NEC | Forest Products, Lumber, Logs, Woodchips | Iron Ore and Iron & Steel Waste & Scrap | Building Cement & Concrete; Lime; Glass | Primary Non-",,,,,,,,,,,,01-JAN-1990,-165.584705,61.5277790000001
2046,64.788,-161.666666,97690-600,01Y3,2247,ELI,KWIK VILLAGE,,Validated for TOWS,,,ELIM,AK,99739,Nome,180,113,00,8254,125,4888,"Norton Sound, AK",,,,,125,,,,,,,,,,,,,,,,,,,01-JAN-1990,-161.666666,64.7880000000001
2047,64.929396,-161.163265,97690-650,01Y4,2248,KKA,KOYUK VILLAGE,Dock,Validated for TOWS,,,KOYUK,AK,99753,Nome,180,113,00,8254,143,4888,"Norton Sound, AK",,,,,143,,,,,,,"Gasoline, Jet Fuel, Kerosene | Distillate,Residual & Other Fuel Oils; Lube Oil & Greases | Petroleum Products NEC | Forest Products, Lumber, Logs, Woodchips | Building Cement & Concrete; Lime; Glass | All Manufactured Equipment, Machinery and Products",,,,,,,,,,,,01-JAN-1990,-161.163265,64.9293960000001
2048,63.629739,-167.011443,97690-100,01XK,2229,TLA,ANCHORAGE,Anchorage,Validated for TOWS,,,TELLER,AK,99778,Nome,180,112,00,8254,0,4888,"Norton Sound, AK",,,,,0,,,,,,,"Gasoline, Jet Fuel, Kerosene | Distillate,Residual & Other Fuel Oils; Lube Oil & Greases",,,,,,,,,,,,01-JAN-1990,-167.011443,63.629739
2049,64.546103,-163.034812,97690-350,01XY,2242,WMO,"GOLOVIN VILLAGE, ALASKA",Dock,Validated for TOWS,,,WHITE MOUNTAIN,AK,99784,Nome,180,113,00,8254,80,4888,"Norton Sound, AK",,,,,80,,,,,,,"Gasoline, Jet Fuel, Kerosene | Distillate,Residual & Other Fuel Oils; Lube Oil & Greases | Petroleum Products NEC | Forest Products, Lumber, Logs, Woodchips | Building Cement & Concrete; Lime; Glass | All Manufactured Equipment, Machinery and Products",,,,,,,,,,,,01-JAN-1990,-163.034812,64.5461030000001
2050,63.779896,-171.741111,97692-220,02AT,2679,GAM,"GAMBELL, AK ANCHORAGE",Anchorage,Validated for TOWS,,,GAMBELL,AK,99742,Nome,180,112,00,8256,0,4971,"St. Lawrence Island, AK",,,,,0,,,,,,,"Gasoline, Jet Fuel, Kerosene | Distillate,Residual & Other Fuel Oils; Lube Oil & Greases | Forest Products, Lumber, Logs, Woodchips | Building Cement & Concrete; Lime; Glass | All Manufactured Equipment, Machinery and Products",,,,,,,,,,,,01-JAN-1990,-171.741111,63.7798960000001
2051,64.61603,-162.259135,97690-450,01Y1,2245,ELI,ELIM VILLAGE,Dock,Validated for TOWS,,,ELIM,AK,99739,Nome,180,113,00,8254,120,4888,"Norton Sound, AK",,,,,120,,,,,,,"Gasoline, Jet Fuel, Kerosene | Distillate,Residual & Other Fuel Oils; Lube Oil & Greases | Petroleum Products NEC | Forest Products, Lumber, Logs, Woodchips | Building Cement & Concrete; Lime; Glass | All Manufactured Equipment, Machinery and Products",,,,,,,,,,,,01-JAN-1990,-162.259135,64.6160300000001
2052,64.697686,-162.030949,97690-500,01Y2,2246,ELI,MOSES POINT VILLAGE,,Validated for TOWS,,,ELIM,AK,99739,Nome,180,113,00,8254,122,4888,"Norton Sound, AK",,,,,122,,,,,,,"Distillate,Residual & Other Fuel Oils; Lube Oil & Greases",,,,,,,,,,,,01-JAN-1990,-162.030949,64.697686
2053,60.869169,-161.237942,96460-102,02DK,2773,AKI,TULUKSAK,Dock,Validated for TOWS,,,AKIAK,AK,99552,Bethel,50,112,00,8243,123,4819,"Kuskokwim River, AK",,,,,123,,,,,,,"Gasoline, Jet Fuel, Kerosene | Petroleum Products NEC | Forest Products, Lumber, Logs, Woodchips | Sand, Gravel, Stone, Rock, Limestone, Soil, Dredged Material | Building Cement & Concrete; Lime; Glass | Primary Iron and Steel Products (Ingots,Bars,Rods,e",,,,,,,,,,,,01-JAN-1990,-161.237942,60.8691690000001
2054,61.211272,-160.753858,96460-111,02DL,2774,TLT,LOWER KALSAG VILLAGE,Dock,Validated for TOWS,,,TULUKSAK,AK,99679,Bethel,50,112,00,8243,165,4819,"Kuskokwim River, AK",,,,,165,,,,,,,Primary Non-Ferrous Metal Products;Fabricated Metal Prods.,,,,,,,,,,,,01-JAN-1990,-160.753858,61.2112720000001
2055,64.124913,-161.307454,97690-690,01Y5,2249,ELI,BESBORO ISLAND,,Validated for TOWS,,,ELIM,AK,99739,Nome,180,113,00,8254,118,4888,"Norton Sound, AK",,,,,118,,,,,,,,,,,,,,,,,,,01-JAN-1990,-161.307454,64.124913
2056,64.347978,-161.183192,97690-700,01Y6,2250,ELI,SHAKTOOLIK VILLAGE,Dock,Validated for TOWS,,,ELIM,AK,99739,Nome,180,113,00,8254,120,4888,"Norton Sound, AK",,,,,120,,,,,,,"Gasoline, Jet Fuel, Kerosene | Distillate,Residual & Other Fuel Oils; Lube Oil & Greases",,,,,,,,,,,,01-JAN-1990,-161.183192,64.3479780000001
2057,63.47667,-162.02778,97690-775,01Y8,2252,,"YUTANA BARGE LINES, ST. MICHAELS DK",Dock,Validated for TOWS,,,SAINT MICHAEL,AK,99659,Nome,180,112,00,8254,100,4888,"Norton Sound, AK",,,,,100,,,,,,,"Gasoline, Jet Fuel, Kerosene | Distillate,Residual & Other Fuel Oils; Lube Oil & Greases | Petroleum Products NEC | All Manufactured Equipment, Machinery and Products",,,,,,,,,,,,01-JAN-1990,-162.02778,63.4766700000001
2058,63.519975,-162.289535,97690-800,01Y9,2253,WMO,STEBBINS VILLAGE,Dock,Validated for TOWS,,,WHITE MOUNTAIN,AK,99784,Nome,180,113,00,8254,85,4888,"Norton Sound, AK",,,,,85,,,,,,,"Gasoline, Jet Fuel, Kerosene | Distillate,Residual & Other Fuel Oils; Lube Oil & Greases | Petroleum Products NEC | All Manufactured Equipment, Machinery and Products",,,,,,,,,,,,01-JAN-1990,-162.289535,63.519975
2059,60.780241,-161.637008,96460-072,02DG,2770,BET,KWETHLUK VILLAGE,Dock,Validated for TOWS,,,BETHEL,AK,99559,Bethel,50,112,00,8243,85,4819,"Kuskokwim River, AK",,,,,85,,,,,,,"Gasoline, Jet Fuel, Kerosene | Forest Products, Lumber, Logs, Woodchips | Sand, Gravel, Stone, Rock, Limestone, Soil, Dredged Material | Building Cement & Concrete; Lime; Glass | Primary Iron and Steel Products (Ingots,Bars,Rods,etc.) | Primary Non-Ferrou",,,,,,,,,,,,01-JAN-1990,-161.637008,60.780241
2060,60.816549,-161.548686,96460-081,02DH,2771,KWT,AKIACHAK VILLAGE,Dock,Validated for TOWS,,,KWETHLUK,AK,99621,Bethel,50,112,00,8243,93,4819,"Kuskokwim River, AK",,,,,93,,,,,,,"Gasoline, Jet Fuel, Kerosene | Other Chemicals and Related Products | Forest Products, Lumber, Logs, Woodchips | Sand, Gravel, Stone, Rock, Limestone, Soil, Dredged Material | Building Cement & Concrete; Lime; Glass | Primary Iron and Steel Products (Ingo",,,,,,,,,,,,01-JAN-1990,-161.548686,60.8165490000001
2061,60.834719,-161.446338,96460-091,02DJ,2772,KWT,AKIAK,Dock,Validated for TOWS,,,KWETHLUK,AK,99621,Bethel,50,112,00,8243,105,4819,"Kuskokwim River, AK",,,,,105,,,,,,,"Gasoline, Jet Fuel, Kerosene | Other Chemicals and Related Products | Forest Products, Lumber, Logs, Woodchips | Sand, Gravel, Stone, Rock, Limestone, Soil, Dredged Material | Building Cement & Concrete; Lime; Glass | Primary Iron and Steel Products (Ingo",,,,,,,,,,,,01-JAN-1990,-161.446338,60.8347190000001
2062,61.906456,-157.772547,96460-201,02DY,2786,RDV,STONY CREEK VILLAGE,Dock,Validated for TOWS,,,RED DEVIL,AK,99656,Bethel,50,112,00,8243,360,4819,"Kuskokwim River, AK",,,,,360,,,,,,,"Building Cement & Concrete; Lime; Glass | Primary Iron and Steel Products (Ingots,Bars,Rods,etc.) | All Manufactured Equipment, Machinery and Products",,,,,,,,,,,,01-JAN-1990,-157.772547,61.906456
2219,58.84337,-160.20278,96100-250,0P9P,26917,KFP,SUMMIT ISLAND,Dock,Validated for TOWS,,,FALSE PASS,AK,99583,Aleutians East,13,116,00,8192,0,4945,"False Pass Harbor, AK",,,,,0,,,,,,,"Gasoline, Jet Fuel, Kerosene | Distillate,Residual & Other Fuel Oils; Lube Oil & Greases | Primary Non-Ferrous Metal Products;Fabricated Metal Prods.",,,,,,,,,,,,07-JUL-2003,-160.20278,58.84337
2235,59.604444,-151.41833,95220-400,0TKX,31889,HOM,"Homer Small Boat Harbor, North Fuel Float.",Dock,Validated for Public,"North side of Kachemak Bay, Homer, at lower portion of northeast side of Small-Boat Harbor.",,Homer,AK,99603,Kenai Peninsula,122,112,00,8127,,4844,"Homer Harbor, AK",4830.00,"Homer, AK",,,,,,"Current Owner and Operator: Harbor Enterprises, Inc. dba Petro Marine Services. Phone: 907-235-8818/4071 FAX: 907/235-2144",Fueling vessels.,"Via Freight Dock Road, asphalt-and-unimproved, various widths; from Homer Spit Road and Sterling Highway (State Highway 1), dual lanes, each asphalt, various widths.",None.,,Timber float moored to steel piles with 70- by 4-foot steel-ramp approach.,None.,"One 3- and two 2-inch pipelines extend to float from three steel storage tanks at rear; total capacity 4,500 barrels.  Float, operated only during the summer months, has eight fueling stations.",MLLW (Mean Lower Low Water),20,20,178,178,,,Child,01-JAN-1990,-151.41833,59.6044440000001
2236,61.125833,-146.34944,95130-205,0TL0,31892,VDZ,"City of Valdez Small Boat Harbor, Tour and Fuel Floats.",Dock,Validated for Public,"Northerly shore of Port Valdez, at northwest side of Small-Boat Harbor.",105 Airport Road,Valdez,AK,99686,Valdez-Cordova,261,112,00,8081,,4818,"Valdez Harbor (Small Boat Harbor), AK",4816.00,"Valdez, AK",,,,,Current Operator: City of Valdez and Valdez Fuel Co. Phone: 907-835-4558 FAX: 907/835-3718,Current Owner: State of Alaska and City of Valdez.,Mooring commercial-and-excursion vessels and recreational craft; fueling small vessels.,"Via North Harbor Drive, unpaved, various widths; from Meals Avenue, dual lane, each asphalt, 30 feet wide.",None.,,"One 150- by 8-foot concrete float at inner end of tour float, with floats moored to timber-and-steel piles with two steel-ramp approaches.",None.,"City of Valdez:  Wharf has six fueling stations.
Valdez Fuel Co.:  Two 2-inch pipelines extend from wharf 
to two steel storage tanks at rear; total capacity 
350 barrels.",MLLW (Mean Lower Low Water),12,12,350,430,,,Child,01-JAN-1990,-146.34944,61.1258330000001
2237,61.126667,-146.34694,95130-205,0TL1,31893,VDZ,"City of Valdez Small Boat Harbor, Floats A - K.",Dock,Validated for Public,"Northerly shore of Port Valdez, at north side of Small-Boat Harbor.",,Valdez,AK,99686,Valdez-Cordova,261,112,00,8081,,4818,"Valdez Harbor (Small Boat Harbor), AK",4816.00,"Valdez, AK",,,,,Current Operator: City of Valdez. Phone: 907-835-4981 FAX: 907/835-2958,Current Owner: State of Alaska and City of Valdez.,Mooring commercial vessels and recreational craft.,"Via North Harbor Drive, unpaved, various widths; from Meals Avenue, dual lane, each asphalt, 30 feet wide.",None.,,"Eleven parallel timber-and-concrete floats with one 
795- by 10-foot and one 320 + 120- by 8- to 10-foot longitudinal floats with five approach ramps at north side of basin. Timber piers for vertical-boat-lift are  located between the two longitudinal floats. ","One 60-ton, gasoline-hydraulic mobile-vertical-boat-lift.","Small-boat harbor has capacity for mooring approximately five-hundred-and-ten vessels.  Entrance channel to harbor is 120 feet wide. 
Floats D and E are 337.5- and 375- by 10-foot with 32-foot stalls; Float F is 344- by 6-foot with 24-foot stalls; Float G is 296- by 6-foot with 24-foot stalls; Float H is 340- by 8-foot with 50-foot stalls; Float I is 350- by 6-foot with 40-foot stalls; and Floats J and K are each 350- by 8-foot with 30-foot stalls.  ",MLLW (Mean Lower Low Water),12,12,50,20400,,,Child,01-JAN-1990,-146.34694,61.1266670000001
2238,61.089167,-146.39555,95130-310,0TL3,31895,VDZ,"Alyeska Pipeline Marine Terminal, Berth No. 4.",Dock,Validated for Public,"South shore of Port Valdez, between Jackson Point and Saw Island.",,Valdez,AK,,Valdez-Cordova,261,112,00,8081,,4816,"Valdez, AK",4816.00,"Valdez, AK",,,,,,Current Owner and Operator: Alyeska Pipeline Service Co. Phone: 907/834-7315 FAX: 907/834-6288,Shipment of crude oil.,"Via Port Valdez Drive, dual lane, each asphalt, 
30 feet wide; from Dayville Road, asphalt, 30 feet wide; and Richardson Highway (State Highway 4), dual lane, each asphalt, various widths.",None.,Crude Petroleum,"Steel pile, concrete-decked offshore wharf with four steel pile, concrete-decked breasting platforms in line with face; and six concrete-capped steel-pile mooring dolphins 150 feet in rear of line of face, connected by steel-truss grating-decked walkways.  Wharf, fronted by rubber-cushioned timber-fender system, has a 1,180- by 25-foot approach.","Four 16-inch, swivel-jointed pipeline-loading arms; and two 16-inch vapor arms.","One 48-inch crude oil; one 42-inch ballast; and one 24-inch vapor-recovery pipelines on wharf connect with appropriate tankage described under company-owned Berth 1 (Ref. 
No. 34).  Wharf has a 12-foot-wide roadway approach.",MLLW (Mean Lower Low Water),90,90,1380,1380,38,38,Child,01-JAN-1990,-146.39555,61.089167
2239,61.09,-146.40361,95130-310,0TL4,31896,VDZ,"Alyeska Pipeline Marine Terminal, Berth No. 5.",Dock,Validated for Public,"Southerly shore of Port Valdez, at east side of Saw Island.",,Valdez,AK,,Valdez-Cordova,261,112,00,8081,,4816,"Valdez, AK",4816.00,"Valdez, AK",,,,,,Current Owner and Operator: Alyeska Pipeline Service Co. Phone: 907/834-7315 FAX: 907/834-6288,Shipment of crude oil.,"Via Port Valdez Drive, dual lane, each asphalt, 
30 feet wide; from Dayville Road, asphalt, 30 feet wide; and Richardson Highway (State Highway 4), dual lane, each asphalt, various widths.",None.,Crude Petroleum,"Steel pile, concrete-decked offshore wharf with four steel pile, concrete-decked breasting platforms in line with face; and four steel pile, concrete-decked mooring dolphins approximately 150 feet at rear of line of face, all connected by steel-truss grating-decked walkways. Wharf, fronted by rubber-cushioned timber-fender system, has a 1,500- by 25-foot approach.","Four 16-inch, swivel-jointed pipeline loading arms and two 16-inch vapor arms.","Wharf is in line and contiguous with west side of adja- cent, company-owned Berth 4 (Ref. No. 38) providing for a total of 2,765 feet of continuous berthing space.  One 48-inch crude oil; one 42-inch ballast; and one 26-inch vapor-recovery pipelines on wharf connect with appro- priate tankage described under company-owned Berth 1 (Ref. No. 34). Wharf has a 12-foot-wide roadway approach. ",MLLW (Mean Lower Low Water),85,85,1385,1385,38,38,Child,01-JAN-1990,-146.40361,61.09
2245,60.119444,-149.43805,95180-400,0TV0,32198,SWD,"City of Seward, Small Boat Harbor Floats.",Dock,Validated for Public,"Northwesterly corner of Resurrection Bay, Seward.",,Seward,AK,99664,Kenai Peninsula,122,112,00,8155,,4930,"Seward Harbor, AK",4907.00,"Seward, AK",,,,,Current Operator: U.S. Coast Guard,Current Owner and Operator: City of Seward. Phone: 907/224-3138 FAX: 907/224-7187,"Mooring commercial vessels, recreational craft, excursion vessels, tugs, and U. S. Coast Guard vessels.
USCGC Mustang Draft 6.5 feet","Via Fourth Avenue, asphalt, 20 feet wide.",None.,,"Ten parallel steel-and-concrete floats:  four at south section extending from 440- by 8-foot longitudinal float; and six at north section extending from 680- by 10-foot float. Longitudinal floats are in line, with two approach ramps at south float, three approach ramps at west side of basin, and two timber-boat ramps at southwest corner of Small-Boat Harbor.",None.,"Small-Boat Harbor has capacity for mooring approximately six-hundred-and-fifty vessels with 120-foot-wide entrance channel at 15-foot depth.
Floats A, B, C, and D are all at south section, with  south longitudinal float at 17-foot stalls:  Float A is 362- by 10-foot with 23-foot stalls; Float B is 462- by 10-foot with 32-foot stalls; Float C is 500- by 10-foot with 32-foot stalls; and Float D is 600- by 10-foot with 40-foot stalls.
Floats E, F, H, J, K, and L are all at north section:  
Float E is 664- by 12-foot with 50-, 75-, and 90-foot stalls; Float F is 632- by 10-foot with 50-foot stalls on north side; Float H is 633- by 10-foot with 40-foot stalls; Float J is 378- by 10-foot with 32-foot stalls; Float K is 357- by 8-foot; and Float L is 125- by 10-foot. U.S. Coast Guard Cutter ""Mustang"" moors at Float F.",MLLW (Mean Lower Low Water),12,12,75,26000,,,Child,01-JAN-1990,-149.43805,60.119444
2246,59.603889,-151.41722,95220-400,0TV1,32199,HOM,"City of Homer Small Boat Harbor, South Fuel Float.",Dock,Validated for Public,"North side of Kachemak Bay, Homer, at southeast side of Small-Boat Harbor.",,Homer,AK,99603,Kenai Peninsula,122,112,00,8127,,4844,"Homer Harbor, AK",4830.00,"Homer, AK",,,,,,"Current Owner and Operator: Harbor Enterprises, Inc., dba Petro Marine Services. Phone: 907-235-8818 FAX: 907/235-2144",Fueling vessels.,"Via Fish Dock Road, asphalt-and-gravel, 24 feet wide; from Homer Spit Road, asphalt, various widths; and Sterling Highway (State Highway 1), dual lane, each asphalt, various widths.",None.,,"Concrete-capped steel float moored to steel piles with 
80- by 3-foot steel ramp.",None.,Three 3-inch pipelines extend to float from two steel stor- age tanks at rear; total capacity 950 barrels.  Float has twelve fueling stations.,MLLW (Mean Lower Low Water),20,20,120,120,,,Child,01-JAN-1990,-151.41722,59.603889
2301,53.922832,-166.641192,96080-305,02H6,2896,DUT,BROAD BAY,Open Water,Validated for TOWS,,,DUTCH HARBOR,AK,99692,Aleutians West,16,112,00,8196,0,4947,"Unalaska Channels, AK",4939.00,"Unalaska Island, AK",,,0,,,,,,,,,,,,,,,,,,,17-JUL-1992,-166.641192,53.922832
2553,61.299702,-160.64252,96460-121,02DM,2775,TLT,KALSAG VILLAGE,Dock,Validated for TOWS,,,TULUKSAK,AK,99679,Bethel,50,112,00,8243,178,4819,"Kuskokwim River, AK",,,,,178,,,,,,,"Gasoline, Jet Fuel, Kerosene | Distillate,Residual & Other Fuel Oils; Lube Oil & Greases | Forest Products, Lumber, Logs, Woodchips | Sand, Gravel, Stone, Rock, Limestone, Soil, Dredged Material | Building Cement & Concrete; Lime; Glass | Primary Iron and",,,,,,,,,,,,01-JAN-1990,-160.64252,61.2997020000001
2554,61.421382,-160.557824,96460-122,02DN,2776,,"BIRCHTREE, AK",Dock,Validated for TOWS,,,LOWER KALSKAG,AK,99626,Bethel,50,112,00,8243,194,4819,"Kuskokwim River, AK",,,,,194,,,,,,,"Sand, Gravel, Stone, Rock, Limestone, Soil, Dredged Material | All Manufactured Equipment, Machinery and Products",,,,,,,,,,,,01-JAN-1990,-160.557824,61.4213820000001
2555,62.092265,-156.202293,96460-211,02E1,2789,TCT,STERLING LANDING VILLAGE,Dock,Validated for TOWS,,,TAKOTNA,AK,99675,Yukon-Koyukuk,290,112,00,8243,473,4819,"Kuskokwim River, AK",,,,,473,,,,,,,"Gasoline, Jet Fuel, Kerosene | Petroleum Products NEC | Fertilizers | Other Chemicals and Related Products | Forest Products, Lumber, Logs, Woodchips | Building Cement & Concrete; Lime; Glass | Primary Iron and Steel Products (Ingots,Bars,Rods,etc.) | Pri",,,,,,,,,,,,01-JAN-1990,-156.202293,62.0922650000001
2556,61.550154,-160.122811,96460-142,02DR,2779,KLG,CHAUTHBALUK BEACH,Dock,Validated for TOWS,,,KALSKAG,AK,99607,Bethel,50,112,00,8243,222,4819,"Kuskokwim River, AK",,,,,222,,,,,,,"Gasoline, Jet Fuel, Kerosene | Distillate,Residual & Other Fuel Oils; Lube Oil & Greases | Petroleum Products NEC | Forest Products, Lumber, Logs, Woodchips | Sand, Gravel, Stone, Rock, Limestone, Soil, Dredged Material | Building Cement & Concrete; Lime;",,,,,,,,,,,,01-JAN-1990,-160.122811,61.5501540000001
2557,61.562224,-159.756336,96460-151,02DS,2780,KLG,NAPAMUTE VILLAGE,Dock,Validated for TOWS,,,KALSKAG,AK,99607,Bethel,50,112,00,8243,240,4819,"Kuskokwim River, AK",,,,,240,,,,,,,"Gasoline, Jet Fuel, Kerosene | Distillate,Residual & Other Fuel Oils; Lube Oil & Greases | Forest Products, Lumber, Logs, Woodchips | Primary Non-Ferrous Metal Products;Fabricated Metal Prods. | Primary Wood Products; Veneer; Plywood | All Manufactured Eq",,,,,,,,,,,,01-JAN-1990,-159.756336,61.5622240000001
2558,61.619936,-158.929894,96460-161,02DT,2781,ANI,CROAKED CREEK VILLAGE,Dock,Validated for TOWS,,,ANIAK,AK,99557,Bethel,50,112,00,8243,280,4819,"Kuskokwim River, AK",,,,,280,,,,,,,"Distillate,Residual & Other Fuel Oils; Lube Oil & Greases | Other Chemicals and Related Products | Forest Products, Lumber, Logs, Woodchips | Building Cement & Concrete; Lime; Glass | Primary Non-Ferrous Metal Products;Fabricated Metal Prods. | Primary Wo",,,,,,,,,,,,01-JAN-1990,-158.929894,61.6199360000001
2559,61.763554,-158.168551,96460-170,02DU,2782,CKD,RED DEVIL BEACH,Dock,Validated for TOWS,,,CROOKED CREEK,AK,99575,Bethel,50,112,00,8243,324,4819,"Kuskokwim River, AK",,,,,324,,,,,,,"Gasoline, Jet Fuel, Kerosene | Forest Products, Lumber, Logs, Woodchips | Building Cement & Concrete; Lime; Glass | Primary Non-Ferrous Metal Products;Fabricated Metal Prods. | All Manufactured Equipment, Machinery and Products",,,,,,,,,,,,01-JAN-1990,-158.168551,61.7635540000001
2560,61.763554,-158.168551,96460-171,02DV,2783,CKD,GEORGETOWN VILLAGE,Dock,Validated for TOWS,,,CROOKED CREEK,AK,99575,Bethel,50,112,00,8243,324,4819,"Kuskokwim River, AK",,,,,324,,,,,,,"Forest Products, Lumber, Logs, Woodchips | Building Cement & Concrete; Lime; Glass | Primary Non-Ferrous Metal Products;Fabricated Metal Prods. | All Manufactured Equipment, Machinery and Products",,,,,,,,,,,,01-JAN-1990,-158.168551,61.7635540000001
2595,55.420348,-133.218115,93827-100,0169,1369,,PRINCE WALES ISLAND,Dock,Validated for TOWS,,,,AK,,Prince of Wales-Outer Ketchikan,201,113,00,8085,133,4865,"Prince of Wales Is. West Side, AK",,,,,133,,,,,,,"Gasoline, Jet Fuel, Kerosene | Distillate,Residual & Other Fuel Oils; Lube Oil & Greases",,,,,,,,,,,,11-APR-1991,-133.218115,55.420348
2624,53.857453,-166.557164,96080-317,0UPN,33172,UAA,"WESTWARD SEAFOODS, UNALASKA DOCK",Dock,Validated for TOWS and Public,"Easterly shore of Captain's Bay, Unalaska, approxi- mately 1.2 miles south of Unalaska-Amaknak Island Bridge.",,Unalaska,AK,,Aleutians West,16,116,00,8196,0,4947,"Unalaska Channels, AK",4939.00,"Unalaska Island, AK",,,0,,"Current Operator: Westward Seafoods, Inc. and North Pacific Fuel. Phone: 907-581-1660 FAX: 907/581-1293","Current Owner: Westward Seafoods, Inc.",Receipt of seafood and petroleum products; handling supplies and equipment for fishing vessels; and fueling fishing vessels.,"Via Captain's Bay Road, gravel, 20 feet wide; from Unalaska-Amaknak Island Bridge.",None.,"Petroleum and Petroleum Products | Gasoline, Jet Fuel, Kerosene | Distillate,Residual & Other Fuel Oils; Lube Oil & Greases | Sulphur (Dry), Clay & Salt | Paper & Allied Products | Primary Non-Ferrous Metal Products;Fabricated Metal Prods. | Fish | All Ma","Part steel-sheet-pile cellular bulkhead with concrete- surfaced solid fill at part steel pile, concrete-decked offshore wharf with three breasting dolphins in line with face, connected by 3-foot-wide steel catwalks.  Wharf, fronted by rubber-cushioned timber-fender system, has one 60- by 24-foot approach. ","Five 1 1/2-ton, electric-hydraulic derricks. Open storage area serves approximately fifteen 1 1/2- to 5-ton forklift trucks.","Westward Seafoods, Inc.:  Seafood-processing plant is located at rear.
North Pacific Fuel: One 6-inch petroleum-product pipeline extends from wharf to two steel storage tanks located at rear; total capacity 24,000 barrels.  Wharf serves one 6-inch fuel-oil pipeline.",MLLW (Mean Lower Low Water),35,45,1110,1110,15,15,,01-JAN-1990,-166.557164,53.8574530000001
2638,58.291667,-134.39472,94811-201,0U6C,32584,JNU,"FRANKLIN SOUTH DOCK, PRINCESS CRUISES, JUNEAU",Dock,Validated for TOWS and Public,"Easterly bank of Gastineau Channel, Juneau,  approximately 1.3 miles below Juneau-Douglas Bridge.",,Juneau,AK,99801,Juneau,110,112,00,8071,0,4810,"Juneau Harbor, AK",4823.00,"Juneau, AK",,,0,East,Current Operator: Princess Cruises. Phone: 907-463-3900,Current Owner: Franklin Dock Enterprises.,Mooring cruise vessels.,"Via Thane Road, asphalt, 24 feet wide.",None.,,"Steel pile, concrete-decked offshore wharf with row of steel-pile mooring dolphins on each side at rear of face, connected by 3-foot-wide steel catwalks at rear of dolphins. Wharf has one 60- by 25-foot approach.",None.,-,MLLW (Mean Lower Low Water),30,30,960,960,24,24,,01-JAN-1990,-134.39472,58.2916670000001
2694,55.129719,-131.57169,93807-171,01HM,1755,MTM,ANNETTE BAY (PACKING) DOCK,Dock,Validated for TOWS,,,METLAKATLA,AK,99926,Prince of Wales-Outer Ketchikan,201,116,00,8102,0,4832,"Metlakatla Harbor, AK",4878.00,"Metlakatla, AK",,,0,,,,,,,"Gasoline, Jet Fuel, Kerosene | Distillate,Residual & Other Fuel Oils; Lube Oil & Greases",,,,,,,,,,,,31-MAR-1992,-131.57169,55.1297190000001
2700,53.88684,-166.57159,96080-300,02H5,2895,DUT,SUMMER'S BAY ANCHORAGE,Anchorage,Validated for TOWS,,,DUTCH HARBOR,AK,99692,Aleutians West,16,116,00,8196,0,4947,"Unalaska Channels, AK",4939.00,"Unalaska Island, AK",,,0,,,,,,,"Other Chemicals and Related Products | Paper & Allied Products | Primary Non-Ferrous Metal Products;Fabricated Metal Prods. | Fish | All Manufactured Equipment, Machinery and Products",,,,,,,,,,,,03-MAY-1991,-166.57159,53.8868400000001
2715,53.892466,-166.543593,96080-215,026Q,2540,DUT,BEAVER INLET,Dock,Validated for TOWS,,,DUTCH HARBOR,AK,99692,Aleutians West,16,112,00,8196,0,4947,"Unalaska Channels, AK",4939.00,"Unalaska Island, AK",,,0,,,,,,,"Distillate,Residual & Other Fuel Oils; Lube Oil & Greases | Forest Products, Lumber, Logs, Woodchips | Sulphur (Dry), Clay & Salt | Paper & Allied Products | Primary Non-Ferrous Metal Products;Fabricated Metal Prods. | Fish | Other Agricultural Products; ",,,,,,,,,,,,05-SEP-1991,-166.543593,53.8924660000001
2998,59.03944,-158.47778,96390-110,0RD3,29345,CLP,"CITY OF DILLINGHAM, SMALL BOAT HARBOR FLOATS & WHARF",Dock,Validated for TOWS,,,CLARKS POINT,AK,99569,Dillingham,70,112,00,8314,0,4846,"Dillingham Harbor, AK",4875.00,"Dillingham, AK",,,0,,,,,,,,,,,,,,,,,,Parent,01-JAN-1990,-158.47778,59.0394400000001
2999,59.036667,-158.4675,96390-111,0UVS,33380,DLG,PETER PAN SEAFOODS DILLINGHAM WHARF,Dock,Validated for TOWS and Public,"Northerly shore of Nushagak Bay, Dillingham, at west side of Scandinavian Creek, approximately 1,800 feet east of Small-Boat Harbor.",1 Denny Street.,Dillingham,AK,,Dillingham,70,112,00,8314,0,4846,"Dillingham Harbor, AK",4875.00,"Dillingham, AK",,,0,,,"Current Owner and Operator: Peter Pan Seafoods, Inc. Phone: 907-842-5415 FAX: 907-842-5992",Receipt of seafood; and handling supplies and equipment for fishing vessels.,"Via Denny Street, unpaved, 15 feet wide; from Main Street, asphalt, 24 feet wide.",None.,"Gasoline, Jet Fuel, Kerosene | Distillate,Residual & Other Fuel Oils; Lube Oil & Greases | Fish","Timber pile, timber-decked wharf.","One 16-ton, fixed hydraulic crane with 20-foot boom; and one 5-ton, electric-hydraulic crane with 47-foot boom both unload material into hopper served by conveyors extending to open storage area in rear.  Open storage area serves twelve 2- to 4-ton forklift trucks.",Seafood-processing plant is located at rear.,MLLW (Mean Lower Low Water),2,2,300,300,15,15,,01-JAN-1990,-158.4675,59.0366670000001
3059,62.657878,-159.534474,97649-200,020Y,2344,,SHAGELUK VILLAGE,Dock,Validated for TOWS,,,,AK,,Yukon-Koyukuk,290,113,00,8896,0,4996,"Innoko River, AK (Jct Yukon River)",,,,,0,,,,,,,"Petroleum Products NEC | All Manufactured Equipment, Machinery and Products",,,,,,,,,,,,08-OCT-1991,-159.534474,62.657878
3060,67.188668,-161.870169,98541-200,02BE,2700,OTZ,FOSTER PROPERTY,,Validated for TOWS,,,KOTZEBUE,AK,99752,Northwest Arctic,188,112,00,8895,11,4896,Sealwik River AK (Kotzebue Sound),,,,,11,,,,,,,,,,,,,,,,,,,15-OCT-1991,-161.870169,67.1886680000001
3061,66.609341,-160.015998,98541-010,02BC,2698,OTZ,SELAWIK VILLAGE,Dock,Validated for TOWS,,,KOTZEBUE,AK,99752,Northwest Arctic,188,116,00,8895,1,4896,Sealwik River AK (Kotzebue Sound),,,,,1,,,,,,,"Gasoline, Jet Fuel, Kerosene | Distillate,Residual & Other Fuel Oils; Lube Oil & Greases | Sand, Gravel, Stone, Rock, Limestone, Soil, Dredged Material | All Manufactured Equipment, Machinery and Products",,,,,,,,,,,,15-OCT-1991,-160.015998,66.609341
3062,66.603454,-159.999143,98541-100,02BD,2699,OTZ,SELAWIK AIRPORT,Dock,Validated for TOWS,,,KOTZEBUE,AK,99752,Northwest Arctic,188,116,00,8895,1,4896,Sealwik River AK (Kotzebue Sound),,,,,1,,,,,,,"Gasoline, Jet Fuel, Kerosene | Distillate,Residual & Other Fuel Oils; Lube Oil & Greases",,,,,,,,,,,,15-OCT-1991,-159.999143,66.6034540000001
3245,59.60306,-151.42222,95220-400,0R1F,28949,HOM,CITY OF HOMER SMALL BOAT HARBOR NORTH & SOUTH FUEL FLOAT,Dock,Validated for TOWS,,,HOMER,AK,99603,Kenai Peninsula,122,112,00,8127,0,4844,"Homer Harbor, AK",4830.00,"Homer, AK",,,0,,,,,,,"Gasoline, Jet Fuel, Kerosene | Distillate,Residual & Other Fuel Oils; Lube Oil & Greases",,,,,,,,,,,Parent,01-JAN-1990,-151.42222,59.60306
3246,60.099444,-149.43916,95180-250,0UX9,33431,SWD,"CITY OF SEWARD, FOURTH AVENUE CITY DOCK",Dock,Validated for TOWS and Public,"Northwesterly shore of Resurrection Bay, Seward, at foot of Fourth Avenue.",,Seward,AK,99664,Kenai Peninsula,122,112,00,8155,0,4930,"Seward Harbor, AK",4907.00,"Seward, AK",,,0,,,Current Owner: City of Seward. Phone: 907/224-3138 FAX: 907/224-7187,Not used.,"Via driveway, asphalt, 20 feet wide; from Railway Avenue, dual lane, each asphalt, 24 feet wide.",None.,"Units (Ferried Autos, Passengers, Railway Cars) | Gasoline, Jet Fuel, Kerosene | Distillate,Residual & Other Fuel Oils; Lube Oil & Greases | Petroleum Products NEC | Other Chemicals and Related Products | Forest Products, Lumber, Logs, Woodchips | Buildin",Concrete bulkhead with solid fill at timber-fender piles.,None.,"At time of '93 survey, dock was in use for receipt and shipment of general cargo; and as landing for passenger- and-vehicular ferry, however at time of '04 survey, operation had shut down. When operational, ferries operated from wharf to Cordova, Valdez, Kodiak, and Homer, AK. One 7,000-square-foot steel frame, metal- covered storage shed; and open storage area totaling approximately 3 1/2 acres are located at rear. Also in rear is the Alaska Sea Life Center, Alaskas premier public aquarium and Alaska's only permanent, marine- mammal rehabilitation facility.",MLLW (Mean Lower Low Water),35,35,190,190,17,17,,01-JAN-1990,-149.43916,60.0994440000001
3247,60.776567,-148.683032,95175-225,0UX4,33426,WQF,"STATE OF ALASKA, WHITTIER FERRY TERMINAL SLIP",Dock,Validated for TOWS and Public,"Southwesterly shore, at head of Passage Canal, Whittier, approximately 1,000 feet east of Small- Boat Harbor.",,Whittier,AK,,Valdez-Cordova,261,116,00,8746,0,4822,"Whittier Harbor, AK",4824.00,"Whittier, AK",,,0,,"Current Operator: State of Alaska, Department of Transportation and Public Facilities. Phone: 907/472-2378 FAX: 907/472-2471",Current Owner: State of Alaska.,Landing for passenger-and-vehicular ferry.,"Via road, partially paved, 30 feet wide; from Harbor View Drive, dual lane, each asphalt, various widths.",None.,"Units (Ferried Autos, Passengers, Railway Cars)","Row of three concrete-breasting dolphins connected by steel catwalk extending from inshore side, perpendicular to face of ramp. Wharf, fronted by rubber-cushioned timber fenders, has one 150- by 16-foot steel-approach ramp.",None.,"At time of survey (2002), plans called for construction of another breasting dolphin and extension of the steel catwalk.  Terminal building and unpaved parking area is located at rear.  Ferries operate to Cordova and Valdez, AK.",MLLW (Mean Lower Low Water),18,18,200,200,22,22,,01-JAN-1990,-148.683032,60.7765670000001
3248,57.72639,-152.51833,95351-202,0RDD,29355,KOZ,"U.S. COAST GUARD, INTEGRATED SUPPOR SUPPORT CNT, KODIAK FUEL PIER",Dock,Validated for TOWS,,,OUZINKIE,AK,99644,Kodiak Island,150,112,00,8159,0,4934,"Kodiak Harbor, AK",,,,,0,,,,Mooring of U.S. Coast Guard Vessels.,,,Petroleum and Petroleum Products | Unknown or Not Elsewhere Classified,,,,,,,,,,,Parent,01-JAN-1990,-152.51833,57.72639
3249,61.123611,-146.35722,95130-203,0UBJ,32760,VDZ,"VALDEZ PETROLEUM TERMINAL, VALDEZ WHARF",Dock,Validated for TOWS and Public,"Northerly shore of Port Valdez, approximately 
8 miles above Valdez Narrows and 400 feet west of foot of Hazelet Avenue extended.",,Valdez,AK,99686,Valdez-Cordova,261,112,00,8081,0,4816,"Valdez, AK",4816.00,"Valdez, AK",,,0,,,"Current Owner and Operator: Valdez Petroleum Terminal, Inc. Phone: 907-835-4207 FAX: 907/835-",Shipment of petroleum products; and mooring vessels.,"Via plant road, gravel, 20 feet wide; from Fidalgo Avenue and Meals Avenue, dual lanes, each asphalt, 
24 feet wide.",None.,"Petroleum and Petroleum Products | Gasoline, Jet Fuel, Kerosene | Distillate,Residual & Other Fuel Oils; Lube Oil & Greases | Petroleum Products NEC | Primary Non-Ferrous Metal Products;Fabricated Metal Prods. | All Manufactured Equipment, Machinery and P","Timber pile, timber-decked offshore wharf with one timber- breasting dolphin in line with face on each side.",None.,"Three 8- and two 6-inch petroleum-product pipelines extend from wharf to fifteen steel storage tanks at terminal on West Egan Drive in rear; total capacity 176,225 barrels. Wharf has one 225- by 12-foot approach.",MLLW (Mean Lower Low Water),30,36,275,275,22,22,,01-JAN-1990,-146.35722,61.123611
3324,57.786979,-152.402398,95351-424,0UZ1,33491,ADQ,"STATE OF ALASKA, KODIAK FERRY TERMINAL, CITY PIER NO. 1",Dock,Validated for TOWS and Public,"North side of Kodiak Harbor, Kodiak, approximately 1,500 feet northeast of Small-Boat Harbor, at foot of Center Avenue.",100 Marine Way,Kodiak,AK,99615,Kodiak Island,150,116,00,8159,0,4934,"Kodiak Harbor, AK",4906.00,"Kodiak, AK",,,0,,"Current Operator: State of Alaska, Department of Transportation and Public Facilities; and Petro Marine Services. Phone: 907/486-8080 FAX: 907/486-8090",Current Owner: City of Kodiak.,Receipt of petroleum products; fueling vessels; and han- dling supplies and equipment for fishing vessels; landing for passenger-and-vehicular ferry.,"Via Marine Way, asphalt, 36 feet wide.",None.,"Units (Ferried Autos, Passengers, Railway Cars) | Petroleum and Petroleum Products | Gasoline, Jet Fuel, Kerosene | Distillate,Residual & Other Fuel Oils; Lube Oil & Greases","Timber pile, timber-decked offshore wharf with two 100- by 28-foot approaches; fronted by rubber-cushioned timber- and-steel fender system.",None.,"State of Alaska:  Ferry operates to Homer, Seward, and Port Lions, Alaska.
Petro Marine Services: Two 6- and three 4-inch petroleum-product pipelines extend from wharf to twelve steel storage tanks on opposite side of Marine Way in rear; total capacity 42,400 barrels.  Wharf serves a 3-inch fuel line.",MLLW (Mean Lower Low Water),28,28,204,204,19,19,,01-JAN-1990,-152.402398,57.786979
3325,57.7875,-152.40166,95351-425,0UZ2,33492,ADQ,"PETRO MARINE SERVICES, KODIAK TERMINAL, FUEL FLOAT",Dock,Validated for TOWS and Public,"Northerly side of Kodiak Harbor, Kodiak, approxi- mately 0.3 mile northeast of Small-Boat Harbor.",104 Marine Way.,Kodiak,AK,99615,Kodiak Island,150,112,00,8159,0,4934,"Kodiak Harbor, AK",4906.00,"Kodiak, AK",,,0,,,Current Owner and Operator: Petro Marine Services. Phone: 907/486-3421 FAX: 907/486-6833,Fueling vessels.,"Via Marine Way, asphalt, 30 feet wide.",None.,"Gasoline, Jet Fuel, Kerosene | Distillate,Residual & Other Fuel Oils; Lube Oil & Greases",Longitudinal timber-plastic-and-foam-filled float with hinged 45- by 5-foot steel approach.,None.,"One 3- and one 2-inch fuel-oil pipelines extend from wharf to storage tanks described under adjacent, company-owned City Pier No. 1 (Ref. No. 130).  Float has sixteen fueling stations.",MLLW (Mean Lower Low Water),28,28,250,250,,,,01-JAN-1990,-152.40166,57.7875000000001
3346,61.125947,-146.352243,95130-204,0UBK,32761,VDZ,"USCG Station, VALDEZ, AK",Dock,Validated for TOWS and Public,"Northerly shore of Port Valdez, at foot of Fidalgo Avenue.",235 Fidalgo Street,Valdez,AK,99686-7501,Valdez-Cordova,261,116,00,8081,0,4818,"Valdez Harbor (Small Boat Harbor), AK",4816.00,"Valdez, AK",,,0,,Current Operator: U.S. Coast Guard. Phone: 907-835-7234 FAX: 907/835-7237,Current Owner: United States Government.,"Mooring U.S. Coast Guard vessels:
USCGC LONG ISLAND Draft 6.5 Feet","Via Fidalgo Avenue, from Meals Avenue, dual lanes, each asphalt, 24 feet wide.",None.,"Units (Ferried Autos, Passengers, Railway Cars)","One 70- by 15-foot timber pile, timber-decked pier with two timber dolphins off west side of former ferry rack; and concrete float moored to steel piles with 50- by 5-foot steel-ramp approach. ",None.,-,MLLW (Mean Lower Low Water),10,10,200,200,,,,01-JAN-1990,-146.352243,61.1259470000001
3347,61.1225,-146.30805,95130-207,0UWH,33405,VDZ,"PORT OF VALDEZ, CONTAINER TERMINAL WHARF (KEYSTONE TOURS)",Dock,Validated for TOWS and Public,"Northeasterly shore of Port Valdez, Valdez, approximately 1 1/2 miles east of Small-Boat Harbor.",,Valdez,AK,99686,Valdez-Cordova,261,112,00,8081,0,4816,"Valdez, AK",4816.00,"Valdez, AK",,,0,,Current Operator: City of Valdez and North Star Terminal & Stevedore Co. Phone: 907-835-4670 FAX: 907/835-4273,Current Owner: City of Valdez.,Receipt and shipment of conventional-and-containerized general cargo; mooring cruise ships.,"Via causeway, asphalt, various widths; from Mineral Creek Loop Road, asphalt, 30 feet wide.",None.,"Fish | Other Agricultural Products; Food and Kindred Products | All Manufactured Equipment, Machinery and Products | Unknown or Not Elsewhere Classified","Floating, concrete offshore wharf with two steel-and- concrete mooring dolphins on each side in line with rear of face connected by steel catwalks; and two 200- by 38-foot, asphalt-surfaced steel- and concrete-decked approach ramps from landfill at rear.  Wharf fronted by steel-and-rubber fender system.","One 140-ton, diesel mobile crane with 130-foot boom; and one 100-ton, diesel crawler crane with 110-foot boom load/unload commodities into ground-level receiving hoppers served by conveyors extending to open storage area in rear.  Open storage area in rear serves one 35-, two 31-, one 10-, and two 9-ton, diesel forklift trucks. Additional stevedore rental equipment is available as required.","City of Valdez: Owns a 525,000-bushel-capacity grain elevator with nine concrete silos at rear, with no trans- fer facilities between elevator and wharf.  Approximately 21 acres of open storage area at landfill in rear includes three-hundred-and-sixty positions for refrig- erated cargo.",MLLW (Mean Lower Low Water),50,50,1200,1200,15,15,,01-JAN-1990,-146.30805,61.1225000000001
3348,57.784714,-152.42098,95351-306,0UXP,33445,ADQ,"OCEAN BEAUTY SEAFOODS, GIBSON COVE, KODIAK DOCK",Dock,Validated for TOWS and Public,"Northerly shore of St. Paul Harbor, Kodiak, at westerly side of Gibson Cove, approximately 
1 1/2 miles southwest of Small-Boat Harbor.",,Kodiak,AK,,Kodiak Island,150,116,00,8159,0,4934,"Kodiak Harbor, AK",4906.00,"Kodiak, AK",,,0,,Current Operator: Ocean Beauty Seafoods. Phone: 907-486-5791 FAX: 907/486-8244,Current Owner: City of Kodiak.,Handling supplies and equipment for fishing vessels; icing fishing vessels; and occasional receipt of seafood.,"Via Gibson Cove Road, unpaved, various widths; from Rezanof Drive West, asphalt, 30 feet wide.",None.,"Sulphur (Dry), Clay & Salt | Paper & Allied Products | Primary Non-Ferrous Metal Products;Fabricated Metal Prods. | Fish | All Manufactured Equipment, Machinery and Products","Timber pile, part concrete-surfaced timber-decked wharf with pier.","Three electric-hydraulic mast-and-boom derricks, each with 30- to 40-foot booms on pier.","At time of survey (2003), seafood-processing plant adjacent to north side of pier was not in use.",MLLW (Mean Lower Low Water),12,12,150,350,15,15,,01-JAN-1990,-152.42098,57.7847140000001
3349,57.785278,-152.41972,95351-412,0UYA,33466,ADQ,"WESTERN ALASKA FISHERIES, KODIAK WHARF",Dock,Validated for TOWS and Public,"Northerly shore of St. Paul Harbor, Kodiak, approximately 1,500 feet southwest of Small-Boat Harbor.",521 Shelikof Street.,Kodiak,AK,99615,Kodiak Island,150,112,00,8159,0,4934,"Kodiak Harbor, AK",4906.00,"Kodiak, AK",,,0,,,"Current Owner and Operator: Western Alaska Fisheries, Inc., Subsidiary of Maruha Corp. Phone: 907-486-4112 FAX: 907/486-5588",Receipt of seafood; and icing fishing vessels.,"Via Shelikof Street, asphalt, 30 feet wide.",None.,Fish,"Steel-and-timber-pile, part asphalt-surfaced/part timber- and concrete-decked wharf with steel plates covering part of timber-decked portion.  Wharf fronted by timber-fender system.","Three 1 1/2- to 3 1/2-ton, fixed, electric-hydraulic mast-and-boom derricks with 20- to 30-foot telescopic booms.  Open storage area at rear serves sixteen 1 1/2- to 2-ton, LP-gas forklift trucks.","Wharf is in line and contiguous with adjacent King Crab, Kodiak Wharf (Ref. No. 116) on opposite side providing for continuous berthing space.
One 8-inch pipeline extends to wharf for supplying ice to vessels; rate 20 tons per hour. Ice plant at rear has production capacity of 30 tons per day; storage for 
100 tons.  Seafood-processing plant is located at rear. ",MLLW (Mean Lower Low Water),22,22,500,500,21,21,,01-JAN-1990,-152.41972,57.7852780000001
3350,57.78361,-152.42639,95351-408,0RD5,29347,KOZ,"CITY OF KODIAK, PIER NO. 2, CONTAINER TERMINAL WHARF",Dock,Validated for TOWS,,,OUZINKIE,AK,99644,Kodiak Island,150,112,00,8159,0,4934,"Kodiak Harbor, AK",4906.00,"Kodiak, AK",,,0,,,,,,,"Forest Products, Lumber, Logs, Woodchips | All Manufactured Equipment, Machinery and Products",,,,,,,,,,,Parent,01-JAN-1990,-152.42639,57.7836100000001
3425,65.332155,-166.48902,97830-200,02B1,2687,,BREVIG MISSION VILLAGE,Dock,Validated for TOWS,,,BREVIG MISSION,AK,99785,Nome,180,116,00,8264,0,4973,"Brevig Mission, AK",4973.00,"Brevig Mission, AK",,,0,,,,,,,"Gasoline, Jet Fuel, Kerosene | Distillate,Residual & Other Fuel Oils; Lube Oil & Greases | Primary Non-Ferrous Metal Products;Fabricated Metal Prods. | All Manufactured Equipment, Machinery and Products",,,,,,,,,,,,01-JAN-1990,-166.48902,65.3321550000001
3426,65.265265,-166.362059,97820-001,02AZ,2685,TLA,TELLER ANCHORAGE,Anchorage,Validated for TOWS,,,TELLER,AK,99778,Nome,180,116,00,8263,0,4972,"Teller, AK",4972.00,"Teller, AK",,,0,,,,,,,,,,,,,,,,,,,01-JAN-1990,-166.362059,65.2652650000001
3427,65.554207,-167.956369,97840-200,02B2,2688,WAA,TIN CITY VILLAGE,Dock,Validated for TOWS,,,WALES,AK,99783,Nome,180,116,00,8265,0,4974,"Tin City, AK",,,,,0,,,,,,,"Gasoline, Jet Fuel, Kerosene | Distillate,Residual & Other Fuel Oils; Lube Oil & Greases | Forest Products, Lumber, Logs, Woodchips | Primary Non-Ferrous Metal Products;Fabricated Metal Prods. | All Manufactured Equipment, Machinery and Products",,,,,,,,,,,,01-JAN-1990,-167.956369,65.5542070000001
3428,65.263187,-166.837571,97849-200,02B4,2690,,PORT CLARENCE,Anchorage,Validated for TOWS,,,BREVIG MISSION,AK,99785,Nome,180,116,00,8262,0,4546,"Port Clarence, AK",,,,,0,,,,,,,"Gasoline, Jet Fuel, Kerosene | Distillate,Residual & Other Fuel Oils; Lube Oil & Greases | Other Chemicals and Related Products",,,,,,,,,,,,01-JAN-1990,-166.837571,65.2631870000001
3429,65.609631,-168.094484,97850-200,02B5,2691,WAA,WALES VILLAGE,Dock,Validated for TOWS,,,WALES,AK,99783,Nome,180,116,00,8266,0,4976,"Wales, AK",,,,,0,,,,,,,"Gasoline, Jet Fuel, Kerosene | Distillate,Residual & Other Fuel Oils; Lube Oil & Greases",,,,,,,,,,,,01-JAN-1990,-168.094484,65.609631
3430,67.684429,-164.562249,98000-001,02B6,2692,,OFF SHORE TRANSFER FOR RED DOG MINE,Open Water,Validated for TOWS,,,,AK,,Northwest Arctic,188,116,00,8317,0,4910,Artic Ocean-Off Northern Alaska,,,,,0,,,,,,,"Gasoline, Jet Fuel, Kerosene | Distillate,Residual & Other Fuel Oils; Lube Oil & Greases | Petroleum Products NEC | Non-Ferrous Ores and Scrap | Other Non-Metal. Min.",,,,,,,,,,,,01-JAN-1990,-164.562249,67.6844290000001
3431,66.255899,-166.073115,98310-200,02B7,2693,SHH,SHISHMAREF VILLAGE,Dock,Validated for TOWS,,,SHISHMAREF,AK,99772,Nome,180,116,00,8270,0,4977,"Shishmaref, AK",4977.00,"Shishmaref, AK",,,0,,,,,,,"Gasoline, Jet Fuel, Kerosene | Distillate,Residual & Other Fuel Oils; Lube Oil & Greases",,,,,,,,,,,,01-JAN-1990,-166.073115,66.2558990000001
3432,66.992214,-164.17367,98540-100,02B9,2695,KVL,GOODHOPE BAY,Dock,Validated for TOWS,,,KIVALINA,AK,99750,Northwest Arctic,188,112,00,8274,30,4893,"Kotzebue Sound, AK",,,,,30,,,,,,,"Gasoline, Jet Fuel, Kerosene | Distillate,Residual & Other Fuel Oils; Lube Oil & Greases",,,,,,,,,,,,01-JAN-1990,-164.17367,66.992214
3433,67.566162,-162.969719,98570-200,01ZC,2290,WTK,NOATAK VILLAGE,,Validated for TOWS,,,NOATAK,AK,99761,Northwest Arctic,188,116,00,8279,35,4892,"Noatak River, AK",,,,,35,,,,,,,,,,,,,,,,,,,01-JAN-1990,-162.969719,67.5661620000001
3434,66.075464,-162.720392,98540-120,02BA,2696,WTK,DEERING VILLAGE,Dock,Validated for TOWS,,,NOATAK,AK,99761,Northwest Arctic,188,116,00,8274,60,4893,"Kotzebue Sound, AK",,,,,60,,,,,,,"Gasoline, Jet Fuel, Kerosene | Distillate,Residual & Other Fuel Oils; Lube Oil & Greases | Sand, Gravel, Stone, Rock, Limestone, Soil, Dredged Material | All Manufactured Equipment, Machinery and Products",,,,,,,,,,,,01-JAN-1990,-162.720392,66.0754640000001
3435,68.349554,-166.778805,98840-200,01ZF,2293,PHO,POINT HOPE VILLAGE,Anchorage,Validated for TOWS,,,POINT HOPE,AK,99766,North Slope,185,112,00,8283,0,4981,"Point Hope, AK",4981.00,"Point Hope, AK",,,0,,,,,,,"Gasoline, Jet Fuel, Kerosene | Distillate,Residual & Other Fuel Oils; Lube Oil & Greases | All Manufactured Equipment, Machinery and Products",,,,,,,,,,,,01-JAN-1990,-166.778805,68.3495540000001
3436,66.2319,-161.029311,98545-110,02BF,2701,KVL,BUCKLAND RIVER,Dock,Validated for TOWS,,,KIVALINA,AK,99750,Northwest Arctic,188,116,00,8273,10,4894,"Buckland River, AK",,,,,10,,,,,,,"Gasoline, Jet Fuel, Kerosene | Distillate,Residual & Other Fuel Oils; Lube Oil & Greases",,,,,,,,,,,,01-JAN-1990,-161.029311,66.2319000000001
3437,66.829813,-161.055238,98550-131,01Z5,2283,OTZ,NOORVIK VILLAGE,Dock,Validated for TOWS,,,KOTZEBUE,AK,99752,Northwest Arctic,188,116,00,8276,25,4895,"Kobuk River, AK",,,,,25,,,,,,,"Gasoline, Jet Fuel, Kerosene | Distillate,Residual & Other Fuel Oils; Lube Oil & Greases | All Manufactured Equipment, Machinery and Products",,,,,,,,,,,,01-JAN-1990,-161.055238,66.8298130000001
3438,66.973325,-160.422978,98550-254,01Z6,2284,ABL,KIANA VILLAGE,Dock,Validated for TOWS,,,AMBLER,AK,99786,Northwest Arctic,188,116,00,8276,45,4895,"Kobuk River, AK",,,,,45,,,,,,,"Gasoline, Jet Fuel, Kerosene | Distillate,Residual & Other Fuel Oils; Lube Oil & Greases",,,,,,,,,,,,01-JAN-1990,-160.422978,66.973325
3439,66.888218,-157.134089,98550-361,01Z7,2285,OBU,SKUNGNAK VILLAGE,Dock,Validated for TOWS,,,KOBUK,AK,99751,Northwest Arctic,188,116,00,8278,150,4895,"Kobuk River, AK",,,,,150,,,,,,,"Gasoline, Jet Fuel, Kerosene | Distillate,Residual & Other Fuel Oils; Lube Oil & Greases | All Manufactured Equipment, Machinery and Products",,,,,,,,,,,,01-JAN-1990,-157.134089,66.8882180000001
3440,66.907566,-156.886143,98550-474,01Z9,2287,OBU,KOBUK VILLAGE,Dock,Validated for TOWS,,,KOBUK,AK,99751,Northwest Arctic,188,116,00,8278,155,4895,"Kobuk River, AK",,,,,155,,,,,,,"Distillate,Residual & Other Fuel Oils; Lube Oil & Greases",,,,,,,,,,,,01-JAN-1990,-156.886143,66.907566
3441,67.083577,-157.857785,98560-200,01ZB,2289,ABL,AMBLER VILLAGE,Dock,Validated for TOWS,,,AMBLER,AK,99786,Northwest Arctic,188,112,00,8277,1,4899,"Ambler River, AK",,,,,1,,,,,,,"Gasoline, Jet Fuel, Kerosene | Distillate,Residual & Other Fuel Oils; Lube Oil & Greases",,,,,,,,,,,,01-JAN-1990,-157.857785,67.083577
3442,71.292062,-156.793026,98890-200,01ZR,2303,BRW,BARROW VILLAGE,Anchorage,Validated for TOWS,,,BARROW,AK,99723,North Slope,185,116,00,8299,0,4988,"Utqiagvik (Barrow), AK",4988.00,"Utqiagvik (Barrow), AK",,,0,,,,,,,"Gasoline, Jet Fuel, Kerosene | Distillate,Residual & Other Fuel Oils; Lube Oil & Greases | Petroleum Products NEC | Primary Non-Ferrous Metal Products;Fabricated Metal Prods. | All Manufactured Equipment, Machinery and Products",,,,,,,,,,,,01-JAN-1990,-156.793026,71.292062
3443,68.874433,-166.088522,98860-200,01ZH,2295,PHO,CAPE LISBURNE VILLAGE,Dock,Validated for TOWS,,,POINT HOPE,AK,99766,North Slope,185,116,00,8285,0,4982,"Cape Lisburne, AK",,,,,0,,,,,,,"Gasoline, Jet Fuel, Kerosene | Distillate,Residual & Other Fuel Oils; Lube Oil & Greases",,,,,,,,,,,,01-JAN-1990,-166.088522,68.8744330000001
3444,68.915999,-164.606381,98861-200,01ZJ,2296,KVL,CAPE SABINE,Dock,Validated for TOWS,,,KIVALINA,AK,99750,North Slope,185,112,00,8287,0,4983,"Cape Sabine, AK",,,,,0,,,,,,,,,,,,,,,,,,,01-JAN-1990,-164.606381,68.9159990000001
3445,69.748052,-163.01311,98870-200,01ZK,2297,PIZ,POINT LAY VILLAGE,Anchorage,Validated for TOWS,,,POINT LAY,AK,99759,North Slope,185,116,00,8289,0,4984,"Point Lay, AK",,,,,0,,,,,,,"Gasoline, Jet Fuel, Kerosene | Distillate,Residual & Other Fuel Oils; Lube Oil & Greases | Petroleum Products NEC",,,,,,,,,,,,01-JAN-1990,-163.01311,69.748052
3446,70.33284,-161.875668,98879-200,01ZM,2299,PIZ,ICY CAPE,,Validated for TOWS,,,POINT LAY,AK,99759,North Slope,185,116,00,8293,0,4531,"Icy Cape, AK",,,,,0,,,,,,,,,,,,,,,,,,,01-JAN-1990,-161.875668,70.33284
3447,70.639242,-160.033313,98880-200,01ZN,2300,AIN,WAINWRIGHT VILLAGE,Anchorage,Validated for TOWS,,,WAINWRIGHT,AK,99782,North Slope,185,116,00,8295,0,4986,"Wainwright, AK",4986.00,"Wainwright, AK",,,0,,,,,,,"Gasoline, Jet Fuel, Kerosene | Distillate,Residual & Other Fuel Oils; Lube Oil & Greases | Petroleum Products NEC",,,,,,,,,,,,01-JAN-1990,-160.033313,70.6392420000001
3448,70.849533,-158.803452,98885-200,01ZQ,2302,AIN,PEARD BAY,Dock,Validated for TOWS,,,WAINWRIGHT,AK,99782,North Slope,185,112,00,8297,0,4532,"Peard Bay, AK",,,,,0,,,,,,,"Gasoline, Jet Fuel, Kerosene",,,,,,,,,,,,01-JAN-1990,-158.803452,70.8495330000001
3449,71.29112,-156.794258,98890-201,01ZS,2304,BRW,POW - MAIN (MIL),Dock,Validated for TOWS,,,BARROW,AK,99723,North Slope,185,116,00,8299,0,4988,"Utqiagvik (Barrow), AK",4988.00,"Utqiagvik (Barrow), AK",,,0,,,,,,,"Gasoline, Jet Fuel, Kerosene",,,,,,,,,,,,01-JAN-1990,-156.794258,71.29112
3450,66.358201,-147.398824,97643-261,020E,2326,WBQ,BEAVER VILLAGE,Dock,Validated for TOWS,,,BEAVER,AK,99724,Yukon-Koyukuk,290,116,00,8250,989,4860,"Yukon River, AK",,,,,989,,,,,,,"All Manufactured Equipment, Machinery and Products",,,,,,,,,,,,01-JAN-1990,-147.398824,66.3582010000001
3698,61.080074,-146.558333,95100-225,00E8,484,CDV,ANDERSON BAY,Open Water,Validated for TOWS,,,CORDOVA,AK,99574,Valdez-Cordova,261,116,00,8078,10,4859,"Prince William Sound, AK",4816.00,"Valdez, AK",,,10,,,,,,,,,,,,,,,,,,,03-DEC-1991,-146.558333,61.0800740000001
4561,70.491011,-148.698182,98942-200,01AE,1510,ARC,NORTH STAR ISLAND,Dock,Validated for TOWS,,,ARCTIC VILLAGE,AK,99722,North Slope,185,116,00,8305,0,4992,"North Star Island, AK (Coast)",,,,,0,,,,,,,"Distillate,Residual & Other Fuel Oils; Lube Oil & Greases",,,,,,,,,,,,01-JAN-1990,-148.698182,70.4910110000001
4562,70.128729,-143.60917,98950-200,01AG,1512,,KAKTOVIK VILLAGE,Anchorage,Validated for TOWS,,,KAKTOVIK,AK,99747,North Slope,185,116,00,8307,0,4993,"Kaktovik, AK",4993.00,"Kaktovik, AK",,,0,,,,,,,"Gasoline, Jet Fuel, Kerosene | Distillate,Residual & Other Fuel Oils; Lube Oil & Greases | Petroleum Products NEC | Other Non-Metal. Min. | Primary Non-Ferrous Metal Products;Fabricated Metal Prods. | All Manufactured Equipment, Machinery and Products",,,,,,,,,,,,01-JAN-1990,-143.60917,70.1287290000001
4579,63.695126,-170.478976,97692-280,02AU,2680,SVA,"SAVOONGA, AK ANCHORAGE",Anchorage,Validated for TOWS,,,SAVOONGA,AK,99769,Nome,180,112,00,8256,0,4971,"St. Lawrence Island, AK",,,,,0,,,,,,,"Gasoline, Jet Fuel, Kerosene | Distillate,Residual & Other Fuel Oils; Lube Oil & Greases | Forest Products, Lumber, Logs, Woodchips | All Manufactured Equipment, Machinery and Products",,,,,,,,,,,,01-JAN-1990,-170.478976,63.6951260000001
5980,68.144273,-165.981935,98840-300,01ZG,2294,PHO,CAPE THOMPSON,Dock,Validated for TOWS,,,POINT HOPE,AK,99766,North Slope,185,116,00,8283,0,9267,"Bering Sea, Artic Ocean, AK Deep Water Spine",,,,,0,,,,,,,,,,,,,,,,,,,07-JAN-1994,-165.981935,68.1442730000001
7338,55.350556,-131.68138,93810-191,0UP4,33154,KTN,"CITY OF KETCHIKAN, BAR HARBOR BASIN, SOUTH FLOATS 1 - 9",Dock,Validated for TOWS and Public,"Left bank, Tongass Narrows, Ketchikan, at foot of Jackson Street extended.",,Ketchikan,AK,99901,Ketchikan Gateway,130,112,00,8097,5,4770,"Tongass Narrows, AK",4827.00,"Ketchikan, AK",,,5,Left,,Current Owner and Operator: City of Ketchikan. Phone: 907-228-5632 FAX: 907-247-3610,Mooring commercial vessels and recreational craft.,"Via Tongass Avenue, asphalt, 34 feet wide.",None.,"Forest Products, Lumber, Logs, Woodchips","Nine parallel timber-and-concrete floats extending from connecting 741- by 10-foot and 361- by 10-foot  longitu- dinal floats fronting shore at rear.  Floats have one 178- by 20-foot timber pile, timber-decked pier approach with 47- by 6-foot gangway; one 134- by 20-foot pier approach with 50- by 6-foot gangway; and one concrete- bulkheaded approach at easterly side with 60- by 6-foot covered gangway.",None.,"Small-Boat Harbor has berthing capacity for approximately five-hundred-and-twenty vessels with 80-foot maximum  length. Two stone breakwaters at basin moor eight floats: Float 1 (main longitudinal float with 14-foot stalls on shore side), Float 5 (450- by 6-foot timber float with 23-foot stalls), Float 6 (500- by 10-foot timber float with 32-foot stalls), and Float 7 (558- by 10-foot concrete float with 32-foot stalls) all on one side; and Float 8 (594- by 8-foot concrete float with 40- to 48-foot stalls) and Float 9 (534- by 16-foot timber float with 62- to 75-foot stalls) all on the other side. ",MLLW (Mean Lower Low Water),40,40,80,20800,,,,01-JAN-1990,-131.68138,55.350556
7339,55.351667,-131.68638,93810-192,0Z27,38223,KTN,"CITY OF KETCHIKAN, BAR HARBOR BASIN, NORTH FLOATS 10 - 17",Dock,Validated for TOWS and Public,"Left bank, Tongass Narrows, Ketchikan, at foot of Third Avenue extended.",,Ketchikan,AK,99901,Ketchikan Gateway,130,112,00,8097,5,4770,"Tongass Narrows, AK",4827.00,"Ketchikan, AK",,,5,Left,,Current Owner and Operator: City of Ketchikan. Phone: 907-228-5632 FAX: 907-247-3610,Mooring commercial vessels and recreational craft.,"Via Tongass Avenue, asphalt, 34 feet wide.",None.,,"Offshore concrete breakwater anchored parallel to shore line forms basin with 180- by 12-foot launching ramp  between adjacent, company-owned South Floats 1-9 (Ref. No. 35).  Seven parallel, polystyrene-filled timber- fendered concrete floats with one connecting 944- by 10-foot longitudinal float at rear. Float at rear has two 65- by 6-foot gangways extending from a 58- to 74- by 16-foot pier approach.",None.,"Small-Boat Harbor has berthing space for approximately three-hundred-and-three vessels, with 80-foot maximum length. Float 17, the main longitudinal float, has 
20- to 24-foot stalls on shore side; Float 13, 280- by 8-foot float with 40-foot stalls; Floats 14 and 15, 
272- by 8-foot floats with 30-foot stalls each; and 
Float 16, 276- by 8-foot float with 24-foot stalls.  Harbormaster's office is located at rear.  ",MLLW (Mean Lower Low Water),50,50,80,12120,,,,12-JUN-1995,-131.68638,55.3516670000001
7340,55.35333,-131.69,93810-200,0R6H,29121,KTN,NORTHLAND SERVICES (SAMSON TUG AND BARGE),Dock,Validated for TOWS,,,KETCHIKAN,AK,99901,Ketchikan Gateway,130,112,00,8097,5,4770,"Tongass Narrows, AK",4827.00,"Ketchikan, AK",,,5,Left,,,,,,"Coal,Lignite & Coal Coke | Crude Petroleum | Gasoline, Jet Fuel, Kerosene | Distillate,Residual & Other Fuel Oils; Lube Oil & Greases | Petroleum Pitches, Coke, Asphalt, Naptha and Solvents | Petroleum Products NEC | Other Chemicals and Related Products |",,,,,,,,,,,Parent,01-JAN-1990,-131.69,55.35333
7342,55.381944,-131.75694,93810-351,0YPQ,37798,KTN,"PACIFIC LOG & LUMBER, KETCHIKAN DOCK",Dock,Validated for TOWS and Public,"Right bank, Tongass Narrows, Ketchikan, at Gravina Island, opposite Peninsula Point.",,Ketchikan,AK,99901,Ketchikan Gateway,130,112,00,8097,8,4770,"Tongass Narrows, AK",,,,,8,Right,,"Current Owner and Operator: Pacific Log & Lumber, Ltd. Phone: 907/225-2692/247-6731 FAX: 907-247-5990","Shipment of wood chips, logs, lumber, and hogged fuel.",None.,None.,"Forest Products, Lumber, Logs, Woodchips | Pulp and Waste Paper","One 90- by 18-foot, steel-float-supported steel-transfer bridge with two steel-breasting dolphins on each side in line with face, with approach from shore.","One 60-ton, diesel mobile crane with 60-foot boom; and one 15-ton hydraulic crane with 90-foot boom.  Loading tower serves a 60-inch, electric belt-conveyor extending from wood-chip open storage area in rear; loading rate 250 tons per hour.  Open storage area serves six 5- to 15-ton forklift trucks.","Approximately 2 acres of paved wood-chip storage; and 
5 acres of unpaved log-storage area is located at rear.",MLLW (Mean Lower Low Water),30,30,350,350,,,,14-FEB-2003,-131.75694,55.381944
7387,57.322206,-133.771969,94805-160,0NL0,26112,PSG,PYBUS POINT,Dock,Validated for TOWS,,,PETERSBURG,AK,99833,Skagway-Hoonah-Angoon,232,112,00,8070,8,4785,"Stephens Passage, AK",,,,,8,,,,,,,"Gasoline, Jet Fuel, Kerosene | Distillate,Residual & Other Fuel Oils; Lube Oil & Greases | Petroleum Products NEC | Other Chemicals and Related Products | Paper & Allied Products | Primary Non-Ferrous Metal Products;Fabricated Metal Prods. | Primary Wood ",,,,,,,,,,,,22-MAY-2003,-133.771969,57.3222060000001
7388,66.933059,-160.517836,98550-260,0NL1,26113,ABL,OKOK POINT,Dock,Validated for TOWS,,,AMBLER,AK,99786,Northwest Arctic,188,112,00,8278,48,4895,"Kobuk River, AK",,,,,48,,,,,,,,,,,,,,,,,,,22-MAY-2003,-160.517836,66.9330590000001
9293,53.900805,-166.53013,96080-242,0YNZ,37773,DUT,"CITY OF UNALASKA, MARINE CENTER WHARF",Dock,Validated for TOWS and Public,"West shore of Dutch Harbor, across from Spithead at Amaknak Island.",939 Balleyhoo Road,Dutch Harbor,AK,99692,Aleutians West,16,116,00,8196,0,4947,"Unalaska Channels, AK",4939.00,"Unalaska Island, AK",,,0,,"Current Operator: City of Unalaska; Horizon Lines; State of Alaska, Department of Transportation and Public Facilities; and North Pacific Fuel. Phone: 907-581-1278/7900 FAX: 907/581-7979 | Current Operator: Sea Land - Maersk Phone: 907-581-3466",Current Owner: City of Unalaska.,Receipt and shipment of containerized general cargo;  fueling vessels; and landing for passenger-and-vehicular ferry.,"Via Ballyhoo Road, gravel, 25 feet wide.",None.,"Units (Ferried Autos, Passengers, Railway Cars) | Distillate,Residual & Other Fuel Oils; Lube Oil & Greases | Petroleum Pitches, Coke, Asphalt, Naptha and Solvents | Fertilizers | Other Chemicals and Related Products | Forest Products, Lumber, Logs, Woodc","Steel-sheet-pile cellular bulkhead with concrete- surfaced solid fill, with one rubber-cushioned timber- and-steel breasting dolphin on lower side in line with face and two steel-pile mooring dolphins on lower side, all connected by 3-foot-wide steel walkways.  Wharf fronted by rubber-cushioned timber-and-steel fender system.","One 30-long-ton, diesel-electric traveling container- handling crane with 113-foot outboard reach and 30-foot back reach.  Open storage area serves three 32-ton top-picks and approximately sixteen yard hustlers.","City of Unalaska, Marine Center Wharf: Operates passenger-and-vehicular ferry landing with ferry operating to Cold Bay, AK.
Horizon Fuel Lines:  Receives and ships containerized general cargo with open storage area at rear having  capacity for approximately one-thousand-five-hundred containers, including 467 positions for refrigerated cargo containers. A 6,000-square-foot container-reight station is located at rear.
North Pacific Fuel:  Fuels vessels with one 6-inch fuel-oil pipeline extending from wharf to storage tanks described under company-owned Ballyhoo Wharf (Ref. 
No. 174).",MLLW (Mean Lower Low Water),40,40,915,915,18,18,,06-APR-2005,-166.53013,53.900805
9309,61.123781,-146.365594,95130-201,0UBG,32758,VDZ,"STATE OF ALASKA, VALDEZ FERRY TERMINAL SLIP",Dock,Validated for TOWS and Public,"Northerly shore of Port Valdez, approximately 
8 miles above Valdez Narrows, 500 feet east of foot of Hazelet Avenue extended.",,Valdez,AK,99686,Valdez-Cordova,261,116,00,8081,0,4816,"Valdez, AK",4816.00,"Valdez, AK",,,0,,"Current Operator: State of Alaska, Department of Transportation and Public Facilities. Phone: 907/835-4436 FAX: 907/835-4863",Current Owner: State of Alaska.,Landing for passenger-and-vehicular ferry.,"Via Ferry Way, asphalt, 24 feet wide; from Hazelet Avenue, asphalt, 40 feet wide.",None.,"Units (Ferried Autos, Passengers, Railway Cars)","Two 100- by 15-foot steel-approach ramps at different levels, with one steel-catwalk extension at inshore 
side perpendicular to face. Extension, fronted by rubber- cushioned timber fenders, has row of four concrete- breasting dolphins.",None.,Terminal building is located at rear.,MLLW (Mean Lower Low Water),20,20,200,200,22,22,,01-JAN-1990,-146.365594,61.1237810000001
9310,60.778333,-148.66722,95175-200,0UWL,33408,WQF,"DEFENSE FUEL SUPPLY POINT, WHITTIER DELONG PIER - AKRR",Dock,Validated for TOWS and Public,"Southwest shore, at head of Passage Canal,  approximately 0.7 mile east of Small-Boat Harbor, Whittier.",,Whittier,AK,99693,Valdez-Cordova,261,112,00,8746,0,4822,"Whittier Harbor, AK",4824.00,"Whittier, AK",,,0,,,Current Owner and Operator: Alaska Railroad Corp. and City of Whittier.,Receipt of seafood; and mooring cruise ships and fishing vessels.,"Via plant road, partially paved, 30 feet wide; from Old Dock Road and Whittier Street, each asphalt, various widths.",None.,"Petroleum Products NEC | Fertilizers | Other Chemicals and Related Products | Forest Products, Lumber, Logs, Woodchips | Sulphur (Dry), Clay & Salt | Slag | Paper & Allied Products | Building Cement & Concrete; Lime; Glass | Fish | All Manufactured Equipm",Series of Delong-type pier barges consisting of concrete- filled steel-pipe-piles supporting steel-barge hulls with concrete deck.,One 40-ton mobile crane with 90-foot boom unloads seafood into hopper served by conveyor extending to open storage area in rear.  One electric-hydraulic mast-and-boom derrick with 40-foot boom was not in use at time of survey. ,"City of Whittier: Wharf has a 250- by 50-foot approach.
U.S. Government, Defense Fuel Supply Center: At time of 
'93 survey, company was in use for receipt of petroleum products; however at time of '04 survey, operation had shut down. When operational four 12-inch pipelines extended from pier to ten steel storage tanks at ter- minal in rear; total capacity 329,360 barrels. Another  8-inch line extending from terminal to operator's facilities in Anchorage.",MLLW (Mean Lower Low Water),45,45,675,675,22,22,,01-JAN-1990,-148.66722,60.778333
9311,60.546111,-151.22166,95260-550,0Z4X,38315,ENA,CITY OF KENAI DOCK,Dock,Validated for TOWS and Public,"Right bank, Kenai River, Kenai, approximately 
1.7 miles above mouth.",210 Fidalgo Avenue.,Kenai,AK,99611,Kenai Peninsula,122,112,00,8136,3,4821,"Kenai, AK",,,,,3,R,,Current Owner and Operator: City of Kenai. Phone: 907/283-8232 FAX: 907/283-3014,Receipt of seafood; handling supplies for fishing vessels; and fueling fishing vessels.,"Via Boat Launch Road, gravel, 30 feet wide; from Bridge Access Road, asphalt, 30 feet wide.",None.,Fish,"Steel pile, concrete-decked offshore wharf with 8-foot- wide timber floats fronting wharf; and one float on lower side with concrete launch ramp.  Wharf has one 200- by 16-foot approach.",Three 8-ton electric-hydraulic cranes with 36- to 40-foot booms.,Fuel-oil pipelines extend from wharf to two steel storage tanks at rear; total capacity 350 barrels. ,MLLW (Mean Lower Low Water),4,4,170,170,30,30,,13-JUL-1994,-151.22166,60.5461110000001
9312,61.24306,-149.88639,95290-200,0RDB,29353,ANC,"PORT OF ANCHORAGE, TERMINAL NO. 3 WHARF",Dock,Validated for TOWS,,,ANCHORAGE,AK,99501,Anchorage,20,112,00,8148,0,4820,"Port of Alaska, AK",4820.00,"Port of Alaska, AK",,,0,,,,,,,"Distillate,Residual & Other Fuel Oils; Lube Oil & Greases | Forest Products, Lumber, Logs, Woodchips | Paper & Allied Products | Building Cement & Concrete; Lime; Glass | Primary Non-Ferrous Metal Products;Fabricated Metal Prods. | Fish | Other Agricultur",,,,,,,,,,,Parent,01-JAN-1990,-149.88639,61.2430600000001
9593,57.202161,-133.793635,94805-107,0ND6,25880,PSG,DOUGLAS ISLAND,Dock,Validated for TOWS,,,PETERSBURG,AK,99833,Wrangell-Petersburg,280,112,00,8070,0,4785,"Stephens Passage, AK",,,,,0,,,,,,,"Gasoline, Jet Fuel, Kerosene | Distillate,Residual & Other Fuel Oils; Lube Oil & Greases",,,,,,,,,,,,03-AUG-1994,-133.793635,57.202161
10023,61.232863,-149.897384,95290-360,0UVW,33384,ANC,"ALASKA BASIC INDUSTRIES, ANCHORAGE TERMINAL DOCK CEMENT",Dock,Validated for TOWS and Public,"Easterly shore of Knik Arm, Anchorage, approxi- mately 0.5 mile north of Ship Creek.",1040 O'Malley Road.,Anchorage,AK,99501,Anchorage,20,113,00,8148,0,4820,"Port of Alaska, AK",4820.00,"Port of Alaska, AK",,,0,,,Current Owner: Alaska Railroad Corp. and Alaska Basic Industries. Phone: 907-349-3333 FAX: 907/344-2844,Not used.,"Via plant road, asphalt-and-gravel, various widths; from Ocean Dock Road, asphalt, 24-30 feet wide.",One surface track serves terminal; connects with Alaska Railroad Corp.,"Gasoline, Jet Fuel, Kerosene | Other Chemicals and Related Products | Building Cement & Concrete; Lime; Glass | Primary Iron and Steel Products (Ingots,Bars,Rods,etc.) | All Manufactured Equipment, Machinery and Products","Grounded, LST ship hull with 110- by 12-foot timber approach.",None.,"At time of '93 survey, dock was in use for receipt of bulk cement by barge; however at time of '04 survey, operation had shut down. When operational, one 8-inch pneumatic pipeline extended from dock to ten steel storage silos at rear; total capacity 19,800 tons. ",MLLW (Mean Lower Low Water),0,11,250,250,25,25,,01-JAN-1990,-149.897384,61.2328630000001
10901,55.346111,-131.66083,93810-170,0UP2,33152,KTN,KETCHICAN MOORAGE AND AMAK TOWING,Dock,Validated for TOWS and Public,"Left bank, Tongass Narrows, Ketchikan, approxi- mately 1,000 feet west of foot of Kennedy Street extended.",1429 Tongass Avenue.,Ketchikan,AK,99901,Ketchikan Gateway,130,112,00,8097,4,4770,"Tongass Narrows, AK",4827.00,"Ketchikan, AK",,,4,Left,,Current Owner and Operator: Southeast Stevedoring Corp. Phone: 907/225-6157 FAX: 907-225-8254,Mooring company-owned floating equipment; and handling equipment and supplies to and from company-owned floating equipment.,"Via Tongass Avenue, asphalt, 30 feet wide.",None.,,"Steel float moored to steel piles with 66- by 4-foot steel- gangway approach from building at rear, with timber floats  at steel piles adjacent to southerly side of building. ",Storage yard serves five 2- to 12-ton forklift trucks.,"Additional berthing space is available along timber floats.
Building at rear is used as private storage warehouse.",MLLW (Mean Lower Low Water),30,30,75,150,,,,01-JAN-1990,-131.66083,55.3461110000001
10902,55.347222,-131.66722,93810-180,0ZJH,38777,KTN,"E. C. PHILLIPS AND SON, KETCHIKAN WHARF",Dock,Validated for TOWS and Public,"Left bank, Tongass Narrows, Ketchikan, approxi- mately 450 feet east of foot of Nadeau Street extended.",1775 Tongass Avenue.,Ketchikan,AK,99901,Ketchikan Gateway,130,112,00,8097,4,4770,"Tongass Narrows, AK",4827.00,"Ketchikan, AK",,,4,Left,,"Current Owner and Operator: E.C. Phillips & Son, a division of Wards Cove Packing Co. Phone: 907/225-3121 FAX: 907-225-7249",Receipt of seafood; and icing fishing vessels.,"Via Tongass Avenue, asphalt, 30 feet wide.",None.,Fish,"Irregularly-shaped timber pile, part steel-timber-and- concrete-decked wharf with timber pile, concrete-decked pier extension on easterly side.","Seven 3/4-ton electric; and two 3/4-ton, hydraulic mast- and-boom derricks. Storage yard serves twelve 2-ton, gasoline forklift trucks.","A two-story plant at rear of wharf is fully equipped for processing, freezing, and storage of seafood for ship- ment; frozen fish is packaged in refrigerated containers and highway vans.  Ice plants have production capacity of 8 tons per hour; storage for 200 tons.  Wharf serves three 8- and two 4-inch icing lines.",MLLW (Mean Lower Low Water),30,40,135,642,24,24,,01-JAN-1990,-131.66722,55.347222
10903,55.352222,-131.69,93810-195,0UP5,33155,KTN,"ALASKA MARINE LINES, KETCHIKAN TERMINAL TRANSFER BRIDGE",Dock,Validated for TOWS and Public,"Left bank, Tongass Narrows, Ketchikan, at south- easterly foot of Carlanna Lake Road extended.",3295 Tongass Avenue.,Ketchikan,AK,99901,Ketchikan Gateway,130,112,00,8097,5,4770,"Tongass Narrows, AK",4827.00,"Ketchikan, AK",,,5,Left,,Current Owner and Operator: Alaska Marine Lines. Phone: 907-228-1880 FAX: 907-225-6291,Receipt and shipment of conventional-and-containerized general cargo in domestic trade.,"Via driveway, asphalt, various widths; from Tongass Avenue, dual lane, each asphalt, 34 feet wide.",None.,"Gasoline, Jet Fuel, Kerosene | Distillate,Residual & Other Fuel Oils; Lube Oil & Greases | Petroleum Pitches, Coke, Asphalt, Naptha and Solvents | Petroleum Products NEC | Fertilizers | Other Chemicals and Related Products | Forest Products, Lumber, Logs,","Steel-pontoon-supported, adjustable steel-transfer bridge with row of steel-pile breasting dolphins on each side in line with face.","Two 46- and one 31-ton, container-handling forklift trucks with other stevedore equipment as required.  Open storage area serves one 2 1/2- and four 2-ton forklift trucks.",Approximately 5 1/2 acres of open storage area at rear has capacity for stacked containers up to 5-high.,MLLW (Mean Lower Low Water),35,35,400,400,25,25,,01-JAN-1990,-131.69,55.352222
10904,55.353806,-131.692274,93810-206,0R6J,29122,KTN,"STATE OF ALASKA, KETCHIKAN FERRY TERMINAL BERTHS 1 - 3",Dock,Validated for TOWS,,,KETCHIKAN,AK,99901,Ketchikan Gateway,130,116,00,8097,5,4770,"Tongass Narrows, AK",4827.00,"Ketchikan, AK",,,5,Left,,,,,,"Units (Ferried Autos, Passengers, Railway Cars)",,,,,,,,,,,Parent,01-JAN-1990,-131.692274,55.3538060000001
10905,55.355,-131.69861,93810-208,0UP6,33156,KTN,ALASKA SHIP & DRY DOCK KETCHIKAN WHARF,Dock,Validated for TOWS and Public,"Left bank, Tongass Narrows, Ketchikan, between foot of Heckman Street extended, at mouth of Carlanna Creek.",3801 Tongass Avenue.,Ketchikan,AK,99901,Ketchikan Gateway,130,112,00,8097,5,4770,"Tongass Narrows, AK",4827.00,"Ketchikan, AK",,,5,Left,"Current Operator: Alaska Ship & Dry Dock, Inc. Phone: 907-225-7199 FAX: 907-247-7200",Current Owner: State of Alaska; and Alaska Industrial Development & Export Authority.,Mooring floating drydock; and vessels for repair.,"Via driveway, asphalt, 20 feet wide; from Tongass Avenue, asphalt, 34 feet wide.",None.,,"Steel-sheet-pile cellular bulkhead with concrete-surfaced solid fill; and steel-pipe-pile, concrete-decked extension. Wharf fronted by rubber-cushioned steel-and-timber fender system.","One 10-ton crane on drydock wingwall with 86-foot boom; and one 10-ton, diesel mobile crane with 40-foot boom.  Addi- tional stevedore rental equipment up to 40-ton-capacity is available as required.","At time of survey, plans called for construction of a 2,500-long-ton shiplift on shore side of existing drydock with one 9,600-long-ton floating drydock moored at inner side of 400-foot section. Wharf serves compressed air, sewer, and steam lines.",MLLW (Mean Lower Low Water),35,35,980,980,24,24,,01-JAN-1990,-131.69861,55.3550000000001
10906,55.360833,-131.70611,93810-213,0UET,32871,KTN,KETCHIKAN READY MIX AND QUARRY DOCK,Dock,Validated for TOWS and Public,"Left bank, Tongass Narrows, Ketchikan, approxi- mately 1,000 feet northwest of mouth of Carlanna Creek.",4161 North Tongass Highway.,Ketchikan,AK,99901,Ketchikan Gateway,130,112,00,8097,6,4770,"Tongass Narrows, AK",4827.00,"Ketchikan, AK",,,6,Left,,"Current Owner and Operator: Ketchikan Ready Mix and Quarry, Inc. Phone: 907/225-2925 FAX: 907-225-0518",Mooring vessels.,"Via driveway, unpaved, various widths; from North Tongass Highway, asphalt, 24 feet wide.",None.,,"Timber pile, timber-decked pier with four steel- and two timber-breasting dolphins in line with face.",None.,"Pipeline extending from pier to one 1,300-ton-capacity, cement storage silo at ready-mix concrete plant on opposite side of North Tongass Highway was not used at time of survey (2002).",MLLW (Mean Lower Low Water),10,10,300,300,22,22,,01-JAN-1990,-131.70611,55.3608330000001
11120,55.356944,-131.69972,93810-210,0UER,32869,KTN,"KETCHIKAN PUBLIC UTILITIES, S.W. BAILEY POWER PLANT, FUEL OIL DK",Dock,Validated for TOWS and Public,"Left bank, Tongass Narrows, Ketchikan, at east side of mouth of Carlanna Creek.",3933 Tongass Avenue.,Ketchikan,AK,99901,Ketchikan Gateway,130,112,00,8097,6,4770,"Tongass Narrows, AK",4827.00,"Ketchikan, AK",,,6,Left,,"Current Owner and Operator: City of Ketchikan, Public Utilites. Phone: 907-225-4814 FAX: 907-247-3935",Receipt of fuel oil for plant consumption.,"Via driveway, asphalt, 20 feet wide; from Tongass Avenue, asphalt, 34 feet wide.",None.,"Distillate,Residual & Other Fuel Oils; Lube Oil & Greases",Small platform with two timber-mooring piles at rear of inner-pile-supported pipeline connection with additional piles supporting pipeline.,None.,"One 4-inch fuel-oil pipeline extends from platform to two steel storage tanks at power plant in rear; total capacity 
9,400 barrels.",MLLW (Mean Lower Low Water),10,10,100,100,,,,01-JAN-1990,-131.69972,55.3569440000001
11121,55.358056,-131.69944,93810-212,0UES,32870,KTN,"SOUTH COAST, KETCHIKAN DOCK",Dock,Validated for TOWS and Public,"Left bank, Tongass Narrows, Ketchikan, at west side of mouth of Carlanna Creek.",4049 Tongass Avenue.,Ketchikan,AK,99901,Ketchikan Gateway,130,112,00,8097,6,4770,"Tongass Narrows, AK",4827.00,"Ketchikan, AK",,,6,Left,,"Current Owner and Operator: South Coast, Inc. Phone: 907-225-6125 FAX: 907-225-2955","Handling construction materials, supplies, and equipment to and from barges; mooring company-owned floating equipment.","Via driveway, asphalt-and-gravel, various widths; from Tongass Avenue, asphalt, 34 feet wide.",None.,,"One 110- by 4-foot steel float with row of three steel- pile breasting dolphins, with access to float via a 
120- by 10-foot approach float with 50- by 5-foot steel gangway. Two work barges moor at inner end of row of steel-breasting dolphins.",Company-owned equipment is available as required.,"Additional berthing space is available on each side of approach float.  Approximately 5 acres of open storage area, office building, and maintance shop is located at rear.",MLLW (Mean Lower Low Water),10,15,200,200,,,,01-JAN-1990,-131.69944,55.358056
11122,55.397222,-131.72888,93810-353,0ZJK,38779,KTN,WARDS COVE FOOD PACKING AND MANUFACTURING (FORAGED AND FOUND),Dock,Validated for TOWS and Public,"Left bank, Tongass Narrows, Ketchikan, at southeast side of Ward Cove.",5961 North Tongass Highway.,Ketchikan,AK,99901,Ketchikan Gateway,130,112,00,8097,9,4770,"Tongass Narrows, AK",,,,,9,Left,,Current Owner and Operator: Wards Cove Packing Co. Phone: 907/225-5030 FAX: 907-225-0754,Receipt of seafood; and handling supplies for fishing vessels.,"Via driveway, asphalt, 15 feet wide; from North Tongass Highway, asphalt, 24 feet wide.",None.,Fish,"Part timber-and-steel-pile, part timber- and steel-decked  wharf with 200- by 15-foot timber float.","One 20-ton, diesel mobile crane with 60-foot boom; two 2-ton electric derricks, each with 12-foot boom; and one 2-ton, electric-hydraulic derrick with 15-foot boom. Storage yard serves nine 1 1/2- to 2-ton, LP-gas and gasoline forklift trucks.",Additional berthing space is available on southeast side of float.  Plant at rear of wharf is used for canning seafood.,MLLW (Mean Lower Low Water),40,40,750,750,25,25,,01-JAN-1990,-131.72888,55.3972220000001
11124,55.4075,-131.7225,93810-372,0RA0,29240,KTN,KETCHIKAN PULP CO. DOCKS,Dock,Validated for TOWS,,,KETCHIKAN,AK,99901,Ketchikan Gateway,130,112,00,8097,9,4770,"Tongass Narrows, AK",,,,,9,Left,,,,,,,,,,,,,,,,,Parent,01-JAN-1990,-131.7225,55.4075
11125,56.474167,-132.39166,93819-101,0UL1,33049,WRG,"STATE OF ALASKA, WRANGELL FERRY TERMINAL DOCK",Dock,Validated for TOWS and Public,"Easterly side of Zimovia Strait, Wrangell, at Wrangell Harbor, at foot of McCormack Street extended.",,Wrangell,AK,99929,Wrangell-Petersburg,280,112,00,8169,0,4802,"Wrangell Harbor, AK",4795.00,"Wrangell, AK",,,0,,,"Current Owner and Operator: State of Alaska, Department of Transportation and Public Facilities. Phone: 907-874-2021 FAX: 907-874-2041",Landing for passenger-and-vehicular ferry.,"Via Stikine Avenue, asphalt, 24 feet wide.",None.,"Units (Ferried Autos, Passengers, Railway Cars)","Steel-lift-tower-supported steel truss, steel-grating- decked transfer bridge with ten steel-pile breasting dolphins in line with face connected by steel catwalk. Wharf fronted by timber-fender system.",None.,Terminal building with staging area and paved parking lot is located at rear.,MLLW (Mean Lower Low Water),24,24,626,626,,,,01-JAN-1990,-132.39166,56.4741670000001
11126,56.463646,-132.382896,93819-112,0UKU,33042,WRG,"WRANGELL OIL, WRANGELL DOCK",Dock,Validated for TOWS and Public,"Easterly side of Wrangell Inner Harbor, Wrangell, at southwesterly side of Zimovia Strait.",1513 Peninsula Street.,Wrangell,AK,99929,Wrangell-Petersburg,280,116,00,8169,0,4802,"Wrangell Harbor, AK",4795.00,"Wrangell, AK",,,0,,"Current Operator: Wrangell Oil, Inc. Phone: 907-874-3276 FAX: 907-874-3865","Current Owner: Wrangel Oil, Inc.",Receipt of petroleum products; and fueling vessels.,"Via Peninsula Street, concrete, 24 feet wide; from Case Avenue.",None.,"Petroleum and Petroleum Products | Gasoline, Jet Fuel, Kerosene | Distillate,Residual & Other Fuel Oils; Lube Oil & Greases","Foam-filled concrete float with 50- by 5-foot steel-gangway at outer end of a 225- by 10-foot timber-pier approach, with one timber-breasting dolphin on each side in line with face of float.",One electric mast-and-boom derrick with 20-foot boom on approach.,"Float used for mooring recreational craft extends from northerly side of pier approach.  Four 3- and one 2-inch, petroleum-product and fuel-oil pipelines extend from wharf to seven steel storage tanks located at rear; total capacity 5,950 barrels.  Float has eight hose stations for fueling vessels.",MLLW (Mean Lower Low Water),10,10,120,120,24,24,,01-JAN-1990,-132.382896,56.463646
11130,15.226121,145.733866,86100-010,00CP,431,,SAIPAN,Dock,Validated for TOWS,,,,AK,,Aleutians West,16,113,00,8894,0,4902,Northern Mariana Islands,,,,,0,,,,,,,"Units (Ferried Autos, Passengers, Railway Cars) | Other Chemicals and Related Products | Primary Non-Ferrous Metal Products;Fabricated Metal Prods. | All Manufactured Equipment, Machinery and Products | Unknown or Not Elsewhere Classified",,,,,,,,,,,,01-JAN-1990,145.733866,15.226121
11552,55.6875,-132.53277,93814-312,0YPS,37800,KTB,"NORTHLAND SERVICES INC., THORNE BAY TRANSFER BRIDGE",Dock,Validated for TOWS and Public,"Northerly side of Thorne Bay, City of Thorne Bay, at west side of foot of Sandy Beach Road extended.",,Thorne Bay,AK,99919,Prince of Wales-Outer Ketchikan,201,112,00,8089,81,4771,"Clarence Strait, AK",,,,,81,North,"Current Operator: Boyer Alaska Barge Line, Inc. and Petro Alaska, Inc. Phone: 907-828-8830/225-2090 FAX: 907-828-8830","Current Owner: Boyer Towing, Inc.",Receipt and shipment of conventional-and-containerized general cargo; receipt of petroleum products.,"Via Shore Line Drive, unpaved, 24 feet wide.",None.,"Petroleum and Petroleum Products | Gasoline, Jet Fuel, Kerosene | Distillate,Residual & Other Fuel Oils; Lube Oil & Greases | Petroleum Pitches, Coke, Asphalt, Naptha and Solvents | Petroleum Products NEC | Other Chemicals and Related Products | Forest Pr","Timber-decked, steel-transfer bridge with three steel-pile breasting dolphins perpendicular to south side of face.","Company-owned stevedore equipment available as required.  Storage yard serves one 27 1/2-, one 15-, and one 6-ton, diesel forklift trucks.","Boyer Alaska Barge Line, Inc.:  Approximately 3 1/2 acres of open storage area is located at rear.
Petro Alaska, Inc.:  One 6- and one 3-inch pipelines extend from wharf to twelve steel storage tanks at rear; total capacity 6,500 barrels.",MLLW (Mean Lower Low Water),10,10,200,200,21,21,,14-FEB-2003,-132.53277,55.6875000000001
12917,55.339444,-131.64,93810-130,0UN1,33117,KTN,"CITY OF KETCHIKAN, THOMAS BASIN HARBOR, FLOATS 1 - 5",Dock,Validated for TOWS and Public,"Left bank, Tongass Narrows, Ketchikan, at easterly side of mouth of Ketchikan Creek.",,Ketchikan,AK,99901,Ketchikan Gateway,130,113,00,8103,3,4770,"Tongass Narrows, AK",4827.00,"Ketchikan, AK",,,3,Left,Current Operator: City of Ketchikan. Phone: 907-228-5632 FAX: 907-247-3610,Current Owner: State of Alaska.,Mooring commercial vessels and recreational craft.,"Via Stedman Street, asphalt, 33 feet wide; and Thomas Street, timber, 17 feet wide.",None.,Fish,"Stone breakwater at shore on south side forming boat basin with four parallel timber floats extending from a 312.5- by 10-foot and 150- by 10-foot, connecting longi- tudinal floats at rear with two approach ramps from east side of basin. ",One 2-ton electric hoist at southeast side of basin.,"City of Ketchikan:  Small-Boat Harbor has berthing space for approximately two-hundred-and-forty vessels. Float 1, a 140- by 10-foot transient float, is located north of Float 2, with access via a 262.5- by 10-foot approach float.  Several timber grids on southeast side of basin  are used for performing bottom-work on hulls during low tide. 
Ketchikan Yacht Club:  Occupies Float 2, a 312.5- by 10-foot float with 32- to 42-foot stalls.
U.S. Fish & Wildlife Service:  Owns float moored to steel piles on north side of basin, with access via covered steel-ramp used for berthing government-owned vessels.",MLLW (Mean Lower Low Water),13,24,75,9600,,,,01-JAN-1990,-131.64,55.3394440000001
12919,55.343611,-131.65166,93810-153,0UNK,33135,KTN,"CITY OF KETCHIKAN, CASEY MORAN (CITY) FLOATS",Dock,Validated for TOWS and Public,"Left bank, Tongass Narrows, Ketchikan, at west side of foot of Cedar Street extended.",,Ketchikan,AK,99901,Ketchikan Gateway,130,113,00,8103,4,4770,"Tongass Narrows, AK",4827.00,"Ketchikan, AK",,,4,Left,,Current Owner and Operator: City of Ketchikan. Phone: 907-228-5632 FAX: 907-247-3610,"Mooring transient vessels, fireboat, and pilot boat.","Via Water Street, asphalt, 30 feet wide.",None.,,"Timber pile, timber-decked wharf with series of timber-and- concrete floats with 50- by 6-foot and 48- by 6-foot approaches from Water Street at rear.",None.,"Up to 90-foot-long vessels berth at floats, with Float 1 (170+225- by 10-foot timber float) fronting wharf; 
Float 4 (110- by 10-foot concrete float) extending from northwesterly side of Float 1; Float 5 (140- by 10-foot concrete float with six stalls on one side) extending from end of Float 4; Float 6 (120- by 10-foot concrete float) extending from end of Float 5; and Float 7 (120- by 11-foot concrete float) extending from end of Float 6. Harbor View Park is located at rear.",MLLW (Mean Lower Low Water),80,80,90,1151,,,,01-JAN-1990,-131.65166,55.3436110000001
12921,55.335278,-131.63111,93810-113,0UMX,33113,KTN,KETCHIKAN NORTHLAND TERMINAL,Dock,Validated for TOWS and Public,"Left bank of Tongass Narrows, Ketchikan, opposite Pennock Island, approximately 2,000 feet southeast of foot of Deermont Street extended.",998 Stedman Street.,Ketchikan,AK,99901,Ketchikan Gateway,130,113,00,8103,3,4770,"Tongass Narrows, AK",4827.00,"Ketchikan, AK",,,3,Left,,"Current Owner and Operator: Northland Services, Inc. Phone: 907-225-2480 FAX: 907-225-2478",Receipt and shipment of containerized general cargo.,"Via driveway, asphalt, 20 feet wide; from Stedman Street, asphalt, 26 feet wide.",None.,"Petroleum Products NEC | Other Chemicals and Related Products | Forest Products, Lumber, Logs, Woodchips | Sand, Gravel, Stone, Rock, Limestone, Soil, Dredged Material | Iron Ore and Iron & Steel Waste & Scrap | Sulphur (Dry), Clay & Salt | Paper & Allied","Steel pile, concrete-decked transfer bridge; and one steel- and-concrete breasting dolphin with steel catwalk extending to shore from northwest side.","One 40- and two 31-ton, diesel forklift trucks.",Approximately 1 acre of partly-paved open storage area is located at rear.,MLLW (Mean Lower Low Water),60,60,280,280,22,22,,01-JAN-1990,-131.63111,55.3352780000001
12994,55.202364,-132.824854,93823-110,0Z2C,38228,HYG,HAIDA WILD ALASKA SEAFOOD AND HYDABURG LOGS DOCK,Dock,Validated for TOWS and Public,"Northern bank of Sukkwan Strait, Hydaburg, at north side of Saltery Point.",,Hydaburg,AK,99922,Prince of Wales-Outer Ketchikan,201,116,00,8016,0,4885,"Hydaburg, AK",4885.00,"Hydaburg, AK",,,0,North,,Current Owner and Operator: Sealaska Timber Corp. Phone: 907-228-7319.225-9444,Shipment of logs.,None.,None.,"Forest Products, Lumber, Logs, Woodchips | Unknown or Not Elsewhere Classified",Three steel-mooring buoys.,Use of ship's gear for handling logs.,Log boom north of Saltery Point is approximately 1.5 miles southeast of Hydaburg.,MLLW (Mean Lower Low Water),25,50,400,400,,,,14-JUN-1995,-132.824854,55.202364
13070,57.054444,-135.34833,94845-407,0U64,32576,SIT,SITKA CITY DOCK,Dock,Validated for TOWS and Public,"Sitka Harbor, Sitka, approximately 0.5 mile northwest of O'Connell Bridge.",,Sitka,AK,99835,Sitka,220,112,00,8050,0,4808,"Sitka Harbor, AK",4796.00,"Sitka Ports and Harbor Commission, AK",,,0,East,,Current Owner and Operator: City of Sitka. Phone: 907/747-3439 FAX: 907-747-6278,Mooring miscellaneous vessels; handling supplies and equip- ment to and from fishing vessels; and occasional mooring of cruise ships and excursion vessels. ,"Via driveway, asphalt, 20 feet wide; from Katlian Street, asphalt, 20 feet wide.",None.,"Gasoline, Jet Fuel, Kerosene | Distillate,Residual & Other Fuel Oils; Lube Oil & Greases | Sulphur (Dry), Clay & Salt | Paper & Allied Products | Primary Non-Ferrous Metal Products;Fabricated Metal Prods. | All Manufactured Equipment, Machinery and Produc","Steel-sheet-pile bulkhead with part asphalt-surfaced solid fill, with steel-catwalk approach at approximately 50 feet of north end.","One 1-ton, hydraulic mast-and-boom derrick with 15-foot knuckle boom.",-,MLLW (Mean Lower Low Water),37,37,350,350,16,16,,01-JAN-1990,-135.34833,57.054444
13151,57.116111,-135.39611,94845-411,0ZGW,38722,SIT,"HALIBUT POINT MARINE, SITKA DOCK",Dock,Validated for TOWS and Public,"Sitka Sound, Sitka, approximately 4.7 miles north of O'Connell Bridge, at north side of Halibut Point.",4513 Halibut Point Road.,Sitka,AK,99835,Sitka,220,112,00,8050,0,4808,"Sitka Harbor, AK",,,,,0,East,,"Current Owner and Operator: Halibut Point Marine, Inc. Phone: 907-747-4999 : 907-738-9011 FAX: 907-747-6225 : 907-747-3828 | Current Owner and Operator: Mr. Chris McGraw",Mooring vessels for repair.,"Via driveway, asphalt, various widths; from Halibut Point Road, asphalt, 24 feet wide.",None.,,"Part steel-sheet-pile cellular bulkhead with solid fill; and part steel-sheet-pile bulkhead with part concrete- surfaced solid fill at two steel pile, steel-decked piers used for mobile vertical-boat-lift.","One 35-ton, hydraulic mobile crane with 80-foot boom; and one 88-ton, mobile vertical-boat-lift.",Approximately 3 acres of unpaved open storage area at rear is used for boat storage and repair.,MLLW (Mean Lower Low Water),10,10,200,200,12,12,,01-JAN-2012,-135.39611,57.116111
13152,57.128611,-135.37916,94845-503,0U69,32581,SIT,"SAMSON TUG AND BARGE CO., SITKA DOCK",Dock,Validated for TOWS and Public,"Starrigavan Bay, Sitka, approximately 5.7 miles north of O'Connell Bridge, at north side of Halibut Point.",5309 Halibut Point Road.,Sitka,AK,99835,Sitka,220,112,00,8050,0,4808,"Sitka Harbor, AK",,,,,0,South,,Current Owner and Operator: Samson Tug and Barge Co. Phone: 907-747-3020,Receipt and shipment of containerized general cargo; moor- ing company-owned towboats and barges.,"Via plant road, unpaved, various widths; from Halibut Point Road, asphalt, 24 feet wide.",None.,"Petroleum Products NEC | Other Chemicals and Related Products | Forest Products, Lumber, Logs, Woodchips | Sand, Gravel, Stone, Rock, Limestone, Soil, Dredged Material | Iron Ore and Iron & Steel Waste & Scrap | Sulphur (Dry), Clay & Salt | Paper & Allied",Concrete bulkhead with solid fill; and concrete float with 70- by 25-foot steel approach. Bulkhead fronted by timber- fender system.,"Stevedore rental equipment available as required. Open storage area serves one 35-, one 5-, and one 2 1/2-ton, diesel-and-gasoline forklift trucks.",Approximately 1 acre of unpaved open storage area at rear has thirty-six outlets for refrigerated cargo containers.,MLLW (Mean Lower Low Water),30,365,300,550,,,,01-JAN-1990,-135.37916,57.128611
13153,58.388889,-135.72916,94950-200,0UAC,32720,GST,"CITY OF GUSTAVUS, DOCK AND FLOATS",Dock,Validated for TOWS and Public,"Northerly side of Icy Passage, Gustavus, at east side of Salmon River.",,Gustavus,AK,99826,Skagway-Hoonah-Angoon,232,112,00,8061,37,4793,"Icy Strait, AK",,,,,37,North,"Current Operator: Gustavus Dray Co., Inc. and Western Pioneer. Phone: 907-697-2481 FAX: 907-697-2355",Current Owner: State of Alaska.,Receipt and shipment of conventional-and-containerized general cargo; receipt of petroleum products; and mooring miscellaneous vessels.,"Via foot of State Dock Road, asphalt, 24 feet wide.",None.,"Units (Ferried Autos, Passengers, Railway Cars) | Petroleum and Petroleum Products | Gasoline, Jet Fuel, Kerosene | Distillate,Residual & Other Fuel Oils; Lube Oil & Greases | Primary Non-Ferrous Metal Products;Fabricated Metal Prods. | Unknown or Not Els","Timber pile, timber-decked offshore wharf with one breasting dolphin on each side in line with face; and one 50- by 12-foot timber float adjacent to east side of face extending from one 170- by 8- to 12-foot and one 75- by 8-foot timber floats moored to steel piles at east side at rear of face. Wharf has one 1,139- by 12-foot approach from shore; and timber float has one 61- by 6-foot steel-gangway approach from wharf.",Stevedore rental equipment is available as required.,"City of Gustavus: Float sections are removed during the winter months.
Gustavus Dray Co., Inc.:  Two 3-inch petroleum-product pipelines extend from wharf to eight steel storage tanks at rear; total capacity 2,500 barrels. ",MLLW (Mean Lower Low Water),15,35,48,235,20,20,,01-JAN-1990,-135.72916,58.3888890000001
13154,58.45556,-135.885,94950-300,0R1L,28954,GST,"NATIONAL PARK SVC, BARTLETT COVE GLACIER BAY NATIONAL PARK & PRES",Dock,Validated for TOWS,,,GUSTAVUS,AK,99826,Skagway-Hoonah-Angoon,232,112,00,8063,41,4793,"Icy Strait, AK",,,,,41,,,,,,,"Units (Ferried Autos, Passengers, Railway Cars) | Petroleum and Petroleum Products | Gasoline, Jet Fuel, Kerosene | Distillate,Residual & Other Fuel Oils; Lube Oil & Greases",,,,,,,,,,,Parent,01-JAN-1990,-135.885,58.45556
13155,58.113333,-135.4475,94952-102,0UAE,32722,HNH,HOONAH TRADING CO. DOCK,Dock,Validated for TOWS and Public,"Easterly side of Port Frederick, Hoonah Harbor, at Chichagof Island.",147 Front Street.,Hoonah,AK,99829,Skagway-Hoonah-Angoon,232,112,00,8062,0,4813,"Hoonah Harbor, AK",4797.00,"Hoonah, AK",,,0,East,,"Current Owner and Operator: Hoonah Trading Co., Division of Wards Cove Packing Co., Inc. Phone: 907-945-3211 FAX: 907-945-3309",Receipt of petroleum products; fueling vessels; and mooring small vessels.,"Via Front Street, asphalt, various widths; from Garteeni Highway, asphalt, 24 feet wide.",None.,"Petroleum and Petroleum Products | Gasoline, Jet Fuel, Kerosene | Distillate,Residual & Other Fuel Oils; Lube Oil & Greases","Timber pile, timber-decked offshore wharf with one 220- by 10-foot timber approach from shore; and one 90- by 10-foot timber float on south side with 50- by 5-foot gangway approach.","One 3/4-ton, electric mast-and-boom derrick with 12-foot boom.","Three 4-inch petroleum-product pipelines extend from wharf to six steel storage tanks located at rear; total capacity 4,750 barrels. Pipelines serve five hose stations on wharf.",MLLW (Mean Lower Low Water),20,20,100,250,25,25,,01-JAN-1990,-135.4475,58.1133330000001
13156,58.116438,-135.457885,94952-105,0UAG,32724,HNH,"STATE OF ALASKA, HOONAH FERRY TERMINAL DOCK",Dock,Validated for TOWS and Public,"Easterly side of Port Frederick, Hoonah Harbor, at Chichagof Island.",,Hoonah,AK,99829,,105,116,00,8062,0,4813,"Hoonah Harbor, AK",4797.00,"Hoonah, AK",,,0,East,"Current Operator: State of Alaska, Department of Transportation and Public Facilities. Phone: 907-945-3670 FAX: 907-945-3445",Current Owner: State of Alaska.,Landing for passenger-and-vehicular ferry.,"Via Cannery Road, asphalt, various widths; from Front Street and Garteeni Highway, dual lanes, each asphalt, 24 feet wide.",None.,"Units (Ferried Autos, Passengers, Railway Cars)","Steel-float-supported steel truss, steel-grating-decked transfer bridge with seven concrete-and-steel breasting dolphins in line with face.",None.,Terminal building with asphalt-paved parking area is located at rear.,MLLW (Mean Lower Low Water),25,25,400,400,,,,01-JAN-1990,-135.457885,58.1164380000001
13157,57.95972,-136.23083,94954-101,0R1T,28961,PEC,"PELICAN SEAFOODS, SEAFOOD DOCKS",Dock,Validated for TOWS,,,PELICAN,AK,99832,Skagway-Hoonah-Angoon,232,112,00,8058,0,4840,"Pelican Harbor, AK",4898.00,"Pelican, AK",,,0,,,,,,,"Sulphur (Dry), Clay & Salt | Paper & Allied Products | Primary Non-Ferrous Metal Products;Fabricated Metal Prods. | Fish | All Manufactured Equipment, Machinery and Products | Unknown or Not Elsewhere Classified",,,,,,,,,,,Parent,01-JAN-1990,-136.23083,57.9597200000001
13158,57.96,-136.22944,94954-103,0ZGX,38723,PEC,"PELICAN SEAFOODS, FUEL WHARF",Dock,Validated for TOWS and Public,"Easterly side of Lisianski Inlet, Pelican, at northwest side of Small-Boat Harbor.",,Pelican,AK,99832,Skagway-Hoonah-Angoon,232,112,00,8058,0,4840,"Pelican Harbor, AK",4898.00,"Pelican, AK",,,0,East,,"Current Owner and Operator: Pelican Seafoods, Division of Kake Tribal Corp. Phone: 907/735-2204 FAX: 907-735-2281",Receipt of petroleum products; and fueling vessels.,None.,None.,"Petroleum and Petroleum Products | Gasoline, Jet Fuel, Kerosene | Distillate,Residual & Other Fuel Oils; Lube Oil & Greases","Timber pile, timber-decked offshore wharf with 140- by 10-foot timber approach from boardwalk.",None.,"Three 3-inch petroleum-product pipelines extend from wharf to seven steel storage tanks at rear of boardwalk; total capacity 3,350 barrels.  Wharf has four fueling stations for fueling vessels.",MLLW (Mean Lower Low Water),12,12,60,60,19,19,,01-JAN-1990,-136.22944,57.96
13159,57.957627,-136.227605,94954-104,0UDZ,32843,PEC,"STATE OF ALASKA, PELICAN FERRY TERMINAL DOCK",Dock,Validated for TOWS and Public,"Easterly side of Lisianski Inlet, Pelican, at northeast side of breakwater.",,Pelican,AK,99832,,105,116,00,8058,0,4840,"Pelican Harbor, AK",4898.00,"Pelican, AK",,,0,East,,"Current Owner and Operator: State of Alaska, Department of Transportation and Public Facilities.",Landing for passenger-and-vehicular ferry; occasional mooring of barges.,"Via plant road, gravel, 30 feet wide.",None.,"Units (Ferried Autos, Passengers, Railway Cars)","Three steel pile, concrete-decked transfer bridges at different elevations, each approximately 20 feet in width, with three timber-and-steel dolphins forming slip for ferry and one timber-breasting dolphin in line with face for mooring barges.",None.,Ferry slip is approximately 67 feet wide.,MLLW (Mean Lower Low Water),15,20,185,305,6.7,16,,01-JAN-1990,-136.227605,57.9576270000001
13160,59.55222,-139.74667,94958-250,0QD4,28190,YAK,"SITKA SOUND SEAFOODS, YAKUTAT OCEAN CAPE/CO-OP DOCKS",Dock,Validated for TOWS,,,YAKUTAT,AK,99689,Yakutat,282,112,00,8075,0,4931,"Yakutat Harbor, AK",5004.00,"Yakutat, AK",,,0,,,,,,,"Gasoline, Jet Fuel, Kerosene | Distillate,Residual & Other Fuel Oils; Lube Oil & Greases | Petroleum Pitches, Coke, Asphalt, Naptha and Solvents | Petroleum Products NEC | Other Chemicals and Related Products | Forest Products, Lumber, Logs, Woodchips | S",,,,,,,,,,,Parent,01-JAN-1990,-139.74667,59.55222
13161,59.546389,-139.73722,94958-120,0ZH0,38726,YAK,"DELTA WESTERN, YAKUTAT WHARF",Dock,Validated for TOWS and Public,"South side of Monti Bay, Yakutat.",,Yakutat,AK,99689,Yakutat,282,112,00,8075,0,4931,"Yakutat Harbor, AK",5004.00,"Yakutat, AK",,,0,South,"Current Operator: Delta Western, Inc. Phone: 907-784-3915 FAX: 907-784-3580",Current Owner: City of Yakutat.,Receipt of petroleum products; and fueling vessels.,"Via Ocean Cape Road (Ankau Road), unpaved, 22 feet wide; from Mallott Avenue, dual lane, each asphalt, various widths.",None.,"Petroleum and Petroleum Products | Gasoline, Jet Fuel, Kerosene | Distillate,Residual & Other Fuel Oils; Lube Oil & Greases","Timber pile, timber-decked offshore wharf with 111+125- by 15-foot approach from shore.",None.,"Four 4-inch petroleum-product pipelines extend from wharf to thirteen steel storage tanks located at rear; total capacity 25,800 barrels.  Fueling lines serve three hose stations on wharf.",MLLW (Mean Lower Low Water),35,38,112,224,21,21,,14-JUN-1995,-139.73722,59.546389
13162,59.229444,-135.43722,94963-104,0U98,32682,HNS,"CITY OF HAINES, PORT CHILKOOT WHARF",Dock,Validated for TOWS and Public,"Westerly side of Chilkoot Inlet, Haines, at Portage Cove, foot of Portage Street.",,Haines,AK,99827,Haines,100,112,00,8066,0,4864,"Haines Harbor, AK",5005.00,"Haines Borough, AK",,,0,West,"Current Operator: City of Haines and Delta Western, Inc. Phone: 907-766-2448 FAX: 907-766-3010",Current Owner: City of Haines.,Receipt of petroleum products; and mooring cruise vessels.,"Via Beach Road, asphalt, 24 feet wide.",None.,Petroleum and Petroleum Products,"One steel pile, steel- and timber-decked offshore wharf with four steel-pile breasting dolphins in line with face and one timber-decked steel float on north side with 
110- by 5-foot, covered gangway approach; And one timber pile, timber-decked offshore wharf with two steel-pile mooring dolphins on each side at rear of face.  First mentioned wharf has one 125- by 25-foot approach; second has one 425- by 15-foot timber-roadway approach.",None.,"Delta Western, Inc.:  Three 6-inch petroleum-product pipelines extend from wharf to six steel storage tanks at rear; total capacity 25,600 barrels.",MLLW (Mean Lower Low Water),40,46,915,1040,24,24,,01-JAN-1990,-135.43722,59.2294440000001
13163,59.28,-135.45277,94963-106,0U99,32683,HNS,"CITY OF HAINES, P.O.L. TERMINAL DOCK",Dock,Validated for TOWS and Public,"Westerly side of Chilkoot Inlet, Haines, at southerly shore of entrance to Lutak Inlet, approximately 4,000 feet northwest of Tanani Point.",,Haines,AK,,Haines,100,112,00,8067,6,4861,"Taiya Inlet, AK",5005.00,"Haines Borough, AK",,,6,West,,Current Owner: United States Government. Phone: 907-766-2448 FAX: 907-766-3010,Not used.,"Via Lutak Road, asphalt, 24 feet wide.",None.,"Gasoline, Jet Fuel, Kerosene | Distillate,Residual & Other Fuel Oils; Lube Oil & Greases | Unknown or Not Elsewhere Classified","Steel pile, concrete-decked offshore wharf with two steel-and-concrete breasting dolphins in line with face, each with steel-catwalk approach from shore.  Wharf, fronted by timber fender system, has one 180- by 15-foot roadway approach.",One mast-and-boom derrick with two 30-foot booms for handling hose.,"City of Haines:  At time of '83 survey, dock was in use for receipt and shipment of petroleum products; however at time of '94 survey, operation had shut down and the lines were blanked and storage tanks emptied. When operational, one 16-, four 12-, and one 6-inch pipelines extended from dock to thirteen steel storage tanks at terminal in rear; total capacity 374,000 barrels.",MLLW (Mean Lower Low Water),38,38,780,780,25,25,,01-JAN-1990,-135.45277,59.28
13164,59.281667,-135.46111,94963-107,0U9A,32684,HNS,"STATE OF ALASKA, HAINES FERRY TERMINAL DOCK",Dock,Validated for TOWS and Public,"Westerly side of Chilkoot Inlet, Haines, at southerly shore of Lutak Inlet, approximately 
1.2 miles northwest of Tanani Point.",,Haines,AK,,Haines,100,112,00,8067,6,4861,"Taiya Inlet, AK",5005.00,"Haines Borough, AK",,,6,West,,"Current Owner and Operator: State of Alaska, Department of Transportation and Public Facilities. Phone: 907-766-2862 FAX: 907-766-2239",Landing for passenger-and-vehicular ferry.,"Via Lutak Road, asphalt, 24 feet wide.",None.,"Units (Ferried Autos, Passengers, Railway Cars) | Gasoline, Jet Fuel, Kerosene | Distillate,Residual & Other Fuel Oils; Lube Oil & Greases | Petroleum Pitches, Coke, Asphalt, Naptha and Solvents | Petroleum Products NEC | Other Chemicals and Related Produ","Ajustable, steel transfer bridge with one timber pile, timber-decked breasting platform with three steel- breasting dolphins in line with face and one mooring dolphin at rear on southeast side. Steel-sheet-pile cellular bulkhead with concrete-surfaced solid fill in line with face on northwest side, fronted by timber- fender system.",None.,"Wharf is in line and contiguous with adjacent City of Haines, Lutak Dock (Ref. No. 182) providing for continu- ous berthing space.  Terminal building with paved parking lot is located at rear.",MLLW (Mean Lower Low Water),23,25,640,640,25,25,,01-JAN-1990,-135.46111,59.281667
13165,59.286389,-135.47861,94963-108,0U9R,32699,HNS,"CHILKOOT LUMBER CO., HAINES WHARF",Dock,Validated for TOWS and Public,"Westerly side of Chilkoot Inlet, Haines, on south shore of Lutak Inlet, approximately 1.6 miles northwest of Tanani Point.",,Haines,AK,,Haines,100,112,00,8067,6,4861,"Taiya Inlet, AK",5005.00,"Haines Borough, AK",,,6,West,,Current Owner: Ed LaPeyri. Phone: 907-766-3111,Not used.,"Via Lutak Road, asphalt, 24 feet wide.",None.,"Gasoline, Jet Fuel, Kerosene","Timber pile, timber-decked offshore wharf with 125- by 45-foot wharf extension on westerly side; and adjustable steel-transfer bridge in 45-foot recess on southeast side.","One revolving, wood-chip loader chute was not used at time of survey.","Previous to '83 edition, wharf was in use for machine- cutting lumber into boards; however after the survey, it was noted that the operation had shut down. When opera- tional, sawmill was located at rear; open storage area totaled 16 acres.",MLLW (Mean Lower Low Water),12,36,600,850,25,25,,01-JAN-1990,-135.47861,59.286389
13166,59.448702,-135.325509,94965-103,0U9T,32701,SGY,"STATE OF ALASKA, SKAGWAY FERRY TERMINAL DOCK",Dock,Validated for TOWS and Public,"Easterly shore of Taiya Inlet, Skagway, below mouth of Skagway River, at foot of Spring Street extended.",,Skagway,AK,,,230,116,00,8068,0,4812,"Skagway Harbor, AK",4857.00,"Skagway, AK",,,0,East,,"Current Owner and Operator: State of Alaska, Department of Transportation and Public Facilities; and City of Skagway.",Mooring cruise vessels; and landing for passenger-and- vehicular ferry; fueling vessels.,"Via foot of Broadway Street, asphalt, various widths.",None.,"Units (Ferried Autos, Passengers, Railway Cars) | Gasoline, Jet Fuel, Kerosene | Distillate,Residual & Other Fuel Oils; Lube Oil & Greases | Petroleum Pitches, Coke, Asphalt, Naptha and Solvents | Petroleum Products NEC | Other Chemicals and Related Produ","Offshore concrete-floating barge with three steel-and- concrete breasting dolphins in line with northwest face, connected by steel catwalk. Wharf has one 160- by 18-foot roadway; and one covered, 138- by 9-foot passenger approaches. ","One 2-ton, electric-hydraulic mast-and-boom derrick with 20-foot boom.","Fuel float, operated by Petro Marine Services, serves one 4- and one 2-inch fuel-oil pipelines extending from storage tanks described under adjacent City of Skayway, Boat-Harbor Floats (Ref. No. 185).  Terminal building and parking area is located at rear.",MLLW (Mean Lower Low Water),25,25,385,385,,,,01-JAN-1990,-135.325509,59.4487020000001
13436,56.911994,-134.461884,93850-207,015J,1344,KAE,SAGINAW BAY,Anchorage,Validated for TOWS,,,KAKE,AK,99830,Wrangell-Petersburg,280,112,00,8043,7,4784,"Frederick Sound, AK",,,,,7,,,,,,,Fish,,,,,,,,,,,,01-JAN-1990,-134.461884,56.911994
13437,54.746563,-132.611944,93827-225,01FZ,1699,HYG,LONG ISLAND (CORDOVA BAY),Open Water,Validated for TOWS,,,HYDABURG,AK,99922,Prince of Wales-Outer Ketchikan,201,112,00,8171,0,4865,"Prince of Wales Is. West Side, AK",,,,,0,,,,,,,"Gasoline, Jet Fuel, Kerosene | Distillate,Residual & Other Fuel Oils; Lube Oil & Greases",,,,,,,,,,,,01-JAN-1990,-132.611944,54.746563
13438,54.894178,-132.834609,93827-150,01FW,1696,,DALL ISLAND (DAHL),Dock,Validated for TOWS,,,,AK,,Prince of Wales-Outer Ketchikan,201,113,00,8171,152,4865,"Prince of Wales Is. West Side, AK",,,,,152,,,,,,,,,,,,,,,,,,,01-JAN-1990,-132.834609,54.8941780000001
13439,54.911285,-132.916667,93827-200,01FX,1697,HYG,GRACE HARBOR,Open Water,Validated for TOWS,,,HYDABURG,AK,99922,Prince of Wales-Outer Ketchikan,201,112,00,8171,0,4865,"Prince of Wales Is. West Side, AK",,,,,0,,,,,,,"Gasoline, Jet Fuel, Kerosene | Distillate,Residual & Other Fuel Oils; Lube Oil & Greases",,,,,,,,,,,,01-JAN-1990,-132.916667,54.9112850000001
13440,55.79842,-133.593787,93827-250,01G3,1703,,PORT ALICE,Dock,Validated for TOWS,,,,AK,,Prince of Wales-Outer Ketchikan,201,113,00,8022,11,4865,"Prince of Wales Is. West Side, AK",,,,,11,,,,,,,"Distillate,Residual & Other Fuel Oils; Lube Oil & Greases",,,,,,,,,,,,01-JAN-1990,-133.593787,55.7984200000001
13441,54.742778,-132.843333,93827-345,0152,1328,,SECURITY COVE,Dock,Validated for TOWS,,,,AK,,Prince of Wales-Outer Ketchikan,201,113,00,8171,169,4865,"Prince of Wales Is. West Side, AK",,,,,169,,,,,,,,,,,,,,,,,,,01-JAN-1990,-132.843333,54.742778
13442,55.532484,-133.638333,93827-945,00U0,952,CGA,STEAMBOAT BAY,Open Water,Validated for TOWS,,,CRAIG,AK,99921,Prince of Wales-Outer Ketchikan,201,112,00,8170,0,4865,"Prince of Wales Is. West Side, AK",,,,,0,,,,,,,"Distillate,Residual & Other Fuel Oils; Lube Oil & Greases | Sulphur (Dry), Clay & Salt | Paper & Allied Products | Primary Non-Ferrous Metal Products;Fabricated Metal Prods. | Fish | All Manufactured Equipment, Machinery and Products",,,,,,,,,,,,01-JAN-1990,-133.638333,55.5324840000001
13443,56.24161,-133.748218,93835-199,00UC,964,KPB,PORT PROTECTION,Dock,Validated for TOWS,,,POINT BAKER,AK,99927,Prince of Wales-Outer Ketchikan,201,112,00,8026,34,4781,"Sumner Strait, AK",,,,,34,,,,,,,"Gasoline, Jet Fuel, Kerosene | Distillate,Residual & Other Fuel Oils; Lube Oil & Greases",,,,,,,,,,,,01-JAN-1990,-133.748218,56.24161
13444,56.380876,-133.51708,93835-220,00UH,969,KPB,RED BAY,Dock,Validated for TOWS,,,POINT BAKER,AK,99927,Prince of Wales-Outer Ketchikan,201,112,00,8028,50,4781,"Sumner Strait, AK",,,,,50,,,,,,,"Gasoline, Jet Fuel, Kerosene | Distillate,Residual & Other Fuel Oils; Lube Oil & Greases",,,,,,,,,,,,01-JAN-1990,-133.51708,56.3808760000001
13445,56.462894,-133.096944,93835-227,00UJ,970,PSG,LEVEL ISLANDS,Dock,Validated for TOWS,,,PETERSBURG,AK,99833,Wrangell-Petersburg,280,112,00,8030,65,4781,"Sumner Strait, AK",4826.00,"Petersburg, AK",,,65,,,,,,,"Gasoline, Jet Fuel, Kerosene | Distillate,Residual & Other Fuel Oils; Lube Oil & Greases | Primary Non-Ferrous Metal Products;Fabricated Metal Prods.",,,,,,,,,,,,01-JAN-1990,-133.096944,56.4628940000001
13446,56.468827,-132.386086,93819-100,01HC,1746,WRG,WRANGELL ANCHORAGE,Anchorage,Validated for TOWS,,,WRANGELL,AK,99929,Wrangell-Petersburg,280,112,00,8169,0,4802,"Wrangell Harbor, AK",4795.00,"Wrangell, AK",,,0,,,,,,,"Distillate,Residual & Other Fuel Oils; Lube Oil & Greases | Forest Products, Lumber, Logs, Woodchips | Primary Non-Ferrous Metal Products;Fabricated Metal Prods. | Primary Wood Products; Veneer; Plywood",,,,,,,,,,,,01-JAN-1990,-132.386086,56.468827
13447,55.202514,-132.824886,93823-100,015Z,1359,MTM,ANCHORAGE HYDABURG,Anchorage,Validated for TOWS,,,METLAKATLA,AK,99926,Prince of Wales-Outer Ketchikan,201,116,00,8016,0,4885,"Hydaburg, AK",4885.00,"Hydaburg, AK",,,0,,,,,,,,,,,,,,,,,,,01-JAN-1990,-132.824886,55.2025140000001
13454,58.035669,-152.734091,95300-605,0NPM,26235,ORI,"WHITESTONE LOGGING, INC. KAZAKOF BAY",Dock,Validated for TOWS,,,PORT LIONS,AK,99550,Kodiak Island,150,112,00,8151,0,4932,"Afognak Bay, AK",,,,,0,,,,,,,"Gasoline, Jet Fuel, Kerosene | Distillate,Residual & Other Fuel Oils; Lube Oil & Greases",,,,,,,,,,,,16-JUN-2003,-152.734091,58.035669
13455,66.90409,-162.573123,98540-115,0YRF,37857,OTZ,"DRAKE CONSTRUCTION, KOTZEBUE DOCK",Dock,Validated for TOWS and Public,"Northwesterly shore of Baldwin Peninsula, at Kotzebue Sound, approximately 1 1/2 miles north of Kotzebue Airport.",,Kotzebue,AK,,Northwest Arctic,188,116,00,8274,40,4893,"Kotzebue Sound, AK",,,,,40,,"Current Operator: Drake Construction, Inc.; and Crowley Marine Services, Inc. Phone: 907-442-3512 FAX: 907/442-2604","Current Owner: Drake Construction, Inc.",Receipt of sand and gravel; mooring vessels for maintenance and repair.,"Via Second Avenue, gravel, various widths.",None.,"Sand, Gravel, Stone, Rock, Limestone, Soil, Dredged Material | All Manufactured Equipment, Machinery and Products",One grounded steel barge end-to shore.,Five front-end loaders with 3 1/2- to 5-cubic-yard buckets.,"Approximately 1 1/2 acres of open area at rear is used for repair-and-maintenance of vessels hauled-out by tractor.  Open storage area at rear has capacity for 25,000 tons of material.",MLLW (Mean Lower Low Water),4,4,24,24,4,4,,17-JUN-2003,-162.573123,66.9040900000001
13456,66.902075,-162.589739,98540-117,0NPN,26236,WTK,BEACH AREA - KOTZEBUE,Dock,Validated for TOWS,,,NOATAK,AK,99761,Northwest Arctic,188,116,00,8274,40,4893,"Kotzebue Sound, AK",,,,,40,,,,,,,"Sand, Gravel, Stone, Rock, Limestone, Soil, Dredged Material",,,,,,,,,,,,17-JUN-2003,-162.589739,66.9020750000001
13457,66.776853,-162.012204,98550-120,0NPP,26237,IAN,NIMIUK POINT BEACH,Dock,Validated for TOWS,,,KIANA,AK,99749,Northwest Arctic,188,116,00,8276,20,4895,"Kobuk River, AK",,,,,20,,,,,,,"Sand, Gravel, Stone, Rock, Limestone, Soil, Dredged Material",,,,,,,,,,,,17-JUN-2003,-162.012204,66.7768530000001
13460,59.054792,-160.318911,96398-401,0P9K,26913,DLG,CAPE PEIRCE,Dock,Validated for TOWS,,,DILLINGHAM,AK,99576,Dillingham,70,112,00,8227,0,4889,"Togiak Bay, AK",,,,,0,,,,,,,"Gasoline, Jet Fuel, Kerosene",,,,,,,,,,,,07-JUL-2003,-160.318911,59.0547920000001
13506,55.337778,-131.63666,93810-121,0UMZ,33115,KTN,KETCHIKAN TRIDENT SEAFOODS DOCK,Dock,Validated for TOWS and Public,"Left bank, Tongass Narrows, Ketchikan, opposite Pennock Island, at southeast foot of Deermont Street extended.",720 Stedman Street.,Ketchikan,AK,99901,Ketchikan Gateway,130,113,00,8103,3,4770,"Tongass Narrows, AK",4827.00,"Ketchikan, AK",,,3,Left,,Current Owner and Operator: Trident Seafoods Corp. Phone: 907-225-4191 FAX: 907-225-8317,Receipt of seafood; and icing fishing vessels.,"Via plant road, asphalt, 20 feet wide; from Stedman Street, asphalt, 26 feet wide.",None.,Fish,"Timber pile, timber-decked offshore wharf with series of 15-foot-wide concrete floats moored to two steel-pile dolphins at southeast side of wharf. Wharf has one 125- by 12-foot approach at southeast side. ","One 12-ton, diesel crawler crane with one 1/2- and one 2-ton electric hoists on 36-foot boom unload seafood into ground-level hopper served by one 30-inch, electric belt- conveyer extending from wharf into plant at rear.  Open storage area serves eight 2- to 2 1/2-ton, LP-gas forklift trucks.","An additional conveyor with elevator for handling seafood is located at series of concrete floats moored to south- east side of wharf.  
Seafood-processing plant, cannery, and private warehouse is located at rear.  Ice plant has production capacity of 100 tons per day.",MLLW (Mean Lower Low Water),30,30,170,170,22,22,,01-JAN-1990,-131.63666,55.3377780000001
13507,57.129421,-135.381459,94845-502,0U68,32580,SIT,ALASKA FERRY TERMINAL (SITKA),Dock,Validated for TOWS and Public,"Starrigavan Bay, Sitka, approximately 5.6 miles north of O'Connell Bridge, at northerly side of Halibut Point.",5307 Halibut Point Road.,Sitka,AK,99835,Sitka,220,116,00,8050,0,4808,"Sitka Harbor, AK",,,,,0,South,,"Current Owner and Operator: State of Alaska, Department of Transportation and Public Facilities. Phone: 907-747-8737 FAX: 907-747-3076",Landing for passenger-and-vehicular ferry.,"Via plant road, asphalt-and-concrete, 18 feet wide; from Halibut Point Road, asphalt, 24 feet wide.",None.,"Units (Ferried Autos, Passengers, Railway Cars) | Petroleum Products NEC | Other Chemicals and Related Products | Sulphur (Dry), Clay & Salt | Primary Non-Ferrous Metal Products;Fabricated Metal Prods. | Other Agricultural Products; Food and Kindred Produ","Steel-float-supported steel truss, steel-grating-decked transfer bridge with breasting dolphins on each side; and one 100- by 20-foot breasting platform on each side of bridge with steel-breasting dolphins in line with face, connected by steel catwalks. A mooring dolphin is located at rear of west side. ",None.,Terminal building and paved parking area is located at rear.,MLLW (Mean Lower Low Water),30,30,460,460,,,,01-JAN-1990,-135.381459,57.129421
13508,59.450278,-135.32472,94965-106,0ZH2,38728,SGY,BROADWAY DOCK - MIDDLE OF SKAGWAY HARBOR (CRUISE),Dock,Validated for TOWS and Public,"Easterly shore of Taiya Inlet, Skagway, below mouth of Skagway River, at east of foot of State Street extended.",,Skagway,AK,99840,Skagway-Hoonah-Angoon,232,112,00,8068,0,4812,"Skagway Harbor, AK",4857.00,"Skagway, AK",,,0,East,Current Operator: Skagway Terminal Co. Phone: 907-983-2214 FAX: 907-983-2017,Current Owner: Skagway Terminal Co. dba White Pass & Yukon Route.,Mooring cruise vessels.,"Via foot of Broadway Street, asphalt, various widths.",None.,"Gasoline, Jet Fuel, Kerosene","Steel pile, concrete-decked offshore wharf with four steel-pile breasting dolphins on south side in line with face connected by steel catwalk; and three mooring dolphins on north side at rear of face fronting approach. Wharf has one 84- by 24-foot approach from southerly side; and one 400- by 13-foot approach from northerly side.  Wharf fronted by steel-timber-and-rubber fender system.",None.,-,MLLW (Mean Lower Low Water),35,35,800,800,24,24,,14-JUN-1995,-135.32472,59.4502780000001
13509,58.296498,-134.41538,94811-200,00WY,1052,JNU,JUNEAU HARBOR,Open Water,Validated for TOWS,,,JUNEAU,AK,99801,Juneau,110,112,00,8071,0,4810,"Juneau Harbor, AK",4823.00,"Juneau, AK",,,0,,,,,,,"Units (Ferried Autos, Passengers, Railway Cars) | Gasoline, Jet Fuel, Kerosene | Distillate,Residual & Other Fuel Oils; Lube Oil & Greases | Primary Non-Ferrous Metal Products;Fabricated Metal Prods. | Fish | All Manufactured Equipment, Machinery and Prod",,,,,,,,,,,,01-JAN-1990,-134.41538,58.296498
13510,55.666754,-132.43342,93814-206,01GD,1713,KTB,TOLSTOI BAY,Open Water,Validated for TOWS,,,THORNE BAY,AK,99919,Prince of Wales-Outer Ketchikan,201,112,00,8084,29,4771,"Clarence Strait, AK",,,,,29,,,,,,,,,,,,,,,,,,,01-JAN-1990,-132.43342,55.6667540000001
13511,57.411563,-133.448698,94805-175,00WG,1036,PSG,HOBART BAY,Open Water,Validated for TOWS,,,PETERSBURG,AK,99833,Skagway-Hoonah-Angoon,232,112,00,8070,14,4785,"Stephens Passage, AK",4826.00,"Petersburg, AK",,,14,,,,,,,"Gasoline, Jet Fuel, Kerosene | Distillate,Residual & Other Fuel Oils; Lube Oil & Greases",,,,,,,,,,,,01-JAN-1990,-133.448698,57.4115630000001
13512,55.521095,-133.718889,93827-245,01G2,1702,CGA,NOYES ISLAND,Open Water,Validated for TOWS,,,CRAIG,AK,99921,Prince of Wales-Outer Ketchikan,201,112,00,8170,0,4865,"Prince of Wales Is. West Side, AK",,,,,0,,,,,,,Fish,,,,,,,,,,,,01-JAN-1990,-133.718889,55.5210950000001
13513,55.387039,-131.852193,93809-208,0PNG,27352,KTN,VALLENAR BAY ON GRAVINA ISLAND,Open Water,Validated for TOWS,,,KETCHIKAN,AK,99901,Ketchikan Gateway,130,112,00,8097,7,4770,"Tongass Narrows, AK",,,,,7,,,,,,,,,,,,,,,,,,,30-DEC-1996,-131.852193,55.3870390000001
13514,54.946095,-133.083333,93827-470,015B,1337,HYG,WATERFALL,Open Water,Validated for TOWS,,,HYDABURG,AK,99922,Prince of Wales-Outer Ketchikan,201,112,00,8085,0,4865,"Prince of Wales Is. West Side, AK",,,,,0,,,,,,,"Gasoline, Jet Fuel, Kerosene | Distillate,Residual & Other Fuel Oils; Lube Oil & Greases",,,,,,,,,,,,01-JAN-1990,-133.083333,54.9460950000001
13515,55.315,-131.59472,93810-101,0UMF,33097,KTN,SAXMAN SEAPORT TRANSFER BRIDGE,Dock,Validated for TOWS and Public,"Left bank, Tongass Narrows, Ketchikan, opposite Pennock Island, approximately 2.3 miles southeast of Saxman.",2868 South Tongass Highway.,Ketchikan,AK,99901,Ketchikan Gateway,130,113,00,8103,1,4770,"Tongass Narrows, AK",,,,,1,Left,Current Operator: Saxman Seaport. Phone: 907-225-9040 FAX: 907-225-4706,Current Owner: City of Saxman.,"Receipt of LPG by railroad tankcar via carfloat; and handling construction materials, supplies, and equipment.","Via driveway, asphalt, 24 feet wide; from South Tongass Highway, asphalt, 24 feet wide.","One surface track extending from transfer bridge joins two connecting tracks along north side of transit shed, with total length of 1,800 feet; connect with Saxman Seaport.","Distillate,Residual & Other Fuel Oils; Lube Oil & Greases","One 125-ton-capacity, adjustable steel-transfer bridge with timber deck, with row of offshore steel-and-timber breasting dolphins on each side forming slip perpendicu- lar to face of transfer bridge. Transfer bridge is approximately 130 feet long by 15 feet wide.",Company-owned stevedore equipment is available as required.,"Liquefied petroleum gas is transferred via truck to storage tanks at rear of Amerigas, Ketchikan Pier (Ref. No. 53).  Approximately 4.1 acres of unpaved open storage area is located at rear.",MLLW (Mean Lower Low Water),10,10,208,208,,,,01-JAN-1990,-131.59472,55.3150000000001
13518,56.85543,-135.523177,94846-220,00VU,1014,SIT,BIORKA ISLAND (BINKLEYS),Dock,Validated for TOWS,,,SITKA,AK,99835,Sitka,220,116,00,8046,0,4808,"Sitka Harbor, AK",,,,,0,,,,,,,"Gasoline, Jet Fuel, Kerosene | Distillate,Residual & Other Fuel Oils; Lube Oil & Greases | Primary Non-Ferrous Metal Products;Fabricated Metal Prods.",,,,,,,,,,,,01-JAN-1990,-135.523177,56.8554300000001
13519,58.416101,-135.44581,94950-400,00F2,512,HNH,EXCURSION VILLAGE,Dock,Validated for TOWS,,,HOONAH,AK,99829,Haines,100,116,00,8063,40,4793,"Icy Strait, AK",5005.00,"Haines Borough, AK",,,40,,,,,,,"Gasoline, Jet Fuel, Kerosene | Distillate,Residual & Other Fuel Oils; Lube Oil & Greases | Petroleum Pitches, Coke, Asphalt, Naptha and Solvents | Petroleum Products NEC | Other Chemicals and Related Products | Forest Products, Lumber, Logs, Woodchips | S",,,,,,,,,,,,01-JAN-1990,-135.44581,58.4161010000001
13520,61.124167,-146.36138,95130-202,0UBH,32759,VDZ,JOHN THOMAS KELSEY MUNICIPLE DOCK VALDEZ CITY,Dock,Validated for TOWS and Public,"Northerly shore of Port Valdez, approximately 
8 miles above Valdez Narrows, at east foot of Hazelet Avenue extended.",,Valdez,AK,99686,Valdez-Cordova,261,112,00,8081,0,4816,"Valdez, AK",4816.00,"Valdez, AK",,,0,,"Current Operator: City of Valdez; State of Alaska, Department of Transportation and Public Facilities; and Nautilus Foods, Inc. Phone: 907-835-4227 FAX: 907/835-4268",Current Owner: City of Valdez.,Receipt of seafood; landing for passenger-and-vehicular ferry; and mooring cruise ships or other miscellaneous vessels.,"Via Ferry Way, asphalt, 24 feet wide; from Hazelet Avenue, asphalt, 40 feet wide.",None.,"Units (Ferried Autos, Passengers, Railway Cars) | Fish | Other Agricultural Products; Food and Kindred Products | All Manufactured Equipment, Machinery and Products","Timber pile, timber-decked 60-foot-wide offshore wharf with one 50- by 25-, one 50- by 36-, and one 100- by 25-foot approaches.  Wharf fronted by rubber-cushioned steel-and- timber fender system.",One 1 1/2-ton electric-hydraulic derrick with 15-foot knuckle boom. Open storage area serves five 2-ton forklift trucks.,Former transit shed on shore functions as seafood- processing plant.,MLLW (Mean Lower Low Water),26,26,600,600,16,16,,01-JAN-1990,-146.36138,61.1241670000001
13521,64.868535,-157.688902,97643-201,0204,2316,KYU,KOYUKUK VILLAGE,Dock,Validated for TOWS,,,KOYUKUK,AK,99754,Yukon-Koyukuk,290,112,00,8897,516,4860,"Yukon River, AK",,,,,516,,,,,,,"Petroleum Products NEC | All Manufactured Equipment, Machinery and Products",,,,,,,,,,,,01-JAN-1990,-157.688902,64.8685350000001
13522,60.145196,-162.428649,96460-001,02BS,2712,EEK,KUSKOKWIM RIVER,Dock,Validated for TOWS,,,EEK,AK,99578,Bethel,50,112,00,8243,1,4819,"Kuskokwim River, AK",,,,,1,,,,,,,"Gasoline, Jet Fuel, Kerosene | Distillate,Residual & Other Fuel Oils; Lube Oil & Greases | Sand, Gravel, Stone, Rock, Limestone, Soil, Dredged Material | All Manufactured Equipment, Machinery and Products",,,,,,,,,,,,01-JAN-1990,-162.428649,60.1451960000001
13523,59.938126,-164.043225,96450-653,02BR,2711,,KIPNUK,Dock,Validated for TOWS,,,,AK,,Bethel,50,116,00,8229,1,4817,"Kuskokwim Bay, AK",,,,,1,,,,,,,"Gasoline, Jet Fuel, Kerosene | Distillate,Residual & Other Fuel Oils; Lube Oil & Greases | Forest Products, Lumber, Logs, Woodchips | Building Cement & Concrete; Lime; Glass | Other Agricultural Products; Food and Kindred Products | All Manufactured Equip",,,,,,,,,,,,01-JAN-1990,-164.043225,59.9381260000001
13524,60.464216,-162.309513,96460-021,02BW,2716,EEK,TUNATULIAK VILLAGE,Dock,Validated for TOWS,,,EEK,AK,99578,Bethel,50,112,00,8243,34,4819,"Kuskokwim River, AK",,,,,34,,,,,,,"Gasoline, Jet Fuel, Kerosene | Distillate,Residual & Other Fuel Oils; Lube Oil & Greases | Forest Products, Lumber, Logs, Woodchips | Sand, Gravel, Stone, Rock, Limestone, Soil, Dredged Material | Primary Wood Products; Veneer; Plywood | Other Agricultura",,,,,,,,,,,,01-JAN-1990,-162.309513,60.4642160000001
13525,58.212322,-157.415214,96355-200,02EQ,2812,EGX,EGEGIK VILLAGE CANNERY,Dock,Validated for TOWS,,,EGEGIK,AK,99579,Lake and Peninsula,164,112,00,8218,0,4872,"Egegik River, AK",,,,,0,,,,,,,"Gasoline, Jet Fuel, Kerosene | Distillate,Residual & Other Fuel Oils; Lube Oil & Greases | Petroleum Products NEC | Primary Non-Ferrous Metal Products;Fabricated Metal Prods.",,,,,,,,,,,,01-JAN-1990,-157.415214,58.212322
13526,61.777491,-156.699203,96460-204,02DZ,2787,SLQ,LISKY'S LANDING,Dock,Validated for TOWS,,,SLEETMUTE,AK,99668,Bethel,50,112,00,8243,426,4819,"Kuskokwim River, AK",,,,,426,,,,,,,,,,,,,,,,,,,01-JAN-1990,-156.699203,61.7774910000001
13536,59.547484,-139.731944,94958-200,00Q6,822,YAK,YAKUTAT VILLAGE,Dock,Validated for TOWS,,,YAKUTAT,AK,99689,Yakutat,282,112,00,8075,0,4931,"Yakutat Harbor, AK",5004.00,"Yakutat, AK",,,0,,,,,,,"Units (Ferried Autos, Passengers, Railway Cars) | Other Chemicals and Related Products | Forest Products, Lumber, Logs, Woodchips | Building Cement & Concrete; Lime; Glass | Fish",,,,,,,,,,,,01-JAN-1990,-139.731944,59.5474840000001
13927,58.844681,-158.55298,96395-321,02FC,2834,CLP,CLARKS POINT VILLAGE,Anchorage,Validated for TOWS,,,CLARKS POINT,AK,99569,Dillingham,70,116,00,8224,4,4879,"Nushagak River, AK",,,,,4,,,,,,,"Gasoline, Jet Fuel, Kerosene | Distillate,Residual & Other Fuel Oils; Lube Oil & Greases | Primary Non-Ferrous Metal Products;Fabricated Metal Prods. | Fish",,,,,,,,,,,,01-JAN-1990,-158.55298,58.844681
13928,58.947912,-158.49275,96395-431,02FD,2835,CLP,NUSHAGAK VILLAGE,Anchorage,Validated for TOWS,,,CLARKS POINT,AK,99569,Dillingham,70,116,00,8224,10,4879,"Nushagak River, AK",,,,,10,,,,,,,"Distillate,Residual & Other Fuel Oils; Lube Oil & Greases",,,,,,,,,,,,01-JAN-1990,-158.49275,58.947912
13929,57.60388,-166.590336,96450-100,02FQ,2846,,KUSKOKWIM BAY ANCHORAGE,Anchorage,Validated for TOWS,,,,AK,,Aleutians West,16,112,00,8229,0,4817,"Kuskokwim Bay, AK",,,,,0,,,,,,,"Gasoline, Jet Fuel, Kerosene | Distillate,Residual & Other Fuel Oils; Lube Oil & Greases | Sand, Gravel, Stone, Rock, Limestone, Soil, Dredged Material | Primary Non-Ferrous Metal Products;Fabricated Metal Prods. | All Manufactured Equipment, Machinery an",,,,,,,,,,,,01-JAN-1990,-166.590336,57.6038800000001
13930,58.649387,-162.176101,96450-200,02BG,2702,,CAPE NEWENHAM,Dock,Validated for TOWS,,,,AK,,Bethel,50,116,00,8229,1,4817,"Kuskokwim Bay, AK",,,,,1,,,,,,,"Gasoline, Jet Fuel, Kerosene | Distillate,Residual & Other Fuel Oils; Lube Oil & Greases | All Manufactured Equipment, Machinery and Products",,,,,,,,,,,,01-JAN-1990,-162.176101,58.649387
13931,59.043689,-157.712206,96395-675,02FG,2838,DLG,EKWOK,Dock,Validated for TOWS,,,DILLINGHAM,AK,99576,Dillingham,70,112,00,8224,75,4879,"Nushagak River, AK",,,,,75,,,,,,,"Gasoline, Jet Fuel, Kerosene",,,,,,,,,,,,01-JAN-1990,-157.712206,59.043689
13932,59.246984,-157.653804,96395-700,02FH,2839,KEK,NEW STUYAHOK LANDING,Dock,Validated for TOWS,,,EKWOK,AK,99580,Dillingham,70,112,00,8224,100,4879,"Nushagak River, AK",,,,,100,,,,,,,"Gasoline, Jet Fuel, Kerosene",,,,,,,,,,,,01-JAN-1990,-157.653804,59.2469840000001
13956,59.035278,-158.48055,96390-105,0YLB,37683,DLG,BRISTOL ALLIANCE FUELS DILLINGHAM TERMINAL WHARF,Dock,Validated for TOWS and Public,"Northerly shore of Nushagak Bay, Dillingham, below mouth of Scandinavian Creek.",,Dillingham,AK,,Dillingham,70,112,00,8314,0,4846,"Dillingham Harbor, AK",4875.00,"Dillingham, AK",,,0,,,"Current Owner and Operator: Bristol Alliance Fuels, LLC. Phone: 907-842-1234 FAX: 907/842-5955",Receipt of petroleum products.,"Via plant road, unpaved, 24 feet wide; from Kanakanak Road, asphalt, 24 feet wide.",None.,"Petroleum and Petroleum Products | Gasoline, Jet Fuel, Kerosene | Distillate,Residual & Other Fuel Oils; Lube Oil & Greases | Primary Non-Ferrous Metal Products;Fabricated Metal Prods. | All Manufactured Equipment, Machinery and Products","Steel-sheet-pile bulkhead with solid fill, with landing area for barges at lower side of bulkhead.",None.,"Four 6-inch petroleum-product pipelines extend from wharf to eight steel storage tanks located at rear; total capac- ity 59,500 barrels. ",MLLW (Mean Lower Low Water),3,3,150,150,,,,05-FEB-2003,-158.48055,59.0352780000001
13970,55.33611,-131.63306,93810-114,0R6G,29120,KTN,"ALASKA GENERAL SEAFOODS, KETCHIKAN WHARVES",Dock,Validated for TOWS,,,KETCHIKAN,AK,99901,Ketchikan Gateway,130,113,00,8103,3,4770,"Tongass Narrows, AK",4827.00,"Ketchikan, AK",,,3,Left,,,,,,"Distillate,Residual & Other Fuel Oils; Lube Oil & Greases | Fish",,,,,,,,,,,Parent,01-JAN-1990,-131.63306,55.3361100000001
13971,56.403632,-132.339551,93819-115,0ULF,33063,WRG,"SILVER BAY LOGGING, SHOEMAKER BAY WHARF",Dock,Validated for TOWS and Public,"Easterly side of Zimovia Strait, Wrangell,  approximately 5.6 miles south of Shoemaker Bay.",Mile 6.5 Zimovia Highway,Wrangell,AK,99929,Wrangell-Petersburg,280,116,00,8092,0,4802,"Wrangell Harbor, AK",4795.00,"Wrangell, AK",,,0,East,,"Current Owner and Operator: Silver Bay Logging, Inc. Phone: 907/874-4100 FAX: 907-874-4120",Receipt of logs; and shipment of wood chips and lumber.,"Via plant road, asphalt-and-gravel, various widths; from Zimovia Highway, concrete, 24 feet wide.",None.,"Forest Products, Lumber, Logs, Woodchips","Timber pile, timber-decked offshore wharf with timber- breasting dolphin in line with face on south side with four shore anchors at rear; and two parallel rows of timber dolphins at rear of face on south side of barge slip.  Wharf has one 50- by 20-foot timber-roadway approach.","One 90-ton, electric-traveling bridge crane with twin clamps on 100-foot span with 60-foot travel length used for unloading logs; and one 40-ton, diesel mobile crane with 40-foot boom. Two 12-inch pneumatic pipelines extend to barge-slip from plant at rear; loading rate approxi- mately 30 bdu's of wood chips per hour. Open storage area serves four diesel forklift trucks.","Approximately 14 acres of open storage area at rear has capacity for approximately 16,000,000 board feet of lumber; and 7,000,000 board feet of logs.  Wood-chips are loaded directly into barges either at face of wharf or at barge-slip.",MLLW (Mean Lower Low Water),12,40,320,470,24,24,,01-JAN-1990,-132.339551,56.4036320000001
13972,56.470833,-132.38861,93819-102,0UL2,33050,WRG,"CITY OF WRANGELL, CRUISE VESSEL WHARF",Dock,Validated for TOWS and Public,"Easterly side of Wrangell Harbor, Wrangell, at Zimovia Strait, approximately 1,300 feet southwest of foot of McCormack Street extended.",,Wrangell,AK,99929,Wrangell-Petersburg,280,112,00,8169,0,4802,"Wrangell Harbor, AK",4795.00,"Wrangell, AK",,,0,,,Current Owner and Operator: City of Wrangell. Phone: 907-874-3736 FAX: 907-874-3197,Mooring transient-and-cruise vessels.,"Via Front Street, asphalt, 24 feet wide.",None.,"Primary Non-Ferrous Metal Products;Fabricated Metal Prods. | Fish | All Manufactured Equipment, Machinery and Products","Steel pile, concrete-decked offshore wharf with one steel-sheet-pile cellular and one steel-pile breasting dolphins on each side in line with face, connected by 3-foot-wide concrete catwalks; and timber floats with 
70- by 5-foot gangway approach extending from west side of approach.  Wharf has one 180- by 25-foot roadway approach.",None.,-,MLLW (Mean Lower Low Water),28,35,720,1050,24,24,,01-JAN-1990,-132.38861,56.470833
13973,56.470278,-132.38638,93819-103,0ULM,33069,WRG,"CITY OF WRANGELL, BARGE RAMP",Dock,Validated for TOWS and Public,"Easterly side of Wrangell Harbor, Wrangell, at Zimovia Strait, approximately 1,800 feet southwest of foot of McCormack Street extended.",,Wrangell,AK,99929,Wrangell-Petersburg,280,112,00,8169,0,4802,"Wrangell Harbor, AK",4795.00,"Wrangell, AK",,,0,,"Current Operator: Boyer Alaska Barge Line, Inc. Phone: 907-874-3763 FAX: 907-874-2574",Current Owner: City of Wrangell.,"Receipt and shipment of conventional, containerized, and roll-on/roll-off general cargo.","Via driveway, asphalt-and-gravel, various widths; from Outer Drive, concrete, 24 feet wide; and Front Street, asphalt, various widths.",None.,"Crude Petroleum | Gasoline, Jet Fuel, Kerosene | Distillate,Residual & Other Fuel Oils; Lube Oil & Greases | Petroleum Pitches, Coke, Asphalt, Naptha and Solvents | Petroleum Products NEC | Other Chemicals and Related Products | Forest Products, Lumber, L","Pontoon-supported, adjustable steel-beam transfer bridge with two steel-pile breasting dolphins in line with end of bridge and three steel-pile breasting dolphins in line with west face of barge slip; all fronted by timber- fender system.","Storage yard serves one 27 1/2-, one 15-, and one 2 1/2- ton, diesel forklift trucks.",Pneumatic system serving pontoon is used to raise and lower transfer bridge.  Approximately 2.3 acres of open storage area is located at rear.,MLLW (Mean Lower Low Water),20,25,400,400,,,,01-JAN-1990,-132.38638,56.4702780000001
13974,56.468056,-132.38388,93819-104,0ULN,33070,WRG,"CITY OF WRANGELL, CARGO WHARF",Dock,Validated for TOWS and Public,"Easterly side of Zimovia Strait at Wrangell Inner Harbor, Wrangell, at foot of Episcopal Street extended.",,Wrangell,AK,99929,Wrangell-Petersburg,280,112,00,8169,0,4802,"Wrangell Harbor, AK",4795.00,"Wrangell, AK",,,0,,"Current Operator: Alaska Marine Lines and Northland Services, Inc. Phone: 907-874-2200",Current Owner: City of Wrangell.,Receipt and shipment of containerized general cargo.,"Via plant road, asphalt, various widths; from Front Street, asphalt, 24 feet wide.",None.,"Gasoline, Jet Fuel, Kerosene | Petroleum Pitches, Coke, Asphalt, Naptha and Solvents | Petroleum Products NEC | Other Chemicals and Related Products | Forest Products, Lumber, Logs, Woodchips | Iron Ore and Iron & Steel Waste & Scrap | Sulphur (Dry), Clay","Part timber-and-steel-pile, part timber- and concrete- decked wharf. ","Alaska Marine Lines:  One 42-ton, diesel forklift truck.  Northland Services, Inc.:  One 31- and one 5-ton, diesel forklift trucks.","Alaska Marine Lines:  Approximately 0.2 acre of paved open storage area is located at rear, with additional  storage area available as required.
Northland Serivces, Inc.:  Approximately 0.5 acre of paved open storage area is located at rear.  ",MLLW (Mean Lower Low Water),20,32,480,630,24,24,,01-JAN-1990,-132.38388,56.468056
13975,58.113026,-135.45049,94952-104,0UAF,32723,HNH,"CITY OF HOONAH, CITY WAREHOUSE WHARF",Dock,Validated for TOWS and Public,"Easterly side of Port Frederick, Hoonah Harbor, at Chichagof Island.",,Hoonah,AK,99829,,105,116,00,8062,0,4813,"Hoonah Harbor, AK",4797.00,"Hoonah, AK",,,0,East,Current Operator: City of Hoonah. Phone: 907-945-3670 FAX: 907-945-3445,"Current Owner: City of Hoonah, Economic Development Association.",Handling supplies for fishing vessels.,"Via Cannery Road, asphalt, various widths; from Front Street and Garteeni Highway, dual lanes, each asphalt, 24 feet wide.",None.,"Gasoline, Jet Fuel, Kerosene | Distillate,Residual & Other Fuel Oils; Lube Oil & Greases | Petroleum Pitches, Coke, Asphalt, Naptha and Solvents | Petroleum Products NEC | Other Chemicals and Related Products | Forest Products, Lumber, Logs, Woodchips | S","Steel pile, concrete-decked offshore wharf with 50- by 24-foot approach; fronted by timber-fender system.","One 1 1/2-ton, electric-hydraulic mast-and-boom derrick with 15-foot boom; and additional stevedore rental equipment available as required. Storage yard serves one 3-ton, gasoline forklift truck.","City of Hoonah:  One 100- by 100-foot, asphalt- and concrete-paved open storage area is located at rear of transit shed. 
Alaska Marine Lines:  Handles conventional-and- containerized general cargo along bulkhead north of wharf.",MLLW (Mean Lower Low Water),24,24,130,130,26,26,,01-JAN-1990,-135.45049,58.113026
13976,60.291032,-147.049867,95100-275,00EB,487,TEK,ZAIKOF BAY,,Validated for TOWS,,,TATITLEK,AK,99677,Valdez-Cordova,261,116,00,8078,39,4859,"Prince William Sound, AK",,,,,39,,,,,,,,,,,,,,,,,,,01-JAN-1990,-147.049867,60.291032
13977,60.557778,-145.75555,95120-450,0UBF,32757,CDV,"STATE OF ALASKA, CORDOVA FERRY TERMINAL SLIP",Dock,Validated for TOWS and Public,"Easterly side of Orca Inlet, Cordova, approximately 4,000 feet northeast of entrance to Small-Boat Harbor.",,Cordova,AK,99574,Valdez-Cordova,261,112,00,8079,0,4814,"Cordova Harbor, AK",4799.00,"Cordova, AK",,,0,,"Current Operator: State of Alaska, Department of Transportation and Public Facilities.",Current Owner: State of Alaska.,Landing for passenger-and-vehicular ferry; fueling vessels.,"Via First Street, asphalt, 24 feet wide; from Ocean Dock Road, asphalt, 24 feet wide.",None.,"Units (Ferried Autos, Passengers, Railway Cars)","Row of four concrete-and-steel breasting dolphins con- nected by steel catwalk with rubber-cushioned steel-and- timber fenders extending from inshore side perpendicular to face of ramp. Wharf has one 120- by 15-foot steel pile, steel-decked approach ramp extending from south side of adjacent City of Cordova, Ocean Dock (Ref. 
No. 17). ",None.,"One 3-inch pipeline extends to face of ramp from storage tanks described under Ref. No. 18. Ferries operate to Valdez and Whittier, AK. Terminal building and staging- and-parking area is located at rear.",MLLW (Mean Lower Low Water),20,20,200,200,30,30,,01-JAN-1990,-145.75555,60.557778
13978,60.859145,-146.675983,95125-200,0018,42,TEK,TATITLEK VILLAGE,Dock,Validated for TOWS,,,TATITLEK,AK,99677,Valdez-Cordova,261,116,00,8080,13,4863,"Tatitlek, AK",,,,,13,,,,,,,"Units (Ferried Autos, Passengers, Railway Cars)",,,,,,,,,,,,01-JAN-1990,-146.675983,60.8591450000001
13979,60.643915,-146.602226,95130-100,001A,44,TEK,ANCHORAGE PRINCE WILLIAM SOUND,Anchorage,Validated for TOWS,,,TATITLEK,AK,99677,Valdez-Cordova,261,116,00,8082,57,4859,"Prince William Sound, AK",,,,,57,,,,,,,"Units (Ferried Autos, Passengers, Railway Cars) | Distillate,Residual & Other Fuel Oils; Lube Oil & Greases",,,,,,,,,,,,01-JAN-1990,-146.602226,60.643915
13980,58.053056,-135.580191,94950-450,00F3,513,HNH,PORT FREDERICK,Dock,Validated for TOWS,,,HOONAH,AK,99829,Skagway-Hoonah-Angoon,232,112,00,8063,48,4793,"Icy Strait, AK",,,,,48,,,,,,,"Gasoline, Jet Fuel, Kerosene | Distillate,Residual & Other Fuel Oils; Lube Oil & Greases",,,,,,,,,,,,01-JAN-1990,-135.580191,58.053056
13981,54.982479,-131.778258,93814-201,01G8,1708,MTM,ST. JOHNS,,Validated for TOWS,,,METLAKATLA,AK,99926,Prince of Wales-Outer Ketchikan,201,112,00,8084,25,4771,"Clarence Strait, AK",,,,,25,,,,,,,,,,,,,,,,,,,01-JAN-1990,-131.778258,54.9824790000001
13982,55.539151,-132.401234,93815-200,01GY,1732,KTB,KASAAN VILLAGE,,Validated for TOWS,,,THORNE BAY,AK,99919,Prince of Wales-Outer Ketchikan,201,112,00,8088,0,4884,"Kasaan Bay, AK",,,,,0,,,,,,,"Distillate,Residual & Other Fuel Oils; Lube Oil & Greases",,,,,,,,,,,,01-JAN-1990,-132.401234,55.5391510000001
13983,55.4627,-132.03448,93815-348,01H1,1735,KTB,COAL BAY,Open Water,Validated for TOWS,,,THORNE BAY,AK,99919,Prince of Wales-Outer Ketchikan,201,112,00,8088,0,4884,"Kasaan Bay, AK",,,,,0,,,,,,,,,,,,,,,,,,,01-JAN-1990,-132.03448,55.4627
14086,59.499,-157.174165,96395-740,02FJ,2840,KNW,"KALIGANEK, AK (NEW)",Dock,Validated for TOWS,,,NEW STUYAHOK,AK,99636,Dillingham,70,112,00,8224,140,4879,"Nushagak River, AK",,,,,140,,,,,,,,,,,,,,,,,,,01-JAN-1990,-157.174165,59.4990000000001
14087,59.589998,-157.045549,96395-750,02FK,2841,KNW,KOLIGUNK,Dock,Validated for TOWS,,,NEW STUYAHOK,AK,99636,Dillingham,70,112,00,8224,152,4879,"Nushagak River, AK",,,,,152,,,,,,,,,,,,,,,,,,,01-JAN-1990,-157.045549,59.589998
14088,58.93574,-159.632788,96397-200,02FL,2842,GNU,KULUKAK VILLAGE,,Validated for TOWS,,,GOODNEWS BAY,AK,99589,Dillingham,70,113,00,8226,0,4829,"Kulukak, AK",,,,,0,,,,,,,,,,,,,,,,,,,01-JAN-1990,-159.632788,58.9357400000001
14089,59.055811,-160.37752,96398-200,02FM,2843,DLG,TOGIAK VILLAGE,Anchorage,Validated for TOWS,,,DILLINGHAM,AK,99576,Dillingham,70,116,00,8227,0,4889,"Togiak Bay, AK",,,,,0,,,,,,,"Gasoline, Jet Fuel, Kerosene | Distillate,Residual & Other Fuel Oils; Lube Oil & Greases | Petroleum Products NEC | Paper & Allied Products | Primary Non-Ferrous Metal Products;Fabricated Metal Prods. | Fish | Other Agricultural Products; Food and Kindred",,,,,,,,,,,,01-JAN-1990,-160.37752,59.0558110000001
14090,59.054792,-160.318911,96398-201,02FN,2844,DLG,TWIN HILLS,Dock,Validated for TOWS,,,DILLINGHAM,AK,99576,Dillingham,70,112,00,8227,0,4889,"Togiak Bay, AK",,,,,0,,,,,,,"Gasoline, Jet Fuel, Kerosene | Distillate,Residual & Other Fuel Oils; Lube Oil & Greases",,,,,,,,,,,,01-JAN-1990,-160.318911,59.0547920000001
14091,59.054792,-160.318911,96398-202,02FP,2845,DLG,HAGEMEISTER IS.,Anchorage,Validated for TOWS,,,DILLINGHAM,AK,99576,Dillingham,70,112,00,8227,0,4889,"Togiak Bay, AK",,,,,0,,,,,,,"Gasoline, Jet Fuel, Kerosene | Distillate,Residual & Other Fuel Oils; Lube Oil & Greases | Petroleum Products NEC | Primary Non-Ferrous Metal Products;Fabricated Metal Prods. | Fish | Unknown or Not Elsewhere Classified",,,,,,,,,,,,01-JAN-1990,-160.318911,59.0547920000001
14092,60.258699,-162.444311,96460-012,02BT,2713,WTL,EEK,Dock,Validated for TOWS,,,TUNTUTULIAK,AK,99680,Bethel,50,112,00,8243,12,4819,"Kuskokwim River, AK",,,,,12,,,,,,,"Gasoline, Jet Fuel, Kerosene | Distillate,Residual & Other Fuel Oils; Lube Oil & Greases | Petroleum Products NEC | Forest Products, Lumber, Logs, Woodchips | Building Cement & Concrete; Lime; Glass | Primary Non-Ferrous Metal Products;Fabricated Metal Pr",,,,,,,,,,,,01-JAN-1990,-162.444311,60.258699
14093,59.016915,-161.819401,96450-211,02BJ,2704,KWN,PLATINUM VILLAGE,Dock,Validated for TOWS,,,QUINHAGAK,AK,99655,Bethel,50,116,00,8229,55,4817,"Kuskokwim Bay, AK",,,,,55,,,,,,,"Gasoline, Jet Fuel, Kerosene | Distillate,Residual & Other Fuel Oils; Lube Oil & Greases | Petroleum Products NEC | Other Chemicals and Related Products | Forest Products, Lumber, Logs, Woodchips | Sand, Gravel, Stone, Rock, Limestone, Soil, Dredged Mater",,,,,,,,,,,,01-JAN-1990,-161.819401,59.016915
14094,60.083113,-162.386031,96450-321,02BK,2705,EEK,GOODNEWS VILLAGE,Dock,Validated for TOWS,,,EEK,AK,99578,Bethel,50,112,00,8229,60,4817,"Kuskokwim Bay, AK",,,,,60,,,,,,,"Gasoline, Jet Fuel, Kerosene | Distillate,Residual & Other Fuel Oils; Lube Oil & Greases | Petroleum Products NEC | Primary Non-Ferrous Metal Products;Fabricated Metal Prods. | Other Agricultural Products; Food and Kindred Products | All Manufactured Equi",,,,,,,,,,,,01-JAN-1990,-162.386031,60.0831130000001
14095,60.083113,-162.386031,96450-431,02BM,2707,EEK,QUINHAGAK (KWINHAGAK),Dock,Validated for TOWS,,,EEK,AK,99578,Bethel,50,112,00,8229,60,4817,"Kuskokwim Bay, AK",,,,,60,,,,,,,"Gasoline, Jet Fuel, Kerosene | Distillate,Residual & Other Fuel Oils; Lube Oil & Greases | Petroleum Products NEC | Forest Products, Lumber, Logs, Woodchips | Building Cement & Concrete; Lime; Glass | Primary Iron and Steel Products (Ingots,Bars,Rods,etc.",,,,,,,,,,,,01-JAN-1990,-162.386031,60.0831130000001
14096,59.95795,-162.884177,96450-461,02BN,2708,KWK,KONGIGANAK,Dock,Validated for TOWS,,,KWIGILLINGOK,AK,99622,Bethel,50,116,00,8229,50,4817,"Kuskokwim Bay, AK",,,,,50,,,,,,,"Gasoline, Jet Fuel, Kerosene | Distillate,Residual & Other Fuel Oils; Lube Oil & Greases | Forest Products, Lumber, Logs, Woodchips | Sand, Gravel, Stone, Rock, Limestone, Soil, Dredged Material | Building Cement & Concrete; Lime; Glass | All Manufactured",,,,,,,,,,,,01-JAN-1990,-162.884177,59.95795
14097,59.832947,-163.279441,96450-542,02BP,2709,KWK,KWIGILLINGAK VILLAGE,Dock,Validated for TOWS,,,KWIGILLINGOK,AK,99622,Bethel,50,116,00,8229,40,4817,"Kuskokwim Bay, AK",,,,,40,,,,,,,"Gasoline, Jet Fuel, Kerosene | Distillate,Residual & Other Fuel Oils; Lube Oil & Greases | Forest Products, Lumber, Logs, Woodchips | Building Cement & Concrete; Lime; Glass | Other Agricultural Products; Food and Kindred Products | All Manufactured Equip",,,,,,,,,,,,01-JAN-1990,-163.279441,59.832947
14098,60.654768,-161.974083,96460-051,02C0,2720,WNA,OSCARVILLE VILLAGE,Dock,Validated for TOWS,,,NAPAKIAK,AK,99634,Bethel,50,112,00,8243,58,4819,"Kuskokwim River, AK",,,,,58,,,,,,,"Forest Products, Lumber, Logs, Woodchips | Building Cement & Concrete; Lime; Glass | Primary Wood Products; Veneer; Plywood | All Manufactured Equipment, Machinery and Products",,,,,,,,,,,,01-JAN-1990,-161.974083,60.654768
14099,60.610131,-162.133422,96460-031,02BX,2717,WNA,NAPAKIAK VILLAGE,Dock,Validated for TOWS,,,NAPAKIAK,AK,99634,Bethel,50,112,00,8243,50,4819,"Kuskokwim River, AK",,,,,50,,,,,,,"Gasoline, Jet Fuel, Kerosene | Distillate,Residual & Other Fuel Oils; Lube Oil & Greases | Other Chemicals and Related Products | Forest Products, Lumber, Logs, Woodchips | Building Cement & Concrete; Lime; Glass | Primary Iron and Steel Products (Ingots,",,,,,,,,,,,,01-JAN-1990,-162.133422,60.6101310000001
14100,60.642494,-162.012684,96460-040,02BY,2718,WNA,JOHNSON RIVER,Dock,Validated for TOWS,,,NAPAKIAK,AK,99634,Bethel,50,112,00,8243,56,4819,"Kuskokwim River, AK",,,,,56,,,,,,,"Gasoline, Jet Fuel, Kerosene | Distillate,Residual & Other Fuel Oils; Lube Oil & Greases | Petroleum Pitches, Coke, Asphalt, Naptha and Solvents | Other Chemicals and Related Products | Forest Products, Lumber, Logs, Woodchips | Sand, Gravel, Stone, Rock,",,,,,,,,,,,,01-JAN-1990,-162.012684,60.6424940000001
14101,60.654768,-161.974083,96460-042,02BZ,2719,WNA,NAPASKIAK VILLAGE,Dock,Validated for TOWS,,,NAPAKIAK,AK,99634,Bethel,50,112,00,8243,58,4819,"Kuskokwim River, AK",,,,,58,,,,,,,"Distillate,Residual & Other Fuel Oils; Lube Oil & Greases | Forest Products, Lumber, Logs, Woodchips | Sand, Gravel, Stone, Rock, Limestone, Soil, Dredged Material | Building Cement & Concrete; Lime; Glass | Primary Iron and Steel Products (Ingots,Bars,Ro",,,,,,,,,,,,01-JAN-1990,-161.974083,60.654768
14102,61.529629,-160.331255,96460-132,02DP,2777,,ANIAK VILLAGE,Dock,Validated for TOWS,,,LOWER KALSKAG,AK,99626,Bethel,50,112,00,8243,210,4819,"Kuskokwim River, AK",,,,,210,,,,,,,"Gasoline, Jet Fuel, Kerosene | Distillate,Residual & Other Fuel Oils; Lube Oil & Greases | Forest Products, Lumber, Logs, Woodchips | Sand, Gravel, Stone, Rock, Limestone, Soil, Dredged Material | Sulphur (Dry), Clay & Salt | Building Cement & Concrete; L",,,,,,,,,,,,01-JAN-1990,-160.331255,61.5296290000001
14103,54.134167,-165.77444,96090-200,0UXN,33444,KQA,AKUTAN CITY DOCK,Dock,Validated for TOWS and Public,"North side, Akutan Harbor, Akutan.",,Akutan,AK,99553,Aleutians East,13,112,00,8194,0,4946,"Akutan Island, AK",,,,,0,,"Current Operator: City of Akutan and Western Pioneer, Inc. Phone: 907-698-2206",Current Owner: City of Akutan.,Receipt of conventional general cargo and of petroleum products; landing for passenger-and-vehicular ferry.,None.,None.,"Units (Ferried Autos, Passengers, Railway Cars) | Petroleum and Petroleum Products | Gasoline, Jet Fuel, Kerosene | Distillate,Residual & Other Fuel Oils; Lube Oil & Greases | Petroleum Products NEC | Sulphur (Dry), Clay & Salt | Paper & Allied Products |","Steel-sheet-pile bulkhead with part concrete-surfaced solid fill with two breasting dolphins on upper side in line with face, connected by 3-foot-wide steel catwalk.  Wharf fronted by rubber-cushioned timber-and-steel fender system.",Stevedore equipment is available as required.,"Western Pioneer, Inc.:  One 4-inch petroleum-product pipeline extends from wharf to eight steel storage tanks  at rear; total capacity 1,300 barrels.",MLLW (Mean Lower Low Water),40,40,200,200,20,20,,01-JAN-1990,-165.77444,54.134167
14104,53.844587,-166.591505,96080-375,02TR,3255,DUT,CAPTAINS BAY,Dock,Validated for TOWS,,,DUTCH HARBOR,AK,99692,Aleutians West,16,116,00,8196,0,4947,"Unalaska Channels, AK",4939.00,"Unalaska Island, AK",,,0,,,,,,,"Gasoline, Jet Fuel, Kerosene | Distillate,Residual & Other Fuel Oils; Lube Oil & Greases",,,,,,,,,,,,01-JAN-1990,-166.591505,53.844587
14105,53.984923,-166.851243,96080-380,02TS,3256,UAA,DRIFTWOOD BAY,Open Water,Validated for TOWS,,,UNALASKA,AK,99685,Aleutians West,16,116,00,8196,0,4947,"Unalaska Channels, AK",,,,,0,,,,,,,,,,,,,,,,,,,01-JAN-1990,-166.851243,53.984923
14106,53.400362,-167.533903,96080-500,02TU,3258,DUT,CHERNOFSKI VILLAGE,Dock,Validated for TOWS,,,DUTCH HARBOR,AK,99692,Aleutians West,16,116,00,8196,0,4947,"Unalaska Channels, AK",,,,,0,,,,,,,"Distillate,Residual & Other Fuel Oils; Lube Oil & Greases | Building Cement & Concrete; Lime; Glass | Primary Non-Ferrous Metal Products;Fabricated Metal Prods. | All Manufactured Equipment, Machinery and Products",,,,,,,,,,,,01-JAN-1990,-167.533903,53.400362
14107,57.65411,-157.895306,96300-010,02U8,3272,PIP,BRISTOL BAY,Dock,Validated for TOWS,,,PILOT POINT,AK,99649,Lake and Peninsula,164,112,00,8215,0,4870,"Bristol Bay, AK",,,,,0,,,,,,,"Gasoline, Jet Fuel, Kerosene | Distillate,Residual & Other Fuel Oils; Lube Oil & Greases | Other Chemicals and Related Products",,,,,,,,,,,,01-JAN-1990,-157.895306,57.6541100000001
14108,56.979008,-158.684847,96325-100,02EJ,2806,,ANCHORAGE,Anchorage,Validated for TOWS,,,PORT HEIDEN,AK,99549,Lake and Peninsula,164,116,00,8213,0,4882,"Port Heiden, AK",4882.00,"Port Heiden, AK",,,0,,,,,,,Fish,,,,,,,,,,,,01-JAN-1990,-158.684847,56.9790080000001
14109,54.863617,-163.407812,96100-500,02U3,3267,KFP,SILVER BAY SEAFOOD FALSE PASS AK,Dock,Validated for TOWS,,,FALSE PASS,AK,99583,Aleutians East,13,116,00,8192,0,4945,"False Pass Harbor, AK",4905.00,"False Pass, AK",,,0,,,,,,,"Gasoline, Jet Fuel, Kerosene | Distillate,Residual & Other Fuel Oils; Lube Oil & Greases | Sulphur (Dry), Clay & Salt | Paper & Allied Products | Primary Non-Ferrous Metal Products;Fabricated Metal Prods. | All Manufactured Equipment, Machinery and Produc",,,,,,,,,,,,01-JAN-1990,-163.407812,54.863617
14110,56.000992,-161.149007,96200-200,02U4,3268,CDB,NELSON LAGOON VILLAGE,Dock,Validated for TOWS,,,COLD BAY,AK,99571,Aleutians East,13,116,00,8211,0,4926,"Port Moller, AK",,,,,0,,,,,,,"Gasoline, Jet Fuel, Kerosene | Distillate,Residual & Other Fuel Oils; Lube Oil & Greases | Petroleum Products NEC | Primary Non-Ferrous Metal Products;Fabricated Metal Prods. | Fish | All Manufactured Equipment, Machinery and Products",,,,,,,,,,,,01-JAN-1990,-161.149007,56.0009920000001
14111,55.987674,-160.575556,96200-300,02U5,3269,CDB,PORT MOLLER VILLAGE,Dock,Validated for TOWS,,,COLD BAY,AK,99571,Aleutians East,13,112,00,8211,0,4926,"Port Moller, AK",4926.00,"Port Moller, AK",,,0,,,,,,,"Gasoline, Jet Fuel, Kerosene | Distillate,Residual & Other Fuel Oils; Lube Oil & Greases | Sulphur (Dry), Clay & Salt | Paper & Allied Products | Primary Non-Ferrous Metal Products;Fabricated Metal Prods. | Fish | All Manufactured Equipment, Machinery and",,,,,,,,,,,,01-JAN-1990,-160.575556,55.987674
14112,58.212322,-157.415214,96355-300,02ER,2813,EGX,COFFEE POINT,Dock,Validated for TOWS,,,EGEGIK,AK,99579,Lake and Peninsula,164,112,00,8218,0,4872,"Egegik River, AK",,,,,0,,,,,,,"Gasoline, Jet Fuel, Kerosene | Distillate,Residual & Other Fuel Oils; Lube Oil & Greases | Primary Non-Ferrous Metal Products;Fabricated Metal Prods. | All Manufactured Equipment, Machinery and Products",,,,,,,,,,,,01-JAN-1990,-157.415214,58.212322
14113,58.976914,-159.059297,96300-102,02EF,2803,PIP,MANOKOTAK,Dock,Validated for TOWS,,,PILOT POINT,AK,99649,Dillingham,70,116,00,8215,0,4870,"Bristol Bay, AK",,,,,0,,,,,,,"Gasoline, Jet Fuel, Kerosene | Distillate,Residual & Other Fuel Oils; Lube Oil & Greases",,,,,,,,,,,,01-JAN-1990,-159.059297,58.9769140000001
14114,57.559312,-157.639502,96300-150,02EH,2805,PIP,UGASHIK BAY,Dock,Validated for TOWS,,,PILOT POINT,AK,99649,Lake and Peninsula,164,116,00,8215,0,4870,"Bristol Bay, AK",,,,,0,,,,,,,"Gasoline, Jet Fuel, Kerosene | Distillate,Residual & Other Fuel Oils; Lube Oil & Greases | Petroleum Products NEC | Forest Products, Lumber, Logs, Woodchips | Building Cement & Concrete; Lime; Glass | Primary Non-Ferrous Metal Products;Fabricated Metal Pr",,,,,,,,,,,,01-JAN-1990,-157.639502,57.559312
14115,56.979125,-158.684017,96325-200,02EK,2807,,PORT HEIDEN VILLAGE,Dock,Validated for TOWS,,,PORT HEIDEN,AK,99549,Lake and Peninsula,164,116,00,8213,0,4882,"Port Heiden, AK",4882.00,"Port Heiden, AK",,,0,,,,,,,"Gasoline, Jet Fuel, Kerosene | Distillate,Residual & Other Fuel Oils; Lube Oil & Greases",,,,,,,,,,,,01-JAN-1990,-158.684017,56.9791250000001
14116,57.65411,-157.895306,96350-100,02EL,2808,PIP,ANCHORAGE,Anchorage,Validated for TOWS,,,PILOT POINT,AK,99649,Lake and Peninsula,164,112,00,8216,0,4881,"Ugashik Bay and River, AK",,,,,0,,,,,,,,,,,,,,,,,,,01-JAN-1990,-157.895306,57.6541100000001
14117,57.515198,-157.446965,96350-300,02EN,2810,PIP,UGASHIK VILLAGE CANNERY,Dock,Validated for TOWS,,,PILOT POINT,AK,99649,Lake and Peninsula,164,112,00,8216,13,4881,"Ugashik Bay and River, AK",,,,,13,,,,,,,"Gasoline, Jet Fuel, Kerosene | Distillate,Residual & Other Fuel Oils; Lube Oil & Greases | Primary Non-Ferrous Metal Products;Fabricated Metal Prods.",,,,,,,,,,,,01-JAN-1990,-157.446965,57.5151980000001
14118,58.777856,-157.054313,96365-300,02EU,2816,NNK,LIBBYVILLE,Dock,Validated for TOWS,,,NAKNEK,AK,99633,Bristol Bay,60,113,00,8220,2,4828,"Naknek River, AK",,,,,2,,,,,,,"Gasoline, Jet Fuel, Kerosene | Distillate,Residual & Other Fuel Oils; Lube Oil & Greases",,,,,,,,,,,,01-JAN-1990,-157.054313,58.777856
14119,58.68234,-156.668746,96365-400,0RD2,29344,AKN,"U S FISH & WILDLIFE SERVICE, KING SALMON DOCK",Dock,Validated for TOWS,,,KING SALMON,AK,99613,Bristol Bay,60,113,00,8220,12,4828,"Naknek River, AK",,,,,12,Right,,,,,,"Distillate,Residual & Other Fuel Oils; Lube Oil & Greases",,,,,,,,,,,Parent,01-JAN-1990,-156.668746,58.6823400000001
14120,58.968189,-156.935134,96375-331,02EX,2819,NNK,KVICHAK VILLAGE,Dock,Validated for TOWS,,,NAKNEK,AK,99633,Lake and Peninsula,164,113,00,8222,10,4880,"Kvichak River, AK",,,,,10,,,,,,,"Gasoline, Jet Fuel, Kerosene | Distillate,Residual & Other Fuel Oils; Lube Oil & Greases | Primary Non-Ferrous Metal Products;Fabricated Metal Prods.",,,,,,,,,,,,01-JAN-1990,-156.935134,58.9681890000001
14121,57.87278,-152.86722,95355-200,0RAJ,29258,ORI,"CITY OF PORT LIONS, SMALL BOAT HARBOR DOCKS",Dock,Validated for TOWS,,,PORT LIONS,AK,99550,Kodiak Island,150,112,00,8154,0,4936,"Port Lions Harbor, AK",5002.00,"Port Lions, AK",,,0,,,,,,,,,,,,,,,,,,Parent,01-JAN-1990,-152.86722,57.87278
14122,55.242396,-160.553333,95440-200,02H2,2892,SDP,SQUAW HARBOR VILLAGE,Dock,Validated for TOWS,,,SAND POINT,AK,99661,Aleutians East,13,112,00,8185,0,4943,"Baralof Bay, AK",,,,,0,,,,,,,"Sulphur (Dry), Clay & Salt | Paper & Allied Products | Primary Non-Ferrous Metal Products;Fabricated Metal Prods. | Fish | All Manufactured Equipment, Machinery and Products",,,,,,,,,,,,01-JAN-1990,-160.553333,55.242396
14123,56.295626,-158.402222,95410-200,026Y,2548,KCL,CHIGNIK VILLAGE,Dock,Validated for TOWS,,,CHIGNIK,AK,99564,Lake and Peninsula,164,112,00,8179,0,4940,"Chignik Bay, AK",,,,,0,,,,,,,"Units (Ferried Autos, Passengers, Railway Cars) | Gasoline, Jet Fuel, Kerosene | Distillate,Residual & Other Fuel Oils; Lube Oil & Greases | Other Chemicals and Related Products | Forest Products, Lumber, Logs, Woodchips | Iron Ore and Iron & Steel Waste ",,,,,,,,,,,,01-JAN-1990,-158.402222,56.295626
14128,51.854164,-176.65279,96050-200,026F,2531,AXK,"ADAK VILLAGE PIERS 3, 5, AND FUEL",Dock,Validated for TOWS,,,ADAK,AK,99546,Aleutians West,16,116,00,8202,0,4951,"Adak Island, AK",,,,,0,,,,,,,"Gasoline, Jet Fuel, Kerosene | Distillate,Residual & Other Fuel Oils; Lube Oil & Greases | Forest Products, Lumber, Logs, Woodchips | Sand, Gravel, Stone, Rock, Limestone, Soil, Dredged Material | Sulphur (Dry), Clay & Salt | Paper & Allied Products | Bui",,,,,,,,,,,,01-JAN-1990,-176.65279,51.854164
14133,56.808042,-132.974624,93846-100,00UW,982,PSG,ANCHORAGE PETERSBURG HARBOR,Anchorage,Validated for TOWS,,,PETERSBURG,AK,99833,Wrangell-Petersburg,280,116,00,8036,0,4804,"Wrangell Narrows, AK",4826.00,"Petersburg, AK",,,0,,,,,,,,,,,,,,,,,,,01-JAN-1990,-132.974624,56.8080420000001
14402,57.055,-135.34888,94845-408,0U65,32577,SIT,"PETRO MARINE SERVICES, SITKA NORTH PLANT FLOATS",Dock,Validated for TOWS and Public,"Sitka Harbor, Sitka, approximately 0.6 mile north- west of O'Connell Bridge.",613 Katlian Street.,Sitka,AK,99835,Sitka,220,112,00,8050,0,4808,"Sitka Harbor, AK",4796.00,"Sitka Ports and Harbor Commission, AK",,,0,East,,"Current Owner and Operator: Harbor Enterprises, Inc., dba Petro Marine Services. Phone: 907/747-8460 FAX: 907-747-6647",Receipt of petroleum products; and fueling vessels; occasional mooring of cruise ships and excursion vessels.,"Via plant road, paved-and-unpaved, various widths; from Katlian Street, asphalt, 20 feet wide.",None.,Petroleum and Petroleum Products,Offshore steel float extending from one 50- by 10-foot float with 60- by 6-foot steel-gangway from shore at rear; two additional steel floats with similar gangways on northwest side.,None.,"Four 4-inch petroleum-product pipelines extend from wharf to twenty-one steel storage tanks at rear; total capacity 20,000 barrels.  One 4- and two 2-inch fuel-oil pipelines extend from tanks to metered pumps on floats.  A 1,000-foot, oil-spill containment boom with oil skimmers is available as required.",MLLW (Mean Lower Low Water),12,12,260,580,,,,01-JAN-1990,-135.34888,57.0550000000001
14403,59.227778,-135.43277,94963-103,0U97,32681,HNS,"CHILKAT CRUISES & TOURS, HAINES DOCK",Dock,Validated for TOWS and Public,"Westerly side of Chilkoot Inlet, Haines, at Portage Cove, approximately 800 feet south of Portage Street extended.",142 Beach Road.,Haines,AK,99827,Haines,100,112,00,8066,0,4864,"Haines Harbor, AK",5005.00,"Haines Borough, AK",,,0,West,Current Operator: Chilkat Cruises & Tours. Phone: 907-766-2100 FAX: 907-766-2101,Current Owner: Chilkat Portage Cove Development.,"Landing for excursion vessels """"Fairweather Express"""" and """"Fairweather Express II""""; fueling miscellaneous vessels.","Via Beach Road, asphalt, 24 feet wide.",None.,"Gasoline, Jet Fuel, Kerosene | Distillate,Residual & Other Fuel Oils; Lube Oil & Greases","One timber pile, timber-decked offshore platform with 
390- by 8-foot, timber-pipeline trestle approach from shore, with timber-decked steel float moored to steel piles with one 130- by 5-foot, covered gangway approach.",None.,"One 2-inch fuel-oil pipeline extends to float from one 10,000-barrel storage tank located at rear.  Paved parking lot and ticket office is located at rear.",MLLW (Mean Lower Low Water),20,30,125,250,24,24,,01-JAN-1990,-135.43277,59.2277780000001
14404,59.23389,-135.44028,94963-105,0R1K,28953,HNS,"CITY OF HAINES, PORTAGE COVE DOCK AND SEAPLANE HARBOR FLOATS",Dock,Validated for TOWS,,,HAINES,AK,99827,Haines,100,112,00,8066,0,4864,"Haines Harbor, AK",5005.00,"Haines Borough, AK",,,0,,,,,,,"Units (Ferried Autos, Passengers, Railway Cars) | Gasoline, Jet Fuel, Kerosene",,,,,,,,,,,Parent,01-JAN-1990,-135.44028,59.23389
14405,59.451389,-135.32333,94965-107,0YFG,37518,SGY,"ALASKA MARINE LINES, SKAGWAY TRANSFER BRIDGE",Dock,Validated for TOWS and Public,"Easterly shore of Taiya Inlet, Skagway, below mouth of Skagway River, at foot of State Street extended.",,Skagway,AK,99840,Skagway-Hoonah-Angoon,232,112,00,8068,0,4812,"Skagway Harbor, AK",4857.00,"Skagway, AK",,,0,East,Current Operator: Alaska Marine Lines. Phone: 907-983-2281 FAX: 907-983-3265,Current Owner: White Pass & Yukon Route and Alaska Marine Lines.,"Receipt and shipment of conventional, containerized, and roll-on/roll-off general cargo.","Via plant road, unpaved, various widths; from Main Street, asphalt, 24 feet wide.",None.,Unknown or Not Elsewhere Classified,"Steel pile, concrete-decked transfer bridge with one breasting dolphin in line with face on east side and three steel-breasting dolphins fronting adjacent Skagway Terminal Co., Ore Wharf (Ref. No. 189).","Stevedore equipment is available as required.  Open storage area serves two 45- and one 30-ton, diesel forklift trucks.",Approximately 2.5 acres of unpaved open storage area at rear includes eighteen outlets reserved for refrigerated cargo containers.,MLLW (Mean Lower Low Water),40,40,411,411,25,25,,18-FEB-2003,-135.32333,59.4513890000001
14450,57.05018,-135.33129,94845-203,0U56,32544,SIT,"CITY OF SITKA, CRESCENT HARBOR FLOATS",Dock,Validated for TOWS and Public,"Northerly shore of Crescent Bay, Sitka, at foot of Baranof Street extended, approximately 0.4 mile east of O'Connell Bridge.",,Sitka,AK,99835,Sitka,220,116,00,8050,0,4808,"Sitka Harbor, AK",4796.00,"Sitka Ports and Harbor Commission, AK",,,0,North,Current Operator: City of Sitka. Phone: 907/747-3439 FAX: 907-747-6278,Current Owner: State of Alaska and City of Sitka.,Mooring commercial vessels and recreational craft; landing for excursion vessels.,"Via Harbor Drive or Lincoln Street, dual lane, each asphalt, 24 feet wide.",None.,,"Timber pile, timber-decked offshore wharf at west side of harbor with seven parallel, foam-filled concrete-and- timber floats moored to timber piles extending from connecting 124- + 300- + 288- + 76- + 300- by 10-foot and 112- by 6-foot floats fronting north shore. (See Remarks.)",None.,"Small-Boat Harbor has berthing capacity for approximately four-hundred-and-thirteen vessels.  Float 3, 402- by 10-foot with 32-, 42-, and 50-foot stalls; Float 4, 
390- by 10-foot with 32-, 42-, and 75-foot stalls; 
Float 5, 318- by 8-foot with 31-foot stalls; Floatý6,  304- by 6-foot with 23-foot stalls; Float 7, 192- by 6-foot with 24-foot stalls; and connecting float with 17-foot stalls.  Two 50- by 6-foot gangway approaches extend to floats from wharf, with two similar gangway approaches to floats from timber-pier approaches on north side.  Wharf and one 236-foot lightering float is used for passenger-loading only, with 136- by 12-foot launch- ing ramp at southwest side of harbor.",MLLW (Mean Lower Low Water),24,24,75,16520,,,,01-JAN-1990,-135.33129,57.0501800000001
14451,57.048333,-135.34083,94845-401,0U5C,32550,SIT,"PETRO MARINE SERVICES, SITKA SOUTH PLANT WHARF AND FLOAT",Dock,Validated for TOWS and Public,"Northwest side of Sitka Harbor, Sitka, at O'Connell Bridge.",1 Lincoln Street.,Sitka,AK,99835,Sitka,220,112,00,8050,0,4808,"Sitka Harbor, AK",4796.00,"Sitka Ports and Harbor Commission, AK",,,0,East,,"Current Owner and Operator: Harbor Enterprises, Inc., dba Petro Marine Services. Phone: 907/747-3414 FAX: 907-747-6647",Receipt of petroleum products; and fueling vessels.,"Via driveway, asphalt, 20 feet wide; from Lincoln Street and Harbor Way, each asphalt, 24 feet wide.",None.,"Petroleum and Petroleum Products | Gasoline, Jet Fuel, Kerosene | Distillate,Residual & Other Fuel Oils; Lube Oil & Greases","Timber pile, timber-decked offshore wharf with one con- crete, foam-filled float moored to steel piles with 40- by 5-foot gangway from shore. Wharf has one 60- by 18-foot approach.",One electric-hydraulic mast-and-boom derrick with 12-foot knuckle boom.,"Five 4- and one 3-inch petroleum-product pipelines extend from wharf to nine steel storage tanks located at rear; total capacity 20,000 barrels.  Five 2-inch fuel-oil lines extend to six fueling stations on wharf and to fifteen fueling stations on float.",MLLW (Mean Lower Low Water),9,30,150,300,25,25,,01-JAN-1990,-135.34083,57.0483330000001
14452,57.051111,-135.34444,94845-404,0U5F,32553,SIT,"SITKA SOUND SEAFOODS, SITKA WHARF",Dock,Validated for TOWS and Public,"Sitka Harbor, Sitka, approximately 1,400 feet northwest of O'Connell Bridge.",329 Katlian Street.,Sitka,AK,99835,Sitka,220,112,00,8050,0,4808,"Sitka Harbor, AK",4796.00,"Sitka Ports and Harbor Commission, AK",,,0,East,,"Current Owner and Operator: Sitka Sound Seafoods, a division of North Pacific Processors, Inc. Phone: 907/747-6662 FAX: 907-747-6268",Receipt of seafood; and mooring-and-icing fishing boats.,"Via driveway, unpaved, various widths; from Katlian Street, asphalt, 20 feet wide.",None.,"Sulphur (Dry), Clay & Salt | Paper & Allied Products | Primary Non-Ferrous Metal Products;Fabricated Metal Prods. | Fish | All Manufactured Equipment, Machinery and Products","Timber pile, timber-decked wharf with 115- by 20-foot concrete float on northeasterly side.","Six 3/4- to 1 1/4-ton, electric-hydraulic mast-and-boom derricks, each with 10- to 15-foot boom. Open storage area serves eight 1- to 2 1/2-ton, LP-gas and electric forklift trucks.","Seafood-processing plant and freezing plant are both located at rear, with ice plant having production capac- ity of 40 tons per day and storage for 100 tons.  Wharf serves one 10-inch gravity line used for icing fishing vessels; rate 20 tons per hour.",MLLW (Mean Lower Low Water),22,36,160,705,17,17,,01-JAN-1990,-135.34444,57.051111
14453,57.050278,-135.34055,94845-403,0U5E,32552,SIT,"CITY OF SITKA, ANB HARBOR FLOAT",Dock,Validated for TOWS and Public,"Sitka Harbor, Sitka, approximately 900 feet north- west of O'Connell Bridge.",,Sitka,AK,99835,Sitka,220,112,00,8050,0,4808,"Sitka Harbor, AK",4796.00,"Sitka Ports and Harbor Commission, AK",,,0,East,Current Operator: City of Sitka. Phone: 907/747-3439 FAX: 907-747-6278,Current Owner: State of Alaska.,Mooring commercial vessels and recreational craft.,"Via Katlian Street, unpaved, various widths; from Lincoln Street and Harbor Drive, dual lanes, each asphalt, 24 feet wide.",None.,,One T-shaped concrete-and-timber float with two parallel concrete-and-timber floats moored to timber-and-steel piles with one connecting 374- by 10-foot float at rear.  T-shaped float has one 50- by 6-foot covered gangway extending from 147- by 10-foot pier approach.,None.,"Float 4 (352- by 13-foot float) perpendicular to 
Float 2 serves as breakwater float, with connecting float providing 17-foot stalls at inner side. Two 100- by 22-foot; one 72- by 18-foot; and one 64- by 18-foot grids are approximately 400 feet northwest of floats.  Parking lot is located at rear.  ",MLLW (Mean Lower Low Water),30,30,50,1000,,,,01-JAN-1990,-135.34055,57.050278
14454,57.0525,-135.34583,94845-405,0U5G,32554,SIT,"FISHERMAN'S QUAY, SITKA WHARF",Dock,Validated for TOWS and Public,"Sitka Harbor, Sitka, approximately 0.4 mile northwest of O'Connell Bridge.",475A Katlian Street.,Sitka,AK,99835,Sitka,220,112,00,8050,0,4808,"Sitka Harbor, AK",4796.00,"Sitka Ports and Harbor Commission, AK",,,0,East,,"Current Owner and Operator: Fisherman's Quay, Inc. Phone: 907/747-8344",Receipt of seafood; and mooring fishing boats and recrea- tional craft.,"Via driveway, unpaved, various widths; from Katlian Street, asphalt, 20 feet wide.",None.,Fish,"Timber pile, timber-decked wharf.","Two 3/4-ton, electric mast-and-boom derricks, each with 15-foot boom.","Berthing space for recreational craft is available on southeastern side of wharf, at three parallel timber floats providing 360 feet of total space.  At time of survey (2002), plans called for installation of addi- tional floats.",MLLW (Mean Lower Low Water),20,20,110,555,17,17,,01-JAN-1990,-135.34583,57.0525000000001
14455,57.053889,-135.34722,94845-406,0U5H,32555,SIT,"SEAFOOD PRODUCERS COOPERATIVE, SITKA WHARF",Dock,Validated for TOWS and Public,"Sitka Harbor, Sitka, approximately 0.5 mile north- west of O'Connell Bridge.",507 Katlian Street.,Sitka,AK,99835,Sitka,220,112,00,8050,0,4808,"Sitka Harbor, AK",4796.00,"Sitka Ports and Harbor Commission, AK",,,0,East,,Current Owner and Operator: Seafood Producers Cooperative. Phone: 907/747-5811 FAX: 907-747-3206,Receipt and occasional shipment of seafood; icing fishing vessels.,"Via driveway, unpaved, various widths; from Katlian Street, asphalt, 20 feet wide.",None.,Fish,"Steel-pipe-pile, concrete-decked wharf fronted by timber- fender system.","Five 1 1/2- and one 3/4-ton mast-and-boom derricks with 10-foot outboard reach.  Open storage area serves seven 
1- to 3-ton, gasoline-and-electric forklift trucks.","Face of wharf is in line and contiguous with adjacent City of Sitka Dock (Ref. No. 207) on northeast side providing for continuous berthing space.  Ice plant has production capacity of 100 tons per day; storage for 
240 tons.  Two 10-inch auger and gravity hoses are used for icing fishing vessels.  Seafood-processing plant is located at rear.",MLLW (Mean Lower Low Water),16,16,278,278,20,20,,01-JAN-1990,-135.34722,57.053889
14456,57.116389,-135.39083,94845-410,0ZKU,38822,SIT,"ALASKA MARINE LINES, SITKA WHARF",Dock,Validated for TOWS and Public,"Sitka Sound, Sitka, approximately 4.8 miles north of O'Connell Bridge, on north side of Halibut Point.",1517 Sawmill Creek Road.,Sitka,AK,99835,Sitka,220,112,00,8050,0,4808,"Sitka Harbor, AK",,,,,0,East,,Current Owner and Operator: Alaska Marine Lines. Phone: 907-747-8647 FAX: 907-747-6433,Receipt and shipment of containerized and roll-on/roll-off general cargo.,"Via driveway, unpaved, various widths; from Halibut Point Road, asphalt, 24 feet wide.",None.,"Gasoline, Jet Fuel, Kerosene | Distillate,Residual & Other Fuel Oils; Lube Oil & Greases | Petroleum Pitches, Coke, Asphalt, Naptha and Solvents | Petroleum Products NEC | Fertilizers | Other Chemicals and Related Products | Forest Products, Lumber, Logs,","Steel-sheet-pile bulkhead with solid fill with two steel- pile breasting dolphins on each side in line with face, with two 60- by 10-foot, steel portable ramps. ","One 45- and one 35-ton, diesel forklift trucks serve open storage area.",Unpaved open-storage area at rear has capacity for approxi- mately five-hundred containers.,MLLW (Mean Lower Low Water),10,10,140,140,12,12,,01-JAN-1990,-135.39083,57.116389
14457,53.697871,-132.188889,99970-001,0QVW,28760,,PORT CLEMENTS BC,Dock,Validated for TOWS,,,,AK,,Prince of Wales-Outer Ketchikan,201,112,00,8387,0,4989,"Port Clements, BC",,,,,0,,,,,,,,,,,,,,,,,,,19-MAY-1998,-132.188889,53.6978710000001
14788,61.162406,-151.073212,95296-200,036V,3701,NIK,"BELUGA, ALASKA",,Validated for TOWS,,,BELUGA,AK,99635,Kenai Peninsula,122,116,00,8143,0,4853,"Beluga, AK",4853.00,"Beluga, AK",,,0,,,,,,,,,,,,,,,,,,,01-JAN-1990,-151.073212,61.162406
14789,58.035669,-152.734091,95300-100,036W,3702,ORI,ANCHORAGE,Anchorage,Validated for TOWS,,,PORT LIONS,AK,99550,Kodiak Island,150,112,00,8151,0,4932,"Afognak Bay, AK",,,,,0,,,,,,,"Gasoline, Jet Fuel, Kerosene | Distillate,Residual & Other Fuel Oils; Lube Oil & Greases",,,,,,,,,,,,01-JAN-1990,-152.734091,58.035669
14790,61.227778,-149.90166,95290-390,0UVZ,33387,ANC,"NORTHLAND SERVICES, ANCHORAGE DOCK",Dock,Validated for TOWS and Public,"Easterly shore of Knik Arm, Anchorage, at north side of Ship Creek.",660 Western Drive.,Anchorage,AK,99501,Anchorage,20,112,00,8148,0,4820,"Port of Alaska, AK",4820.00,"Port of Alaska, AK",,,0,R,"Current Operator: Northland Services, Inc. Phone: 907-276-4030 FAX: 907/276-8733",Current Owner: Swan Bay Holdings.,Receipt and shipment of containerized general cargo by barge.,"Via Western Drive, unpaved, various widths; from Ocean Dock Road, asphalt, 24 feet wide.",None.,Unknown or Not Elsewhere Classified,Steel-sheet-pile cellular bulkhead with solid fill with one steel-pile breasting dolphin on north and two similar breasting dolphins on south side in line with face.,"One 230- and one 150-ton, diesel crawler cranes with 
150- and 110-foot booms, respectively.  Open storage area serves one 45-, two 30-, one 28-, one 15-, one 7-, and two 5-ton forklift trucks.",Approximately 4 acres of unpaved open storage area at rear has capacity for stacking containers up to 5-high. Wharf has one 70- by 21-foot steel-ramp approach.,MLLW (Mean Lower Low Water),0,8,400,400,50,50,,01-JAN-1990,-149.90166,61.2277780000001
14791,57.920609,-152.499863,95300-400,0371,3707,ORI,OUZINKIE (UZINKIE) VILLAGE FERRY,Dock,Validated for TOWS,,,PORT LIONS,AK,99550,Kodiak Island,150,116,00,8151,0,4932,"Afognak Bay, AK",,,,,0,,,,,,,"Gasoline, Jet Fuel, Kerosene | Distillate,Residual & Other Fuel Oils; Lube Oil & Greases",,,,,,,,,,,,01-JAN-1990,-152.499863,57.9206090000001
14792,57.784866,-152.420007,95351-100,0377,3713,KOZ,KODIAK ANCHORAGE,Anchorage,Validated for TOWS,,,OUZINKIE,AK,99644,Kodiak Island,150,116,00,8159,0,4934,"Kodiak Harbor, AK",4906.00,"Kodiak, AK",,,0,,,,,,,"Gasoline, Jet Fuel, Kerosene | Distillate,Residual & Other Fuel Oils; Lube Oil & Greases | Sulphur (Dry), Clay & Salt | Paper & Allied Products | Primary Non-Ferrous Metal Products;Fabricated Metal Prods. | Fish | All Manufactured Equipment, Machinery and",,,,,,,,,,,,01-JAN-1990,-152.420007,57.7848660000001
14793,58.005174,-152.764531,95300-300,036Y,3704,ORI,AFOGNAK VILLAGE (ALENEVA),Dock,Validated for TOWS,,,PORT LIONS,AK,99550,Kodiak Island,150,112,00,8151,0,4932,"Afognak Bay, AK",,,,,0,,,,,,,"Gasoline, Jet Fuel, Kerosene | Distillate,Residual & Other Fuel Oils; Lube Oil & Greases | Petroleum Products NEC | Other Chemicals and Related Products | Forest Products, Lumber, Logs, Woodchips | Sulphur (Dry), Clay & Salt | Building Cement & Concrete; ",,,,,,,,,,,,01-JAN-1990,-152.764531,58.0051740000001
14794,58.035669,-152.734091,95300-350,0370,3706,ORI,KITOI BAY,Dock,Validated for TOWS,,,PORT LIONS,AK,99550,Kodiak Island,150,112,00,8151,0,4932,"Afognak Bay, AK",,,,,0,,,,,,,"Distillate,Residual & Other Fuel Oils; Lube Oil & Greases",,,,,,,,,,,,01-JAN-1990,-152.734091,58.035669
14795,62.904836,-160.061714,97643-171,0201,2313,KAL,GRAYLING VILLAGE,Dock,Validated for TOWS,,,KALTAG,AK,99748,Yukon-Koyukuk,290,116,00,8897,347,4860,"Yukon River, AK",,,,,347,,,,,,,"Petroleum Products NEC | All Manufactured Equipment, Machinery and Products",,,,,,,,,,,,01-JAN-1990,-160.061714,62.904836
14796,64.328616,-158.722805,97643-181,0202,2314,KYU,KALTAG VILLAGE,Dock,Validated for TOWS,,,KOYUKUK,AK,99754,Yukon-Koyukuk,290,116,00,8897,466,4860,"Yukon River, AK",,,,,466,,,,,,,"Petroleum Products NEC | All Manufactured Equipment, Machinery and Products",,,,,,,,,,,,01-JAN-1990,-158.722805,64.3286160000001
14797,64.71854,-158.101327,97643-191,0203,2315,NUL,NULATO VILLAGE,Dock,Validated for TOWS,,,NULATO,AK,99765,Yukon-Koyukuk,290,116,00,8897,502,4860,"Yukon River, AK",,,,,502,,,,,,,"Petroleum Products NEC | All Manufactured Equipment, Machinery and Products",,,,,,,,,,,,01-JAN-1990,-158.101327,64.7185400000001
14798,64.732355,-156.93607,97643-211,0206,2318,GAL,GALENA VILLAGE,Dock,Validated for TOWS,,,GALENA,AK,99741,Yukon-Koyukuk,290,116,00,8246,565,4860,"Yukon River, AK",,,,,565,,,,,,,"Petroleum Products NEC | All Manufactured Equipment, Machinery and Products",,,,,,,,,,,,01-JAN-1990,-156.93607,64.732355
14799,59.752992,-154.819308,96375-883,02F3,2825,,ILIAMNA VILLAGE,,Validated for TOWS,,,PORT ALSWORTH,AK,99653,Lake and Peninsula,164,113,00,8222,109,4880,"Kvichak River, AK",,,,,109,,,,,,,,,,,,,,,,,,,01-JAN-1990,-154.819308,59.7529920000001
14886,55.911388,-159.145888,95420-200,0271,2551,KPV,PERRYSVILLE VILLAGE,Dock,Validated for TOWS,,,PERRYVILLE,AK,99648,Lake and Peninsula,164,116,00,8180,0,4941,"Ivanof Bay, AK",,,,,0,,,,,,,"Gasoline, Jet Fuel, Kerosene | Distillate,Residual & Other Fuel Oils; Lube Oil & Greases | Petroleum Products NEC | Primary Non-Ferrous Metal Products;Fabricated Metal Prods. | Fish",,,,,,,,,,,,01-JAN-1990,-159.145888,55.911388
14887,55.77726,-159.460393,95420-300,0272,2552,KPV,IVANOF VILLAGE,Dock,Validated for TOWS,,,PERRYVILLE,AK,99648,Lake and Peninsula,164,112,00,8180,0,4941,"Ivanof Bay, AK",,,,,0,,,,,,,"Distillate,Residual & Other Fuel Oils; Lube Oil & Greases",,,,,,,,,,,,01-JAN-1990,-159.460393,55.7772600000001
14888,54.480804,-162.814697,95500-200,025W,2512,KVC,"SANAK, AK",Dock,Validated for TOWS,,,KING COVE,AK,99612,Aleutians East,13,112,00,8191,0,4580,"Sanak Islands, AK",,,,,0,,,,,,,,,,,,,,,,,,,01-JAN-1990,-162.814697,54.480804
14889,55.433377,-160.660419,95440-300,02H3,2893,KPV,UNGA STRAITS,,Validated for TOWS,,,PERRYVILLE,AK,99648,Aleutians East,13,116,00,8185,0,4943,"Baralof Bay, AK",,,,,0,,,,,,,"Distillate,Residual & Other Fuel Oils; Lube Oil & Greases",,,,,,,,,,,,01-JAN-1990,-160.660419,55.4333770000001
14890,55.055798,-162.323,95450-200,0UZF,33505,KVC,KING COVE DEEP WATER CITY DOCK,Dock,Validated for TOWS and Public,"Northwesterly shore of King Cove, below entrance to Small-Boat Harbor.",,King Cove,AK,99612,Aleutians East,13,116,00,8187,0,4944,"King Cove Harbor, AK",5001.00,"King Cove, AK",,,0,,"Current Operator: City of King Cove; and State of Alaska, Department of Transportation and Public Facilities. Phone: 907-497-2237 FAX: 907/497-2649",Current Owner: City of King Cove.,Receipt and shipment of conventional-and-containerized general cargo; receipt of fuel oil for plant consumption; and landing for passenger-and-vehicular ferry.,"Via Front Street, unpaved, 24 feet wide.",None.,"Units (Ferried Autos, Passengers, Railway Cars) | Gasoline, Jet Fuel, Kerosene | Distillate,Residual & Other Fuel Oils; Lube Oil & Greases | Sulphur (Dry), Clay & Salt | Other Non-Metal. Min. | Paper & Allied Products | Primary Non-Ferrous Metal Products;","Steel-sheet-pile, cellular offshore wharf with solid fill, with one rubber-cushioned steel-and-timber breast- ing dolphin on each side in line with face and one similar mooring dolphin on each side at rear of face, all connected by steel catwalks. Wharf, fronted by rubber- fender system, has one 660- by 30-foot approach.",None.,"City of King Cove:  One 6-inch fuel-oil pipeline extends from wharf to five steel storage tanks; total capacity 2,400 barrels. 
State of Alaska:  Operates landing for passenger-and- vehicular ferry transversing between Cold Bay and Sand Point.  Harbormaster's office is located at rear.",MLLW (Mean Lower Low Water),30,30,330,330,16,16,,01-JAN-1990,-162.323,55.055798
14891,55.12745,-162.157646,95460-200,025V,2511,KVC,BELKOFSKI VILLAGE,Dock,Validated for TOWS,,,KING COVE,AK,99612,Aleutians East,13,112,00,8312,0,4938,"Belkofski Bay, AK",,,,,0,,,,,,,"Gasoline, Jet Fuel, Kerosene",,,,,,,,,,,,01-JAN-1990,-162.157646,55.1274500000001
14892,52.832557,-186.775868,96030-300,0260,2516,KPV,MASSACRE BAY,Anchorage,Validated for TOWS,,,PERRYVILLE,AK,99648,Aleutians West,16,116,00,8208,0,4957,"Mitrofania Bay, AK",,,,,0,,,,,,,,,,,,,,,,,,,01-JAN-1990,-186.775868,52.8325570000001
14893,55.919537,-158.800395,96030-400,0261,2517,KPV,NAVY AND COAST GUARD BASE,Dock,Validated for TOWS,,,PERRYVILLE,AK,99648,Lake and Peninsula,164,112,00,8208,0,4957,"Mitrofania Bay, AK",,,,,0,,,,,,,,,,,,,,,,,,,01-JAN-1990,-158.800395,55.919537
14894,52.748385,174.080249,96035-200,0264,2520,,SHEMYA VILLAGE,Dock,Validated for TOWS,,,,AK,,Aleutians West,16,112,00,8207,0,4956,"Shemya Island, AK",,,,,0,,,,,,,"Gasoline, Jet Fuel, Kerosene | All Manufactured Equipment, Machinery and Products",,,,,,,,,,,,01-JAN-1990,174.080249,52.748385
14895,52.748385,174.080249,96035-300,0265,2521,,SHEMYA AIR FORCE BASE,Dock,Validated for TOWS,,,,AK,,Aleutians West,16,112,00,8207,0,4956,"Shemya Island, AK",,,,,0,,,,,,,"Gasoline, Jet Fuel, Kerosene | Distillate,Residual & Other Fuel Oils; Lube Oil & Greases",,,,,,,,,,,,01-JAN-1990,174.080249,52.748385
14896,51.566929,178.868889,96040-200,0267,2523,,AMCHITKA VILLAGE,Dock,Validated for TOWS,,,,AK,,Aleutians West,16,112,00,8204,0,4954,"Amchitka Island, AK",,,,,0,,,,,,,,,,,,,,,,,,,01-JAN-1990,178.868889,51.5669290000001
14897,57.11732,-170.285583,96045-300,026B,2527,,LUKANIN BAY,,Validated for TOWS,,,SAINT PAUL ISLAND,AK,99660,Aleutians West,16,112,00,8309,0,4952,"St. Paul Island, Pribilof Island, AK",,,,,0,,,,,,,,,,,,,,,,,,,01-JAN-1990,-170.285583,57.1173200000001
14898,52.24873,-174.502395,96060-200,026H,2533,AKB,ATKA VILLAGE,Dock,Validated for TOWS,,,ATKA,AK,99547,Aleutians West,16,112,00,8200,0,4949,"Atka Island, AK",,,,,0,,,,,,,"Gasoline, Jet Fuel, Kerosene | Distillate,Residual & Other Fuel Oils; Lube Oil & Greases | Sulphur (Dry), Clay & Salt | Paper & Allied Products | Primary Non-Ferrous Metal Products;Fabricated Metal Prods. | Fish | All Manufactured Equipment, Machinery and",,,,,,,,,,,,01-JAN-1990,-174.502395,52.2487300000001
14899,52.232015,-174.17267,96060-300,026J,2534,AKB,NAZAN BAY,Anchorage,Validated for TOWS,,,ATKA,AK,99547,Aleutians West,16,116,00,8200,0,4949,"Atka Island, AK",,,,,0,,,,,,,Fish,,,,,,,,,,,,01-JAN-1990,-174.17267,52.232015
14900,52.938045,-168.867516,96070-300,026L,2536,IKO,NIKOLSKI VILLAGE,Dock,Validated for TOWS,,,NIKOLSKI,AK,99638,Aleutians West,16,116,00,8198,0,4948,"Umnak Island, AK",,,,,0,,,,,,,"Gasoline, Jet Fuel, Kerosene | Distillate,Residual & Other Fuel Oils; Lube Oil & Greases",,,,,,,,,,,,01-JAN-1990,-168.867516,52.938045
14959,59.036538,-158.466154,96390-100,02F6,2828,,ANCHORAGE,Anchorage,Validated for TOWS,,,,AK,,Dillingham,70,116,00,8314,0,4846,"Dillingham Harbor, AK",4875.00,"Dillingham, AK",,,0,,,,,,,"Gasoline, Jet Fuel, Kerosene | Distillate,Residual & Other Fuel Oils; Lube Oil & Greases | Primary Non-Ferrous Metal Products;Fabricated Metal Prods. | All Manufactured Equipment, Machinery and Products",,,,,,,,,,,,01-JAN-1990,-158.466154,59.0365380000001
14960,59.021572,-158.189897,96395-600,02FF,2837,DLG,WOOD RIVER,,Validated for TOWS,,,DILLINGHAM,AK,99576,Dillingham,70,112,00,8224,18,4879,"Nushagak River, AK",,,,,18,,,,,,,,,,,,,,,,,,,01-JAN-1990,-158.189897,59.021572
14961,59.009175,-158.502158,96395-100,02F9,2831,CLP,ANCHORAGE,Anchorage,Validated for TOWS,,,CLARKS POINT,AK,99569,Dillingham,70,112,00,8224,0,4879,"Nushagak River, AK",,,,,0,,,,,,,"Gasoline, Jet Fuel, Kerosene | Distillate,Residual & Other Fuel Oils; Lube Oil & Greases",,,,,,,,,,,,01-JAN-1990,-158.502158,59.009175
14962,59.018451,-158.469067,96395-211,02FB,2833,CLP,EKUK VILLAGE,Dock,Validated for TOWS,,,CLARKS POINT,AK,99569,Dillingham,70,112,00,8224,2,4879,"Nushagak River, AK",,,,,2,,,,,,,"Gasoline, Jet Fuel, Kerosene | Distillate,Residual & Other Fuel Oils; Lube Oil & Greases | Primary Non-Ferrous Metal Products;Fabricated Metal Prods.",,,,,,,,,,,,01-JAN-1990,-158.469067,59.018451
15122,57.779097,-135.21958,94820-250,00QC,828,TKE,TENAKEE SPRINGS VILLAGE,Anchorage,Validated for TOWS,,,TENAKEE SPRINGS,AK,99841,,105,116,00,8055,123,4788,"Chatham Strait, AK",,,,,123,,,,,,,"Units (Ferried Autos, Passengers, Railway Cars) | Gasoline, Jet Fuel, Kerosene | Distillate,Residual & Other Fuel Oils; Lube Oil & Greases | Other Chemicals and Related Products | Forest Products, Lumber, Logs, Woodchips | Paper & Allied Products | Buildi",,,,,,,,,,,,01-JAN-1990,-135.21958,57.779097
15130,55.129167,-131.58444,93807-110,0UM8,33090,MTM,"METLAKATLA NEW HARBOR, FLOATS 1-4",Dock,Validated for TOWS and Public,"Southerly shore of Port Chester Bay, Metlakatla, approximately 1,800 feet west of Village Point.",,Metlakatla,AK,99926,Prince of Wales-Outer Ketchikan,201,112,00,8102,0,4832,"Metlakatla Harbor, AK",4878.00,"Metlakatla, AK",,,0,L,Current Operator: City of Metlakatla. Phone: 907-886-4646 FAX: 907-886-7997,Current Owner: State of Alaska.,Mooring commercial vessels and recreational craft.,"Via Western Avenue, asphalt, 24 feet wide.",None.,"Distillate,Residual & Other Fuel Oils; Lube Oil & Greases","Two stone breakwaters forming basin with 512- by 8-foot longitudinal float fronting shore at rear; and four parallel, foam-filled concrete floats with 65- by 6-foot steel ramps extending from two 97- by 12-foot steel pile, concrete-decked approaches. ",None.,Berthing space at Small-Boat Harbor has capacity for  approximately one-hundred-and-fifty-five vessels. ,MLLW (Mean Lower Low Water),9,15,62,6200,,,,01-JAN-1990,-131.58444,55.1291670000001
15131,55.124167,-131.5575,93807-187,0Z23,38219,MTM,"CITY OF METLAKATLA, FUEL TRANSFER DOCK",Dock,Validated for TOWS and Public,"Southerly shore of Port Chester Bay, Metlakatla,  approximately 4,400 feet southeast of Village Point.",,Metlakatla,AK,99926,Prince of Wales-Outer Ketchikan,201,112,00,8102,0,4832,"Metlakatla Harbor, AK",4878.00,"Metlakatla, AK",,,0,L,Current Operator: Annette Island Gas Services and Metlakatla Power and Light. Phone: 907-886-7851 FAX: 907-886-7855,Current Owner: City of Metlakatla.,Receipt of petroleum products by barge.,"Via plant  road, unpaved, 20 feet wide; from Walden Point Road, asphalt, 24 feet wide.",None.,"Petroleum and Petroleum Products | Gasoline, Jet Fuel, Kerosene | Distillate,Residual & Other Fuel Oils; Lube Oil & Greases | Other Chemicals and Related Products | Primary Non-Ferrous Metal Products;Fabricated Metal Prods.",Perpendicular row of three steel dolphins at natural bank.,None.,"Annette Island Gas Services:  One 2-inch petroleum- product pipeline extends from wharf to three steel stor- age tanks at rear; total capacity 1,550 barrels.
Metlakatla Power and Light:  One 4-inch petroleum-product pipeline extends from wharf to eight steel storage tanks at rear; total capacity 9,500 barrels.",MLLW (Mean Lower Low Water),15,15,200,200,,,,12-JUN-1995,-131.5575,55.1241670000001
15132,55.128333,-131.56861,93807-180,0UMC,33094,MTM,METLAKATLA CITY DOCKS,Dock,Validated for TOWS and Public,"Southerly shore of Port Chester Bay, Metlakatla,  approximately 2,000 feet southeast of Village Point.",,Metlakatla,AK,99926,Prince of Wales-Outer Ketchikan,201,112,00,8102,0,4832,"Metlakatla Harbor, AK",4878.00,"Metlakatla, AK",,,0,L,,Current Owner and Operator: City of Metlakatla. Phone: 907-886-4646 FAX: 907-886-7997,Mooring cruise ships.,"Via plant road, asphalt-and-gravel, various widths; from Tait Street, asphalt, 24 feet wide.",None.,"Gasoline, Jet Fuel, Kerosene | Distillate,Residual & Other Fuel Oils; Lube Oil & Greases","Timber pile, timber-decked offshore wharf with 120- by 25-foot timber-roadway approach.",None.,"Southeast side of wharf serves as breasting platform for adjacent Boyer Alaska Barge Lines, Inc., Metlakatla City Barge Ramp (Ref. No. 7).",MLLW (Mean Lower Low Water),35,35,400,400,26,26,,01-JAN-1990,-131.56861,55.1283330000001
15133,55.118056,-131.54694,93807-190,0UME,33096,MTM,"STATE OF ALASKA, METLAKATLA FERRY TERMINAL DOCK",Dock,Validated for TOWS and Public,"Southerly shore of Port Chester Bay, Metlakatla,  approximately 1.5 miles southeast of Village Point.",,Metlakatla,AK,99926,Prince of Wales-Outer Ketchikan,201,112,00,8102,0,4832,"Metlakatla Harbor, AK",4878.00,"Metlakatla, AK",,,0,L,,"Current Owner and Operator: State of Alaska, Department of Transportation and Public Facilities.",Landing for passenger-and-vehicular ferry.,"Via plant road, unpaved, 20 feet wide; from Walden Point Road, asphalt, 24 feet wide.",None.,"Units (Ferried Autos, Passengers, Railway Cars)","Steel-float-supported steel truss, steel-grating-decked transfer bridge with five steel-breasting dolphins in line with face.  Wharf fronted by timber-fender system.",None.,"At time of survey (2002), plans called for construction of a new 181-foot ferry capable of transporting one- hundred-and-forty-nine passengers with eighteen vehicles between Metlakatla and Ketchikan (ferries currently only operate to Ketchikan).  Parking lot, terminal building, and staging area is located at rear.",MLLW (Mean Lower Low Water),24,24,280,280,,,,01-JAN-1990,-131.54694,55.1180560000001
15134,55.343333,-131.65083,93810-148,0UNJ,33134,KTN,"CITY OF KETCHIKAN, HANSEN FLOAT (BERTH 3)",Dock,Validated for TOWS and Public,"Left bank, Tongass Narrows, Ketchikan, at east side of foot of Cedar Street extended.",,Ketchikan,AK,99901,Ketchikan Gateway,130,113,00,8103,4,4770,"Tongass Narrows, AK",4827.00,"Ketchikan, AK",,,4,Left,Current Operator: City of Ketchikan. Phone: 907-228-5632 FAX: 907-247-3610,Current Owner: State of Alaska.,Handling supplies to and from various types of small vessels; mooring vessels.,"Via Water Street, asphalt, 20 feet wide (east-bound lane).",None.,,"Timber pile, timber-decked wharf with concrete float moored to steel piles with 65- by 6-foot covered gangway extending from adjacent wharf.",None.,"Wharf is in line and contiguous with adjacent Port of Ketchikan, Berth 2 Wharf on opposite side (Ref. No. 27) providing for an additional 290 feet of berthing space.
A 3-foot-wide steel catwalk on top of float provides access to steel-mooring dolphins at adjacent Berth 2 Wharf.",MLLW (Mean Lower Low Water),35,35,290,290,,,,01-JAN-1990,-131.65083,55.343333
15135,56.416667,-132.34944,93819-114,0UKW,33044,WRG,"CITY OF WRANGELL, SHOEMAKER BAY HARBOR FLOATS",Dock,Validated for TOWS and Public,"Easterly side of Zimovia Strait, Wrangell,  approximately 4 miles south.",,Wrangell,AK,99929,Wrangell-Petersburg,280,112,00,8169,0,4802,"Wrangell Harbor, AK",4795.00,"Wrangell, AK",,,0,East,Current Operator: City of Wrangell. Phone: 907-874-3736 FAX: 907-874-3197,Current Owner: State of Alaska.,Mooring commercial vessels and recreational craft.,"Via driveway, unpaved, various widths; from Zimovia Highway, concrete, 24 feet wide.",None.,,"Five parallel, foam-filled concrete floats extending from one 616- by 8-foot float fronting shore at rear, with one
50- by 6-foot gangway from south side of a 100- by 12-foot steel pile, concrete-decked pier approach and one 75- by 6-foot covered gangway from north side of a 75- by 12-foot pier approach.","One 2-ton, electric-hydraulic mast-and-boom derrick with 20-foot boom at grid pier.","Small-Boat Harbor has berthing space for approximately two-hundred-and-fifty-nine vessels.  Float A (304- by 8-foot with 48- to 62-foot stalls) and Float B (288- by 8-foot float with 40-foot stalls) join connecting float with 20-foot stalls at shore side.  Two steel grids are located on northeast side of floats adjacent to steel pile, timber-decked pier.",MLLW (Mean Lower Low Water),15,15,30,10360,,,,01-JAN-1990,-132.34944,56.4166670000001
15136,55.202222,-132.82333,93823-500,0ULH,33065,HYG,CITY OF HYDABURG PIER,Dock,Validated for TOWS and Public,"Northerly bank of Sukkwan Strait, Hydaburg. ",,Hydaburg,AK,99922,Prince of Wales-Outer Ketchikan,201,112,00,8016,0,4885,"Hydaburg, AK",4885.00,"Hydaburg, AK",,,0,North,,Current Owner and Operator: City of Hydaburg. Phone: 907-285-3721 FAX: 907-285-3944,Mooring vessels; and landing for seaplanes.,"Via plant road, unpaved, 24 feet wide; from Main Street, asphalt, various widths.",None.,"Forest Products, Lumber, Logs, Woodchips","Concrete pile, concrete-decked offshore wharf, fronted by timber-fender system; and one 75- by 40-foot timber float on northwest side of approach used as landing pad for seaplanes.",Stevedore rental equipment is available as required.,"Additional berthing space is available at rear of face on each side of approach, with steel buildings at inner end of each side of approach used as transit sheds.  Ice plant on wharf was not used at time of survey (2002).",MLLW (Mean Lower Low Water),14,14,150,150,20,20,,01-JAN-1990,-132.82333,55.2022220000001
15137,55.478056,-133.15222,93824-112,0Z2F,38231,CGA,"CITY OF CRAIG, PETRO MARINE FUEL DOCK",Dock,Validated for TOWS and Public,"Southerly side of Klawock Inlet, Craig, at east side of foot of Third Street extended.",,Craig,AK,,Prince of Wales-Outer Ketchikan,201,112,00,8019,0,4834,"Craig Harbor, AK",4869.00,"Craig, AK",,,0,South,,Current Owner and Operator: City of Craig. Phone: 907-826-3404/3275 FAX: 907-826-3278,Mooring vessels.,"Via Front Street, asphalt, 24 feet wide; from Water Street, asphalt, 24 feet wide.",None.,"Gasoline, Jet Fuel, Kerosene | Distillate,Residual & Other Fuel Oils; Lube Oil & Greases","Timber pile, timber-decked offshore wharf with 50- by 12-foot float on west side of approach.  Wharf has one 
330- by 10-foot approach from shore.",None.,Building on wharf was not used at time of survey (2002).,MLLW (Mean Lower Low Water),20,20,100,100,20,20,,01-JAN-1990,-133.15222,55.478056
15138,55.540278,-133.10777,93826-400,0UM3,33085,KLW,"VIKING LUMBER CO., KLAWOCK WHARF",Dock,Validated for TOWS and Public,"Easterly side of Klawock Inlet, Klawock, at south side of Klawock Island.",,Klawock,AK,99925,Prince of Wales-Outer Ketchikan,201,112,00,8020,0,4886,"Klawock Harbor, AK",,,,,0,East,,"Current Owner and Operator: Viking Lumber Co., Inc. Phone: 907-755-8880 FAX: 907-755-8888",Shipment of wood chips and lumber.,"Via driveway, unpaved, various widths; from Craig- Klawock Highway, dual lane, each asphalt, 24 feet wide.",None.,"Forest Products, Lumber, Logs, Woodchips","Timber-capped steel pile, steel-decked offshore wharf with two steel-pile breasting dolphins on south side in line with face.  Wharf, fronted by timber-fender system, has one 120- by 60-foot approach.","One 24-inch, electric wood-chip loader with 60-foot outboard reach, loading rate 100 bdu per hour; and two 25-ton, diesel, log-handling lift trucks. One 20-ton, diesel mobile crane with 80-foot boom.  Storage area serves one 10- and two 9-ton, diesel forklift trucks.","Open storage area at rear has capacity for approximately 25,000,000 board feet of logs and lumber, with additional leased area of 15,000,000 board feet.",MLLW (Mean Lower Low Water),42,42,900,900,22,22,,01-JAN-1990,-133.10777,55.5402780000001
15139,55.554167,-133.10972,93826-410,0ZF7,38665,KLW,KLAWOCK LUMBER DOCK,Dock,Validated for TOWS and Public,"Easterly side of Klawock Inlet, City of Klawock, at west side of Klawock Island.",,Klawock,AK,99925,Prince of Wales-Outer Ketchikan,201,112,00,8020,0,4886,"Klawock Harbor, AK",,,,,0,East,Current Operator: Klawock Island Dock Co. Phone: 907-225-9444 FAX: 907-225-5736,Current Owner: Klawock Heenya Corp.,Occasional shipment of logs.,"Via driveway, unpaved, various widths; from Craig- Klawock Highway, dual lane, each asphalt, 24 feet wide.",None.,"Other Chemicals and Related Products | Forest Products, Lumber, Logs, Woodchips | All Manufactured Equipment, Machinery and Products","Concrete-capped steel pile, steel-decked wharf; fronted by rubber-cushioned steel-and-timber fender system.","Logs are loaded using ship's gear, with several log- handling lift trucks available as required.","Open storage area has capacity for approximately 8,000,000 board feet of logs and lumber, with additional log ponds at rear.",MLLW (Mean Lower Low Water),37,37,440,440,19,19,,14-JUN-1995,-133.10972,55.5541670000001
15140,55.551389,-133.09888,93826-500,0UM4,33086,KLW,KLAWOCK HARBOR FLOATS AND SEAPLANE BASE,Dock,Validated for TOWS and Public,"Easterly side of Klawock Inlet and City of Klawock, east of Klawock Island.",,Klawock,AK,99925,Prince of Wales-Outer Ketchikan,201,112,00,8020,0,4886,"Klawock Harbor, AK",4903.00,"Klawock, AK",,,0,East,Current Operator: City of Klawock. Phone: 907-225-,Current Owner: State of Alaska.,Mooring commercial vessels and recreational craft; landing for seaplanes.,"Via Bayview Boulevard, asphalt, 15 feet wide.",None.,"Forest Products, Lumber, Logs, Woodchips","One 130- by 10-foot longitudinal float; and two parallel timber floats moored to steel-and-timber piles, with 
150- by 12-foot timber, and 50- by 6-foot steel-ramp approaches.",None.,Small-Boat Harbor has berthing space for approximately forty-five vessels.  One 36- by 48-foot timber float at north end of Float 1 is used as landing for seaplanes.,MLLW (Mean Lower Low Water),34,34,396,3632,,,,01-JAN-1990,-133.09888,55.551389
15141,56.81056,-132.96194,93846-095,0QD6,28192,PSG,"CITY OF PETERSBURG, SOUTH HARBOR FLOATS",Dock,Validated for TOWS,,,PETERSBURG,AK,99833,Wrangell-Petersburg,280,113,00,8036,0,4804,"Wrangell Narrows, AK",4826.00,"Petersburg, AK",,,0,,,,,,,Fish,,,,,,,,,,,Parent,14-JUN-1995,-132.96194,56.8105600000001
15142,56.775644,-132.966929,93846-101,0UKM,33035,PSG,"ALASKA MARINE LINES, PETERSBURG DOCK",Dock,Validated for TOWS and Public,"Easterly side of Wrangell Narrows, Petersburg, at eastern shore of Scow Bay.",,Petersburg,AK,99833,,195,116,00,8036,4,4804,"Wrangell Narrows, AK",4826.00,"Petersburg, AK",,,4,East,"Current Operator: Alaska Marine Lines and Northland Services, Inc. Phone: 907/772-4234 FAX: 907-772-9318",Current Owner: Alaska Marine Lines.,Receipt and shipment of containerized general cargo.,"Via driveway, asphalt, various widths; from Mitkof Highway, asphalt, 24 feet wide.",None.,"Units (Ferried Autos, Passengers, Railway Cars) | Gasoline, Jet Fuel, Kerosene | Distillate,Residual & Other Fuel Oils; Lube Oil & Greases | Petroleum Pitches, Coke, Asphalt, Naptha and Solvents | Petroleum Products NEC | Fertilizers | Other Chemicals and","Steel pile, concrete-decked pier with three steel- and one timber-breasting dolphins in line with face.  Wharf fronted by timber-fender system.","Alaska Marine Lines: Company-owned stevedore equipment  available as required, with one 45- and one 30-ton, diesel forklift trucks serving open storage area. 
Northland Services, Inc.: Company-owned stevedore equipment available as required, with one 33-ton, diesel forklift truck serving open storage area.","Alaska Marine Lines:  Approximately 3 acres of paved-and-
unpaved open storage area is located at rear.
Northland Services, Inc.:  Approximately 1 acre of paved open storage area is located at rear.
Face of pier is in line with adjacent, company-owned Petersburg Transfer Bridge, on the other side.",MLLW (Mean Lower Low Water),14,14,400,400,20,20,,01-JAN-1990,-132.966929,56.7756440000001
15143,56.808611,-132.97611,93846-104,0UJJ,32998,PSG,"STATE OF ALASKA, PETERSBURG FERRY TERMINAL DOCK",Dock,Validated for TOWS and Public,"Easterly side of Wrangell Narrows, Petersburg,  at north side of foot of Skylark Way.",1100 South Nordic Drive.,Petersburg,AK,99833,Wrangell-Petersburg,280,112,00,8036,2,4804,"Wrangell Narrows, AK",4826.00,"Petersburg, AK",,,2,East,,"Current Owner and Operator: State of Alaska, Department of Transportation and Public Facilities. Phone: 907/772-3855",Landing for passenger-and-vehicular ferry.,"Via South Nordic Drive, asphalt, 30 feet wide.",None.,"Units (Ferried Autos, Passengers, Railway Cars)","One 60- by 24-foot steel-float-supported steel truss, steel-grating-decked transfer bridge with four steel- breasting dolphins on each side in line with face, connected at rear by steel catwalks.",None.,Terminal building with paved parking lot and staging area is located at rear.,MLLW (Mean Lower Low Water),28,28,600,600,,,,01-JAN-1990,-132.97611,56.808611
15144,56.81,-132.97194,93846-106,0UJL,33000,PSG,"HARBOR ENTERPRISES, D.B.A. PETRO MARINE SERVICES PETERSBURG WHARF",Dock,Validated for TOWS and Public,"Easterly side of Wrangell Narrows, Petersburg, at south of foot of Tango Street extended.",107-115 Dock Street.,Petersburg,AK,99833,Wrangell-Petersburg,280,112,00,8036,1,4804,"Wrangell Narrows, AK",4826.00,"Petersburg, AK",,,1,East,"Current Operator: Harbor Enterprises, Inc., dba Petro Marine Services; U.S. Coast Guard; and U.S. Forest Service. Phone: 907/772-4251 FAX: 907-772-3380",Current Owner: City of Petersburg.,"Receipt of petroleum products; fueling vessels; and mooring U.S. Coast Guard and U.S. Forest Service vessels.
","Via Dock Street, asphalt, various widths; from South Nordic Drive, asphalt, 30 feet wide.",None.,"Petroleum and Petroleum Products | Gasoline, Jet Fuel, Kerosene | Distillate,Residual & Other Fuel Oils; Lube Oil & Greases | Petroleum Pitches, Coke, Asphalt, Naptha and Solvents","Timber pile, timber-decked offshore wharf with one 252- by 24-foot steel-pipe-pile, concrete-decked approach; and one concrete float with steel-gangway approach extending from north side of wharf, with concrete-and-timber floats extending from south side of approach.","One 1-ton, electric mast-and-boom derrick with 18-foot boom; and one 1/2-ton, electric mast-and-boom derrick with 20-foot boom.","Additional berthing space for small vessels is available at a series of floats on south side of approach.  Six 4-inch, petroleum-product and fuel-oil pipelines extend from wharf to eight steel storage tanks across South Nordic Drive at rear; total capacity 6,000 barrels.  Connections from pipelines serve thirteen hose stations on wharf float. 
U.S. Coast Guard Cutter ""ANACAPA"" has a draft of 6.5 feet; and U.S. Coast Guard Cutter ""ELDERBERRY"" has a draft of 4.75 feet.",MLLW (Mean Lower Low Water),20,20,160,640,27,27,,01-JAN-1990,-132.97194,56.8100000000001
15145,56.810278,-132.96861,93846-107,0UJM,33001,PSG,"PETRO MARINE SERVICES, PETERSBURG WHARF",Dock,Validated for TOWS and Public,"Easterly side of Wrangell Narrows, Petersburg, at north foot of Tango Street extended.",703 South Nordic Drive.,Petersburg,AK,99833,Wrangell-Petersburg,280,112,00,8036,1,4804,"Wrangell Narrows, AK",4826.00,"Petersburg, AK",,,1,East,"Current Operator: Harbor Enterprises, Inc., dba Petro Marine Services. Phone: 907/772-4251 FAX: 907-772-3380",Current Owner: City of Petersburg.,Receipt of petroleum products; and fueling vessels.,"Via South Nordic Drive, asphalt, 30 feet wide.",None.,Petroleum and Petroleum Products | Fish,"Timber pile, timber-decked offshore wharf with one steel-pile breasting dolphin on each side in line with face; and one foam-filled timber float with steel- gangway approach from north side of wharf. Wharf has a 400- by 10-foot approach.",None.,"One 4- and three 3-inch, petroleum-product and fuel-oil pipelines extend from wharf to six steel storage tanks across South Nordic Drive at rear; total capacity 
9,750 barrels. Float has fifteen hose stations served from connections at pipeline.",MLLW (Mean Lower Low Water),30,30,250,370,30,30,,01-JAN-1990,-132.96861,56.810278
15281,57.134826,-135.380312,94845-500,00VN,1008,SIT,STARRIGAVIN BAY (OLD SITKA) ANCHORAGE,Anchorage,Validated for TOWS,,,SITKA,AK,99835,Sitka,220,112,00,8050,0,4808,"Sitka Harbor, AK",,,,,0,,,,,,,,,,,,,,,,,,,01-JAN-1990,-135.380312,57.134826
15282,59.231763,-135.433179,94963-100,00DU,470,HNS,HAINES ANCHORAGE,Anchorage,Validated for TOWS,,,HAINES,AK,99827,Haines,100,116,00,8066,0,4864,"Haines Harbor, AK",5005.00,"Haines Borough, AK",,,0,,,,,,,,,,,,,,,,,,,01-JAN-1990,-135.433179,59.2317630000001
15283,56.740872,-135.838399,94846-240,00VY,1018,SIT,EAGLE RIVER,,Validated for TOWS,,,SITKA,AK,99835,Sitka,220,112,00,8046,0,4866,Baranof Island-West Coast,,,,,0,,,,,,,,,,,,,,,,,,,01-JAN-1990,-135.838399,56.7408720000001
15284,58.282382,-135.646715,94950-100,00EU,504,GST,ICY STRAIT ANCHORAGE,Anchorage,Validated for TOWS,,,GUSTAVUS,AK,99826,Skagway-Hoonah-Angoon,232,112,00,8057,1,4793,"Icy Strait, AK",,,,,1,,,,,,,"Gasoline, Jet Fuel, Kerosene | Distillate,Residual & Other Fuel Oils; Lube Oil & Greases | Sulphur (Dry), Clay & Salt | Paper & Allied Products | Primary Non-Ferrous Metal Products;Fabricated Metal Prods. | All Manufactured Equipment, Machinery and Produc",,,,,,,,,,,,01-JAN-1990,-135.646715,58.282382
15285,58.239411,-135.488318,94950-180,00EW,506,HNH,GLACIER BAY,Open Water,Validated for TOWS,,,HOONAH,AK,99829,Skagway-Hoonah-Angoon,232,112,00,8061,37,4793,"Icy Strait, AK",,,,,37,,,,,,,"Gasoline, Jet Fuel, Kerosene | Distillate,Residual & Other Fuel Oils; Lube Oil & Greases",,,,,,,,,,,,01-JAN-1990,-135.488318,58.2394110000001
15286,58.177343,-135.25876,94950-305,00F1,511,HNH,SISTERS ISLAND,Dock,Validated for TOWS,,,HOONAH,AK,99829,Haines,100,116,00,8063,42,4793,"Icy Strait, AK",5005.00,"Haines Borough, AK",,,42,,,,,,,"Gasoline, Jet Fuel, Kerosene | Distillate,Residual & Other Fuel Oils; Lube Oil & Greases | Primary Non-Ferrous Metal Products;Fabricated Metal Prods.",,,,,,,,,,,,01-JAN-1990,-135.25876,58.1773430000001
15287,56.66538,-134.262065,94820-140,00GN,566,AGN,ROWAN BAY,Dock,Validated for TOWS,,,ANGOON,AK,99820,Wrangell-Petersburg,280,116,00,8114,69,4788,"Chatham Strait, AK",,,,,69,,,,,,,,,,,,,,,,,,,01-JAN-1990,-134.262065,56.66538
15534,51.97168,177.533895,96040-300,0P2Z,26689,AXK,KISKA ISLAND,Dock,Validated for TOWS,,,ADAK,AK,99546,Aleutians West,16,116,00,8204,0,4954,"Amchitka Island, AK",,,,,0,,,,,,,"Distillate,Residual & Other Fuel Oils; Lube Oil & Greases | Primary Iron and Steel Products (Ingots,Bars,Rods,etc.) | Fish | Other Agricultural Products; Food and Kindred Products | Unknown or Not Elsewhere Classified",,,,,,,,,,,,14-JUN-2002,177.533895,51.97168
15546,59.924695,-141.363293,95050-250,0QQ4,28564,,LOGGING CAMP,Anchorage,Validated for TOWS,,,,AK,,Yakutat,282,113,00,8077,10,4927,"Icy Bay, AK",5004.00,"Yakutat, AK",,,10,,,,,,,"Forest Products, Lumber, Logs, Woodchips | All Manufactured Equipment, Machinery and Products",,,,,,,,,,,,29-MAR-1996,-141.363293,59.924695
15620,58.298333,-134.40555,94811-207,0U6J,32590,JNU,JUNEAU CRUISE SHIP TERMINAL ALASKA STEAMSHIP WHARF (DOCK E),Dock,Validated for TOWS and Public,"Easterly bank of Gastineau Channel, Juneau, below foot of Ferry Way extended.",,Juneau,AK,99801,Juneau,110,112,00,8071,0,4810,"Juneau Harbor, AK",4823.00,"Juneau, AK",,,0,East,,Current Owner and Operator: City and Borough of Juneau. Phone: 907-789-0819/586-5255 FAX: 907-586-5255,Mooring cruise vessels.,"Via Marine Way, asphalt, 24 feet wide.",None.,,"Timber-and-steel-pile, timber-decked offshore wharf with  110- by 20-foot approach on southerly side and several other approaches from northerly side.  Wharf fronted by rubber-cushioned steel-and-timber fender system.",None.,"Face of wharf is in line with company-owned Ferry Dock Wharf (Ref. Nos. 144) and with company-owned Juneau Cold- Storage Wharf (Ref. No. 145) providing for approximately 1,700 feet of continuous berthing space. Parking garage is located at rear.",MLLW (Mean Lower Low Water),27,30,500,500,30,30,,01-JAN-1990,-134.40555,58.2983330000001
15621,58.383611,-134.64666,94811-218,0U6T,32599,JNU,"CITY OF JUNEAU, DON STATTER HARBOR, AUKE BAY FLOATS",Dock,Validated for TOWS and Public,"Northeastern shore of Auke Bay, Juneau.",,Juneau,AK,99801,Juneau,110,112,00,8112,78,4785,"Stephens Passage, AK",4823.00,"Juneau, AK",,,78,NE,Current Operator: City and Borough of Juneau; and U.S. Coast Guard. Phone: 907-789-0819/586-5255 FAX: 907-586-5255,Current Owner: State of Alaska.,"Mooring U.S. Coast Guard vessels, commercial vessels, and recreational craft.
USCGC LIBERTY Draft 6.5 Feet","Via Auke Bay Harbor Road, asphalt, 24 feet wide; from Glacier Highway, dual lane, each asphalt, 24 feet wide.",None.,"Units (Ferried Autos, Passengers, Railway Cars) | Gasoline, Jet Fuel, Kerosene | Distillate,Residual & Other Fuel Oils; Lube Oil & Greases | Fish","Two parallel, foam-filled concrete floats extending from a 1,082- by 12-foot longitudinal float with one 50- by 6-foot gangway extending from a 52- by 12-foot pier approach and one 96- by 10-foot gangway extending from a 32- by 12-foot pier approach.",None.,"Small-Boat Harbor has berthing space for approximately two-hundred-and-forty-five vessels, with vessels berthed alongside a 966- by 23-foot floating breakwater south of and parallel to Float B.  A 48- by 16-foot timber grid is located along shore on north side with 186- by 16- and 203- by 16-foot launching ramps on northeast side.  One 220- by 8-foot timber float is located between launching ramps.  U.S. Coast Guard and Harbormaster's office is located at rear.",MLLW (Mean Lower Low Water),40,40,122,10800,,,,01-JAN-1990,-134.64666,58.383611
15622,57.472778,-134.56722,94820-195,0YR1,37843,AGN,"STATE OF ALASKA, ANGOON FERRY TERMINAL DOCK",Dock,Validated for TOWS and Public,"Easterly side of Chatham Strait, Angoon, at Killis- noo Harbor, Admiralty Island.",,Angoon,AK,99820,Skagway-Hoonah-Angoon,232,112,00,8055,88,4788,"Chatham Strait, AK",,,,,88,East,,"Current Owner and Operator: State of Alaska, Department of Transportation and Public Facilities. Phone: 907-788- FAX: 907-788-",Landing for passenger-and-vehicular ferry.,"Via Killisnoo Road, asphalt, 24 feet wide.",None.,"Units (Ferried Autos, Passengers, Railway Cars)","Floating-steel-pontoon-supported, adjustable steel-transfer bridge with steel-pile stern fender at each side and row of three steel-pile breasting dolphins on north side perpen- dicular to face.",None.,Timber grid is located at rear of transfer bridge.,MLLW (Mean Lower Low Water),24,24,200,200,,,,14-FEB-2003,-134.56722,57.4727780000001
15670,56.961389,-133.92472,93855-090,0ZFQ,38682,KAE,"CITY OF KAKE, MOORING BUOYS",Anchorage,Validated for TOWS and Public,"Westerly shore of Keku Strait, Kake, at Kupreanof Island, at east side of Grave Island.",,Kake,AK,99830,Wrangell-Petersburg,280,112,00,8040,0,4805,"Kake Harbor, AK",4798.00,"Kake, AK",,,0,East,,Current Owner and Operator: Kake Tribal Corp. Phone: 907-785-3221 FAX: 907-785-6407,Shipment of logs; and mooring vessels.,None.,None.,"Forest Products, Lumber, Logs, Woodchips",Steel-mooring buoys.,None.,-,MLLW (Mean Lower Low Water),68,68,1000,1000,,,,14-JUN-1995,-133.92472,56.9613890000001
15671,56.9725,-133.94555,93855-101,0UK5,33019,KAE,"CITY OF KAKE, WHARF AND FLOAT",Dock,Validated for TOWS and Public,"Westerly shore of Keku Strait, Kake, at Kupreanof Island, at northwest side of Gunnuk Creek.",,Kake,AK,99830,Wrangell-Petersburg,280,112,00,8040,0,4805,"Kake Harbor, AK",4798.00,"Kake, AK",,,0,East,,"Current Owner and Operator: State of Alaska, Department of Transportation and Public Facilities; and City of Kake. Phone: 907-785-3611/3393/3390 FAX: 907-785-3220",Mooring vessels; and landing for seaplanes.,"Via driveway, asphalt, 20 feet wide; from Keku Road, asphalt, 24 feet wide.",None.,"Units (Ferried Autos, Passengers, Railway Cars) | Gasoline, Jet Fuel, Kerosene | Petroleum Pitches, Coke, Asphalt, Naptha and Solvents | Petroleum Products NEC | Other Chemicals and Related Products | Forest Products, Lumber, Logs, Woodchips | Sulphur (Dr","Timber pile, timber-decked offshore wharf with timber float on westerly side of approach with 65- by 5-foot steel gangway; and 60- by 22-foot float at southwestern end of float used as landing for seaplanes, with access via one 35- by 10-foot connecting float. Wharf has one 153- by 20-foot approach.",None.,Wharf has one 72- by 16-foot timber grid on easterly side of approach.,MLLW (Mean Lower Low Water),9,10,67,211,24,24,,01-JAN-1990,-133.94555,56.9725000000001
15672,56.9625,-133.92472,93855-102,0ZFR,38683,KAE,"KAKE TRIBAL FUEL CO., KAKE FLOAT",Dock,Validated for TOWS and Public,"Westerly shore of Keku Strait, Kake, at Kupreanof Island, at southeasterly side of Little Gunnuk Creek.",,Kake,AK,99830,Wrangell-Petersburg,280,112,00,8040,0,4805,"Kake Harbor, AK",4798.00,"Kake, AK",,,0,East,,Current Owner and Operator: Kake Tribal Fuel Co. Phone: 907-785-3813/6427 FAX: 907-785-6407,Fueling small vessels.,"Via Keku Road, asphalt, 24 feet wide.",None.,,"Concrete float moored to steel piles with 60- by 6-foot steel-gangway approach, with concrete landing on shore.",None.,"Three 2-inch petroleum-product pipelines extend from storage tanks described under adjacent, company-owned Public Cargo Wharf on opposite side (Ref. No. 132).",MLLW (Mean Lower Low Water),15,15,80,160,,,,01-JAN-1990,-133.92472,56.9625
15673,56.962222,-133.92333,93855-103,0UK6,33020,KAE,"CITY OF KAKE, PUBLIC CARGO WHARF",Dock,Validated for TOWS and Public,"Westerly shore of Keku Strait, Kake, at Kupreanof  Island, east of Grave Island.",,Kake,AK,99830,Wrangell-Petersburg,280,112,00,8040,0,4805,"Kake Harbor, AK",4798.00,"Kake, AK",,,0,East,,Current Owner and Operator: City of Kake; Alaska Marine Lines; and Kake Tribal Fuel Co. Phone: 907-785-3156 FAX: 907-785-3150,Receipt and shipment of conventional-and-containerized general cargo; receipt of petroleum products.,"Via Keku Road, asphalt, 24 feet wide.",None.,"Petroleum and Petroleum Products | Gasoline, Jet Fuel, Kerosene | Distillate,Residual & Other Fuel Oils; Lube Oil & Greases | Unknown or Not Elsewhere Classified",Concrete bulkhead with solid fill; fronted by timber-fender system.,"Alaska Marine Lines:  Serves storage area with one 27-ton diesel and one 4-ton, LP-gas forklift trucks.","Alaska Marine Lines: Unpaved open storage area is located at rear.
Kake Tribal Fuel Co:  Five 3-inch petroleum-product pipelines extend from wharf to twelve steel storage tanks at rear; total capacity 4,000 barrels.",MLLW (Mean Lower Low Water),15,15,300,300,30,30,,01-JAN-1990,-133.92333,56.9622220000001
15674,56.960833,-133.92138,93855-104,0UK7,33021,KAE,"STATE OF ALASKA, KAKE FERRY TERMINAL DOCK",Dock,Validated for TOWS and Public,"Westerly shore of Keku Strait, Kake, at Kupreanof Island, at east side of Grave Island.",,Kake,AK,99830,Wrangell-Petersburg,280,112,00,8040,0,4805,"Kake Harbor, AK",4798.00,"Kake, AK",,,0,East,,"Current Owner and Operator: State of Alaska, Department of Transportation and Public Facilities.",Landing for passenger-and-vehicular ferry.,"Via Keku Road, asphalt, 24 feet wide.",None.,"Units (Ferried Autos, Passengers, Railway Cars)","Steel-float-supported steel truss, steel-grating-decked transfer bridge with seven concrete-and-steel breasting dolphins in line with face.  Wharf fronted by timber-fender system.",None.,Staging area and parking lot is located at rear.,MLLW (Mean Lower Low Water),,,350,350,,,,01-JAN-1990,-133.92138,56.960833
15675,58.275,-134.3875,94811-101,0U6A,32582,JNU,"CITY OF JUNEAU, DOUGLAS BOAT HARBOR FLOATS",Dock,Validated for TOWS and Public,"Westerly bank of Gastineau Channel, Douglas, at eastern shore of Douglas and southerly side of Juneau Islands.",,Douglas,AK,99824,Juneau,110,112,00,8071,0,4810,"Juneau Harbor, AK",4823.00,"Juneau, AK",,,0,West,Current Operator: City and Borough of Juneau. Phone: 907-789-0819/586-5255 FAX: 907-586-5255,Current Owner: State of Alaska.,Mooring commercial vessels and recreational craft.,"Via Savikko Road, asphalt, various widths; from 3rd Street and Harbor Boulevard, dual lanes, each asphalt, 24 feet wide.",None.,"All Manufactured Equipment, Machinery and Products","Three parallel, foam-filled timber-and-concrete floats with 102- by 12-foot timber and one 50- by 6-foot steel- ramp approaches; and one 137.5- by 10-foot and one 
125- by 6-foot connecting longitudinal floats with 
15- and 17-foot stalls at inner end. ",None.,"Small-Boat Harbor has berthing capacity for approximately one-hundred-and-thirty-five vessels.  One 52- by 14-foot timber grid is on northwestern side of approach, with two launching ramps at Small-Boat Harbor: one 250- by 12-foot at southeastern side and one 120- by 20-foot at western side.",MLLW (Mean Lower Low Water),12,12,287,5974,,,,01-JAN-1990,-134.3875,58.275
15676,58.285753,-134.390565,94811-204,0U6F,32587,JNU,"ALASKA MARINE LINES, JUNEAU TERMINAL TRANSFER BRIDGE",Dock,Validated for TOWS and Public,"Easterly bank of Gastineau Channel, Juneau,  approximately 1.5 miles below Juneau-Douglas Bridge.",100 Mount Roberts Street.,Juneau,AK,99801,Juneau,110,116,00,8071,0,4810,"Juneau Harbor, AK",4823.00,"Juneau, AK",,,0,East,,Current Owner and Operator: Alaska Marine Lines. Phone: 907-463-9326 FAX: 907-463-3298,"Receipt and shipment of conventional, containerized, and roll-on/roll-off general cargo.","Via driveway, asphalt, 30 feet wide; from Mt. Roberts Street, asphalt, 24 feet wide.",None.,"Gasoline, Jet Fuel, Kerosene | Distillate,Residual & Other Fuel Oils; Lube Oil & Greases | Petroleum Pitches, Coke, Asphalt, Naptha and Solvents | Petroleum Products NEC | Fertilizers | Other Chemicals and Related Products | Forest Products, Lumber, Logs,","Steel-pontoon-supported, adjustable steel-transfer bridge with five steel-breasting dolphins in line with face.","Two 45- and one 31-ton, diesel forklift trucks for handling containers.","Approximately 12 acres of paved and 10 acres of unpaved open storage area is located at rear, with eighty-four outlets reserved for refrigerated cargo containers.",MLLW (Mean Lower Low Water),12,28,300,300,,,,01-JAN-1990,-134.390565,58.2857530000001
15677,58.296111,-134.40138,94811-205,0U6G,32588,JNU,"JUNEAU CRUISE SHIP TERMINAL, FERRY DOCK WHARF",Dock,Validated for TOWS and Public,"Easterly bank of Gastineau Channel, Juneau,  approximately 1 mile below Juneau-Douglas Bridge.",,Juneau,AK,99801,Juneau,110,112,00,8071,0,4810,"Juneau Harbor, AK",4823.00,"Juneau, AK",,,0,East,Current Operator: City and Borough of Juneau. Phone: 907-789-0819/586-5255 FAX: 907-586-5255,Current Owner: State of Alaska.,Mooring cruise vessels.,"Via South Franklin Street, asphalt, 24 feet wide.",None.,,"Timber-and-steel-pile, timber-decked wharf with four steel-pile breasting dolphins in line with face; and one concrete-capped timber pile, timber-decked extension at north side with one steel-pile mooring dolphin at rear of face; dolphins all connected by 3-foot-wide steel catwalk at southerly end.  Wharf fronted by rubber-cushioned steel-and-timber fender system.",None.,"Wharf is in line and contiguous with face of adjacent, company-owned Juneau Cruise-Ship Terminal, Cold Storage Wharf (Ref. Nos. 145) and with company-owned Juneau Cruise-Ship Terminal, Alaska Steamship Wharf (Ref. 
No. 146) providing for approximately 1,700 feet of continuous berthing space.
One 150- by 12-foot, steel-and-concrete transfer ramp for cruise passengers is recessed above wharf, with asphalt parking lot and Mt. Roberts Tramway located in rear.",MLLW (Mean Lower Low Water),30,35,500,500,26,26,,01-JAN-1990,-134.40138,58.2961110000001
15678,58.306944,-134.435,94811-215,0U6R,32597,JNU,"CITY OF JUNEAU, AURORA HARBOR FLOATS",Dock,Validated for TOWS and Public,"Easterly bank of Gastineau Channel, Juneau,  approximately 0.5 mile above Juneau-Douglas Bridge, at foot of Highland Drive extended.",,Juneau,AK,99801,Juneau,110,112,00,8071,0,4810,"Juneau Harbor, AK",4823.00,"Juneau, AK",,,0,East,Current Operator: City and Borough of Juneau. Phone: 907-789-0819/586-5255 FAX: 907-586-5255,Current Owner: State of Alaska.,Mooring commercial vessels and recreational craft.,"Via plant road, asphalt, 24 feet wide; from Egan Drive, dual lane, each asphalt, 24 feet wide.",None.,,"Four timber piers with twelve foam-filled, concrete-and- timber floats extending from continuous floats fronting shore at rear, with four 50- by 6-foot gangway approaches. ",None.,"Small-Boat Harbor has berthing capacity for approximately four-hundred-and-fifty-seven vessels.  Float D 287- by 10-foot with 36-foot stalls; Float E 287- by 10-foot with 34-foot stalls and eight boat shelters; Float F 287- by 10-foot with 34-foot stalls and seven boat shelters; Float G 287- by 10-foot with 32-foot stalls and six boat shelters; Float H, 275- by 8-foot with 32-foot stalls; and Floats J, K, L, and N, each 272- by 6-foot with 24-foot stalls.",MLLW (Mean Lower Low Water),14,14,87,18280,,,,01-JAN-1990,-134.435,58.306944
15679,58.299722,-134.435,94811-212,0U6N,32594,JNU,"TRUCANO CONSTRUCTION CO., DOUGLAS WHARF",Dock,Validated for TOWS and Public,"Westerly bank of Gastineau Channel, Douglas,  approximately 800 feet above Juneau-Douglas Bridge.",3560 North Douglas Highway.,Douglas,AK,,Juneau,110,112,00,8071,0,4810,"Juneau Harbor, AK",4823.00,"Juneau, AK",,,0,West,"Current Operator: Trucano Construction Co.; and Harbor Enterprises, Inc., dba Petro Marine Services. Phone: 907/586-2444 FAX: 907-463-3810",Current Owner: Trucano Construction Co.,"Receipt of petroleum products; fueling vessels; and han- dling construction materials, supplies, and equipment.","Via driveway, asphalt, 24 feet wide; from North Douglas Highway, asphalt, 24 feet wide.",None.,"Petroleum and Petroleum Products | Gasoline, Jet Fuel, Kerosene | Distillate,Residual & Other Fuel Oils; Lube Oil & Greases | Petroleum Products NEC | Iron Ore and Iron & Steel Waste & Scrap | Other Agricultural Products; Food and Kindred Products | All M","Steel-sheet-pile bulkhead with solid fill, with one steel- pile breasting dolphin on northerly side in line with face and 120- by 24-foot float moored to steel piles with steel- gangway approach.",Company-owned equipment is available as required.,"Trucano Construction Co., Inc.:  Unpaved open storage area is located at rear.
Harbor Enterprises, Inc. dba Petro Marine Services:  One 6- and five 4-inch, petroleum-product andýfuel-oil pipelines extend from wharf to ten steel storage tanks  at rear; total capacity 47,000 barrels.  Float has twelve hose stations for fueling vessels.",MLLW (Mean Lower Low Water),20,20,320,700,24,24,,01-JAN-1990,-134.435,58.299722
15680,58.3813,-134.68497,94811-220,0U58,32546,JNU,"STATE OF ALASKA, AUKE BAY EAST FERRY TERMINAL DOCK",Dock,Validated for TOWS and Public,"Northwesterly shore of Auke Bay, Juneau, at north- east side of Auke Cape.",,Juneau,AK,99801,Juneau,110,116,00,8112,78,4785,"Stephens Passage, AK",4823.00,"Juneau, AK",,,78,NW,,"Current Owner and Operator: State of Alaska, Department of Transportation and Public Facilities. Phone: 907-789-7453",Landing for passenger-and-vehicular ferry.,"Via Glacier Highway, asphalt, 24 feet wide.",None.,"Units (Ferried Autos, Passengers, Railway Cars)","Floating steel-pontoon-supported, adjustable steel-transfer bridge with row of steel-pile breasting dolphins connected by steel catwalks.",None.,"Face of transfer bridge is in line with adjacent company- owned Auke Bay West Ferry Terminal Dock (Ref. No. 166), providing for 850 feet of continuous berthing space.  Terminal building with paved parking lot is located at rear.",MLLW (Mean Lower Low Water),26,26,425,425,,,,01-JAN-1990,-134.68497,58.3813000000001
15681,58.381667,-134.68777,94811-221,0U59,32547,JNU,"STATE OF ALASKA, AUKE BAY WEST FERRY TERMINAL DOCK",Dock,Validated for TOWS and Public,"Northwesterly shore of Auke Bay, Juneau, at north- east side of Auke Cape.",,Juneau,AK,99801,Juneau,110,112,00,8112,78,4785,"Stephens Passage, AK",4823.00,"Juneau, AK",,,78,NW,"Current Operator: State of Alaska, Department of Transportation and Public Facilities. Phone: 907-789-7453",Current Owner: State of Alaska.,Landing for passenger-and-vehicular ferry.,"Via Glacier Highway, asphalt, 24 feet wide.",None.,,"Floating steel-pontoon-supported, adjustable steel- transfer bridge with row of steel-pile breasting dolphins, connected by steel catwalks.",None.,"Face of transfer bridge is in line with company-owned, Auke Bay East-Ferry Terminal Dock (Ref. No. 165) providing for
850 feet of continuous berthing space.",MLLW (Mean Lower Low Water),26,26,425,425,,,,01-JAN-1990,-134.68777,58.381667
15682,58.376389,-134.7,94811-222,0U5A,32548,JNU,"NATIONAL PARK SERVICE, INDIAN POINT FLOAT",Dock,Validated for TOWS and Public,"Northwesterly shore of Auke Bay, Juneau, on north- west side of Auke Cape.",,Juneau,AK,99801,Juneau,110,112,00,8112,78,4785,"Stephens Passage, AK",4823.00,"Juneau, AK",,,78,NW,"Current Operator: U.S. Department of Interior, National Park Service. Phone: 907-789-9559",Current Owner: United States Government.,Mooring government-owned vessels.,"Via National Park Road, unpaved, 12 feet wide; from Offer Way, asphalt, 20 feet wide; and Glacier Highway, dual lane, each asphalt, various widths.",None.,,Timber float moored to timber piles with one 40- by 5-foot steel-gangway and one 300- by 10-foot timber-pier approaches.,"One 3 1/2-ton, hydraulic mast-and-boom derrick with 16-foot boom on pier.",-,MLLW (Mean Lower Low Water),10,10,90,90,,,,01-JAN-1990,-134.7,58.3763890000001
15697,57.11732,-170.285583,96045-100,0P7Y,26858,,ANCHORAGE,Anchorage,Validated for TOWS,,,SAINT PAUL ISLAND,AK,99660,Aleutians West,16,112,00,8309,0,4952,"St. Paul Island, Pribilof Island, AK",,,,,0,,,,,,,"Gasoline, Jet Fuel, Kerosene | Distillate,Residual & Other Fuel Oils; Lube Oil & Greases | Sulphur (Dry), Clay & Salt | Paper & Allied Products | Primary Non-Ferrous Metal Products;Fabricated Metal Prods. | Fish | All Manufactured Equipment, Machinery and",,,,,,,,,,,,02-MAY-1996,-170.285583,57.1173200000001
15808,58.327778,-134.47361,94811-226,0ZGB,38703,JNU,"NORTHLAND SERVICES, JUNEAU TRANSFER BRIDGE",Dock,Validated for TOWS and Public,"Easterly bank of Gastineau Channel, Juneau, below mouth of Salmon Creek.",3139 Channel Drive.,Juneau,AK,99801,Juneau,110,112,00,8071,0,4810,"Juneau Harbor, AK",4823.00,"Juneau, AK",,,0,East,"Current Operator: Northland Services, Inc. Phone: 907/789-6362 FAX: 907-789-6326",Current Owner: Gastineau Contractors.,Receipt and shipment of containerized gereral cargo.,"Via Channel Drive, asphalt, 24 feet wide; from Egan Drive, dual lane, each asphalt, 24 feet wide.",None.,"Crude Petroleum | Gasoline, Jet Fuel, Kerosene | Petroleum Products NEC | Other Chemicals and Related Products | Forest Products, Lumber, Logs, Woodchips | Pulp and Waste Paper | Iron Ore and Iron & Steel Waste & Scrap | Sulphur (Dry), Clay & Salt | Paper",Adjustable steel-transfer bridge with row of four steel- pile breasting dolphins in line with face.,"Company-owned stevedore equipment available as required.
Storage area serves one 40-ton and one 31-ton, diesel forklift trucks.",Approximately 2.5 acres of paved open storage area at rear includes twenty-five outlets reserved for refrigerated cargo containers.,MLLW (Mean Lower Low Water),10,10,175,175,,,,14-JUN-1995,-134.47361,58.3277780000001
15809,57.472222,-134.56805,94820-200,0UE1,32845,AGN,"CITY OF ANGOON, CARGO DOCK",Dock,Validated for TOWS and Public,"Easterly side of Chatham Strait, Angoon, at Killisnoo Harbor, Admiralty Island.",,Angoon,AK,99820,Skagway-Hoonah-Angoon,232,112,00,8055,100,4788,"Chatham Strait, AK",,,,,100,East,Current Operator: Angoon Oil & Gas Co. Phone: 907-788-3436 FAX: 907-788-3167,Current Owner: Angoon Community Association.,Receipt of petroleum products.,"Via Killisnoo Road, asphalt, 24 feet wide.",None.,"Petroleum and Petroleum Products | Gasoline, Jet Fuel, Kerosene | Distillate,Residual & Other Fuel Oils; Lube Oil & Greases | Petroleum Products NEC | Other Chemicals and Related Products | Forest Products, Lumber, Logs, Woodchips | Paper & Allied Product","Steel pile, concrete-surfaced, steel-decked offshore wharf with 75- by 20-foot approach; fronted by timber-fender system.",Stevedore rental equipment available as required.,"Angoon Oil & Gas Co.:  Three 3-inch petroleum-product pipelines extend from wharf to three steel storage tanks at rear; total capacity 1,425 barrels.
Alaska Marine Lines:  Handles containerized general cargo at steel ramp at natural bank, adjacent to rear of dock. ",MLLW (Mean Lower Low Water),40,40,110,110,20,20,,01-JAN-1990,-134.56805,57.472222
16000,57.959359,-136.229008,94954-100,00FD,523,PEC,PELICAN ANCHORAGE,Anchorage,Validated for TOWS,,,PELICAN,AK,99832,Skagway-Hoonah-Angoon,232,112,00,8058,0,4840,"Pelican Harbor, AK",4898.00,"Pelican, AK",,,0,,,,,,,"Sulphur (Dry), Clay & Salt | Paper & Allied Products | Primary Non-Ferrous Metal Products;Fabricated Metal Prods. | Fish | All Manufactured Equipment, Machinery and Products",,,,,,,,,,,,01-JAN-1990,-136.229008,57.9593590000001
16001,58.77938,-135.01253,94960-121,0024,72,JNU,BERNERS BAY - KENSINGTON MINE,Dock,Validated for TOWS,,,JUNEAU,AK,99801,Juneau,110,116,00,8065,21,4791,"Lynn Canal, AK",4823.00,"Juneau, AK",,,21,,,,,,,"Gasoline, Jet Fuel, Kerosene | Distillate,Residual & Other Fuel Oils; Lube Oil & Greases | Petroleum Products NEC | Other Chemicals and Related Products | Sand, Gravel, Stone, Rock, Limestone, Soil, Dredged Material | Iron Ore and Iron & Steel Waste & Scr",,,,,,,,,,,,01-JAN-1990,-135.01253,58.7793800000001
16002,60.681026,-151.392122,95270-100,001Z,67,ENA,ANCHORAGE - NIKISKI,Anchorage,Validated for TOWS,,,KENAI,AK,99611,Kenai Peninsula,122,116,00,8138,0,4831,"Nikiski, AK",4831.00,"Nikiski, AK",,,0,,,,,,,"Crude Petroleum | Gasoline, Jet Fuel, Kerosene | Distillate,Residual & Other Fuel Oils; Lube Oil & Greases",,,,,,,,,,,,01-JAN-1990,-151.392122,60.681026
16003,60.788295,-148.670155,95175-100,037D,3719,GWK,ANCHORAGE - WHITTIER,Anchorage,Validated for TOWS,,,GIRDWOOD,AK,99587,Valdez-Cordova,261,112,00,8746,0,4822,"Whittier Harbor, AK",4824.00,"Whittier, AK",,,0,,,,,,,,,,,,,,,,,,,01-JAN-1990,-148.670155,60.7882950000001
16004,60.101304,-149.42428,95180-100,037H,3723,SWD,ANCHORAGE - SEWARD,Anchorage,Validated for TOWS,,,SEWARD,AK,99664,Kenai Peninsula,122,112,00,8155,0,4930,"Seward Harbor, AK",4907.00,"Seward, AK",,,0,,,,,,,"Gasoline, Jet Fuel, Kerosene | Distillate,Residual & Other Fuel Oils; Lube Oil & Greases",,,,,,,,,,,,01-JAN-1990,-149.42428,60.101304
16005,59.904324,-149.302972,95181-200,000P,23,SWD,RESURRECTION BAY,,Validated for TOWS,,,SEWARD,AK,99664,Kenai Peninsula,122,112,00,8119,0,4599,"Resurrection Bay, AK",,,,,0,,,,,,,"Gasoline, Jet Fuel, Kerosene | Distillate,Residual & Other Fuel Oils; Lube Oil & Greases | All Manufactured Equipment, Machinery and Products",,,,,,,,,,,,01-JAN-1990,-149.302972,59.904324
16006,58.940818,-153.191493,95200-010,000U,28,ORI,COOK INLET,Open Water,Validated for TOWS,,,PORT LIONS,AK,99550,Kenai Peninsula,122,112,00,8122,0,4845,"Cook Inlet, AK",,,,,0,,,,,,,"Units (Ferried Autos, Passengers, Railway Cars)",,,,,,,,,,,,01-JAN-1990,-153.191493,58.940818
16007,59.21283,-151.773011,95200-125,000W,30,SOV,PORT CHATHAM,Open Water,Validated for TOWS,,,SELDOVIA,AK,99663,Kenai Peninsula,122,112,00,8122,25,4845,"Cook Inlet, AK",,,,,25,,,,,,,,,,,,,,,,,,,01-JAN-1990,-151.773011,59.2128300000001
16008,59.614239,-151.42584,95200-150,000X,31,ACP,KACHEMAK BAY,Anchorage,Validated for TOWS,,,ANCHOR POINT,AK,99556,Kenai Peninsula,122,116,00,8126,50,4845,"Cook Inlet, AK",4830.00,"Homer, AK",,,50,,,,,,,"Units (Ferried Autos, Passengers, Railway Cars) | Distillate,Residual & Other Fuel Oils; Lube Oil & Greases",,,,,,,,,,,,01-JAN-1990,-151.42584,59.6142390000001
16009,60.153921,-146.777586,95100-103,00E6,482,CDV,PORT ETCHES,,Validated for TOWS,,,CORDOVA,AK,99574,Valdez-Cordova,261,112,00,8078,2,4859,"Prince William Sound, AK",,,,,2,,,,,,,,,,,,,,,,,,,01-JAN-1990,-146.777586,60.1539210000001
16010,57.65407,-151.618466,95000-001,00DZ,475,,OFF SHORE,Open Water,Validated for TOWS,,,,AK,,Kodiak Island,150,113,00,8176,0,4913,Pacific Ocean-Off South Western Alaska,,,,,0,,,,,,,"Units (Ferried Autos, Passengers, Railway Cars)",,,,,,,,,,,,01-JAN-1990,-151.618466,57.65407
16011,60.143347,-146.771449,95100-100,00E3,479,CDV,ANCHORAGE,Anchorage,Validated for TOWS,,,CORDOVA,AK,99574,Valdez-Cordova,261,112,00,8078,0,4859,"Prince William Sound, AK",,,,,0,,,,,,,Fish,,,,,,,,,,,,01-JAN-1990,-146.771449,60.1433470000001
16012,60.680802,-146.62245,95100-101,00E4,480,CDV,PRINCE WILLIAM SD,Dock,Validated for TOWS,,,CORDOVA,AK,99574,Valdez-Cordova,261,116,00,8078,0,4859,"Prince William Sound, AK",,,,,0,,,,,,,"Units (Ferried Autos, Passengers, Railway Cars) | Distillate,Residual & Other Fuel Oils; Lube Oil & Greases | Primary Non-Ferrous Metal Products;Fabricated Metal Prods.",,,,,,,,,,,,01-JAN-1990,-146.62245,60.680802
16013,60.362756,-146.502682,95100-300,00ED,489,TEK,HINCHINBROOK,Dock,Validated for TOWS,,,TATITLEK,AK,99677,Valdez-Cordova,261,116,00,8082,50,4859,"Prince William Sound, AK",,,,,50,,,,,,,"Gasoline, Jet Fuel, Kerosene | Distillate,Residual & Other Fuel Oils; Lube Oil & Greases | Primary Non-Ferrous Metal Products;Fabricated Metal Prods.",,,,,,,,,,,,01-JAN-1990,-146.502682,60.362756
16014,59.968725,-148.168352,95100-250,00E9,485,CDV,SAWMILL BAY (ERLINGTON PASS),Anchorage,Validated for TOWS,,,CORDOVA,AK,99574,Valdez-Cordova,261,116,00,8078,10,4859,"Prince William Sound, AK",,,,,10,,,,,,,"Distillate,Residual & Other Fuel Oils; Lube Oil & Greases | Fish",,,,,,,,,,,,01-JAN-1990,-148.168352,59.9687250000001
16088,61.90723,-163.119908,97643-101,01XQ,2234,,PITKAS POINT VILLAGE,Dock,Validated for TOWS,,,SAINT MARYS,AK,99658,Wade Hampton,270,112,00,8244,99,4860,"Yukon River, AK",,,,,99,,,,,,,"Petroleum Products NEC | All Manufactured Equipment, Machinery and Products",,,,,,,,,,,,01-JAN-1990,-163.119908,61.90723
16089,64.914736,-154.704608,97643-216,0207,2319,RBY,RUBY,Dock,Validated for TOWS,,,RUBY,AK,99768,Yukon-Koyukuk,290,112,00,8246,637,4860,"Yukon River, AK",,,,,637,,,,,,,"Petroleum Products NEC | All Manufactured Equipment, Machinery and Products",,,,,,,,,,,,01-JAN-1990,-154.704608,64.9147360000001
16090,61.784548,-161.317702,97643-131,01XT,2237,RSH,RUSSIAN MISSION VILLAGE,Dock,Validated for TOWS,,,RUSSIAN MISSION,AK,99657,,158,116,00,8244,214,4860,"Yukon River, AK",,,,,214,,,,,,,"Petroleum Products NEC | All Manufactured Equipment, Machinery and Products",,,,,,,,,,,,01-JAN-1990,-161.317702,61.784548
16091,62.204311,-159.766112,97643-141,01XU,2238,ANV,HOLY CROSS VILLAGE,Dock,Validated for TOWS,,,ANVIK,AK,99558,Yukon-Koyukuk,290,116,00,8897,289,4860,"Yukon River, AK",,,,,289,,,,,,,"Petroleum Products NEC | All Manufactured Equipment, Machinery and Products",,,,,,,,,,,,01-JAN-1990,-159.766112,62.2043110000001
16092,65.259037,-151.178937,97643-235,020B,2323,MLY,BEAR CREEK,Dock,Validated for TOWS,,,MANLEY HOT SPRINGS,AK,99756,Yukon-Koyukuk,290,112,00,8250,773,4860,"Yukon River, AK",,,,,773,,,,,,,"Animal Feed, Grain Mill Products, Flour, Processed Grains | Other Agricultural Products; Food and Kindred Products",,,,,,,,,,,,01-JAN-1990,-151.178937,65.259037
16093,62.656388,-160.203945,97643-161,01XW,2240,KGX,ANVIK VILLAGE,Dock,Validated for TOWS,,,GRAYLING,AK,99590,Yukon-Koyukuk,290,116,00,8897,327,4860,"Yukon River, AK",,,,,327,,,,,,,"Petroleum Products NEC | All Manufactured Equipment, Machinery and Products",,,,,,,,,,,,01-JAN-1990,-160.203945,62.656388
16105,58.239411,-135.488318,94950-198,0NQB,26259,HNH,MUD BAY,Dock,Validated for TOWS,,,HOONAH,AK,99829,Skagway-Hoonah-Angoon,232,112,00,8061,37,4793,"Icy Strait, AK",,,,,37,,,,,,,"Gasoline, Jet Fuel, Kerosene | Distillate,Residual & Other Fuel Oils; Lube Oil & Greases",,,,,,,,,,,,15-FEB-2006,-135.488318,58.2394110000001
16246,66.903896,-162.583972,98540-110,0UVJ,33372,OTZ,"CROWLEY MARINE SERVICES, KOTZEBUE WHARF",Dock,Validated for TOWS and Public,"Northwesterly shore of Baldwin Peninsula, Kotzebue Sound, approximately 1.2 miles north of Kotzebue Airport.",940 Third Street.,Kotzebue,AK,,Northwest Arctic,188,116,00,8274,40,4893,"Kotzebue Sound, AK",,,,,40,,,"Current Owner and Operator: Crowley Marine Services, Inc. Phone: 907-442-3211 FAX: 907/442-3627",Receipt and shipment of conventional-and-containerized general cargo by lighter; and receipt and shipment of petroleum products.,"Via access road, gravel, various widths; from Third Avenue, asphalt, 24 feet wide.",None.,"Petroleum and Petroleum Products | Gasoline, Jet Fuel, Kerosene | Distillate,Residual & Other Fuel Oils; Lube Oil & Greases | Petroleum Products NEC | Other Chemicals and Related Products | Forest Products, Lumber, Logs, Woodchips | Sand, Gravel, Stone, R","Steel-sheet-pile bulkhead with solid fill, fronted by rubber tires.","One 85-ton, diesel crawler crane with 110-foot boom. Open storage area serves one 30-, one 25-, one 10-, two 5-, and two 2-ton forklift trucks.","Seven 6-inch pipelines extend from wharf to fifteen steel storage tanks at rear; total capacity 146,500 barrels.  
Approximately 1.6 acres of unpaved open storage area is located in three separate areas. ",MLLW (Mean Lower Low Water),10,10,400,400,4,4,,01-JAN-1990,-162.583972,66.903896
16247,53.892466,-166.543593,96080-377,0R9P,29229,DUT,PETRO STAR INC - WESTWARD,Dock,Validated for TOWS,,,DUTCH HARBOR,AK,99692,Aleutians West,16,112,00,8196,0,4947,"Unalaska Channels, AK",4939.00,"Unalaska Island, AK",,,0,,,,,,,,,,,,,,,,,,,22-APR-2008,-166.543593,53.8924660000001
16248,53.911563,-166.511111,96080-248,0R9Q,29230,DUT,PETRO STAR INC - RESOFF,Dock,Validated for TOWS,,,DUTCH HARBOR,AK,99692,Aleutians West,16,112,00,8196,0,4947,"Unalaska Channels, AK",4939.00,"Unalaska Island, AK",,,0,,,,,,,,,,,,,,,,,,,22-APR-2008,-166.511111,53.9115630000001
16249,58.727008,-157.011677,96365-130,0UKG,33030,NNK,"DELTA WESTERN, NAKNEK TERMINAL WHARF",Dock,Validated for TOWS and Public,"Right bank, Naknek River, Naknek.",,Naknek,AK,99633,Bristol Bay,60,113,00,8220,2,4828,"Naknek River, AK",,,,,2,Right,,"Current Owner and Operator: Delta Western, Inc. Phone: 907-246-6174 FAX: 907/246-6843",Receipt and shipment of petroleum products; fueling vessels.,"Via plant road, unpaved, various widths; from Alaska Peninsula Highway, dual lane, each asphalt, 24 feet wide.",None.,"Petroleum and Petroleum Products | Gasoline, Jet Fuel, Kerosene | Distillate,Residual & Other Fuel Oils; Lube Oil & Greases | Petroleum Products NEC | Forest Products, Lumber, Logs, Woodchips | Primary Non-Ferrous Metal Products;Fabricated Metal Prods. | ","Steel-and-timber-pile, timber-decked offshore wharf with 180- by 12-foot approach.","One 1-ton, electric mast-and-boom derrick with 15-foot boom.","One 6-, one 4-, and four 3-inch petroleum-product pipelines extend from wharf to nine steel storage tanks at rear; total capacity 34,600 barrels.  Wharf has twenty-three fueling stations.",MLLW (Mean Lower Low Water),0,0,150,150,20,20,,13-JUL-1994,-157.011677,58.7270080000001
16250,58.727658,-157.007668,96365-140,0UKH,33031,NNK,"TRIDENT SEAFOODS CORP., NAKNEK DOCK",Dock,Validated for TOWS and Public,"Right bank, Naknek River, Naknek.",,Naknek,AK,99633,Bristol Bay,60,113,00,8220,2,4828,"Naknek River, AK",,,,,2,R,,Current Owner and Operator: Trident Seafoods Corp. Phone: 907-246-4275 FAX: 907-246-7416,Receipt of seafood; and handling supplies and equipment for fishing vessels.,"Via plant road, unpaved, various widths; from Alaska Peninsula Highway, dual lane, each asphalt, 24 feet wide.",None.,"Gasoline, Jet Fuel, Kerosene | Distillate,Residual & Other Fuel Oils; Lube Oil & Greases | Fish","Steel-and-timber-pile, timber-decked wharf.","One 25-ton, diesel mobile crane with 80-foot boom; and two 1-ton, electric-hydraulic derricks, each with 25-foot boom. Open storage area serves ten 2-ton forklift trucks.",Seafood-processing plant is located at rear.,MLLW (Mean Lower Low Water),0,0,640,640,20,20,,13-JUL-1994,-157.007668,58.7276580000001
16251,58.732518,-156.982364,96365-170,0R6B,29115,NNK,"BRISTOL BAY BOROUGH, FISHERMAN'S AND NAKNEK CARGO DOCKS",Dock,Validated for TOWS,,,NAKNEK,AK,99633,Bristol Bay,60,113,00,8220,2,4828,"Naknek River, AK",,,,,2,,,,,,,"Gasoline, Jet Fuel, Kerosene | Distillate,Residual & Other Fuel Oils; Lube Oil & Greases | Petroleum Products NEC | Other Chemicals and Related Products | Forest Products, Lumber, Logs, Woodchips | Sand, Gravel, Stone, Rock, Limestone, Soil, Dredged Mater",,,,,,,,,,,Parent,13-JUL-1994,-156.982364,58.732518
16252,54.132461,-165.78951,96090-210,0UKL,33034,KQA,"TRIDENT SEAFOODS CORP., AKUTAN DOCK",Dock,Validated for TOWS and Public,"Northerly side of Akutan Harbor, approximately 
0.4 mile west of Akutan.",,Akutan,AK,99553,Aleutians East,13,116,00,8194,0,4946,"Akutan Island, AK",,,,,0,,,Current Owner and Operator: Trident Seafoods Corp. Phone: 907/698-2211 FAX: 907/698-2236,Receipt and shipment of conventional-and-containerized general cargo and seafood; receipt of petroleum products;  fueling vessels; and handling supplies and equipment for fishing vessels.,None,None.,"Petroleum and Petroleum Products | Gasoline, Jet Fuel, Kerosene | Distillate,Residual & Other Fuel Oils; Lube Oil & Greases | Sulphur (Dry), Clay & Salt | Paper & Allied Products | Primary Non-Ferrous Metal Products;Fabricated Metal Prods. | Fish | All Ma",Steel-sheet-pile bulkhead with part concrete-surfaced solid fill; fronted by rubber tires at timber-fender system.,"One 17-ton, diesel mobile crane with 75-foot boom; one 31-ton, mobile top pick; and four 1 1/2-ton, electric- hydraulic derricks, each with 50-foot boom. Open storage  area at rear serves approximately fifteen 2- to 3-ton forklift trucks.","One 8-inch petroleum-product pipeline extends from wharf
to five steel storage tanks at rear; total capacity 
40,500 barrels. Seafood-processing plant is located at rear.",MLLW (Mean Lower Low Water),15,35,1600,1600,10,10,,13-JUL-1994,-165.78951,54.132461
16253,55.05861,-162.32556,95450-250,0QD5,28191,KVC,"CITY OF KING COVE, SMALL BOAT HARBOR, T DOCK AND FLOATS A-C",Dock,Validated for TOWS,,,KING COVE,AK,99612,Aleutians East,13,112,00,8187,0,4944,"King Cove Harbor, AK",5001.00,"King Cove, AK",,,0,,,,,,,"Primary Non-Ferrous Metal Products;Fabricated Metal Prods. | All Manufactured Equipment, Machinery and Products",,,,,,,,,,,Parent,13-JUL-1994,-162.32556,55.05861
16254,57.860556,-152.86,95355-210,0UL6,33054,ORI,"CITY OF PORT LIONS, CITY DOCK",Dock,Validated for TOWS and Public,"Westerly side of Kizhuyak Bay, Port Lions, south of Port Wakefield.",,Port Lions,AK,99550,Kodiak Island,150,112,00,8154,0,4936,"Port Lions Harbor, AK",5002.00,"Port Lions, AK",,,0,,"Current Operator: City of Port Lions; State of Alaska, Department of Transportation and Public Facilities; and Kizhuyak Oil Sales. Phone: 907-454-2477 FAX: 907/454-2420",Current Owner: City of Port Lions.,Receipt of conventional general cargo and petroleum prod- ucts; landing for passenger-and-vehicular ferry.,"Via Kizhuyak Drive, from Cove Drive, each unpaved, 
24 feet wide.",None.,"Units (Ferried Autos, Passengers, Railway Cars) | Petroleum and Petroleum Products | Gasoline, Jet Fuel, Kerosene | Distillate,Residual & Other Fuel Oils; Lube Oil & Greases | Unknown or Not Elsewhere Classified","Timber pile, timber-decked offshore wharf with 200- by 25-foot approach.",None.,"City of Port Lions: Operates landing for passenger-and- vehicular ferry; ferries operate to Kodiak and Homer, AK. 
Kizhuyak Oil Sales: Two 4-inch petroleum-product pipe- lines extend from wharf to three steel storage tanks at rear; total capacity 2,150 barrels.",MLLW (Mean Lower Low Water),24,24,250,370,10,10,,13-JUL-1994,-152.86,57.860556
16255,55.3225,-160.51666,95430-150,0UL7,33055,SDP,"PETER PAN SEAFOODS, SAND POINT DOCK",Dock,Validated for TOWS and Public,"Easterly side of Popof Strait, Sand Point, approxi- mately 0.4 mile east of Sand Point.",,Sand Point,AK,99661,Aleutians East,13,112,00,8183,0,4942,"Humboldt, AK",,,,,0,,,"Current Owner and Operator: Peter Pan Seafoods, Inc. Phone: 206-727-7236 FAX: 206-770-2671",Handling supplies and equipment for fishing vessels.,"Via Airport Road, asphalt, 30 feet wide.",None.,"Sulphur (Dry), Clay & Salt | Paper & Allied Products | Primary Non-Ferrous Metal Products;Fabricated Metal Prods. | Fish | All Manufactured Equipment, Machinery and Products","Timber pile, timber-decked offshore wharf with one 370- by 20-foot approach.",One 6- and one 3-ton forklift trucks.,Wharf formerly was used for receipt of seafood; former seafood-processing plant is located at rear.,MLLW (Mean Lower Low Water),30,30,160,160,15,15,,13-JUL-1994,-160.51666,55.3225
16256,60.558889,-145.75388,95120-410,0ULT,33075,CDV,"ORCA OIL CO. / SHORELINE OIL, CORDOVA",Dock,Validated for TOWS and Public,"Easterly side of Orca Inlet, Cordova, approxi- mately 4,500 feet northeast of entrance to Small-Boat Harbor.",100 Ocean Dock Road.,Cordova,AK,99574,Valdez-Cordova,261,112,00,8079,0,4814,"Cordova Harbor, AK",4799.00,"Cordova, AK",,,0,,,"Current Owner and Operator: Orca Oil Co., Inc. Phone: 907/424-3264 FAX: 907/424-3294",Fueling vessels.,"Via First Street, asphalt, 24 feet wide; from Ocean Dock Road, asphalt, 24 feet wide.",None.,"Gasoline, Jet Fuel, Kerosene | Distillate,Residual & Other Fuel Oils; Lube Oil & Greases","Timber pile, timber-decked pier extending from north side of adjacent City of Cordova, Ocean Dock (Ref. No. 17).",None.,"Two 3-inch pipelines extend from wharf to nine steel, fuel- oil storage tanks at rear; total capacity 28,500 barrels.",MLLW (Mean Lower Low Water),25,25,50,120,30,30,,13-JUL-1994,-145.75388,60.5588890000001
16371,60.551428,-165.273993,97660-800,0R0B,28911,OOK,CAPE CORWIN,Dock,Validated for TOWS,,,TOKSOOK BAY,AK,99637,Bethel,50,112,00,8233,0,4964,"Nelson Island and Baird Inlet, AK",,,,,0,,,,,,,"Gasoline, Jet Fuel, Kerosene | Distillate,Residual & Other Fuel Oils; Lube Oil & Greases | Petroleum Products NEC",,,,,,,,,,,,30-SEP-2004,-165.273993,60.551428
16387,60.558056,-145.75472,95120-400,0UBE,32756,CDV,CITY OF CORDOVA,Dock,Validated for TOWS and Public,"Easterly side of Orca Inlet, Cordova, approximately 4,300 feet northeast of entrance to Small-Boat Harbor.",,Cordova,AK,99574,Valdez-Cordova,261,112,00,8079,0,4814,"Cordova Harbor, AK",4799.00,"Cordova, AK",,,0,,"Current Operator: City of Cordova;  Orca Oil Co., Inc.;  and Samson Tug and Barge. Phone: 907/424-3399 FAX: 907/424-5389",Current Owner: City of Cordova.,Receipt and shipment of containerized general cargo; receipt of petroleum products; and handling supplies for fishing vessels.,"Via First Street, asphalt, 24 feet wide; from Ocean Dock Road, asphalt, 24 feet wide.",None.,"Petroleum and Petroleum Products | Crude Petroleum | Gasoline, Jet Fuel, Kerosene | Distillate,Residual & Other Fuel Oils; Lube Oil & Greases | Petroleum Pitches, Coke, Asphalt, Naptha and Solvents | Petroleum Products NEC | Fertilizers | Other Chemicals ","Steel-and-concrete-pile, concrete-decked offshore wharf with 130- by 30-foot approach; fronted by rubber-cushioned steel-and-timber fender system.","Samson Tug and Barge: One 140-ton, diesel mobile crane with 130-foot boom and additional stevedore rental equipment available as required. Open storage area serves two 30-ton, diesel forklift trucks.  ","City of Cordova:  Approximately 12 acres of open storage area is located at rear.
Orca Oil Co., Inc: Four 6-inch petroleum-product pipe- lines extend from wharf to storage tanks described under adjacent, company-owned Cordova Dock (Ref. No. 18). Samson Tug and Barge:  Open storage area at rear has capacity for seven-hundred containers stacked up to 4-high.",MLLW (Mean Lower Low Water),25,25,408,408,30,30,,01-JAN-1990,-145.75472,60.5580560000001
16388,61.12528,-146.34472,95130-205,0R1E,28948,VDZ,CITY OF VALDEZ SMALL BOAT HARBOR FLOATS,Dock,Validated for TOWS,,,VALDEZ,AK,99686,Valdez-Cordova,261,116,00,8081,0,4818,"Valdez Harbor (Small Boat Harbor), AK",4816.00,"Valdez, AK",,,0,,,,,,,,,,,,,,,,,,Parent,01-JAN-1990,-146.34472,61.12528
16389,61.08833,-146.38167,95130-310,0RDE,29356,TEK,ALYESKA PIPELINE MARINE TERMINAL DOCKS,Dock,Validated for TOWS,,,TATITLEK,AK,99677,Valdez-Cordova,261,112,00,8081,0,4816,"Valdez, AK",4816.00,"Valdez, AK",,,0,,,,,,,"Crude Petroleum | Gasoline, Jet Fuel, Kerosene | Distillate,Residual & Other Fuel Oils; Lube Oil & Greases | Petroleum Pitches, Coke, Asphalt, Naptha and Solvents",,,,,,,,,,,Parent,01-JAN-1990,-146.38167,61.08833
16390,60.776667,-148.67472,95175-210,0UWM,33409,WQF,"ALASKA RAILROAD CORP., WHITTIER SLIP NO 2",Dock,Validated for TOWS and Public,"Southwesterly shore, at head of Passage Canal, Whittier, approximately 0.5 mile east of Small-Boat Harbor.",,Whittier,AK,,Valdez-Cordova,261,112,00,8746,0,4822,"Whittier Harbor, AK",4824.00,"Whittier, AK",,,0,,,Current Owner and Operator: Alaska Railroad Corp.,Transfer of railcars to and from carfloats.,"Via plant road, partially paved, 30 feet wide; from Old Dock Road and Whittier Street, each asphalt, various widths.",Trackage in storage yard at rear; connects with Alaska Railroad Corp.,"Gasoline, Jet Fuel, Kerosene | Distillate,Residual & Other Fuel Oils; Lube Oil & Greases | Petroleum Pitches, Coke, Asphalt, Naptha and Solvents | Petroleum Products NEC | Fertilizers | Other Chemicals and Related Products | Forest Products, Lumber, Logs,","Adjustable steel-transfer bridge with three steel-sheet- pile, cellular breasting dolphins on south side of slip.",None.,"Carfloats operate to Prince Rupert, BC and Seattle, WA. At time of survey (2002), plans called for construction of a side-transfer facility to be located on the east side of the transfer bridge, with installation of three additional railroad tracks to be joined with single track in rear.",MLLW (Mean Lower Low Water),35,35,350,350,22,22,,01-JAN-1990,-148.67472,60.776667
16391,60.776389,-148.67861,95175-215,0UWN,33410,WQF,"ALASKA RAILROAD CORP., WHITTIER WHARF",Dock,Validated for TOWS and Public,"Southwest shore, at head of Passage Canal,  approximately 1,600 feet east of Small-Boat Harbor, Whittier.",,Whittier,AK,99693,Valdez-Cordova,261,112,00,8746,0,4822,"Whittier Harbor, AK",4824.00,"Whittier, AK",,,0,,,Current Owner: Alaska Railroad Corp.,Not used.,"Via partially-paved road, 30 feet wide; from Harbor View Drive, asphalt, various widths.",None.,"Coal,Lignite & Coal Coke | Crude Petroleum | Distillate,Residual & Other Fuel Oils; Lube Oil & Greases | Petroleum Pitches, Coke, Asphalt, Naptha and Solvents | Petroleum Products NEC | Fertilizers | Other Chemicals and Related Products | Forest Products,","Steel pile, part timber/part precast concrete-decked wharf; fronted by timber-and-rubber fender system.",None.,"At time of '93 survey, wharf was in use for receipt of seafood and for mooring cruise vessels, fishing boats, and miscellaneous vessels; however at time of '04 sur- vey, operation had shut down due to wharf being  condemned.",MLLW (Mean Lower Low Water),30,40,1000,1000,22,26,,01-JAN-1990,-148.67861,60.7763890000001
16722,51.740002,-178.04054,96080-304,10PH,40103,,TANAGA BAY,Open Water,Validated for TOWS,,,,AK,,Aleutians West,16,116,00,8196,0,4947,"Unalaska Channels, AK",,,,,0,,,,,,,,,,,,,,,,,,,01-JAN-2008,-178.04054,51.7400020000001
16790,55.211094,-132.827893,93823-530,110H,40477,HYG,NUTKWA INLET,Dock,Validated for TOWS,"North shore of Cordova Bay, Prince of Wales Inlet ",,NUTKWA INLET,AK,,Prince of Wales-Outer Ketchikan,201,116,00,8016,0,4885,"Hydaburg, AK",4885.00,"Hydaburg, AK",,,0,North,,,,,,,,,,,,,,,,,,01-JAN-2011,-132.827893,55.2110940000001
16970,64.496667,-165.43611,97695-210,0ZLG,38844,OME,"CITY OF NOME, CAUSEWAY WHARVES",Dock,Validated for TOWS and Public,"Norton Sound, Nome, approximately 3,300 feet west of Snake River.",,Nome,AK,,Nome,180,112,00,8257,0,4968,"Nome Harbor, AK",4916.00,"Nome, AK",,,0,,"Current Operator: City and Port of Nome; Northland Services, Inc.; Crowley Marine Services, Inc.; and Yukon Fuel Co. Phone: 907-443-5738",Current Owner: City of Nome.,Receipt and shipment of conventional-and-containerized general cargo and of petroleum products; shipment of sand and gravel; and mooring cruise vessels.,"Via Causeway Road, gravel, various widths; from Seppala Drive, asphalt, 24 feet wide.",None.,"Petroleum and Petroleum Products | Gasoline, Jet Fuel, Kerosene | Distillate,Residual & Other Fuel Oils; Lube Oil & Greases | Petroleum Products NEC | Fertilizers | Other Chemicals and Related Products | Forest Products, Lumber, Logs, Woodchips | Pulp and",Two sections of steel-sheet-pile bulkhead with solid fill approximately 500 feet apart. Bulkhead fronted by rubber- fender system.,Stevedore equipment is available as required. Open storage area serves one 26-ton forklift truck.,"Northland Services Inc.: Company in use for shipment of sand and gravel. Open storage area at rear totals approximately 1 acre.
Crowley Marine Services, Inc.: Company in use for receipt and shipment of conventional-and-containerized general cargo and of petroleum product; and for mooring cruise vessels. One 6-inch pipeline extends from wharf to two steel storage tanks at rear; total capacity 38,000 barrels.
City of Nome:  Company in use for receipt and shipment of petroleum products. One 8-inch pipeline extends from wharf to four steel storage tanks at rear; total capacity 76,000 barrels.
Yukon Fuel Co.: Company in use for receipt and shipment of petroleum products. One 6-inch pipeline extends from wharf to six steel storage tanks at rear; total capacity 114,000 barrels.",MLLW (Mean Lower Low Water),14,22,200,390,17,17,,13-JUL-1994,-165.43611,64.4966670000001
16971,60.79167,-161.75,96460-061,0RD1,29343,BET,"CITY OF BETHEL, CARGO AND SMALL BOAT HARBOR FLOATS",Dock,Validated for TOWS,,,BETHEL,AK,99559,Bethel,50,112,00,8243,65,4819,"Kuskokwim River, AK",4904.00,"Bethel, AK",,,65,Left,,,,,,"Primary Iron and Steel Products (Ingots,Bars,Rods,etc.) | Fish | All Manufactured Equipment, Machinery and Products | Unknown or Not Elsewhere Classified",,,,,,,,,,,Parent,01-JAN-1990,-161.75,60.7916700000001
16972,59.036944,-158.46666,96390-112,0UVT,33381,DLG,"DELTA WESTERN, DILLINGHAM TERMINAL WHARF",Dock,Validated for TOWS and Public,"Northerly shore of Nushagak Bay, Dillingham, at west side of Scandinavian Creek, approximately 2,000 feet east of Small-Boat Harbor.",,Dillingham,AK,,Dillingham,70,112,00,8314,0,4846,"Dillingham Harbor, AK",4875.00,"Dillingham, AK",,,0,,,"Current Owner and Operator: Delta Western, Inc. Phone: 907-842-5441 FAX: 907/842-2697",Receipt and shipment of petroleum products; fueling vessels.,"Via Main Street, asphalt, 24 feet wide.",None.,"Petroleum and Petroleum Products | Gasoline, Jet Fuel, Kerosene | Distillate,Residual & Other Fuel Oils; Lube Oil & Greases","Timber pile, timber-decked offshore wharf with two timber dolphins parallel to and above upper side. Wharf has one 100- by 10-foot approach.",None.,"One 6- and four 4-inch petroleum-product pipelines extend from wharf to eleven steel storage tanks at rear; total capacity 59,000 barrels.  Wharf has six fueling stations.",MLLW (Mean Lower Low Water),2,2,280,380,15,15,,01-JAN-1990,-158.46666,59.0369440000001
17026,66.539028,-162.75062,98540-010,02B8,2694,KVL,REMOTE ENTRY KOTZEBUE ALASKA,Dock,Validated for TOWS,,,KIVALINA,AK,99750,Northwest Arctic,188,116,00,8274,0,4893,"Kotzebue Sound, AK",,,,,0,,,,,,,"Gasoline, Jet Fuel, Kerosene | Distillate,Residual & Other Fuel Oils; Lube Oil & Greases | Sand, Gravel, Stone, Rock, Limestone, Soil, Dredged Material",,,,,,,,,,,,01-JAN-1990,-162.75062,66.539028
17027,63.629739,-167.011443,97690-010,01XJ,2228,TLA,NORTON SOUND LIGHTERAGE,Open Water,Validated for TOWS,,,TELLER,AK,99778,Nome,180,113,00,8254,0,4888,"Norton Sound, AK",,,,,0,,,,,,,,,,,,,,,,,,,01-JAN-1990,-167.011443,63.629739
17028,59.0375,-158.465,96390-113,0UVU,33382,DLG,"DILLINGHAM, ALASKA",Dock,Validated for TOWS and Public,"Northerly shore of Nushagak Bay, Dillingham, at west side of Scandinavian Creek, approximately 2,400 feet east of Small-Boat Harbor.",,Dillingham,AK,,Dillingham,70,116,00,8314,0,4846,"Dillingham Harbor, AK",4875.00,"Dillingham, AK",,,0,,,Current Owner and Operator: City of Dillingham. Phone: 907-842-4164 FAX: 907/842-5516,Receipt and shipment of conventional-and-containerized general cargo; shipment of seafood.,"Via Main Street, asphalt, 24 feet wide.",None.,"Gasoline, Jet Fuel, Kerosene | Distillate,Residual & Other Fuel Oils; Lube Oil & Greases | Petroleum Products NEC | Fertilizers | Other Chemicals and Related Products | Forest Products, Lumber, Logs, Woodchips | Sand, Gravel, Stone, Rock, Limestone, Soil,","Steel pile, concrete-decked offshore wharf with 140- by 40-foot approach. Wharf fronted by rubber-cushioned steel- fender system.","One 150-ton, diesel crawler crane with 120-foot boom with additional stevedore rental equipment available as required. Open storage area serves one 35- and one 30-ton, diesel forklift trucks.  ",Approximately 4 acres of open storage area is located at rear.,MLLW (Mean Lower Low Water),3,3,208,208,30,30,,01-JAN-1990,-158.465,59.0375000000001
17029,58.298333,-134.41166,94811-210,0ZKA,38804,JNU,COAST GUARD STATION DOCK,Dock,Validated for TOWS and Public,"Easterly bank of Gastineau Channel, Juneau, at foot of Whittier Street extended.",345 Egan Drive,Juneau,AK,99801-1701,Juneau,110,112,00,8071,0,4810,"Juneau Harbor, AK",4823.00,"Juneau, AK",,,0,East,Current Operator: U.S. Coast Guard; National Marine Fisheries Service; and National Oceanic and Atmospheric Administration. Phone: 907/463-2248 FAX: 907/463-2256,Current Owner: United States Government.,"Mooring U.S. Coast Guard vessels; and other government- owned research-and-patrol vessels; handling buoys, equip- ment, and supplies.","Via driveway, asphalt, 30 feet wide; from Egan Drive, asphalt, 48 feet wide.",None.,,"Timber pile, timber-decked wharf with timber float on north side with steel-gangway approach. ",Stevedore equipment is available as required.,"Additional berthing space is available at timber float.
U.S. Coast Guard, Juneau Station is located at rear.
West section of wharf was in poor condition at time of survey (2002).",MLLW (Mean Lower Low Water),36,40,760,760,24,24,,01-JAN-1990,-134.41166,58.2983330000001
17032,68.698622,-167.100116,98890-100,11TM,41399,,CHUKCHI SEA - OPEN WATER,Open Water,Validated for TOWS and Public,,,,AK,,North Slope,185,113,00,8284,0,4985,"Artic Ocean & Beaufort Sea, AK Coastal Ports",,,,,0,,,,,,,,,,,,,,,,,,,01-JAN-2013,-167.100116,68.6986220000001
17033,59.358368,-151.899938,95210-150,11TP,41401,,OPEN WATER - PORT GRAHAM,Open Water,Validated for TOWS and Public,,,,AK,,Kenai Peninsula,122,116,00,8123,0,4835,"Port Graham, AK",4835.00,"Port Graham, AK",,,0,,,,,,,,,,,,,,,,,,,01-JAN-2012,-151.899938,59.358368
17054,60.119722,-149.43444,95180-425,0UXU,33450,SWD,T DOCK SEAWARD HARBOR,Dock,Validated for TOWS and Public,"Northwesterly corner of Resurrection Bay, Seward, at east end of north side of Small-Boat Harbor.",,Seward,AK,99664,Kenai Peninsula,122,112,00,8155,0,4930,"Seward Harbor, AK",4907.00,"Seward, AK",,,0,,"Current Operator: City of Seward; Seward Fisheries, Division of Icicle Seafoods, Inc.; and Shoreside Petroleum, Inc. Phone: 907/224-3381 FAX: 907/224-3285",Current Owner: City of Seward.,Receipt of seafood; icing fishing vessels; and fueling and mooring fishing vessels.,"Via Port Avenue, asphalt, 24 feet wide.",None.,"Gasoline, Jet Fuel, Kerosene | Fish","Timber pile, timber-decked T-shaped pier with 300- by 35-foot approach.",One 2 1/4-ton electric-hydraulic derrick with 16- to 37-foot boom.,"Seaward Fisheries, Division of Icicle Seafoods, Inc.:  Operates ice plant at rear with production capacity of 
80 tons per day with storage for 90 tons. Wharf serves one 6-inch icing line.
Shoreside Petroleum, Inc.:  One 3-inch pipeline extends from wharf to storage tanks described under company-owned Seward Cruise Dock (Ref. No. 60).",MLLW (Mean Lower Low Water),13,13,100,100,18,18,,01-JAN-1990,-149.43444,60.1197220000001
17055,60.1175,-149.43,95180-430,0Z4A,38294,SWD,SEWARD COAL TERMINAL DOCK,Dock,Validated for TOWS and Public,"Northwesterly corner of Resurrection Bay, Seward, approximately 500 feet east of Small-Boat Harbor.",903 Port Avenue.,Seward,AK,99664,Kenai Peninsula,122,112,00,8155,0,4930,"Seward Harbor, AK",4907.00,"Seward, AK",,,0,,"Current Operator: Seward Terminal, Inc. Phone: 907-224-3120 FAX: 907/224-3931","Current Owner: Hyundai Merchant Marine America, Inc.",Shipment of coal.,"Via driveway, unimproved, 20 feet wide; from Port Avenue, asphalt, 24 feet wide.",Six 180-car-capacity surface tracks serve facility; connect with Alaska Railroad Corp.,"Coal,Lignite & Coal Coke | Primary Iron and Steel Products (Ingots,Bars,Rods,etc.)","Concrete-capped steel pile, timber-decked wharf with row of five steel-mooring dolphins; and two steel-mooring dolphins with mooring buoys at outer end.","One electric, coal-loading tower crane with telescopic chute on hinged-cantilevered boom provides for a 95-foot maximum outboard reach with 40-foot minimum backreach.  Tower crane, with travel length of 57 feet at 154-foot radius, serves ten hoppers served by a 42- or 63-inch, electric belt-conveyor extending from open storage area in rear; maximum loading rate 1,000 tons per hour, average loading rate 750 tons per hour. Open storage area serves a rail-mounted stacker/reclaimer with maximum stacking capacity of 3,300 tons per hour or maximum reclaiming capacity of 1,100 tons per hour.","Thirty-four acres of open storage area at rear has capac- ity for approximately 132,000 tons of coal.",MLLW (Mean Lower Low Water),52,52,1763,1763,,,,13-JUL-1994,-149.43,60.1175000000001
17191,53.90472,-166.51167,96080-210,0RAH,29257,DUT,CITY OF UNALASKA SPIT AND LIGHT CARGO DOCKS,Dock,Validated for TOWS,,,DUTCH HARBOR,AK,99692,Aleutians West,16,112,00,8196,0,4947,"Unalaska Channels, AK",4939.00,"Unalaska Island, AK",,,0,,,,,,,"Fertilizers | Other Chemicals and Related Products | Pulp and Waste Paper | Sand, Gravel, Stone, Rock, Limestone, Soil, Dredged Material | Sulphur (Dry), Clay & Salt | Paper & Allied Products | Building Cement & Concrete; Lime; Glass | Primary Non-Ferrous",,,,,,,,,,,Parent,01-JAN-1990,-166.51167,53.9047200000001
17192,53.891389,-166.53444,96080-250,0UYW,33486,DUT,"DELTA WESTERN, ILIULIUK HARBOR TERMINAL WHARF",Dock,Validated for TOWS and Public,"Southerly shore of Dutch Harbor, at Amaknak Island.",1577 East Point Loop Road.,Dutch Harbor,AK,99692,Aleutians West,16,112,00,8196,0,4947,"Unalaska Channels, AK",4939.00,"Unalaska Island, AK",,,0,,,"Current Owner and Operator: Delta Western, Inc. Phone: 907-581-1295 FAX: 907/581-1764",Receipt and shipment of petroleum products; and fueling vessels.,"Via East Point Loop Road, gravel, 20 feet wide.",None.,"Petroleum and Petroleum Products | Gasoline, Jet Fuel, Kerosene | Distillate,Residual & Other Fuel Oils; Lube Oil & Greases | Other Chemicals and Related Products | Sulphur (Dry), Clay & Salt | Paper & Allied Products | Building Cement & Concrete; Lime; G","Timber pile, timber-decked offshore wharf with steel pile, timber-decked extension on east side. Wharf has a 400- by 18-foot approach.",None.,"One 12-, three 8-, and three 6-inch pipelines extend from wharf to fourteen steel storage tanks located at rear; total capacity 187,650 barrels.  Wharf serves an 8-inch fuel-oil pipeline.",MLLW (Mean Lower Low Water),12,50,609,909,18,18,,01-JAN-1990,-166.53444,53.8913890000001
17193,53.883333,-166.53111,96080-260,0UZD,33503,DUT,"APL LIMITED, ILIULIUK HARBOR WHARF",Dock,Validated for TOWS and Public,"West shore of Iliuliuk Bay, Dutch Harbor, at southerly side of entrance to Amaknak Island.",,Dutch Harbor,AK,99692,Aleutians West,16,112,00,8196,0,4947,"Unalaska Channels, AK",4939.00,"Unalaska Island, AK",,,0,,"Current Operator: APL Limited and Delta Western, Inc. Phone: 907-581-1200 FAX: 907/581-1204",Current Owner: Dutch Harbor Development Corp.,Receipt and shipment of conventional-and-containerized general cargo; fueling vessels.,"Via East Point Loop Road, gravel, 20 feet wide.",None.,"Gasoline, Jet Fuel, Kerosene | Distillate,Residual & Other Fuel Oils; Lube Oil & Greases | Fertilizers | Other Chemicals and Related Products | Sand, Gravel, Stone, Rock, Limestone, Soil, Dredged Material | Paper & Allied Products | Primary Iron and Steel","Steel pile, concrete-decked offshore wharf with one steel-and-concrete breasting dolphin on south side in line with face, connected by steel catwalk; and one steel-mooring dolphin on each side at rear of line of face, connected by steel catwalks.  Wharf has a 180- by 18-foot approach on each side, with 180- by 22-foot in center.","One 40-long-ton, diesel-electric, traveling container- handling crane with 145-foot outboard reach and 50-foot back reach.  Open storage area serves four 30-ton top picks, ten tractors, and eleven 2- to 9-ton forklift trucks.","APL Limited:  Open storage area has capacity for approximately one-thousand containers stacked 4-high, with up to 420 outlets for refrigerated cargo at rear.  
Delta Western, Inc.: One 8-inch fuel-oil pipeline extends from wharf to storage tanks described under adjacent, company-owned Terminal Wharf (Ref. No. 177) on the opposite side.",MLLW (Mean Lower Low Water),45,45,1050,1050,12,12,,01-JAN-1990,-166.53111,53.8833330000001
17194,53.88,-166.53944,96080-265,0Y5V,37191,DUT,"COASTAL TRANSPORTATION, ILIULIUK HARBOR DOCK",Dock,Validated for TOWS and Public,"Northerly shore of Iliuliuk Harbor, Dutch Harbor, at west side of entrance to Iliuliuk Bay from Amaknak Island.",,Dutch Harbor,AK,99692,Aleutians West,16,112,00,8196,0,4947,"Unalaska Channels, AK",4939.00,"Unalaska Island, AK",,,0,,"Current Operator: Coastal Transportation, Inc. Phone: 907-581-6351 FAX: 907/581-6352",Current Owner: East Point Properties.,Receipt of frozen seafood; and handling supplies and equipment for fishing vessels.,"Via East Point Drive, gravel, 24 feet wide.",None.,"Units (Ferried Autos, Passengers, Railway Cars) | Petroleum Products NEC | Sulphur (Dry), Clay & Salt | Paper & Allied Products | Primary Non-Ferrous Metal Products;Fabricated Metal Prods. | Fish | All Manufactured Equipment, Machinery and Products","Timber pile, timber-decked pier at angular wharf.",Stevedore equipment is available as required.  Open storage area serves four 2-ton forklift trucks.,-,MLLW (Mean Lower Low Water),30,30,320,500,20,20,,03-JAN-2005,-166.53944,53.8800000000001
17195,53.88,-166.55083,96080-290,0RAL,29260,DUT,"UNISEA, ILIULIUK HARBOR DOCKS",Dock,Validated for TOWS,,,DUTCH HARBOR,AK,99692,Aleutians West,16,112,00,8196,0,4947,"Unalaska Channels, AK",4939.00,"Unalaska Island, AK",,,0,,,,,,,"Primary Iron and Steel Products (Ingots,Bars,Rods,etc.) | Fish | Animal Feed, Grain Mill Products, Flour, Processed Grains | Other Agricultural Products; Food and Kindred Products | All Manufactured Equipment, Machinery and Products | Unknown or Not Elsew",,,,,,,,,,,Parent,01-JAN-1990,-166.55083,53.8800000000001
17196,53.890339,-166.515842,96080-320,0Q9G,28066,DUT,"NORTHLAND SERVICES, ILIULIUK HARBOR WHARF",Dock,Validated for TOWS,,,DUTCH HARBOR,AK,99692,Aleutians West,16,116,00,8196,0,4947,"Unalaska Channels, AK",4939.00,"Unalaska Island, AK",,,0,,,,,,,Fish | Unknown or Not Elsewhere Classified,,,,,,,,,,,Parent,04-JAN-2005,-166.515842,53.890339
17215,55.795839,-131.745393,93804-500,01C8,1572,KTN,NEETS BAY HATCHERY,Dock,Validated for TOWS,,,KETCHIKAN,AK,99901,Prince of Wales-Outer Ketchikan,201,112,00,8098,81,4768,"Behm Canal, AK",,,,,81,,,,,,,"Gasoline, Jet Fuel, Kerosene | Distillate,Residual & Other Fuel Oils; Lube Oil & Greases | Petroleum Products NEC | Other Chemicals and Related Products | Forest Products, Lumber, Logs, Woodchips | Iron Ore and Iron & Steel Waste & Scrap | Sulphur (Dry), ",,,,,,,,,,,,01-JAN-1990,-131.745393,55.7958390000001
17216,58.126207,-134.75741,94820-300,00QL,836,TKE,"HAWK INLET, AK (GREEN CREEK MINE)",Dock,Validated for TOWS,,,TENAKEE SPRINGS,AK,99841,Juneau,110,116,00,8055,130,4788,"Chatham Strait, AK",4823.00,"Juneau, AK",,,130,,,,,,,"Gasoline, Jet Fuel, Kerosene | Distillate,Residual & Other Fuel Oils; Lube Oil & Greases | Petroleum Pitches, Coke, Asphalt, Naptha and Solvents | Petroleum Products NEC | Other Chemicals and Related Products | Forest Products, Lumber, Logs, Woodchips | S",,,,,,,,,,,,01-JAN-1990,-134.75741,58.1262070000001
17217,57.060194,-135.361824,94845-100,00R4,854,SIT,SITKA EASTERN ANCHORAGE,Anchorage,Validated for TOWS,,,SITKA,AK,99835,Sitka,220,116,00,8050,0,4808,"Sitka Harbor, AK",4796.00,"Sitka Ports and Harbor Commission, AK",,,0,,,,,,,Fish,,,,,,,,,,,,01-JAN-1990,-135.361824,57.0601940000001
17218,60.556631,-145.761818,95120-100,00EH,493,TEK,CORDOVA ANCHORAGE,Anchorage,Validated for TOWS,,,TATITLEK,AK,99677,Valdez-Cordova,261,116,00,8079,0,4814,"Cordova Harbor, AK",4799.00,"Cordova, AK",,,0,,,,,,,,,,,,,,,,,,,01-JAN-1990,-145.761818,60.556631
17219,53.898881,-166.52348,96080-100,026N,2538,DUT,DUTCH HARBOR ANCHORAGE,Anchorage,Validated for TOWS,,,DUTCH HARBOR,AK,99692,Aleutians West,16,113,00,8196,0,4947,"Unalaska Channels, AK",4939.00,"Unalaska Island, AK",,,0,,,,,,,"Units (Ferried Autos, Passengers, Railway Cars) | Gasoline, Jet Fuel, Kerosene | Distillate,Residual & Other Fuel Oils; Lube Oil & Greases | Petroleum Products NEC | Fertilizers | Other Chemicals and Related Products | Forest Products, Lumber, Logs, Woodc",,,,,,,,,,,,01-JAN-1990,-166.52348,53.8988810000001
17503,57.980316,-133.844386,94805-200,00WH,1037,PSG,PORT SNETTISHAM POWER PROJECT,Dock,Validated for TOWS,,,PETERSBURG,AK,99833,Juneau,110,112,00,8070,31,4785,"Stephens Passage, AK",4823.00,"Juneau, AK",,,31,,,,,,,,,,,,,,,,,,,01-JAN-1990,-133.844386,57.9803160000001
17504,58.296062,-134.425671,94811-100,00WW,1050,JNU,JUNEAU ANCHORAGE,Anchorage,Validated for TOWS,,,JUNEAU,AK,99801,Juneau,110,112,00,8071,0,4810,"Juneau Harbor, AK",4823.00,"Juneau, AK",,,0,,,,,,,"Gasoline, Jet Fuel, Kerosene | Distillate,Residual & Other Fuel Oils; Lube Oil & Greases",,,,,,,,,,,,01-JAN-1990,-134.425671,58.2960620000001
17505,56.186606,-134.486232,94820-010,00R7,857,,CHATHAM STRAIT,Open Water,Validated for TOWS,,,PORT ALEXANDER,AK,99836,Wrangell-Petersburg,280,112,00,8044,0,4788,"Chatham Strait, AK",,,,,0,,,,,,,,,,,,,,,,,,,01-JAN-1990,-134.486232,56.186606
17508,59.653205,-143.121782,94800-001,00WB,1031,,OFFSHORE,Open Water,Validated for TOWS,,,,AK,,Yakutat,282,113,00,8017,0,4914,Pacific Ocean-Off Upper Southeast Alaska,5004.00,"Yakutat, AK",,,0,,,,,,,,,,,,,,,,,,,01-JAN-1990,-143.121782,59.6532050000001
17564,61.068138,-151.13156,95290-100,036M,3693,NIK,TYONEK ROADSTEAD ANCHORAGE,Anchorage,Validated for TOWS,,,NIKISKI,AK,99635,Kenai Peninsula,122,116,00,8148,0,4820,"Port of Alaska, AK",,,,,0,,,,,,,"Coal,Lignite & Coal Coke | Gasoline, Jet Fuel, Kerosene | Distillate,Residual & Other Fuel Oils; Lube Oil & Greases | Forest Products, Lumber, Logs, Woodchips | Iron Ore and Iron & Steel Waste & Scrap | Sulphur (Dry), Clay & Salt | Building Cement & Concr",,,,,,,,,,,,01-JAN-1990,-151.13156,61.068138
17603,60.117778,-149.42722,95180-450,0UXV,33451,SWD,"ALASKA RAILROAD CORP., SEWARD CRUISE DOCK",Dock,Validated for TOWS and Public,"Northwesterly corner of Resurrection Bay, Seward, approximately 1,000 feet east of Small-Boat Harbor.",913 Port Avenue.,Seward,AK,99664,Kenai Peninsula,122,112,00,8155,0,4930,"Seward Harbor, AK",4907.00,"Seward, AK",,,0,,"Current Operator: Alaska Railroad Corp.; North Star Terminal & Stevedore Co.; State of Alaska, Department of Transportation and Publc Facilities; and Shoreside Petroleum, Inc. Phone: 907-224-5477 FAX: 907/224-5672",Current Owner: Alaska Railroad Corp.,Receipt and shipment of conventional-and-containerized general cargo; fueling vessels and mooring cruise ships; and landing for passenger-and-vehicular ferry; occasional receipt of petroleum products.,"Via Port Avenue, asphalt, 24 feet wide.",Two connecting surface tracks each on west and east aprons with one depressed track inside transit shed; trackage connect with Alaska Railroad Corp.,"Coal,Lignite & Coal Coke | Petroleum and Petroleum Products | Gasoline, Jet Fuel, Kerosene | Distillate,Residual & Other Fuel Oils; Lube Oil & Greases | Petroleum Products NEC | Forest Products, Lumber, Logs, Woodchips | Building Cement & Concrete; Lime; ","Concrete-filled steel-pipe-pile, concrete-decked pier; fronted by steel-timber-and-rubber fender system.","Use of equipment described under adjacent, company-owned Seward Cargo Dock on opposite side (Ref. No. 61).","Shoreside Petroleum, Inc.: Two 6- becoming one 8-inch pipeline extends from wharf to eight steel storage tanks at terminal on opposite side of Port Avenue; total capac- ity 36,700 barrels.  Petroleum products are typically received by rail or truck. Approximately 2 1/2 acres of paved and 4 1/2 acres of unpaved open storage areas are available on pier and at shore in rear, with an addi- tional 5 acres of unpaved open storage area as required.  Transit shed was used for cruise-ship operations at time of survey.",MLLW (Mean Lower Low Water),35,38,735,1670,24,24,,01-JAN-1990,-149.42722,60.117778
17604,60.095,-149.36667,95180-475,0QC8,28160,SWD,"CITY OF SEWARD, WOOD CHIP AND NORTH DOCKS",Dock,Validated for TOWS,,,SEWARD,AK,99664,Kenai Peninsula,122,112,00,8155,0,4930,"Seward Harbor, AK",4907.00,"Seward, AK",,,0,,,,,,,"Coal,Lignite & Coal Coke | Petroleum and Petroleum Products | Fish",,,,,,,,,,,Parent,13-JUL-1994,-149.36667,60.095
17605,59.602488,-151.410952,95220-200,0UC2,32778,HOM,"CITY OF HOMER, PIONEER DOCK AND HOMER FERRY",Dock,Validated for TOWS and Public,"Northerly side of Kachemak Bay, Homer, at southeast side of entrance to Small-Boat Harbor.",4688 HOMER SPIT ROAD,Homer,AK,99603,Kenai Peninsula,122,116,00,8127,0,4844,"Homer Harbor, AK",4830.00,"Homer, AK",,,0,,"Current Operator: City of Homer; Harbor Enterprises, Inc.; U.S. Coast Guard, and State of Alaska, Department of Transportation and Public Facilities. Phone: 907-235-8818 FAX: 907/235-2144",Current Owner: City of Homer.,"Receipt of petroleum products; landing for cruise ships and passenger-and-vehicular ferry; mooring U.S. Coast Guard vessels; and fueling miscellaneous vessels.
USCGC HICKORY Draft 13 Feet","Via Homer Spit Road, from Sterling Highway (State Highway 1), each asphalt, 24-33 feet wide.",None.,"Units (Ferried Autos, Passengers, Railway Cars) | Petroleum and Petroleum Products | Gasoline, Jet Fuel, Kerosene | Distillate,Residual & Other Fuel Oils; Lube Oil & Greases","Steel pile, concrete-decked offshore wharf with two breasting dolphins in line with face; and one timber pile, timber-decked, L-shaped offshore wharf with one mooring dolphin southeast of wharf 75 feet at rear of face.  Wharf has one 364- by 30-foot; and one 445- by 
28- to 46-foot approaches. Wharf, fronted by rubber- cushioned steel-and-timber fender system, has one 400- by 18-foot approach.",None.,"Harbor Enterprises, Inc. dba Petro Marine Services:  One 8- and three 4-inch petroleum-product pipelines extend from wharf to eight steel storage tanks at terminal in rear; total capacity 30,500 barrels.
State of Alaska:  Terminal building is located at rear.",MLLW (Mean Lower Low Water),20,51,769,1049,32,32,,01-JAN-1990,-151.410952,59.6024880000001
17606,59.603261,-151.415962,95220-350,0Z4B,38295,HOM,CITY OF HOMER DEEP WATER DOCK,Dock,Validated for TOWS and Public,"Northerly side of Kachemak Bay, Homer, at northwest entrance to Small-Boat Harbor.",4390 Freight Dock Road.,Homer,AK,99603,Kenai Peninsula,122,116,00,8127,0,4844,"Homer Harbor, AK",4830.00,"Homer, AK",,,0,,Current Operator: City of Homer and Gates Construction Co. Phone: 907-235-4848 FAX: 907/235-4826,Current Owner: City of Homer.,Receipt and shipment of logs and wood chips; receipt of seafood; and occasional receipt and shipment of conventional-and-containerized general cargo.  (See Remarks.),"Via Freight Dock Road, asphalt-and-unimproved, various widths; from Homer Spit Road and Sterling Highway (State Highway 1), dual lanes, each asphalt, various widths.",None.,"Gasoline, Jet Fuel, Kerosene | Distillate,Residual & Other Fuel Oils; Lube Oil & Greases | Petroleum Products NEC | Forest Products, Lumber, Logs, Woodchips | Fish | Unknown or Not Elsewhere Classified","Steel pile, concrete-decked offshore wharf with three mooring dolphins approximately 10 feet in rear of face and a mooring buoy on each side.  Wharf, fronted by rubber-cushioned steel-and-timber fender system, has one one 532- by 24-foot approach.","City of Homer:  One electric wood-chip loading tower with telescopic chute on hinged-cantilevered boom serves a 60-inch, electric belt-conveyor extending from open storage area at rear; average loading rate 500 tons per hour.  
North Star Terminal & Stevedore Co.:  One 140-ton, diesel mobile crane with 110-foot boom, with additional steve- dore rental equipment available as required. Open storage area serves one 31-, one 9-, and one 4-ton, diesel forklift trucks.  ",Additional berthing space is at steel piles northwest of wharf for vessels unloading logs and wood chips using crawler cranes and portable conveyors. Berthing space is also at rear of face in 35-foot depths.  Seafood is received at south side of wharf.  Approximately 35 acres of open storage area for wood chips and logs is located at rear.,MLLW (Mean Lower Low Water),30,40,774,974,28,28,,13-JUL-1994,-151.415962,59.603261
17607,60.687977,-151.398735,95270-200,0UPY,33182,NIK,HILCORP ALASKA RIG TENDERS DOCK,Dock,Validated for TOWS and Public,"Easterly shore of Cook Inlet, Nikiski, approxi- mately 2.1 miles south of East Foreland.",,Nikiski,AK,,Kenai Peninsula,122,116,00,8138,0,4831,"Nikiski, AK",4831.00,"Nikiski, AK",,,0,,,"Current Owner and Operator: APC Natchiq, a subsidiary of Natchiq, Inc. Phone: 907-776-8441 FAX: 907/776-8973",Handling supplies and equipment for offshore oil wells.,"Via Rig Tenders Dock Road, gravel, 40-60 feet wide; from Kenai Spur Highway, asphalt, 40 feet wide.",None.,"Gasoline, Jet Fuel, Kerosene | Distillate,Residual & Other Fuel Oils; Lube Oil & Greases | Sand, Gravel, Stone, Rock, Limestone, Soil, Dredged Material",Precast concrete slabs placed between driven steel H-piles with solid fill forming retaining wall with steel work- barge at loading ramp south of dock with three steel dolphins. ,"One 40-ton, diesel mobile crane with 60-foot boom. Open storage area serves two 15-ton, diesel forklift trucks.","Approximately 7 acres of open storage area; and one 20,000-square-foot warehouse is located at rear.",MLLW (Mean Lower Low Water),0,0,600,1050,32,32,,01-JAN-1990,-151.398735,60.687977
17608,60.683721,-151.393954,95270-300,0USX,33283,NIK,"KENAI PIPE LINE CO., NIKISHA TERMINAL WHARF (ALASKA LNG PROJECT)",Dock,Validated for TOWS and Public,"Easterly shore of Cook Inlet, Nikiski, approxi- mately 2.4 miles south of East Foreland.",Mile 22.5 Kenai Spur Highway.,Nikiski,AK,,Kenai Peninsula,122,116,00,8138,0,4831,"Nikiski, AK",4831.00,"Nikiski, AK",,,0,,,Current Owner and Operator: Kenai Pipe Line Co. and Tesoro Alaska Co. Phone: 907-776-8191 FAX: 907/776-5383,Receipt of crude oil; and shipment of petroleum products.,"Via driveway, gravel, various widths; from Kenai Spur Highway, asphalt, 40 feet wide.",None.,"Petroleum and Petroleum Products | Crude Petroleum | Gasoline, Jet Fuel, Kerosene | Distillate,Residual & Other Fuel Oils; Lube Oil & Greases | Petroleum Pitches, Coke, Asphalt, Naptha and Solvents | Petroleum Products NEC | Fertilizers | Other Chemicals ","Steel pile, concrete-decked offshore wharf with three concrete-capped steel-pile mooring dolphins in rear of line of face on each side, connected by steel catwalks.  Wharf, fronted by rubber-cushioned plastic and steel- fender system, has one 1,000- by 12-foot approach.","Two 4-ton, hydraulic mast-and-boom derricks, each with 40-foot knuckle boom.","Kenai Pipe Line Co.:  One 24-inch crude-oil pipeline extends from wharf to five steel storage tanks at termi- nal in rear; total capacity 916,000 barrels.  
Tesoro Alaska Petroleum Co.: One 20-inch crude-oil pipeline extends from connection with Kenai Pipeline Co. to two steel storage tanks at company's refinery in rear; total capacity 600,000 barrels. 
Tesoro Alaska Petroleum Co.:  Two 14-inch petroleum- product pipelines extend from wharf to eighteen steel storage tanks at rear; total capacity 2,000,000 barrels. Wharf serves a 6-inch ballast water and a 6-inch utility pumpout line.",MLLW (Mean Lower Low Water),42,42,1310,1310,35,35,,01-JAN-1990,-151.393954,60.683721
17609,61.234443,-149.895241,95290-300,0UVC,33366,ANC,"PORT OF ANCHORAGE, PETROLEUM TERMINAL NO. 1",Dock,Validated for TOWS and Public,"Easterly shore of Knik Arm, Anchorage, approxi- mately 0.9 mile north of Ship Creek.",2000 Anchorage Port Road.,Anchorage,AK,99501,Anchorage,20,116,00,8148,0,4820,"Port of Alaska, AK",4820.00,"Port of Alaska, AK",,,0,,Current Operator: Port of Anchorage and Alaska Basic Industries. Phone: 907-349-3333 FAX: 907/344-2844,"Current Owner: Municipality of Anchorage, Alaska.",Receipt of bulk cement.,"Via Anchorage Port Road, asphalt, 24-30 feet wide; from Ocean Dock Road and Anchorage Port Access Highway, dual lane, each asphalt, various widths.",Two connecting surface tracks on apron and two carfloor- level tracks at rear of transit shed join via curved rail trestle additional trackage in rear; connect with Alaska Railroad Corp.,"Gasoline, Jet Fuel, Kerosene | Distillate,Residual & Other Fuel Oils; Lube Oil & Greases | Sand, Gravel, Stone, Rock, Limestone, Soil, Dredged Material | Sulphur (Dry), Clay & Salt | Building Cement & Concrete; Lime; Glass | Primary Iron and Steel Product","Concrete-filled steel-pipe-pile, concrete-decked offshore wharf with one rail-and-roadway-trestle approach; wharf fronted by timber-fender system.",None.,"Port of Anchorage:  Face of wharf is in line and contigu- ous with adjacent company-owned P.O.L. Terminal No. 1 (Ref. No. 98) on opposite side and with company-owned Terminal No. 2 Wharf (Ref. No. 100) on other side provid- ing for a total of approximately 2,800 feet of continuous berthing space.  
Alaska Basic Industrries:  One 12- and one 10-inch pneumatic pipelines extend from wharf to ten concrete storage silos at terminal approximately 2,000 feet in rear; total capacity 20,000 tons.",MLLW (Mean Lower Low Water),35,35,2800,2800,37,37,,01-JAN-1990,-149.895241,61.2344430000001
17610,61.23917,-149.88944,95290-350,0RDC,29354,ANC,"PORT OF ANCHORAGE, PETROLEUM TERMINAL 2",Dock,Validated for TOWS,,,ANCHORAGE,AK,99501,Anchorage,20,112,00,8148,0,4820,"Port of Alaska, AK",4820.00,"Port of Alaska, AK",,,0,,,,,,,"Petroleum and Petroleum Products | Gasoline, Jet Fuel, Kerosene | Distillate,Residual & Other Fuel Oils; Lube Oil & Greases | Petroleum Products NEC | Other Chemicals and Related Products | Forest Products, Lumber, Logs, Woodchips | Sulphur (Dry), Clay & ",,,,,,,,,,,Parent,01-JAN-1990,-149.88944,61.2391700000001
17611,61.228889,-149.89638,95290-380,0UVY,33386,ANC,"NORTH STAR TERMINAL & STEVEDORE CO., ANDERSON TERMINAL DOCK",Dock,Validated for TOWS and Public,"Easterly shore of Knik Arm, Anchorage, approxi- mately 800 feet north of Ship Creek.",790 Ocean Dock Road.,Anchorage,AK,99501,Anchorage,20,112,00,8148,0,4820,"Port of Alaska, AK",4820.00,"Port of Alaska, AK",,,0,,Current Operator: North Star Terminal & Stevedore Co. Phone: 907-263-0169 FAX: 907/272-8927,Current Owner: Alaska Railroad Co.,Receipt and shipment of conventional-and-containerized general cargo and heavy-lift equipment by barge.,"Via plant road, asphalt-and-gravel, various widths; from Ocean Dock Road, asphalt, 24-30 feet wide.",One 4-car-capacity surface track in rear; connects with Alaska Railroad Corp.,"Units (Ferried Autos, Passengers, Railway Cars) | Gasoline, Jet Fuel, Kerosene | Distillate,Residual & Other Fuel Oils; Lube Oil & Greases | Petroleum Pitches, Coke, Asphalt, Naptha and Solvents | Petroleum Products NEC | Fertilizers | Other Chemicals and",Steel-sheet-pile retaining walls with solid fill.,"Four diesel crawler cranes:  one 300-ton with 300-foot boom, one 230-ton with 260-foot boom, one 150-ton with 200-foot boom, and one 100-ton with 200-foot boom; and two 140-ton, diesel mobile cranes, each with 200-foot boom.  These cranes are available for cargo-handling at other wharves on a rental basis. Open storage area at rear serves two 43-, one 35-, four 32 1/2-, five 31-, one 26-, one 15-, nine 9-, one 4-, one 3- and four 2 1/2-ton, diesel forklift trucks.","Up to 400- by 100-foot barges utilize facility, with roll-on/roll-off ramps at north side.  One 10,000- and one 5,000-square-foot steel frame, metal-covered buildings at rear are used for warehouses and office. Approximately 22 acres of partially-paved open storage area is located at rear.",MLLW (Mean Lower Low Water),0,0,376,526,30,35,,01-JAN-1990,-149.89638,61.228889
17612,57.208889,-153.3,95350-200,0UW0,33388,OLH,"CITY OF OLD HARBOR, CITY DOCK",Dock,Validated for TOWS and Public,"Northerly side of Sitkalidak Strait, Old Harbor, approximately 0.7 mile southwest of Small-Boat Harbor.",,Old Harbor,AK,99643,Kodiak Island,150,112,00,8161,0,4933,"Old Harbor Project, AK",5003.00,"Old Harbor, AK",,,0,,,Current Owner and Operator: City of Old Harbor. Phone: 907-286-2204,Receipt of conventional general cargo and petroleum products.,"Via plant road from St. Johns Street, each unpaved, 18 feet wide; from Sitkalidak Avenue, dual lane, each asphalt, various widths. ",None.,"Petroleum and Petroleum Products | Gasoline, Jet Fuel, Kerosene | Distillate,Residual & Other Fuel Oils; Lube Oil & Greases | Unknown or Not Elsewhere Classified","Timber pile, timber-decked offshore wharf with one timber- breasting dolphin on each side in line with face. Wharf has one 221- by 12-foot approach.",None.,"Two 3-inch petroleum-product pipelines extend from wharf to four steel storage tanks located at rear; total capacity 1,350 barrels.",MLLW (Mean Lower Low Water),8,8,160,280,8,8,,01-JAN-1990,-153.3,57.2088890000001
17613,57.782009,-152.433511,95351-407,0UXQ,33446,ADQ,"CITY OF KODIAK, PIER NO. 3, HORIZON LINES CONTAINER TERMINAL WHAR",Dock,Validated for TOWS and Public,"Northerly shore of St. Paul Harbor, Kodiak, approximately 1 mile southwest of Small-Boat Harbor.",727 Shelikof Street.,Kodiak,AK,,Kodiak Island,150,116,00,8159,0,4934,"Kodiak Harbor, AK",4906.00,"Kodiak, AK",,,0,,Current Operator: Horizon Lines. Phone: 908/481-4210 FAX: 907/486-2517,Current Owner: City of Kodiak.,"Receipt and shipment of containerized general cargo and automobiles; mooring cruise ships, fishing vessels, and other miscellaneous vessels.","Via Rezanof Drive West, asphalt, 33 feet wide.",None.,"Units (Ferried Autos, Passengers, Railway Cars) | Gasoline, Jet Fuel, Kerosene | Distillate,Residual & Other Fuel Oils; Lube Oil & Greases | Petroleum Products NEC | Other Chemicals and Related Products | Forest Products, Lumber, Logs, Woodchips | Sand, G","Steel beam, concrete-panel bulkhead with concrete- surfaced solid fill at steel pile, concrete-decked wharf with two mooring dolphins on each side at rear of face connected by steel walkways.  Wharf is fronted by rubber- cushioned timber-and-steel fender system.","One 27 1/2-ton, diesel-electric, traveling container- handling crane with 60-foot outboard reach on 75-foot hinged boom with 120-foot container travel length. Open storage area serves one 5-ton, LP-gas forklift truck; and has one 40-ton top pick capable of stacking contain- ers 3-high.",Storage area at rear has capacity for approximately three- hundred-and-seventy-five containers with 175 positions for refrigerated cargo.,MLLW (Mean Lower Low Water),38,38,880,880,19,19,,01-JAN-1990,-152.433511,57.7820090000001
17639,70.156469,-147.027538,98905-200,0QMK,28477,,BADAMI FIELD,Dock,Validated for TOWS,,,ANCHORAGE ,AK,99519,North Slope,185,116,00,8418,0,4997,"Badami, AK",,,,,0,,,,,,,"Gasoline, Jet Fuel, Kerosene | Distillate,Residual & Other Fuel Oils; Lube Oil & Greases",,,,,,,,,,,,20-MAY-2004,-147.027538,70.1564690000001
17725,55.331906,-160.50411,95430-200,0UZE,33504,SDP,"CITY OF SAND POINT, CITY DOCK",Dock,Validated for TOWS and Public,"Easterly side of Popof Strait, Sand Point, adjacent to southwest breakwater of Humboldt Harbor.",,Sand Point,AK,99661,Aleutians East,13,116,00,8183,0,4942,"Humboldt, AK",,,,,0,,"Current Operator: City of Sand Point; and State of Alaska, Department of Transportation and Public Facilities. Phone: 907-383-2331 FAX: 907-383-5611",Current Owner: City of Sand Point.,Receipt and shipment of conventional-and-containerized general cargo; landing for passenger-and-vehicular ferry.,"Via Harbor Road, unpaved, various widths; from Airport Road, asphalt, 24 feet wide.",None.,"Units (Ferried Autos, Passengers, Railway Cars) | Gasoline, Jet Fuel, Kerosene | Distillate,Residual & Other Fuel Oils; Lube Oil & Greases | Other Chemicals and Related Products | Forest Products, Lumber, Logs, Woodchips | Sulphur (Dry), Clay & Salt | Pap","Steel pile, concrete-decked wharf with one steel-mooring dolphin on each side at rear of face connected by 2-foot- wide steel walkways.  Wharf fronted by rubber-cushioned timber-and-steel fender system has one unpaved causeway approach.","One 70-ton, diesel mobile crane with 100-foot boom. Open storage area serves two 33-, one 2 1/2-, and one 2-ton forklift trucks.  Additional stevedore equipment is avail- able as required.","Ferry operates to Kodiak, Chignik, and King Cove.  Approxi- mately 1 acre of unpaved open storage area is located at rear, with 60- by 30-foot steel shed on wharf. ",MLLW (Mean Lower Low Water),30,30,350,350,10,10,,01-JAN-1990,-160.50411,55.3319060000001
17726,55.05944,-162.31972,95450-400,0RAG,29256,KVC,"PETER PAN SEAFOODS, KING COVE WHARVES",Dock,Validated for TOWS,,,KING COVE,AK,99612,Aleutians East,13,112,00,8187,0,4944,"King Cove Harbor, AK",5001.00,"King Cove, AK",,,0,,,,,,,"Petroleum and Petroleum Products | Gasoline, Jet Fuel, Kerosene | Distillate,Residual & Other Fuel Oils; Lube Oil & Greases | Sulphur (Dry), Clay & Salt | Paper & Allied Products | Primary Non-Ferrous Metal Products;Fabricated Metal Prods. | Fish | All Ma",,,,,,,,,,,Parent,01-JAN-1990,-162.31972,55.0594400000001
17727,55.207222,-162.69722,95470-200,0UYS,33482,CDB,"CITY OF COLD BAY, CITY DOCK (WHALE WATCHING AND NORTH RED DOCK)",Dock,Validated for TOWS and Public,"Westerly shore of Cold Bay, above Delta Point.",,Cold Bay,AK,99571,Aleutians East,13,112,00,8189,0,4937,"Cold Bay, AK",,,,,0,,Current Operator: City of Cold Bay and Aleut Enterprise Corp. dba Frosty Fuels. Phone: 907-532-2467 FAX: 907-532-2817,Current Owner: City of Cold Bay.,Receipt of conventional-and-containerized general cargo; receipt of petroleum products; and landing for passenger- and-vehicular ferry.,"Via Baranov Road, unpaved, 24 feet wide.",None.,"Units (Ferried Autos, Passengers, Railway Cars) | Petroleum and Petroleum Products | Gasoline, Jet Fuel, Kerosene | Distillate,Residual & Other Fuel Oils; Lube Oil & Greases | Sulphur (Dry), Clay & Salt | Paper & Allied Products | Primary Non-Ferrous Meta","Concrete-capped steel pile, timber-decked offshore wharf with one steel-mooring dolphin with rubber cushioning on north side at rear of face, connected by 3-foot-wide steel catwalk.  Wharf, fronted by rubber-cushioned timber-and-steel fender system, has an 1,800- by 12-foot steel pile, steel-decked approach. ",Stevedore rental equipment is available as required.,"City of Cold Bay:  Wharf fronting former 100- by 40-foot offshore wharf operates passenger-and-vehicular ferry to Unalaska and King Cove.
Aleut Enterprise Corp. dba Frosty Fuels:  One 6- and two 4-inch petroleum-product pipelines extend from wharf 
to five steel storage tanks at rear; total capacity 12,750 barrels.",MLLW (Mean Lower Low Water),35,35,460,460,19,19,,01-JAN-1990,-162.69722,55.2072220000001
17728,53.912222,-166.50888,96080-230,0UYU,33484,DUT,"TRIDENT SEAFOODS, DUTCH HARBOR WHARF",Dock,Validated for TOWS and Public,"Northwesterly corner of Dutch Harbor, at Amaknak Island.",Ballyhoo Road.,Dutch Harbor,AK,99692,Aleutians West,16,112,00,8196,0,4947,"Unalaska Channels, AK",4939.00,"Unalaska Island, AK",,,0,,"Current Operator: Trident Seafoods, Inc. and North Pacific Fuel. Phone: 907-581-1241 FAX: 907/581-1482","Current Owner: Western Pioneer, Inc.",Handling supplies and equipment for fishing vessels; and fueling miscellaneous vessels.,"Via Ballyhoo Road, gravel, 25 feet wide.",None.,,"Timber pile, timber-decked wharf.",None.,"Trident Seafoods Corp.: Handles supplies and equipemnt for fishing vessels.
North Pacific Fuel:  One 6-inch fuel-oil pipeline extends from wharf to storage tanks described under adjacent, company-owned Restoff Wharf (Ref. No. 170).",MLLW (Mean Lower Low Water),20,20,450,450,16,16,,01-JAN-1990,-166.50888,53.912222
17729,53.911389,-166.51111,96080-235,0UL3,33051,DUT,"NORTH PACIFIC FUEL, DUTCH HARBOR RESTOFF WHARF",Dock,Validated for TOWS and Public,"Northwesterly shore of Amaknak Island, near head of Dutch Harbor. ",1654 Ballyhoo Road.,Dutch Harbor,AK,99692,Aleutians West,16,112,00,8196,0,4947,"Unalaska Channels, AK",4939.00,"Unalaska Island, AK",,,0,,Current Operator: North Pacific Fuel. Phone: 907-581-1350 FAX: 907/581-1431,"Current Owner: Western Pioneer, Inc.",Receipt of petroleum products; fueling vessels.,"Via Ballyhoo Road, gravel, 25 feet wide.",None.,"Petroleum and Petroleum Products | Gasoline, Jet Fuel, Kerosene | Distillate,Residual & Other Fuel Oils; Lube Oil & Greases | Petroleum Products NEC | Fertilizers | Other Chemicals and Related Products | Sand, Gravel, Stone, Rock, Limestone, Soil, Dredged","Timber pile, timber-decked offshore wharf with one 20- by 30- and two 20- by 20-foot approaches.",None.,"One 8- and one 4-inch petroleum-product pipelines extend from wharf to seven steel storage tanks at rear; total capacity 52,000 barrels.  Wharf serves one 6-inch fuel-oil line.",MLLW (Mean Lower Low Water),25,25,285,285,16,16,,13-JUL-1994,-166.51111,53.911389
17730,53.9025,-166.52805,96080-240,0UYV,33485,DUT,"CITY OF UNALASKA, BALLYHOO WHARF",Dock,Validated for TOWS and Public,"Westerly shore of Dutch Harbor, across from Spithead at Amaknak Island.",,Dutch Harbor,AK,99692,Aleutians West,16,112,00,8196,0,4947,"Unalaska Channels, AK",4939.00,"Unalaska Island, AK",,,0,,Current Operator: City of Unalaska; and North Pacific Fuel. Phone: 907-581-1254 FAX: 907/581-2519,Current Owner: City of Unalaska.,Receipt and shipment of conventional general cargo;  handling supplies and equipment for fishing vessels; and fueling fishing vessels.,"Via Ballyhoo Road, gravel, 25 feet wide.",None.,"Gasoline, Jet Fuel, Kerosene | Distillate,Residual & Other Fuel Oils; Lube Oil & Greases | Fertilizers | Other Chemicals and Related Products | Sand, Gravel, Stone, Rock, Limestone, Soil, Dredged Material | Iron Ore and Iron & Steel Waste & Scrap | Paper ","Steel pile, concrete-decked wharf fronted by rubber- cushioned steel-and-timber fender system.",Stevedore equipment is available as required.,"North Pacific Fuel:  One 8-inch fuel-oil pipeline extends from wharf to storage tanks described under adjacent North Pacific Fuel, Ballyhoo Wharf (Ref. No. 174).",MLLW (Mean Lower Low Water),40,40,231,231,18,18,,01-JAN-1990,-166.52805,53.9025
17731,53.907778,-166.51694,96080-245,0UL4,33052,DUT,"MAGONE MARINE SERVICE, DUTCH HARBOR DOCK",Dock,Validated for TOWS and Public,"Northwesterly shore of Dutch Harbor, at Amaknak Island.",991 Ballyhoo Road.,Dutch Harbor,AK,99692,Aleutians West,16,112,00,8196,0,4947,"Unalaska Channels, AK",4939.00,"Unalaska Island, AK",,,0,,,"Current Owner and Operator: Magone Marine Service, Inc. Phone: 907-581-1400 FAX: 907/581-1495",Mooring vessels for repair.,"Via Ballyhoo Road, gravel, 25 feet wide.",None.,Fish | Other Agricultural Products; Food and Kindred Products | Unknown or Not Elsewhere Classified,"Two permanently-moored, steel work barges at natural bank with two approaches each.","One 70-ton pedestal-mounted crane with 80-foot boom mounted on barge ""Yahveh Jireh""; one 50-ton, diesel mobile crane with 100-foot boom; and one 8-ton, overhead bridge crane in machine shop.",Marine-repair plant is located on barges.,MLLW (Mean Lower Low Water),30,35,600,600,,,,13-JUL-1994,-166.51694,53.9077780000001
17732,53.911311,-166.510892,96080-318,0ZLE,38842,UAA,"NORTH PACIFIC FUEL, CAPTAIN'S BAY TERMINAL WHARF",Dock,Validated for TOWS and Public,"East shore of Captain's Bay, Unalaska, approxi- mately 2 miles south of Unalaska-Amaknak Island Bridge.",2158 Captain's Bay Road,Unalaska,AK,,Aleutians West,16,116,00,8196,0,4947,"Unalaska Channels, AK",4939.00,"Unalaska Island, AK",,,0,,"Current Operator: North Pacific Fuel and Crowley Marine Services, Inc. Phone: 907-581-1265 FAX: 907/581-1689","Current Owner: Crowley Marine Services, Inc.",Receipt and shipment of conventional general cargo; receipt of seafood and petroleum products; and handling supplies and equipment for fishing vessels; fueling fishing vessels.,"Via Captain's Bay Road, gravel, 20 feet wide; from Unalaska-Amaknak Island Bridge.",None.,"Petroleum and Petroleum Products | Gasoline, Jet Fuel, Kerosene | Distillate,Residual & Other Fuel Oils; Lube Oil & Greases | Fertilizers | Other Chemicals and Related Products | Sand, Gravel, Stone, Rock, Limestone, Soil, Dredged Material | Sulphur (Dry)","Timber pile, timber-decked offshore wharf with one steel- breasting dolphin on each side in line with face. Wharf has a 185- by 38-foot approach.","One 20-ton, diesel mobile crane with 60-foot boom. Open storage area serves eleven 2- to 3-ton forklift trucks.","North Pacific Fuel: One 6-inch petroleum-product pipeline extends from wharf to six steel storage tanks at rear; total capacity 60,000 barrels. 
Crowley Marine Services, Inc.: Approximately 12 acres of open storage area is located at rear, along with three storage warehouses.",MLLW (Mean Lower Low Water),43,60,617,617,12,12,,01-JAN-1990,-166.510892,53.9113110000001
17733,53.857292,-166.560581,96080-319,0RAM,29261,KQA,"OFFSHORE SYSTEMS, UNALASKA DOCKS (WESTERN SEAFOODS)",Dock,Validated for TOWS,,,AKUTAN,AK,99553,Aleutians West,16,116,00,8196,0,4947,"Unalaska Channels, AK",4939.00,"Unalaska Island, AK",,,0,,,,,,,"Petroleum and Petroleum Products | Gasoline, Jet Fuel, Kerosene | Distillate,Residual & Other Fuel Oils; Lube Oil & Greases | Petroleum Products NEC | Fertilizers | Other Chemicals and Related Products | Forest Products, Lumber, Logs, Woodchips | Sand, Gr",,,,,,,,,,,Parent,01-JAN-1990,-166.560581,53.857292
17766,60.680314,-173.06718,96050-100,108A,39586,,HALL ISLAND ANCHORAGE,Anchorage,Validated for TOWS and Public,,,SAINT PAUL ISLAND,AK,99660,Bethel,50,116,00,8309,0,4952,"St. Paul Island, Pribilof Island, AK",,,,,0,,,,,,,,,,,,,,,,,,,02-MAY-1996,-173.06718,60.6803140000001
18015,58.035669,-152.734091,95300-600,0375,3711,ORI,DANGER BAY (KAZAKOF BAY),Anchorage,Validated for TOWS,,,PORT LIONS,AK,99550,Kodiak Island,150,112,00,8151,0,4932,"Afognak Bay, AK",,,,,0,,,,,,,"Distillate,Residual & Other Fuel Oils; Lube Oil & Greases | Other Chemicals and Related Products | Forest Products, Lumber, Logs, Woodchips | Primary Iron and Steel Products (Ingots,Bars,Rods,etc.) | Primary Non-Ferrous Metal Products;Fabricated Metal Pro",,,,,,,,,,,,01-JAN-1990,-152.734091,58.035669
18016,57.714491,-152.524293,95351-200,0378,3714,KOZ,WOMENS BAY,Dock,Validated for TOWS,,,OUZINKIE,AK,99644,Kodiak Island,150,116,00,8159,0,4934,"Kodiak Harbor, AK",,,,,0,,,,,,,,,,,,,,,,,,,01-JAN-1990,-152.524293,57.7144910000001
18017,57.784667,-152.421356,95351-300,037A,3716,KOZ,ST. PAUL HARBOR,Dock,Validated for TOWS,,,OUZINKIE,AK,99644,Kodiak Island,150,116,00,8159,0,4934,"Kodiak Harbor, AK",4906.00,"Kodiak, AK",,,0,,,,,,,Fish,,,,,,,,,,,,01-JAN-1990,-152.421356,57.7846670000001
18018,59.358368,-151.899938,95210-100,001E,48,SOV,ANCHORAGE,Anchorage,Validated for TOWS,,,SELDOVIA,AK,99663,Kenai Peninsula,122,112,00,8123,0,4835,"Port Graham, AK",4835.00,"Port Graham, AK",,,0,,,,,,,"Gasoline, Jet Fuel, Kerosene | Distillate,Residual & Other Fuel Oils; Lube Oil & Greases",,,,,,,,,,,,01-JAN-1990,-151.899938,59.358368
18019,61.23812,-149.984548,95200-270,0015,39,NIK,PT MCKENZIE,Dock,Validated for TOWS,,,NIKISKI,AK,99635,Matanuska-Susitna,170,112,00,8147,170,4845,"Cook Inlet, AK",,,,,170,,,,,,,,,,,,,,,,,,,01-JAN-1990,-149.984548,61.23812
18020,59.358368,-151.899938,95210-300,001G,50,SOV,PORT GRAHAM SEALAND SERVICES,Dock,Validated for TOWS,,,SELDOVIA,AK,99663,Kenai Peninsula,122,112,00,8123,0,4835,"Port Graham, AK",4835.00,"Port Graham, AK",,,0,,,,,,,Crude Petroleum,,,,,,,,,,,,01-JAN-1990,-151.899938,59.358368
18035,56.465833,-132.38222,93819-107,0ULR,33073,WRG,CITY OF WRANGELL RELIANCE HARBOR DOCK,Dock,Validated for TOWS and Public,"Easterly side of Wrangell Inner Harbor, Wrangell,  at Zimovia Strait, south of Shakes Street trestle extension.",,Wrangell,AK,99929,Wrangell-Petersburg,280,112,00,8169,0,4802,"Wrangell Harbor, AK",4795.00,"Wrangell, AK",,,0,,Current Operator: City of Wrangell. Phone: 907-874-3736 FAX: 907-874-3197,Current Owner: State of Alaska.,Mooring commercial vessels and recreational craft.,"Via foot of Shakes Street timber-trestle extension, 12 feet wide; from Front Street, asphalt, various widths.",None.,,"Timber float with one 158- by 12-foot and one 104- by 12-foot approach floats, each with 50- by 6-foot covered gangway approach from Shakes Street trestle.","One 2- and one 1-ton, electric-hydraulic mast-and-boom derricks each with 20-foot boom at end of Shakes Island trestle.",Small-Boat Harbor has berthing space for approximately eighty-six vessels with five float extensions on north- east side with float stalls and timber-graduated grid on westerly side of pedestrian timber-trestle walkway to Shakes Island in rear.  Harbormaster's office is located at rear.,MLLW (Mean Lower Low Water),10,15,674,4114,,,,01-JAN-1990,-132.38222,56.465833
18036,56.458697,-132.38209,93819-116,0ZJL,38780,WRG,HERITAGE HARBOR WRANGELL AND PACIFIC SEAFOOD,Dock,Validated for TOWS and Public,"Easterly side of Wrangell Harbor, Wrangell,  approximately 2 miles south of Zimovia Strait.",,Wrangell,AK,99929,Wrangell-Petersburg,280,116,00,8169,0,4802,"Wrangell Harbor, AK",4795.00,"Wrangell, AK",,,0,,,"Current Owner and Operator: Sea Level Seafoods, Inc. Phone: 907-874-2401/2274 FAX: 907-874-2158",Receipt of seafood; and icing fishing vessels.,"Via driveway, asphalt-and-gravel, various widths; from Zimovia Highway, concrete, 24 feet wide.",None.,Fish,"Timber pile, timber-decked offshore wharf with 100- by 10-foot approach.","Two 3/4-ton, electric mast-and-boom derricks with 20-foot boom. Open storage area serves two 2-ton, LP-gas forklift trucks.",Seafood-processing plant is located at rear.,MLLW (Mean Lower Low Water),6,6,90,90,22,22,,14-JUN-1995,-132.38209,56.458697
18037,56.81611,-132.95833,93846-113,0R5Q,29094,PSG,PETERSBURG FISHERIES,Dock,Validated for TOWS,,,PETERSBURG,AK,99833,Wrangell-Petersburg,280,112,00,8036,1,4804,"Wrangell Narrows, AK",4826.00,"Petersburg, AK",,,1,,,,,,,Fish,,,,,,,,,,,Parent,01-JAN-1990,-132.95833,56.81611
18038,57.056111,-135.34972,94845-409,0U66,32578,SIT,"CITY OF SITKA, THOMSEN AND ELIASON HARBOR FLOATS",Dock,Validated for TOWS and Public,"Sitka Harbor, Sitka, approximately 0.7 mile north- west of O'Connell Bridge.",617 Katlian Street.,Sitka,AK,99835,Sitka,220,112,00,8050,0,4808,"Sitka Harbor, AK",4796.00,"Sitka Ports and Harbor Commission, AK",,,0,East,Current Operator: City of Sitka. Phone: 907/747-3439 FAX: 907-747-6278,Current Owner: State of Alaska.,Mooring commercial vessels and recreational craft.,"Via driveway, asphalt, various widths; from Katlian Street, asphalt, 24 feet wide.",None.,,"One 100- by 6-foot timber pier at southeast end; and six parallel concrete-and-timber floats with one 312- by 
10- and one 337- by 10-foot connecting floats fronting northeast shore with 50- by 6-foot, covered gangway approaches.",None.,Small-Boat Harbor has berthing capacity for approximately two-hundred-and-seventy-five vessels.  Harbormaster's office is located at rear.  Float D 262.5- by 6-foot with 23-foot stalls; Float E 237.5- by 6-foot with 23-foot stalls; Float F 200- by 6-foot with 17-foot stalls; and connecting floats with 23-foot stalls each at inner side.,MLLW (Mean Lower Low Water),20,25,62,11000,,,,01-JAN-1990,-135.34972,57.056111
18061,67.727297,-164.541462,98830-200,01ZE,2292,KVL,KIVALINA VILLAGE,Dock,Validated for TOWS,,,KIVALINA,AK,99750,Northwest Arctic,188,112,00,8281,0,4978,"Delong Mountain Harbor, AK",4998.00,"Kivalina, AK",,,0,,,,,,,"Gasoline, Jet Fuel, Kerosene | Distillate,Residual & Other Fuel Oils; Lube Oil & Greases | Petroleum Products NEC | Other Chemicals and Related Products | Non-Ferrous Ores and Scrap | Other Non-Metal. Min. | Primary Non-Ferrous Metal Products;Fabricated M",,,,,,,,,,,,01-JAN-1990,-164.541462,67.7272970000001
18075,55.340278,-131.64611,93810-142,0UNF,33131,KTN,"CITY OF KETCHIKAN, BERTHS 1 AND 2 (CRUISE SHIP DOCKS)",Dock,Validated for TOWS and Public,"Left bank, Tongass Narrows, Ketchikan, at foot of Mill Street extended.",,Ketchikan,AK,99901,Ketchikan Gateway,130,113,00,8103,4,4770,"Tongass Narrows, AK",4827.00,"Ketchikan, AK",,,4,Left,Current Operator: Port of Ketchikan. Phone: 907-228-5632 FAX: 907-247-3610,Current Owner: City of Ketchikan.,Mooring cruise ships; and occasional receipt and shipment of general cargo.  (See Remarks.),"Via Dock Street, timber, 24 feet wide; from Front Street, asphalt, 24 feet wide.",None.,"Gasoline, Jet Fuel, Kerosene | Distillate,Residual & Other Fuel Oils; Lube Oil & Greases | Forest Products, Lumber, Logs, Woodchips | All Manufactured Equipment, Machinery and Products","Timber-and-steel-pile, steel- and concrete-decked wharf with one steel-breasting dolphin on south side in line with face.  Wharf fronted by rubber-cushioned timber-and-steel fender system.",Stevedore rental equipment is available as required.,Conventional general cargo is also handled at Berths 1A and 1B when cruise ships are not in port.,MLLW (Mean Lower Low Water),30,40,1605,1605,22,22,,01-JAN-1990,-131.64611,55.3402780000001
18076,55.339167,-131.64416,93810-131,0Z26,38222,KTN,"CITY OF KETCHIKAN, BERTHS 3 AND 4 (TENDER DOCK FOR CRUISE)",Dock,Validated for TOWS and Public,"Left bank, Tongass Narrows, Ketchikan, at west side of mouth of Ketchikan Creek.",,Ketchikan,AK,99901,Ketchikan Gateway,130,113,00,8103,4,4770,"Tongass Narrows, AK",4827.00,"Ketchikan, AK",,,4,Left,Current Operator: Port of Ketchikan. Phone: 907-228-5632 FAX: 907-247-3610,Current Owner: City of Ketchikan.,"Mooring cruise ships, and excursion and commercial vessels.","Via Dock Street, timber, 24 feet wide; from Front Street, asphalt, 24 feet wide.",None.,,"Concrete-capped steel pile, steel-decked pier extension at Berths 1C and 1D, with concrete float moored to steel piles at Daly Float.  Wharf, fronted by rubber-cushioned steel-and-timber fender system, has one 60- by 5-foot covered approach from Spruce Mill Way and Front Street. ","One 10-ton, electric-hydraulic derrick with 65-foot extendible boom at Berth 1D.  Additional stevedore rental equipment is available as required.","Berths 1C and 1D are at rear of faces of Berths 1A and 1B, with pier approximately 25 feet wide at Berth 1C and 
approximately 50 feet wide at Berth 1D.",MLLW (Mean Lower Low Water),20,20,395,860,22,22,,12-JUN-1995,-131.64416,55.339167
18077,59.446111,-135.32444,94965-101,0U9S,32700,SGY,SKAGWAY CRUISE TERMINAL,Dock,Validated for TOWS and Public,"Easterly shore of Taiya Inlet, Skagway, below mouth of Skagway River, approximately 700 feet southeast of Spring Street extended.",,Skagway,AK,99840,Skagway-Hoonah-Angoon,232,112,00,8068,0,4812,"Skagway Harbor, AK",4857.00,"Skagway, AK",,,0,East,Current Operator: White Pass & Yukon Route. Phone: 907-983-2214 FAX: 907-983-2017,"Current Owner: Skagway Terminal Co., dba White Pass & Yukon Route.",Mooring cruise vessels; and occasional receipt and shipment of conventional-and-containerized general cargo.,"Via Congress Way, asphalt, various widths; from Second Avenue, asphalt, 24 feet wide.",None.,Unknown or Not Elsewhere Classified,"Steel pile, concrete-decked wharf with three steel- breasting dolphins in line with face and a steel-mooring dolphin at rear of face on south side, all connected by 3-foot-wide steel catwalks.  Wharf, fronted by timber- steel-and-rubber fender system, has 100-foot width at northerly side and 50-foot-width at southerly side.",Stevedore rental equipment is available as required.,-,MLLW (Mean Lower Low Water),36,70,1850,1850,29,29,,01-JAN-1990,-135.32444,59.446111
18078,59.450278,-135.32722,94965-104,0U9U,32702,SGY,SKAGWAY ORE DOCK AND PETRO MARINE PLANT,Dock,Validated for TOWS and Public,"East shore of Taiya Inlet, Skagway, below mouth of Skagway River, at foot of Main Street extended.",,Skagway,AK,99840,Skagway-Hoonah-Angoon,232,113,00,8068,0,4812,"Skagway Harbor, AK",4857.00,"Skagway, AK",,,0,East,Current Operator: Skagway Terminal Co.; Petro Marine Services; and Alaska Industrial Development and Export Authority. Phone: 907-983-2214 FAX: 907-983-2017 | Current Operator: Petro Marine Services,Current Owner: Skagway Terminal Co.; and Alaska Industrial Development and Export Authority.,Receipt and shipment of petroleum products; and mooring cruise vessels.,"Via road, unpaved, various widths; from Main Street, asphalt, 24 feet wide.",One surface track extending along front of transit shed joins additional trackage in rear; connects with White Pass and Yukon Route.,"Petroleum and Petroleum Products | Gasoline, Jet Fuel, Kerosene | Distillate,Residual & Other Fuel Oils; Lube Oil & Greases | Petroleum Pitches, Coke, Asphalt, Naptha and Solvents | Non-Ferrous Ores and Scrap","Part steel-and-timber-pile, concrete beam, timber-decked offshore wharf with row of timber-and-steel breasting dolphins in line with face connected by 4-foot-wide steel catwalk; and part steel pile, concrete-decked offshore wharf with two mooring dolphins at rear of face connected by 4-foot-wide steel catwalk.  Initial wharf has one  120- by 12-foot covered approach; second wharf has one 150- by 30-foot approach with 35- by 3-foot steel catwalk connecting wharves.   ","Steel-tower-supported, fixed, elevated loading chute on wharf served by a 36-inch, electric belt-conveyor extending from transit shed at rear; loading rate 1,500 tons per hour. Transit shed serves a 40-ton electric- traveling bridge crane extending over two rail tracks on far side with crane lifting ore containers from railcars and dumping contents inside; unloading rate 1,500 tons per hour.  All equipment was not used at time of survey.","Skagway Terminal Co.:  Transit shed formerly was used for storage of ores with capacity for 100,000 tons.  Approximately 5ýacres of open storage area is located at rear.
Petro Marine Services:  Seven 6-inch petroleum-product pipelines extend from wharf to fourteen steel storage tanks at rear; total capacity 115,000 barrels.",MLLW (Mean Lower Low Water),45,90,1000,1000,29,29,,01-JAN-1990,-135.32722,59.4502780000001
18152,57.336899,-156.41315,95400-450,0QMG,28474,ADQ,"WIDE BAY, AK",Dock,Validated for TOWS,,,KODIAK,AK,99615,Kodiak Island,150,116,00,8166,150,4590,"Shelikof Strait, AK",,,,,150,,,,,,,"Distillate,Residual & Other Fuel Oils; Lube Oil & Greases | Sulphur (Dry), Clay & Salt | Paper & Allied Products | Primary Non-Ferrous Metal Products;Fabricated Metal Prods. | All Manufactured Equipment, Machinery and Products",,,,,,,,,,,,10-MAY-2004,-156.41315,57.3368990000001
18153,70.180681,-146.86151,98939-200,0QMH,28475,,BULLEN POINT,Dock,Validated for TOWS,,,,AK,,North Slope,185,116,00,8479,0,4529,"Flaxman Island, AK",,,,,0,,,,,,,"Distillate,Residual & Other Fuel Oils; Lube Oil & Greases",,,,,,,,,,,,20-MAY-2004,-146.86151,70.180681
18183,59.358368,-151.899938,95210-400,001H,51,SOV,WHITNEY-FIDALGO DOCK,Dock,Validated for TOWS,,,SELDOVIA,AK,99663,Kenai Peninsula,122,112,00,8123,0,4835,"Port Graham, AK",4835.00,"Port Graham, AK",,,0,,,,,,,,,,,,,,,,,,,01-JAN-1990,-151.899938,59.358368
18184,59.440833,-151.72083,95230-300,0UC5,32781,SOV,CITY OF SELDOVIA PIER,Dock,Validated for TOWS and Public,"Easterly side of Seldovia Bay, Seldovia, between Watch Point and Small-Boat Harbor.",,Seldovia,AK,99663,Kenai Peninsula,122,112,00,8125,0,4842,"Seldovia Harbor, AK",4897.00,"Seldovia, AK",,,0,,"Current Operator: State of Alaska, Department of Transportation and Public Facilities; and Seldovia Fuel & Lube, Inc. Phone: 907-234-7622 FAX: 907/234-7442",Current Owner: State of Alaska.,Receipt of petroleum products; landing for passenger-and- vehicular ferry; fueling vessels; and occasional receipt and shipment of conventional general cargo. ,"Via Main Street, asphalt, 24 feet wide.",None.,"Units (Ferried Autos, Passengers, Railway Cars) | Petroleum and Petroleum Products | Gasoline, Jet Fuel, Kerosene | Distillate,Residual & Other Fuel Oils; Lube Oil & Greases | Unknown or Not Elsewhere Classified","Steel pile, concrete-surfaced steel-decked offshore wharf with one 40- by 8-foot timber-fueling float adjacent to southeast side of pier. Wharf fronted by rubber- cushioned timber-steel-and-rubber fender system at face and rear of face.","Two 2-ton electric-hydraulic derricks, each with 20-foot boom.","City of Seldovia:  Ferry operates to Homer, Alaska with office located at rear.
Seldovia Fuel & Lube, Inc.: Four 4-inch petroleum- product pipelines extend from wharf to four steel stor- age tanks at rear; total capacity 7,650 barrels.  One 
4- and two 2-inch fuel-oil pipelines extend from storage tanks to timber-fueling float.",MLLW (Mean Lower Low Water),20,25,210,370,15,15,,01-JAN-1990,-151.72083,59.4408330000001
18185,60.555556,-152.13888,95258-200,0UCP,32799,DRF,"COOK INLET PIPE LINE CO., CHRISTIE LEE PLATFORM WHARF",Dock,Validated for TOWS and Public,"Northwesterly shore of Redoubt Bay, at westerly shore of Cook Inlet, opposite mouth of Kenai River, south of Drift River.",,Drift River,AK,,Kenai Peninsula,122,112,00,8140,0,4849,"Drift River Platforms, AK",,,,,0,,,Current Owner and Operator: Cook Inlet Pipe Line Co. Phone: 907/263-7991/2 FAX: 907/243-4231,Shipment of crude oil.,None.,None.,"Crude Petroleum | Gasoline, Jet Fuel, Kerosene | Distillate,Residual & Other Fuel Oils; Lube Oil & Greases | Petroleum Products NEC | Other Chemicals and Related Products | Other Agricultural Products; Food and Kindred Products","Steel pile, steel-grating-decked island wharf with one steel-breasting dolphin in line with face on each side and one steel-mooring dolphin at rear of face on each side, connected by catwalks.","Three 16-inch, hydraulically-operated swivel-jointed loading arms.","Two 30-inch pipelines extend from wharf to four steel stor- age tanks on shore; total capacity 980,000 barrels.  Helicopter-landing pad and living quarters are located at rear.",MLLW (Mean Lower Low Water),60,60,780,780,55,55,,01-JAN-1990,-152.13888,60.5555560000001
18186,60.54436,-151.284018,95260-100,001V,63,ENA,ANCHORAGE - KENAI,Anchorage,Validated for TOWS,,,KENAI,AK,99611,Kenai Peninsula,122,112,00,8136,0,4821,"Kenai, AK",,,,,0,,,,,,,"Gasoline, Jet Fuel, Kerosene",,,,,,,,,,,,01-JAN-1990,-151.284018,60.54436
18239,64.491929,-165.438143,97695-001,02AV,2681,TLA,NOME ANCHORAGE,Anchorage,Validated for TOWS,,,TELLER,AK,99778,Nome,180,112,00,8257,0,4968,"Nome Harbor, AK",4916.00,"Nome, AK",,,0,,,,,,,"Gasoline, Jet Fuel, Kerosene | Distillate,Residual & Other Fuel Oils; Lube Oil & Greases | Petroleum Products NEC | Fish | All Manufactured Equipment, Machinery and Products",,,,,,,,,,,,01-JAN-1990,-165.438143,64.491929
18240,58.730649,-157.074942,96365-100,02ES,2814,NNK,"NAKNEK, AK ANCHORAGE",Anchorage,Validated for TOWS,,,NAKNEK,AK,99633,Bristol Bay,60,112,00,8220,0,4828,"Naknek River, AK",,,,,0,,,,,,,"Gasoline, Jet Fuel, Kerosene | Distillate,Residual & Other Fuel Oils; Lube Oil & Greases | Petroleum Products NEC | Other Chemicals and Related Products | Sulphur (Dry), Clay & Salt | Paper & Allied Products | Primary Non-Ferrous Metal Products;Fabricated",,,,,,,,,,,,01-JAN-1990,-157.074942,58.730649
18241,58.881211,-157.04495,96375-100,02EV,2817,NNK,KVICHAK ANCHORAGE,Anchorage,Validated for TOWS,,,NAKNEK,AK,99633,Lake and Peninsula,164,112,00,8222,0,4880,"Kvichak River, AK",,,,,0,,,,,,,,,,,,,,,,,,,01-JAN-1990,-157.04495,58.8812110000001
18242,58.215684,-157.3708,96355-100,02EP,2811,EGX,EDEGIK ANCHORAGE,Anchorage,Validated for TOWS,,,EGEGIK,AK,99579,Lake and Peninsula,164,116,00,8218,0,4872,"Egegik River, AK",,,,,0,,,,,,,"Gasoline, Jet Fuel, Kerosene | Distillate,Residual & Other Fuel Oils; Lube Oil & Greases",,,,,,,,,,,,01-JAN-1990,-157.3708,58.2156840000001
18243,57.931362,-153.04036,95353-250,02UG,3280,,PORT BAILEY SEAPLANE BASE AND ANCHORAGE,Anchorage,Validated for TOWS,,,,AK,,Kodiak Island,150,113,00,8164,0,4935,"Kodiak Island, AK",,,,,0,,,,,,,Fish,,,,,,,,,,,,01-JAN-1990,-153.04036,57.931362
18245,53.91,-166.51277,96080-237,0YF4,37506,DUT,"KLOOSTERBOER DUTCH HARBOR LLC, TERMINAL 1",Dock,Validated for TOWS and Public,"Northwesterly shore of Dutch Harbor, near head of Amaknak Island.",1561 Ballyhoo Road.,Dutch Harbor,AK,99692,Aleutians West,16,112,00,8196,0,4947,"Unalaska Channels, AK",4939.00,"Unalaska Island, AK",,,0,,"Current Operator: Western Pioneer, Inc. and North Pacific Fuel. Phone: 907-581-4404 FAX: 907/581-2975 | Current Operator: Kloosterboer Dutch Harbor Phone: 907-359-2119","Current Owner: Western Pioneer, Inc.",Receipt and shipment of conventional general cargo; handling supplies and equipment for fishing vessels; and fueling fishing vessels.,"Via Ballyhoo Road, gravel, 25 feet wide.",None.,Other Chemicals and Related Products | Paper & Allied Products | Building Cement & Concrete; Lime; Glass | Primary Non-Ferrous Metal Products;Fabricated Metal Prods. | Fish | Other Agricultural Products; Food and Kindred Products | All Manufactured Equipm,"Timber pile, timber-decked wharf composed of two sections with 280-foot section approximately 15 feet behind 380-foot section of wharf.  ","One 18-ton, diesel mobile crane with 70-foot boom; and two front-end loaders. Open storage area serves eight 2- to 4-ton forklift trucks.","Kloosterboer Dutch Harbor, LLC: Company responsible for receipt and shipment of conventional general cargo.
North Pacific Fuel: Company responsible for fueling fishing vessels and for handling supplies and equipment to them. One 6-inch fuel-oil pipeline extends from wharf to storage tanks described under adjacent, company-owned Restoff Wharf (Ref. No. 170).",MLLW (Mean Lower Low Water),30,30,660,660,16,16,,03-JAN-2005,-166.51277,53.9100000000001
18246,55.362162,-131.715267,93810-300,1073,39545,KTN,TWIN ISLANDS KETCHIKAN ANCHORAGE,Anchorage,Validated for TOWS and Public,,,KETCHIKAN,AK,99901,Ketchikan Gateway,130,112,00,8097,5,4770,"Tongass Narrows, AK",,,,,5,,,,,,,"Forest Products, Lumber, Logs, Woodchips | All Manufactured Equipment, Machinery and Products",,,,,,,,,,,,01-JAN-1990,-131.715267,55.3621620000001
18247,70.348525,-148.467937,98940-200,01ZZ,2311,,PRUDHOE BAY ANCHORAGE,Anchorage,Validated for TOWS,,,,AK,,North Slope,185,116,00,8303,0,4995,"Prudhoe Bay, AK",,,,,0,,,,,,,"Gasoline, Jet Fuel, Kerosene | Distillate,Residual & Other Fuel Oils; Lube Oil & Greases | Other Non-Metal. Min. | Primary Non-Ferrous Metal Products;Fabricated Metal Prods. | All Manufactured Equipment, Machinery and Products",,,,,,,,,,,,01-JAN-1990,-148.467937,70.3485250000001
18255,58.276437,-134.38913,94811-350,107E,39556,JNU,DOUGLAS HARBOR BOAT RAMP AND FLOATS,Dock,Validated for TOWS,,,JUNEAU,AK,99801,Juneau,110,116,00,8071,0,4810,"Juneau Harbor, AK",4823.00,"Juneau, AK",,,0,,,,,,,,,,,,,,,,,,,01-JAN-1990,-134.38913,58.276437
18296,55.386769,-131.738347,93810-382,110K,40479,,"OLSON MARINE, INC",Dock,Validated for TOWS and Public,,5569 North Tongass Highway,Ketchikan,AK,,Ketchikan Gateway,130,113,00,8097,9,4770,"Tongass Narrows, AK",4827.00,"Ketchikan, AK",,,9,Left,,"Current Owner and Operator: OLSON MARINE,INC. Phone: 907-247-1417/907-617-1861 : 907-247-1417/907-617-1868 FAX: 907-247-1418 : 907-247-1418",,,,,,,,,,,,,,,,01-JUN-2005,-131.738347,55.3867690000001
18339,61.835014,-166.216563,97669-200,01XC,2222,HPB,CAPE ROMANZOF,Dock,Validated for TOWS,,,HOOPER BAY,AK,99604,Wade Hampton,270,112,00,8237,0,4549,"Cape Romanzof, AK",,,,,0,,,,,,,"Gasoline, Jet Fuel, Kerosene | Distillate,Residual & Other Fuel Oils; Lube Oil & Greases",,,,,,,,,,,,01-JAN-1990,-166.216563,61.8350140000001
18416,61.125,-146.3475,95130-220,0ZSE,39046,VDZ,"VALDEZ FUEL CO., FUEL FLOAT",Dock,Validated for TOWS and Public,"Northerly shore of Port Valdez, at center portion of south side of Small-Boat Harbor.",105 Airport Road,Valdez,AK,99686,Valdez-Cordova,261,116,00,8081,0,4818,"Valdez Harbor (Small Boat Harbor), AK",4816.00,"Valdez, AK",,,0,,,Current Owner and Operator: Valdez Fuel Co. Phone: 907-835-4558 FAX: 907/835-3718,Fueling vessels.,"Via South Harbor Drive, from Kobuk Drive, each asphalt, 30 feet wide.",None.,"Gasoline, Jet Fuel, Kerosene | Distillate,Residual & Other Fuel Oils; Lube Oil & Greases","Concrete float with one 60- by 5-foot gangway; and one 
28- by 8-foot steel pile, timber-decked approaches from shore.",None.,One 3- and one 2-inch pipelines extend to float from one fuel-oil storage tank at rear; capacity 575 barrels. Float has six fueling stations.,MLLW (Mean Lower Low Water),12,12,70,70,,,,03-JAN-2005,-146.3475,61.1250000000001
18417,60.119444,-149.43388,95180-427,0ZT3,39069,SWD,"CITY OF SEWARD, SMALL BOAT HARBOR FLOAT X AND FUEL FLOAT",Dock,Validated for TOWS and Public,"Northwesterly corner of Resurrection Bay, Seward, at east end of west side of Small-Boat Harbor.",,Seward,AK,99664,Kenai Peninsula,122,112,00,8155,0,4930,"Seward Harbor, AK",4907.00,"Seward, AK",,,0,,"Current Operator: City of Seward and Shoreside Petroleum, Inc. Phone: 907/224-3138 FAX: 907/224-7187",Current Owner: City of Seward.,Mooring and fueling vessels.,"Via Port Avenue, asphalt, 24 feet wide.",None.,"Distillate,Residual & Other Fuel Oils; Lube Oil & Greases","Float X: Timber float moored to steel piles with 50- by 15-foot approach float, with 55- by 5-foot ramp extending from 50- by 5-foot steel pile, timber-decked approach. 
Fuel float: Concrete float moored to steel piles at south end of Float X.",None.,"City of Seward:  Float has sixteeen fueling stations.
Shoreside Petroleum, Inc.:  One 4- and two 3-inch pipelines extend to float from storage tanks described under company- owned, Sewage Cruise Dock (Ref. No. 60).",MLLW (Mean Lower Low Water),12,12,1520,1820,,,,03-JAN-2005,-149.43388,60.119444
18418,60.118056,-149.425,95180-455,0ZT4,39070,SWD,"ALASKA RAILROAD CORP., SEWARD CARGO DOCK",Dock,Validated for TOWS and Public,"Northwesterly corner of Resurrection Bay, Seward, west of breakwater. ",913 Port Avenue.,Seward,AK,99664,Kenai Peninsula,122,112,00,8155,0,4930,"Seward Harbor, AK",4907.00,"Seward, AK",,,0,,"Current Operator: Alaska Railroad Corp.; North Star Terminal & Stevedore Co.; State of Alaska, Department of Transportation and Public Facilities. Phone: 907-224-5477 FAX: 907/224-5672",Current Owner: Alaska Railroad Corp.,Receipt and shipment of conventional-and-containerized general cargo; landing for passenger-and-vehicular ferry;  mooring vessels.,"Via Port Avenue, asphalt, 24 feet wide.",Two surface tracks at rear of face; connect with Alaska Railroad Corp.,"Coal,Lignite & Coal Coke | Primary Iron and Steel Products (Ingots,Bars,Rods,etc.) | Unknown or Not Elsewhere Classified",Steel-sheet-pile cellular bulkhead with solid fill; and one mooring dolphin off south side connected by a 70- by 3-foot catwalk approach.  Wharf fronted by steel-and-rubber fender system.,"North Star Terminal & Stevedore Co.: One 150-ton, diesel crawler crane loads/unload commodities into ground-level receiving hopper served by conveyor extending to open storage area in rear. Open storage area serves two 30-, two 10-, two 9-, and one 3-ton, diesel forklift trucks.",Approximately 7 acres of open storage area is located at rear.,MLLW (Mean Lower Low Water),35,35,570,570,24,24,,03-JAN-2005,-149.425,60.1180560000001
18419,61.2674,-149.917,95290-205,0YEE,37482,ANC,"MATANUSKA - SUSITNA BOROUGH, PORT MACKENZIE WHARF",Dock,Validated for TOWS and Public,"Westerly shore of Knik Arm, at north side of Point MacKenzie, opposite Cairn Point.",350 East Dahalia Avenue.,Point MacKenzie,AK,,Matanuska-Susitna,170,116,00,8148,0,4845,"Cook Inlet, AK",,,,,0,,Current Operator: Matanuska-Susitna Borough and Alaska Manufacturing Contractors. Phone: 907/746-7414 FAX: 907/745-2635,Current Owner: Matanuska-Susitna Borough.,Shipment of manufactured homes to Alaskan Native communities.  (See Remarks.),"Via Point MacKenzie Road, asphalt-and-gravel, 24 feet wide.",None.,"Other Chemicals and Related Products | Building Cement & Concrete; Lime; Glass | Primary Iron and Steel Products (Ingots,Bars,Rods,etc.) | Primary Non-Ferrous Metal Products;Fabricated Metal Prods.",Steel-sheet-pile cellular bulkhead with solid fill.,See Remarks.,"At time of survey (2002), plans called for wharf to become a passenger-and-vehicular ferry landing, with installation of float with transfer bridge to be located on south side.  Plans also called for installation of a wood-chip loader with conveyor trestle on north side of wharf.  Approximately 5,000 acres of open storage area at rear was available for lease.",MLLW (Mean Lower Low Water),20,20,500,500,36,36,,03-JAN-2005,-149.917,61.2674000000001
18421,55.321667,-160.51583,95430-170,0YF1,37503,SDP,"TRIDENT SEAFOODS CORP., SAND POINT DOCK",Dock,Validated for TOWS and Public,"Easterly side of Popof Strait, Sand Point, approxi- mately 2,200 feet east of Sand Point.",,Sand Point,AK,99661,Aleutians East,13,112,00,8183,0,4942,"Humboldt, AK",,,,,0,,,Current Owner: Trident Seafoods Corp. Phone: 907/383-4848 FAX: 907/383-4846,Not used.,"Via Airport Road, asphalt, 24 feet wide.",None.,,"Timber pile, timber-decked offshore wharf with 400- by 14-foot approach.",None.,"At time of '93 survey, dock was in use for handling sup- plies for fishing vessels; however at time of '04 survey, operation had shut down due to wharf being in poor con- dition with plans calling for its removal.",MLLW (Mean Lower Low Water),30,30,120,120,16,16,,03-JAN-2005,-160.51583,55.321667
18422,53.904444,-166.52611,96080-247,0YF5,37507,DUT,"CITY OF UNALASKA INTERNATIONAL PORT OF DUTCH HARBOR , UMC USCG WH",Dock,Validated for TOWS and Public,"Northwesterly shore of Dutch Harbor, at Amaknak Island.",748 Balleyhoo Road,Dutch Harbor,AK,99692,Aleutians West,16,112,00,8196,0,4947,"Unalaska Channels, AK",4939.00,"Unalaska Island, AK",,,0,,"Current Operator: U.S. Coast Guard; State of Alaska, Department of Transportation and Public Facilities;and North Pacific Fuel. Phone: 907-581-1254 FAX: 907/581-2519 | Current Operator: USCG Phone: 907-359-6737",Current Owner: City of Unalaska.,Mooring U.S. Coast Guard vessels; and fueling vessels.,"Via Ballyhoo Road, gravel, 25 feet wide.",None.,"Gasoline, Jet Fuel, Kerosene | Distillate,Residual & Other Fuel Oils; Lube Oil & Greases | Other Chemicals and Related Products | Fish | Other Agricultural Products; Food and Kindred Products | All Manufactured Equipment, Machinery and Products | Unknown ","Steel pile, concrete-decked L-shaped wharf with one mooring dolphin on south side at rear of face, connected by 3-foot- wide steel catwalk.  Wharf fronted by rubber-cushioned steel-and-timber fender system.",None.,"North Pacific Fuel:  One 6-inch fuel-oil pipeline extends from wharf to storage tanks described under adjacent, company-owned Ballyhoo Wharf (Ref. No.  174) on opposite side.",MLLW (Mean Lower Low Water),40,40,626,626,18,18,,03-JAN-2005,-166.52611,53.9044440000001
18429,60.782718,-161.77752,96460-064,0Y92,37300,BET,"CITY OF BETHEL, PETROLEUM DOCK",Dock,Validated for TOWS and Public,"Left bank, Kuskokwim River, Bethel, approximately 1.4 miles above Browns Slough.",380 River Road.,Bethel,AK,99559,Bethel,50,116,00,8243,65,4819,"Kuskokwim River, AK",4904.00,"Bethel, AK",,,65,,"Current Operator: Yukon Fuel Co. and Crowley Marine Services, Inc. Phone: 907-543-2217 FAX: 907/543-4169",Current Owner: City of Bethel.,Receipt and shipment of petroleum products; fueling vessels.,"Via River Road from Standard Oil Road, each gravel, various widths; and Chief Eddie Hoffman Highway, asphalt, 24 feet wide.",None.,"Petroleum and Petroleum Products | Gasoline, Jet Fuel, Kerosene | Distillate,Residual & Other Fuel Oils; Lube Oil & Greases | Petroleum Products NEC","Part steel-sheet-pile, part steel-pipe-pile cellular bulkhead with solid fill; fronted by rubber-loop fenders.",None.,"Yukon Fuel Co.:  Five 6-inch pipelines extend from wharf to thirteen steel, fuel-oil storage tanks at rear; total capacity 223,800 barrels.
Crowley Marine Services, Inc.:  Four 6-inch petroleum- product pipelines extend from wharf to five steel storage tanks at rear; total capacity 142,250 barrels.",MLLW (Mean Lower Low Water),20,25,375,375,14,14,,04-JAN-2005,-161.77752,60.782718
18430,64.501315,-165.420371,97695-205,0Y9J,37316,OME,CITY OF NOME FLOAT,Dock,Validated for TOWS and Public,"Left bank, Snake River, Nome, above Dry Creek.",306 Belmont Street.,Nome,AK,99762,Nome,180,116,00,8257,0,4968,"Nome Harbor, AK",4916.00,"Nome, AK",,,0,,Current Operator: Port of Nome. Phone: 907-443-6619 FAX: 907/443-5473,Current Owner: City of Nome.,Mooring commercial vessels and recreational craft.,"Via Belmont Street, gravel, various widths; from Seppala Drive, asphalt, 24 feet wide.",None.,"Gasoline, Jet Fuel, Kerosene | Distillate,Residual & Other Fuel Oils; Lube Oil & Greases | Primary Non-Ferrous Metal Products;Fabricated Metal Prods. | All Manufactured Equipment, Machinery and Products",Steel float moored to steel piles with one 40- by 5-foot steel-gangway approach from shore.,None.,"At time of survey (2003), plans called for the addition of another 240-foot float in 2005.",MLLW (Mean Lower Low Water),8,10,200,400,,,,04-JAN-2005,-165.420371,64.501315
18480,60.196218,-146.802174,95100-245,0RFW,29440,CDV,STOREY ISLAND,Dock,Validated for TOWS,,,CORDOVA,AK,99574,Valdez-Cordova,261,112,00,8078,10,4859,"Prince William Sound, AK",,,,,10,,,,,,,,,,,,,,,,,,,18-NOV-2003,-146.802174,60.196218
18499,55.153543,-131.193887,93804-150,0RJL,29532,MTM,BACK ISLAND ANCHORAGE,Dock,Validated for TOWS,,,METLAKATLA,AK,99926,Ketchikan Gateway,130,112,00,8098,0,4768,"Behm Canal, AK",,,,,0,,,,,,,"Distillate,Residual & Other Fuel Oils; Lube Oil & Greases",,,,,,,,,,,,06-FEB-2004,-131.193887,55.1535430000001
18503,56.923995,-154.128509,95353-100,02UC,3276,,KODIAK ISLAND,Dock,Validated for TOWS,,,,AK,99615,Kodiak Island,150,116,00,8164,0,4935,"Kodiak Island, AK",,,,,0,,,,,,,,,,,,,,,,,,,01-JAN-1990,-154.128509,56.923995
18504,57.63709,-154.00178,95353-370,02US,3290,,UYAK VILLAGE,Dock,Validated for TOWS,,,,AK,,Kodiak Island,150,113,00,8164,0,4935,"Kodiak Island, AK",,,,,0,,,,,,,"Distillate,Residual & Other Fuel Oils; Lube Oil & Greases",,,,,,,,,,,,01-JAN-1990,-154.00178,57.6370900000001
18505,57.537623,-153.989801,95353-380,02UU,3292,,LARSEN BAY VILLAGE,Dock,Validated for TOWS,,,,AK,,Kodiak Island,150,113,00,8164,0,4935,"Kodiak Island, AK",,,,,0,,,,,,,"Gasoline, Jet Fuel, Kerosene | Distillate,Residual & Other Fuel Oils; Lube Oil & Greases | Sulphur (Dry), Clay & Salt | Paper & Allied Products | Primary Non-Ferrous Metal Products;Fabricated Metal Prods. | Fish | All Manufactured Equipment, Machinery and",,,,,,,,,,,,01-JAN-1990,-153.989801,57.5376230000001
18693,55.967886,-131.324854,93804-380,01C5,1569,WRG,MISTY FJORD,,Validated for TOWS,,,WRANGELL,AK,99929,Ketchikan Gateway,130,112,00,8098,60,4768,"Behm Canal, AK",,,,,60,,,,,,,,,,,,,,,,,,,01-JAN-1990,-131.324854,55.9678860000001
18694,55.912918,-131.561965,93804-410,01C7,1571,KTN,YES BAY,Dock,Validated for TOWS,,,KETCHIKAN,AK,99901,Prince of Wales-Outer Ketchikan,201,112,00,8098,69,4768,"Behm Canal, AK",,,,,69,,,,,,,,,,,,,,,,,,,01-JAN-1990,-131.561965,55.912918
18695,55.12997,-131.573274,93807-100,01HL,1754,MTM,METLAKATLA ANCHORAGE,Anchorage,Validated for TOWS,,,METLAKATLA,AK,99926,Prince of Wales-Outer Ketchikan,201,116,00,8102,0,4832,"Metlakatla Harbor, AK",4878.00,"Metlakatla, AK",,,0,,,,,,,"Distillate,Residual & Other Fuel Oils; Lube Oil & Greases",,,,,,,,,,,,01-JAN-1990,-131.573274,55.1299700000001
18696,55.1275,-131.56861,93807-182,0UMD,33095,MTM,METLAKATLA CITY BARGE RAMP,Dock,Validated for TOWS and Public,"Southerly shore of Port Chester Bay, Metlakatla,  approximately 2,100 feet southeast of Village Point.",,Metlakatla,AK,99926,Prince of Wales-Outer Ketchikan,201,112,00,8102,0,4832,"Metlakatla Harbor, AK",4878.00,"Metlakatla, AK",,,0,L,"Current Operator: Boyer Alaska Barge Line, Inc. Phone: 907-886-6784 FAX: 907-886-7997",Current Owner: City of Metlakatla.,Receipt and shipment of containerized and roll-on/roll-off general cargo.,"Via plant road, asphalt-and-gravel, various widths; from Tait Street, asphalt, 24 feet wide.",None.,"Gasoline, Jet Fuel, Kerosene | Distillate,Residual & Other Fuel Oils; Lube Oil & Greases | Petroleum Products NEC | Other Chemicals and Related Products | Forest Products, Lumber, Logs, Woodchips | Iron Ore and Iron & Steel Waste & Scrap | Sulphur (Dry), ","Adjustable steel beam, timber-decked transfer bridge with two timber-breasting dolphins; and breasting platform with one steel dolphin at northwesterly side of south side of adjacent, company-owned City of Metlakatla, City Dock (Ref. No. 6).","Stevedore rental equipment is available as required. Open storage area serves one 22 1/2- and one 9-ton, diesel forklift trucks. ",Unpaved open storage area at rear has capacity for approxi- mately four-hundred containers stacked 3- to 4-high.  ,MLLW (Mean Lower Low Water),15,20,400,400,,,,01-JAN-1990,-131.56861,55.1275000000001
18697,55.340262,-131.66,93810-100,01BU,1558,KTN,ANCHORAGE KETCHIKAN,Anchorage,Validated for TOWS,,,KETCHIKAN,AK,99901,Ketchikan Gateway,130,113,00,8097,0,4770,"Tongass Narrows, AK",,,,,0,,,,,,,"Gasoline, Jet Fuel, Kerosene | Distillate,Residual & Other Fuel Oils; Lube Oil & Greases",,,,,,,,,,,,01-JAN-1990,-131.66,55.3402620000001
18698,55.358507,-131.706944,93809-200,01BM,1551,KTN,TONGASS NARROWS,Open Water,Validated for TOWS,,,KETCHIKAN,AK,99901,Ketchikan Gateway,130,113,00,8097,0,4770,"Tongass Narrows, AK",,,,,0,,,,,,,,,,,,,,,,,,,01-JAN-1990,-131.706944,55.358507
18898,55.224063,-132.233333,93814-230,0NNT,26207,KTB,DORA BAY,Open Water,Validated for TOWS,,,THORNE BAY,AK,99919,Prince of Wales-Outer Ketchikan,201,112,00,8086,47,4771,"Clarence Strait, AK",,,,,47,,,,,,,,,,,,,,,,,,,06-JAN-2005,-132.233333,55.2240630000001
18899,58.761338,-157.063425,96365-320,0NNV,26209,NNK,PEDERSON POINT,Dock,Validated for TOWS,,,NAKNEK,AK,99633,Bristol Bay,60,113,00,8220,2,4828,"Naknek River, AK",,,,,2,,,,,,,"Gasoline, Jet Fuel, Kerosene | Distillate,Residual & Other Fuel Oils; Lube Oil & Greases | Petroleum Products NEC | Primary Non-Ferrous Metal Products;Fabricated Metal Prods.",,,,,,,,,,,,06-JAN-2005,-157.063425,58.7613380000001
18982,56.89823,-154.247778,95353-365,02UR,3289,ADQ,ALITAK CANNERY AND ANCHORAGE,Dock,Validated for TOWS,,,KODIAK,AK,99615,Kodiak Island,150,112,00,8164,0,4935,"Kodiak Island, AK",,,,,0,,,,,,,"Gasoline, Jet Fuel, Kerosene | Distillate,Residual & Other Fuel Oils; Lube Oil & Greases | Petroleum Products NEC | Other Chemicals and Related Products | Forest Products, Lumber, Logs, Woodchips | Sand, Gravel, Stone, Rock, Limestone, Soil, Dredged Mater",,,,,,,,,,,,01-JAN-1990,-154.247778,56.8982300000001
18983,62.533505,-164.849777,97643-011,02E8,2796,SXP,NUNAM IQUA,Dock,Validated for TOWS,,,SHELDON POINT,AK,99666,,158,116,00,8244,1,4860,"Yukon River, AK",,,,,1,,,,,,,"Gasoline, Jet Fuel, Kerosene | Distillate,Residual & Other Fuel Oils; Lube Oil & Greases | Petroleum Products NEC | All Manufactured Equipment, Machinery and Products",,,,,,,,,,,,01-JAN-1990,-164.849777,62.533505
18984,61.79294,-156.670072,96460-206,02E0,2788,SLQ,DEVIL'S ELBOW,Dock,Validated for TOWS,,,SLEETMUTE,AK,99668,Bethel,50,112,00,8243,428,4819,"Kuskokwim River, AK",,,,,428,,,,,,,"Gasoline, Jet Fuel, Kerosene | Distillate,Residual & Other Fuel Oils; Lube Oil & Greases",,,,,,,,,,,,01-JAN-1990,-156.670072,61.79294
18985,62.21714,-156.240449,96460-221,02E2,2790,TCT,MC GRATH VILLAGE,Dock,Validated for TOWS,,,TAKOTNA,AK,99675,Yukon-Koyukuk,290,112,00,8243,488,4819,"Kuskokwim River, AK",,,,,488,,,,,,,"Gasoline, Jet Fuel, Kerosene | Petroleum Products NEC | Forest Products, Lumber, Logs, Woodchips | Building Cement & Concrete; Lime; Glass | Primary Iron and Steel Products (Ingots,Bars,Rods,etc.) | Primary Non-Ferrous Metal Products;Fabricated Metal Prod",,,,,,,,,,,,01-JAN-1990,-156.240449,62.21714
18986,62.460864,-168.282483,97000-001,02E5,2793,,OFF SHORE,Open Water,Validated for TOWS,,,,AK,,Nome,180,113,00,8315,0,4911,Bering Sea-Off Bering Sea Ports,,,,,0,,,,,,,"Gasoline, Jet Fuel, Kerosene | Distillate,Residual & Other Fuel Oils; Lube Oil & Greases | Petroleum Products NEC",,,,,,,,,,,,01-JAN-1990,-168.282483,62.4608640000001
18987,62.645804,-164.988803,97643-001,02E6,2794,SXP,YUKON RIVER,Dock,Validated for TOWS,,,SHELDON POINT,AK,99666,Wade Hampton,270,112,00,8244,1,4860,"Yukon River, AK",,,,,1,,,,,,,"Gasoline, Jet Fuel, Kerosene | Distillate,Residual & Other Fuel Oils; Lube Oil & Greases | All Manufactured Equipment, Machinery and Products",,,,,,,,,,,,01-JAN-1990,-164.988803,62.6458040000001
18988,61.936144,-162.87914,97643-111,01XR,2235,PQS,PILOT STATION VILLAGE,Dock,Validated for TOWS,,,PILOT STATION,AK,99650,,158,116,00,8244,121,4860,"Yukon River, AK",,,,,121,,,,,,,"Gasoline, Jet Fuel, Kerosene | Distillate,Residual & Other Fuel Oils; Lube Oil & Greases | Petroleum Products NEC | Forest Products, Lumber, Logs, Woodchips | All Manufactured Equipment, Machinery and Products",,,,,,,,,,,,01-JAN-1990,-162.87914,61.9361440000001
18989,61.877255,-162.086579,97643-121,01XS,2236,,FORTUNA LODGE VILLAGE (MARSHALL),Dock,Validated for TOWS,,,MARSHALL,AK,99585,,158,116,00,8244,157,4860,"Yukon River, AK",,,,,157,,,,,,,"Gasoline, Jet Fuel, Kerosene | Distillate,Residual & Other Fuel Oils; Lube Oil & Greases | Petroleum Products NEC | All Manufactured Equipment, Machinery and Products",,,,,,,,,,,,01-JAN-1990,-162.086579,61.877255
18990,63.03755,-163.528152,97643-021,02E9,2797,SXP,KOTLIK VILLAGE,Dock,Validated for TOWS,,,SHELDON POINT,AK,99666,,158,116,00,8244,5,4860,"Yukon River, AK",,,,,5,,,,,,,"Gasoline, Jet Fuel, Kerosene | Distillate,Residual & Other Fuel Oils; Lube Oil & Greases | Petroleum Products NEC | Forest Products, Lumber, Logs, Woodchips | Building Cement & Concrete; Lime; Glass | Primary Wood Products; Veneer; Plywood | All Manufactu",,,,,,,,,,,,01-JAN-1990,-163.528152,63.0375500000001
18991,62.687615,-164.667381,97643-031,02EA,2798,AUK,ALAKANUK VILLAGE,Dock,Validated for TOWS,,,ALAKANUK,AK,99554,,158,116,00,8244,12,4860,"Yukon River, AK",,,,,12,,,,,,,"Gasoline, Jet Fuel, Kerosene | Distillate,Residual & Other Fuel Oils; Lube Oil & Greases | Petroleum Products NEC | Forest Products, Lumber, Logs, Woodchips | Building Cement & Concrete; Lime; Glass | Primary Wood Products; Veneer; Plywood | All Manufactu",,,,,,,,,,,,01-JAN-1990,-164.667381,62.6876150000001
18992,62.774661,-164.515071,97643-061,02ED,2801,AUK,EMMONAK VILLAGE,Dock,Validated for TOWS,,,ALAKANUK,AK,99554,,158,116,00,8244,25,4860,"Yukon River, AK",,,,,25,,,,,,,"Gasoline, Jet Fuel, Kerosene | Distillate,Residual & Other Fuel Oils; Lube Oil & Greases | Petroleum Products NEC | Forest Products, Lumber, Logs, Woodchips | Building Cement & Concrete; Lime; Glass | All Manufactured Equipment, Machinery and Products",,,,,,,,,,,,01-JAN-1990,-164.515071,62.774661
18993,62.711765,-164.223116,97643-071,02EE,2802,AUK,KWIKPAK VILLAGE,,Validated for TOWS,,,ALAKANUK,AK,99554,Wade Hampton,270,112,00,8244,30,4860,"Yukon River, AK",,,,,30,,,,,,,,,,,,,,,,,,,01-JAN-1990,-164.223116,62.7117650000001
18994,62.084229,-163.722185,97643-081,01XN,2232,,MOUNTAIN VILLAGE,Dock,Validated for TOWS,,,SAINT MARYS,AK,99658,,158,116,00,8244,85,4860,"Yukon River, AK",,,,,85,,,,,,,"Gasoline, Jet Fuel, Kerosene | Distillate,Residual & Other Fuel Oils; Lube Oil & Greases | Petroleum Products NEC | Forest Products, Lumber, Logs, Woodchips | Building Cement & Concrete; Lime; Glass | All Manufactured Equipment, Machinery and Products",,,,,,,,,,,,01-JAN-1990,-163.722185,62.0842290000001
19216,58.190977,-136.497061,94953-101,00F8,518,ELV,"ELFIN COVE, AK (FUEL DOCK)",Dock,Validated for TOWS,,,ELFIN COVE,AK,99825,Skagway-Hoonah-Angoon,232,112,00,8060,0,4838,"Elfin Cove Harbor, AK",,,,,0,,,,,,,"Gasoline, Jet Fuel, Kerosene | Distillate,Residual & Other Fuel Oils; Lube Oil & Greases",,,,,,,,,,,,01-JAN-1990,-136.497061,58.190977
19250,62.049963,-163.173258,97643-091,01XP,2233,,"ST. MARY'S, AK",Dock,Validated for TOWS,,,SAINT MARYS,AK,99658,,158,116,00,8244,97,4860,"Yukon River, AK",,,,,97,,,,,,,"Gasoline, Jet Fuel, Kerosene | Distillate,Residual & Other Fuel Oils; Lube Oil & Greases | Petroleum Products NEC | Forest Products, Lumber, Logs, Woodchips | Building Cement & Concrete; Lime; Glass | Primary Wood Products; Veneer; Plywood | All Manufactu",,,,,,,,,,,,01-JAN-1990,-163.173258,62.049963
19270,55.333889,-131.62861,93810-105,0UMH,33099,KTN,PETRO MARINE SERVICES PIER FUEL DOCK (KETCHIKAN),Dock,Validated for TOWS and Public,"Left bank, Tongass Narrows, Ketchikan, opposite Pennock Island, approximately 0.5 mile southeast of foot of Dermont Street extended.",1100 Stedman Street.,Ketchikan,AK,99901,Ketchikan Gateway,130,113,00,8103,3,4770,"Tongass Narrows, AK",4827.00,"Ketchikan, AK",,,3,Left,,"Current Owner and Operator: Harbor Enterprises, Inc., dba Petro Marine Services. Phone: 907-225-2106 FAX: 907-225-2104","Receipt of petroleum products by barge; fueling vessels; and loading company-owned tank barge """"Northern Spirit"""" with petroleum products for regional delivery.","Via driveway, asphalt, 17 feet wide; from Stedman Street, asphalt, 26 feet wide.",None.,"Petroleum and Petroleum Products | Gasoline, Jet Fuel, Kerosene | Distillate,Residual & Other Fuel Oils; Lube Oil & Greases | Petroleum Pitches, Coke, Asphalt, Naptha and Solvents","Timber pile, timber-decked main wharf with one mooring dolphin at north end used by tankers berthed at adjacent wharf (Ref. No. 16); and one 160- by 35-foot part concrete-decked barge at floating wharf with one 40- by 10-foot, concrete-decked timber float extending from west side. Barge, approximately 50 feet east of main wharf, fronts a 40- by 30-foot timber pile, timber-decked offshore wharf with timber approach.","One 1-ton, electric-hydraulic derrick with 37-foot knuckle boom.","One 12-, six 6-, and nine 4-inch connections at main wharf connect with pipelines extending to fifteen steel storage tanks at rear; total capacity 165,000 barrels. Seven metered hoses are available on wharf for fueling small vessels, with twenty metered hoses available on floating wharf.  One 210- by 60-foot steel-frame, metal- covered warehouse at rear is used for storage of packaged petroleum products. ",MLLW (Mean Lower Low Water),40,40,386,586,22.4,22.4,,01-JAN-1990,-131.62861,55.3338890000001
19271,65.264917,-166.362737,97820-200,02B0,2686,TLA,"TELLER, AK",Dock,Validated for TOWS,,,TELLER,AK,99778,Nome,180,116,00,8263,0,4972,"Teller, AK",4972.00,"Teller, AK",,,0,,,,,,,"Gasoline, Jet Fuel, Kerosene | Distillate,Residual & Other Fuel Oils; Lube Oil & Greases",,,,,,,,,,,,01-JAN-1990,-166.362737,65.2649170000001
19315,54.859655,-163.395515,96100-200,02U0,3264,KFP,"UNIMAK ISLAND, AK",Anchorage,Validated for TOWS,,,FALSE PASS,AK,99583,Aleutians East,13,116,00,8192,0,4945,"False Pass Harbor, AK",4905.00,"False Pass, AK",,,0,,,,,,,"Units (Ferried Autos, Passengers, Railway Cars) | Gasoline, Jet Fuel, Kerosene | Distillate,Residual & Other Fuel Oils; Lube Oil & Greases | Sulphur (Dry), Clay & Salt | Paper & Allied Products | Primary Non-Ferrous Metal Products;Fabricated Metal Prods. ",,,,,,,,,,,,01-JAN-1990,-163.395515,54.859655
19362,57.783889,-152.42388,95351-409,0UXR,33447,ADQ,KODIAK PETRO STAR,Dock,Validated for TOWS and Public,"Northerly shore of St. Paul Harbor, Kodiak, approximately 0.5 mile southwest of Small-Boat Harbor.",715 SHELIKOF STREETY,Kodiak,AK,99615,Kodiak Island,150,112,00,8159,0,4934,"Kodiak Harbor, AK",4906.00,"Kodiak, AK",,,0,,,"Current Owner and Operator: Petro Star, Inc., dba North Pacific Fuel. Phone: 907-486-3245 FAX: 907/486-3205",Receipt of petroleum products; fueling vessels.,"Via Shelikof Street, asphalt, 30 feet wide.",None.,"Petroleum and Petroleum Products | Gasoline, Jet Fuel, Kerosene | Distillate,Residual & Other Fuel Oils; Lube Oil & Greases","Timber pile, timber-decked offshore wharf with timber- breasting dolphin on each side; and one 40- by 15-foot timber float on upper side in line with face.  Wharf has one 100- by 14-foot approach.","Stevedore equipment is available as required.  Open storage area serves one 3-ton, gasoline forklift truck for handling oil drums.","Three 6- and three 4-inch petroleum-product pipelines extend from wharf to eight steel storage tanks on hillside at rear; total capacity 40,900 barrels.  Float has sixteen fueling stations.",MLLW (Mean Lower Low Water),35,35,240,240,18,18,,01-JAN-1990,-152.42388,57.783889
19419,55.296334,-131.599984,93806-200,01HJ,1752,KTN,IN STREAM - NICHOLS PASSAGE,,Validated for TOWS,,,KETCHIKAN,AK,99901,Ketchikan Gateway,130,112,00,8100,0,4769,"Nichols Passage, AK",,,,,0,,,,,,,,,,,,,,,,,,,01-JAN-1990,-131.599984,55.2963340000001
19420,65.759482,-168.95644,98700-200,01ZD,2291,WAA,ANCHOR - LITTLE DIOMEDE,Anchorage,Validated for TOWS,,,WALES,AK,99783,Nome,180,116,00,8268,0,4990,"Little Diomede Island, AK",,,,,0,,,,,,,"Gasoline, Jet Fuel, Kerosene | Distillate,Residual & Other Fuel Oils; Lube Oil & Greases",,,,,,,,,,,,01-JAN-1990,-168.95644,65.759482
19421,60.776944,-148.68305,95175-230,0UX5,33427,WQF,"WHITTIER, AK (CRUISESHIP AND OCEAN DOCK)",Dock,Validated for TOWS and Public,"Southwesterly shore, at head of Passage Canal, Whittier, at east side of Small-Boat Harbor.",,Whittier,AK,,Valdez-Cordova,261,112,00,8746,0,4822,"Whittier Harbor, AK",4824.00,"Whittier, AK",,,0,,Current Operator: City of Whittier. Phone: 907/472-2330 FAX: 907/472-2472,Current Owner: State of Alaska.,Mooring excursion vessels.,"Via plant road, asphalt, 30 feet wide; from Harbor View Drive, dual lane, each asphalt, various widths.",None.,"Petroleum Pitches, Coke, Asphalt, Naptha and Solvents | Petroleum Products NEC | Fertilizers | Other Chemicals and Related Products | Forest Products, Lumber, Logs, Woodchips | Sand, Gravel, Stone, Rock, Limestone, Soil, Dredged Material | Sulphur (Dry), ","Steel pile, concrete-decked offshore wharf with one breast- ing dolphin in line with face, connected by 70- by 3-foot steel catwalk.  Wharf, fronted by steel-and-timber fender system, has one 30- by 25-foot approach.",None.,"Phillips Cruises and Tours: Operates excursion vessel """"Klondike Express"""" based at wharf.",MLLW (Mean Lower Low Water),27,30,200,200,15,15,,01-JAN-1990,-148.68305,60.7769440000001
19422,63.737872,-171.644512,97692-200,02AS,2678,GAM,"ST. LAWRENCE ISLAND, AK (OPEN WATER HIGH SEAS)",Dock,Validated for TOWS,,,GAMBELL,AK,99742,Nome,180,112,00,8256,0,4971,"St. Lawrence Island, AK",,,,,0,,,,,,,"Gasoline, Jet Fuel, Kerosene | Distillate,Residual & Other Fuel Oils; Lube Oil & Greases | Petroleum Products NEC | Forest Products, Lumber, Logs, Woodchips | Building Cement & Concrete; Lime; Glass | Primary Non-Ferrous Metal Products;Fabricated Metal Pr",,,,,,,,,,,,01-JAN-1990,-171.644512,63.737872
19505,56.814049,-132.960701,93846-115,015F,1341,PSG,"PETERSBURG, AK",Open Water,Validated for TOWS,,,PETERSBURG,AK,99833,Wrangell-Petersburg,280,113,00,8036,1,4804,"Wrangell Narrows, AK",4826.00,"Petersburg, AK",,,1,,,,,,,,,,,,,,,,,,,01-JAN-1990,-132.960701,56.8140490000001
19528,58.290278,-134.39527,94811-202,0U6D,32585,JNU,"CROWLEY FUEL DISTRIBUTION DOCK AND PETRO MARINE TERMINAL, JUNEAU WHARF",Dock,Validated for TOWS and Public,"Easterly bank of Gastineau Channel, Juneau,  approximately 1.3 miles below Juneau-Douglas Bridge.",1076 Jacobsen Drive.,Juneau,AK,99801,Juneau,110,116,00,8071,0,4810,"Juneau Harbor, AK",4823.00,"Juneau, AK",,,0,East,,"Current Owner and Operator: Taku Oil Sales, Inc. Phone: 907-586-1276 FAX: 907-586-3431 | Current Owner and Operator: Crowley Fuels LLC of CPD Alaska, LLC ",Receipt of petroleum products; and fueling vessels and small craft.,"Via driveway, asphalt-and-gravel, various widths; from Jacobsen Drive, Mt. Roberts Street, and Thane Road, each asphalt, 24 feet wide.",None.,"Petroleum and Petroleum Products | Gasoline, Jet Fuel, Kerosene | Distillate,Residual & Other Fuel Oils; Lube Oil & Greases","Timber pile, timber-decked offshore wharf with one breasting dolphin on each side in line with face; and one 90- by 20-foot timber-and-foam float moored to timber piles on west side in line with face, with 50- by 5-foot steel-ramp approach. Wharf has one 42- by 24-foot timber approach.","One 1/2-ton, electric mast-and-boom derrick with 25-foot boom.","Four 6- and two 4-inch, petroleum-product and fuel-oil pipelines extend from wharf to eight steel storage tanks  at rear; total capacity 85,700 barrels.  Five 2-inch petroleum-product pipelines extend from tanks to five hose stations on wharf and to seven hose stations on float for fueling small craft.",MLLW (Mean Lower Low Water),40,40,274,274,26,26,,01-JAN-1990,-134.39527,58.2902780000001
19545,55.397301,-132.367531,93814-277,125F,41801,CGA,MCKENZIE INLET (LOG SHIP MOORAGE SEALASKA),Open Water,Validated for TOWS,"South side, Skowl Arm, off west side Kasaan Bay.",,CRAIG,AK,99921,Prince of Wales-Outer Ketchikan,201,113,00,8087,55,4771,"Clarence Strait, AK",,,,,55,,,"Current Owner and Operator: Sealaska Timber Company, subsidiary of Sealaska Corp.",Shipment of logs.,,,,Two mooring buoys.,,"Two floating log storage areas, one on each side of entrance to inlet. Water area leased from State of Alaska by Sealaska Corp. beginning 1 April 2016.",,,,,,,,,01-JAN-2017,-132.367531,55.397301
19546,55.336667,-131.63388,93810-117,0UMY,33114,KTN,PETRO MARINE PROPANE AND OIL DOCK (KETCHICAN),Dock,Validated for TOWS and Public,"Left bank, Tongass Narrows, Ketchikan, opposite Pennock Island, approximately 1,000 feet southeast of foot of Deermont Street extended.",900 Stedman Street.,Ketchikan,AK,99901,Ketchikan Gateway,130,113,00,8103,3,4770,"Tongass Narrows, AK",4827.00,"Ketchikan, AK",,,3,Left,,"Current Owner and Operator: Anderes Oil Co., Inc. Phone: 907-225-2163 FAX: 907-225-0190 | Current Owner and Operator: Crowley Petroleum Distribution Alaska LLC dba Anderes Oil Stedman",Receipt and occasional shipment of petroleum products by barge; fueling small vessels.,"Via driveway, asphalt-and-concrete, 20 feet wide; from Stedman Street, asphalt, 26 feet wide.",None.,"Petroleum and Petroleum Products | Gasoline, Jet Fuel, Kerosene | Distillate,Residual & Other Fuel Oils; Lube Oil & Greases","Timber pile, timber-decked offshore wharf with one 110- by 40-foot, floating steel barge with adjustable gangway extending to rear of barge from southeast side of wharf. Wharf has one 40- by 12-foot timber approach.","One 1/4-ton, electric mast-and-boom derrick with 20-foot boom on wharf.","Two 6-inch petroleum-product pipelines extend from 
wharf to six steel storage tanks at rear; total capacity 25,000 barrels.  Four electric pumps inside building on barge serve seventeen metered hoses along outer side for refueling purposes.",MLLW (Mean Lower Low Water),30,30,110,110,22,22,,01-JAN-1990,-131.63388,55.336667
19708,60.362892,-148.035017,95100-600,00EG,492,TEK,"CHENEGA GLACIER (ISLAND), AK",,Validated for TOWS,,,TATITLEK,AK,99677,Valdez-Cordova,261,116,00,8082,57,4859,"Prince William Sound, AK",,,,,57,,,,,,,"Units (Ferried Autos, Passengers, Railway Cars)",,,,,,,,,,,,01-JAN-1990,-148.035017,60.362892
19709,60.777222,-148.6925,95175-240,0UX7,33429,WQF,"WHITTIER, AK",Dock,Validated for TOWS and Public,"Southwesterly shore, at head of Passage Canal, Whittier, at southwest corner of Small-Boat Harbor.",,Whittier,AK,,Valdez-Cordova,261,112,00,8746,0,4822,"Whittier Harbor, AK",4824.00,"Whittier, AK",,,0,,,Current Owner and Operator: City of Whittier. Phone: 907/472-2330 FAX: 907/472-2472,Handling supplies and equipment; and runway for mobile- vertical-boat-lift.,"Via unpaved driveway, various widths; from Harbor Loop Road, asphalt, various widths.",None.,"Petroleum Products NEC | Other Chemicals and Related Products | Forest Products, Lumber, Logs, Woodchips | Sulphur (Dry), Clay & Salt | Paper & Allied Products | Building Cement & Concrete; Lime; Glass | Primary Iron and Steel Products (Ingots,Bars,Rods,e","Timber pile, timber-decked offshore wharf with 110- by 12-foot approach to concrete float at rear of face; and one 18-foot approach to 100- by 4-foot parallel timber pier  forming runway for mobile-vertical-boat-lift. ","One 30-ton, diesel-hydraulic mobile-vertical-boat-lift; and one 1-ton electric-hydraulic hoist with 15-foot knuckle boom.",-,MLLW (Mean Lower Low Water),20,20,68,68,15,15,,01-JAN-1990,-148.6925,60.7772220000001
19710,57.125262,-170.283333,96045-200,026A,2526,,"ST PAUL, AK",Dock,Validated for TOWS,,,SAINT PAUL ISLAND,AK,99660,Aleutians West,16,112,00,8309,0,4952,"St. Paul Island, Pribilof Island, AK",,,,,0,,,,,,,"Gasoline, Jet Fuel, Kerosene | Distillate,Residual & Other Fuel Oils; Lube Oil & Greases | Forest Products, Lumber, Logs, Woodchips | Sand, Gravel, Stone, Rock, Limestone, Soil, Dredged Material | Sulphur (Dry), Clay & Salt | Paper & Allied Products | Bui",,,,,,,,,,,,01-JAN-1990,-170.283333,57.1252620000001
19711,59.358368,-151.899938,95210-200,001F,49,SOV,"PORT GRAHAM/ENG BAY, AK (CANNERY)",Dock,Validated for TOWS,,,SELDOVIA,AK,99663,Kenai Peninsula,122,116,00,8123,0,4835,"Port Graham, AK",4835.00,"Port Graham, AK",,,0,,,,,,,"Gasoline, Jet Fuel, Kerosene | Distillate,Residual & Other Fuel Oils; Lube Oil & Greases",,,,,,,,,,,,01-JAN-1990,-151.899938,59.358368
19712,56.603279,-169.54822,96046-200,026E,2530,,ST. GEORGE ISLAND (VILLAGE) AK,Dock,Validated for TOWS,,,SAINT GEORGE ISLAND,AK,99591,Aleutians West,16,116,00,8310,0,4953,"St. George Island, Pribilof Island, AK",,,,,0,,,,,,,"Gasoline, Jet Fuel, Kerosene | Distillate,Residual & Other Fuel Oils; Lube Oil & Greases",,,,,,,,,,,,01-JAN-1990,-169.54822,56.603279
19713,60.239741,-166.882564,97650-100,020Z,2345,MYU,"NUNIVAK ISLAND, AK",Dock,Validated for TOWS,,,MEKORYUK,AK,99630,Bethel,50,112,00,8231,0,4966,"Nunavak Island, AK",,,,,0,,,,,,,"Gasoline, Jet Fuel, Kerosene | Distillate,Residual & Other Fuel Oils; Lube Oil & Greases | Petroleum Products NEC | Primary Non-Ferrous Metal Products;Fabricated Metal Prods.",,,,,,,,,,,,01-JAN-1990,-166.882564,60.239741
19714,63.87158,-160.783933,97690-750,01Y7,2251,ELI,UNAKLEET (NORTH DOCK) AK,Dock,Validated for TOWS,,,ELIM,AK,99739,Nome,180,113,00,8254,120,4888,"Norton Sound, AK",,,,,120,,,,,,,"Gasoline, Jet Fuel, Kerosene | Distillate,Residual & Other Fuel Oils; Lube Oil & Greases | Other Chemicals and Related Products | Forest Products, Lumber, Logs, Woodchips | Sand, Gravel, Stone, Rock, Limestone, Soil, Dredged Material | Building Cement & C",,,,,,,,,,,,01-JAN-1990,-160.783933,63.8715800000001
19715,58.673322,-161.89183,96450-206,02BH,2703,KPN,"SECURITY COVE, AK",Dock,Validated for TOWS,,,KIPNUK,AK,99614,Bethel,50,116,00,8229,11,4817,"Kuskokwim Bay, AK",,,,,11,,,,,,,"Gasoline, Jet Fuel, Kerosene | Distillate,Residual & Other Fuel Oils; Lube Oil & Greases | Petroleum Products NEC",,,,,,,,,,,,01-JAN-1990,-161.89183,58.673322
19716,58.110167,-154.58889,95400-200,026V,2545,PIP,"GEOGRAPHIC HARBOR, AK",Dock,Validated for TOWS,,,PILOT POINT,AK,99649,Kodiak Island,150,116,00,8166,0,4590,"Shelikof Strait, AK",,,,,0,,,,,,,"All Manufactured Equipment, Machinery and Products",,,,,,,,,,,,01-JAN-1990,-154.58889,58.110167
19930,55.358611,-131.70055,93810-215,0UEU,32872,KTN,PETRO MARINE FUEL DOCK,Dock,Validated for TOWS and Public,"Left bank, Tongass Narrows, Ketchikan, approxi- mately 500 feet northwest of mouth of Carlanna Creek.",4161 Tongass Avenue.,Ketchikan,AK,99901,Ketchikan Gateway,130,113,00,8097,6,4770,"Tongass Narrows, AK",4827.00,"Ketchikan, AK",,,6,Left,,"Current Owner and Operator: Petro Alaska, Inc. Phone: 907/225-1985 FAX: 907-225-6322",Receipt of petroleum products; and fueling vessels.,"Via driveway, asphalt, various widths; from Tongass Avenue, asphalt, 34 feet wide.",None.,"Petroleum and Petroleum Products | Gasoline, Jet Fuel, Kerosene | Distillate,Residual & Other Fuel Oils; Lube Oil & Greases | Petroleum Pitches, Coke, Asphalt, Naptha and Solvents | Other Chemicals and Related Products","Timber pile, precast-concrete-decked wharf with one steel- breasting dolphin on each side in line with face; and one concrete float with steel-gangway approach from southeast side of wharf.",Stevedore equipment available as required. Storage area serves one 2-ton forklift truck.,"Wharf has three portable hoses for fueling vessels; and four 2-inch hose stations on float. Fueling lines extend to eleven steel storage tanks at rear; total capacity 4,750 barrels. Approximately 0.5 acre of open storage area; and a 3,200-square-foot steel frame, metal-covered warehouse with concrete floor are both located at rear.",MLLW (Mean Lower Low Water),15,20,175,175,22,22,,01-JAN-1990,-131.70055,55.3586110000001
20075,70.509719,-149.869617,98938-200,01ZY,2310,NUI,"OLIKTOK, AK",Dock,Validated for TOWS,,,NUIQSUT,AK,99789,North Slope,185,116,00,8301,0,4530,"Ooliktok, AK",,,,,0,,,,,,,,,,,,,,,,,,,01-JAN-1990,-149.869617,70.5097190000001
20156,67.575302,-164.066736,98830-300,1JBQ,60510,KVL,RED DOG MINE,Dock,Validated for TOWS,,,KIVALINA,AK,99750,Northwest Arctic,188,116,00,8281,0,4978,"Delong Mountain Harbor, AK",,,,,0,,,,,,,,,,RED DOG MINE,,,,,,,,,01-JAN-2023,-164.066736,67.5753020000001
20217,60.679001,-151.389177,95270-400,0USY,33284,NIK,"MARATHON PETROLEUM, KENAI LNG DOCK",Dock,Validated for TOWS and Public,"Easterly shore of Cook Inlet, Nikiski, approxi- mately 2.8 miles south of East Foreland.",Mile 21.5 Kenai Spur Highway.,Nikiski,AK,,Kenai Peninsula,122,116,00,8138,0,4831,"Nikiski, AK",4831.00,"Nikiski, AK",,,0,,Current Operator: Phillips Petroleum Co. Phone: 907/776-2021 FAX: 918/662-5430,Current Owner: Kenai LNG Corp.,Shipment of liquefied natural gas.,"Via driveway, asphalt-and-gravel, various widths; from Kenai Spur Highway, asphalt, 40 feet wide.",None.,"Crude Petroleum | Gasoline, Jet Fuel, Kerosene | Distillate,Residual & Other Fuel Oils; Lube Oil & Greases | Petroleum Products NEC | Fertilizers | Other Chemicals and Related Products | All Manufactured Equipment, Machinery and Products","Steel pile, concrete-decked offshore wharf with two breasting-and-mooring dolphins on each side, connected by steel-truss grating-decked bridges. Wharf has a 1,310- by 10-foot approach.","Three 12-inch, swivel-jointed pipeline-loading arms.","One 24-inch liquefied-natural-gas pipeline extends from dock to three steel storage tanks at rear; total capacity 675,000 barrels.",MLLW (Mean Lower Low Water),40,40,1050,1050,40,40,,01-JAN-1990,-151.389177,60.679001
20218,60.67351,-151.3848,95270-500,0UVB,33365,NIK,NUTRIEN US NITROGEN OPERATIONS,Dock,Validated for TOWS and Public,"Easterly shore of Cook Inlet, Nikiski, approxi- mately 3.3 miles south of East Foreland.",Mile 21 Kenai Spur Highway.,Nikiski,AK,,Kenai Peninsula,122,116,00,8138,0,4831,"Nikiski, AK",4831.00,"Nikiski, AK",,,0,,,"Current Owner and Operator: Agrium U.S., Inc. Phone: 907/776-8121 FAX: 907/776-3230",Shipment of anhydrous ammonia and dry-bulk urea.,"Via plant road, gravel, various widths; from Kenai Spur Highway, asphalt, 40 feet wide.",None.,"Crude Petroleum | Distillate,Residual & Other Fuel Oils; Lube Oil & Greases | Fertilizers | Other Chemicals and Related Products","Steel pile, concrete-decked wharf with two concrete- capped steel-pile breasting platforms in line with face on each side, each with three caisson-mooring dolphins in rear of line of face on each side connected by steel- truss grating-decked catwalks. Wharf, fronted by timber- and-steel fender system, has one 1,573- by 10-foot covered approach.","One fixed, electric bulk-urea loading tower on wharf with telescopic-loading spout with trimming head on 84-foot- long hinged-conveyor boom (1,000 tons per hour) serves a 42-inch, electric belt-conveyor extending from two steel frame, metal-covered storage buildings in rear; total capacity 125,000 tons. One 12- and two 6-inch, unused swivel-jointed loading arms; and one 20-ton hydraulic and one 10-ton, electric stiff-leg derricks with small util- ity hoist on retractable boom for handling hoses and equipment. ","One 12-inch vessel connection on wharf connects with two 6-inch pipelines extending from two anhydrous-ammonia storage tanks; total capacity 85,000 tons.",MLLW (Mean Lower Low Water),45,45,1135,1135,38,38,,01-JAN-1990,-151.3848,60.6735100000001
20313,58.289138,-134.39622,94811-401,1K4A,61414,JNU,AJ CRUISE DOCK,Dock,Validated for TOWS and Public,"Easterly bank of Gastineau Channel, Juneau,  approximately 1.3 miles below Juneau-Douglas Bridge.",,Juneau,AK,99801,Juneau,110,116,00,8071,0,4810,"Juneau Harbor, AK",4823.00,"Juneau, AK",,,0,East,,,,,,,,,,,,,,,,,,01-JAN-2024,-134.39622,58.289138
20353,61.225556,-149.90666,95290-385,0YEG,37484,ANC,SHIP CREEK BOAT DOCKS,Dock,Validated for TOWS and Public,"Easterly shore of Knik Arm, Anchorage, at south side of Ship Creek.",824 Delaney Street.,Anchorage,AK,99501,Anchorage,20,112,00,8148,0,4820,"Port of Alaska, AK",4820.00,"Port of Alaska, AK",,,0,East,"Current Operator: Cook Inlet Tug & Barge Co., Inc. Phone: 907/277-7611 FAX: 907/272-3410",Current Owner: Alaska Railroad Co.,Mooring company-owned tugs.,"Via Ship Creek Point, asphalt, 24 feet wide; from Western Drive, dual lane, each asphalt, various widths.",None.,"Forest Products, Lumber, Logs, Woodchips | Primary Non-Ferrous Metal Products;Fabricated Metal Prods. | Primary Wood Products; Veneer; Plywood | All Manufactured Equipment, Machinery and Products","Steel barge with 5-foot-wide steel pile, steel-decked catwalk approach.",None.,Boat-access ramp at Ship Creek Point is located north of dock.,MLLW (Mean Lower Low Water),4,18,160,160,,,,03-JAN-2005,-149.90666,61.225556
20440,58.072972,-154.51083,95400-210,1K47,61411,PIP,"AMALIK BAY, AK",Anchorage,Validated for TOWS and Public,,,PILOT POINT,AK,99649,Kodiak Island,150,116,00,8166,0,4590,"Shelikof Strait, AK",,,,,0,,,,,,,,,,,,,,,,,,,01-JAN-2024,-154.51083,58.072972
20441,58.310544,-154.24706,95400-220,1K48,61412,PIP,"KUKAK BAY, AK",Anchorage,Validated for TOWS and Public,,,PILOT POINT,AK,99649,Kodiak Island,150,116,00,8166,0,4590,"Shelikof Strait, AK",,,,,0,,,,,,,,,,,,,,,,,,,01-JAN-2024,-154.24706,58.310544
20442,56.061502,-156.68571,95400-230,1K49,61413,PIP,"SEMDI ISLANDS, AK",Anchorage,Validated for TOWS and Public,,,PILOT POINT,AK,99649,Kodiak Island,150,116,00,8166,0,4590,"Shelikof Strait, AK",,,,,0,,,,,,,,,,,,,,,,,,,01-JAN-2024,-156.68571,56.0615020000001
