{"type":"FeatureCollection","crs":{"type":"name","properties":{"name":"EPSG:3857"}},"features":[{"type":"Feature","id":4403,"geometry":{"type":"Point","coordinates":[-9503389.4568,3839238.6052]},"properties":{"OBJECTID":4403,"Company":"ENT PROPANE TERMINALS & STORAGE LLC","Site":"OPELIKA PROPANE TERMINAL","City":"OPELIKA","State":"ALABAMA","PADD":3,"Source":"Form EIA-815, Monthly Terminal Blenders Report","Period":"January 2025","Longitude":-85.3704,"Latitude":32.5766}},{"type":"Feature","id":4404,"geometry":{"type":"Point","coordinates":[-9696816.089,3969962.4603]},"properties":{"OBJECTID":4404,"Company":"ERGON ASPHALT & EMULSIONS INC","Site":"BIRMINGPORT","City":"BIRMINGHAM","State":"ALABAMA","PADD":3,"Source":"Form EIA-815, Monthly Terminal Blenders Report","Period":"January 2025","Longitude":-87.107981,"Latitude":33.560672}},{"type":"Feature","id":4405,"geometry":{"type":"Point","coordinates":[-9665820.8465,3966596.9194]},"properties":{"OBJECTID":4405,"Company":"LINCOLN BIRMINGHAM LLC","Site":"BIRMINGHAM AL","City":"BIRMINGHAM","State":"ALABAMA","PADD":3,"Source":"Form EIA-815, Monthly Terminal Blenders Report","Period":"January 2025","Longitude":-86.829546,"Latitude":33.535475}},{"type":"Feature","id":4406,"geometry":{"type":"Point","coordinates":[-9802763.7464,3602658.6292]},"properties":{"OBJECTID":4406,"Company":"PETROLEUM FUEL & TERMINAL CO","Site":"CHICKASAW","City":"CHICKASAW","State":"ALABAMA","PADD":3,"Source":"Form EIA-815, Monthly Terminal Blenders Report","Period":"January 2025","Longitude":-88.059725,"Latitude":30.76802}},{"type":"Feature","id":4407,"geometry":{"type":"Point","coordinates":[-9665815.7258,3966533.4835]},"properties":{"OBJECTID":4407,"Company":"LINCOLN BIRMINGHAM LLC","Site":"BIRMINGHAM","City":"BIRMINGHAM","State":"ALABAMA","PADD":3,"Source":"Form EIA-815, Monthly Terminal Blenders Report","Period":"January 2025","Longitude":-86.8295,"Latitude":33.535}},{"type":"Feature","id":4408,"geometry":{"type":"Point","coordinates":[-9765038.0162,4130130.6233]},"properties":{"OBJECTID":4408,"Company":"MURPHY OIL USA INC","Site":"SHEFFIELD","City":"SHEFFIELD","State":"ALABAMA","PADD":3,"Source":"Form EIA-815, Monthly Terminal Blenders Report","Period":"January 2025","Longitude":-87.720829,"Latitude":34.751268}},{"type":"Feature","id":4409,"geometry":{"type":"Point","coordinates":[-9671254.5735,3955870.3856]},"properties":{"OBJECTID":4409,"Company":"MPLX TERMINALS LLC","Site":"BIRMINGHAM","City":"BIRMINGHAM","State":"ALABAMA","PADD":3,"Source":"Form EIA-815, Monthly Terminal Blenders Report","Period":"January 2025","Longitude":-86.878358,"Latitude":33.455119}},{"type":"Feature","id":4410,"geometry":{"type":"Point","coordinates":[-9612409.0869,3800843.9801]},"properties":{"OBJECTID":4410,"Company":"BUCKEYE TERMINALS LLC","Site":"MONTGOMERY","City":"MONTGOMERY","State":"ALABAMA","PADD":3,"Source":"Form EIA-815, Monthly Terminal Blenders Report","Period":"January 2025","Longitude":-86.34974,"Latitude":32.285488}},{"type":"Feature","id":4411,"geometry":{"type":"Point","coordinates":[-9800417.7994,3595559.6148]},"properties":{"OBJECTID":4411,"Company":"BWC TERMINALS LLC","Site":"MOBILE","City":"MOBILE","State":"ALABAMA","PADD":3,"Source":"Form EIA-815, Monthly Terminal Blenders Report","Period":"January 2025","Longitude":-88.038651,"Latitude":30.713209}},{"type":"Feature","id":4412,"geometry":{"type":"Point","coordinates":[-9671232.3096,3955070.1256]},"properties":{"OBJECTID":4412,"Company":"SUNOCO LLC","Site":"BIRMINGHAM","City":"BIRMINGHAM","State":"ALABAMA","PADD":3,"Source":"Form EIA-815, Monthly Terminal Blenders Report","Period":"January 2025","Longitude":-86.878158,"Latitude":33.449121}},{"type":"Feature","id":4413,"geometry":{"type":"Point","coordinates":[-9616282.0033,3809469.4482]},"properties":{"OBJECTID":4413,"Company":"SOUTH FLORIDA MATERIALS CORP","Site":"MONTGOMERY","City":"MONTGOMERY","State":"ALABAMA","PADD":3,"Source":"Form EIA-815, Monthly Terminal Blenders Report","Period":"January 2025","Longitude":-86.384531,"Latitude":32.350969}},{"type":"Feature","id":4414,"geometry":{"type":"Point","coordinates":[-9813294.4589,3585087.6765]},"properties":{"OBJECTID":4414,"Company":"PETROLEUM FUEL & TERMINAL CO","Site":"BLAKELEY ISLAND","City":"MOBILE","State":"ALABAMA","PADD":3,"Source":"Form EIA-815, Monthly Terminal Blenders Report","Period":"January 2025","Longitude":-88.154324,"Latitude":30.632299}},{"type":"Feature","id":4415,"geometry":{"type":"Point","coordinates":[-9810868.3619,3586717.6215]},"properties":{"OBJECTID":4415,"Company":"MARTIN ENERGY SERVICES LLC","Site":"BLAKELEY ISLAND","City":"MOBILE","State":"ALABAMA","PADD":3,"Source":"Form EIA-815, Monthly Terminal Blenders Report","Period":"January 2025","Longitude":-88.13253,"Latitude":30.644897}},{"type":"Feature","id":4416,"geometry":{"type":"Point","coordinates":[-9615710.7117,3809752.3669]},"properties":{"OBJECTID":4416,"Company":"US VENTURE INC","Site":"MONTGOMERY","City":"MONTGOMERY","State":"ALABAMA","PADD":3,"Source":"Form EIA-815, Monthly Terminal Blenders Report","Period":"January 2025","Longitude":-86.379399,"Latitude":32.353116}},{"type":"Feature","id":4417,"geometry":{"type":"Point","coordinates":[-9548555.7817,3977189.5961]},"properties":{"OBJECTID":4417,"Company":"MURPHY OIL USA INC","Site":"ANNISTON","City":"ANNISTON","State":"ALABAMA","PADD":3,"Source":"Form EIA-815, Monthly Terminal Blenders Report","Period":"January 2025","Longitude":-85.776136,"Latitude":33.614755}},{"type":"Feature","id":4418,"geometry":{"type":"Point","coordinates":[-9800428.9314,3594687.7186]},"properties":{"OBJECTID":4418,"Company":"BWC TERMINALS LLC","Site":"BLAKELY TERMINALS","City":"MOBILE","State":"ALABAMA","PADD":3,"Source":"Form EIA-815, Monthly Terminal Blenders Report","Period":"January 2025","Longitude":-88.038751,"Latitude":30.706475}},{"type":"Feature","id":4419,"geometry":{"type":"Point","coordinates":[-9668424.8321,3958861.6439]},"properties":{"OBJECTID":4419,"Company":"BUCKEYE TERMINALS LLC","Site":"BIRMINGHAM","City":"BIRMINGHAM","State":"ALABAMA","PADD":3,"Source":"Form EIA-815, Monthly Terminal Blenders Report","Period":"January 2025","Longitude":-86.852938,"Latitude":33.477535}},{"type":"Feature","id":4420,"geometry":{"type":"Point","coordinates":[-9704070.4462,3996330.8138]},"properties":{"OBJECTID":4420,"Company":"UNITED REFINING CO","Site":"VULCAN","City":"CORDOVA","State":"ALABAMA","PADD":3,"Source":"Form EIA-815, Monthly Terminal Blenders Report","Period":"January 2025","Longitude":-87.173148,"Latitude":33.757831}},{"type":"Feature","id":4421,"geometry":{"type":"Point","coordinates":[-9671005.6631,3956823.6184]},"properties":{"OBJECTID":4421,"Company":"CITGO PETROLEUM CORP","Site":"BIRMINGHAM","City":"BIRMINGHAM","State":"ALABAMA","PADD":3,"Source":"Form EIA-815, Monthly Terminal Blenders Report","Period":"January 2025","Longitude":-86.876122,"Latitude":33.462263}},{"type":"Feature","id":4422,"geometry":{"type":"Point","coordinates":[-9755750.1858,3893602.3137]},"properties":{"OBJECTID":4422,"Company":"JET EPIC LLC","Site":"MOUNDVILLE","City":"MOUNDVILLE","State":"ALABAMA","PADD":3,"Source":"Form EIA-815, Monthly Terminal Blenders Report","Period":"January 2025","Longitude":-87.637395,"Latitude":32.987179}},{"type":"Feature","id":4423,"geometry":{"type":"Point","coordinates":[-9801509.621,3866627.4997]},"properties":{"OBJECTID":4423,"Company":"ENTERPRISE REFINED PRODUCTS CO LLC","Site":"BOLIGEE TERMINAL","City":"BOLIGEE","State":"ALABAMA","PADD":3,"Source":"Form EIA-815, Monthly Terminal Blenders Report","Period":"January 2025","Longitude":-88.048459,"Latitude":32.78369}},{"type":"Feature","id":4424,"geometry":{"type":"Point","coordinates":[-9662860.082,3932768.3469]},"properties":{"OBJECTID":4424,"Company":"COLONIAL PIPELINE CO","Site":"PELHAM","City":"PELHAM","State":"ALABAMA","PADD":3,"Source":"Form EIA-815, Monthly Terminal Blenders Report","Period":"January 2025","Longitude":-86.802949,"Latitude":33.281801}},{"type":"Feature","id":4425,"geometry":{"type":"Point","coordinates":[-9616622.5297,3809846.3232]},"properties":{"OBJECTID":4425,"Company":"MURPHY OIL USA INC","Site":"MONTGOMERY","City":"MONTGOMERY","State":"ALABAMA","PADD":3,"Source":"Form EIA-815, Monthly Terminal Blenders Report","Period":"January 2025","Longitude":-86.38759,"Latitude":32.353829}},{"type":"Feature","id":4426,"geometry":{"type":"Point","coordinates":[-9671252.4584,3956251.8561]},"properties":{"OBJECTID":4426,"Company":"CIRCLE K TERMINAL ALABAMA LLC","Site":"BIRMINGHAM","City":"BIRMINGHAM","State":"ALABAMA","PADD":3,"Source":"Form EIA-815, Monthly Terminal Blenders Report","Period":"January 2025","Longitude":-86.878339,"Latitude":33.457978}},{"type":"Feature","id":4427,"geometry":{"type":"Point","coordinates":[-9777903.3211,3831433.8921]},"properties":{"OBJECTID":4427,"Company":"ENT PROPANE TERMINALS & STORAGE LLC","Site":"DEMOPOLIS PROPANE TERMINAL","City":"DEMOPOLIS","State":"ALABAMA","PADD":3,"Source":"Form EIA-815, Monthly Terminal Blenders Report","Period":"January 2025","Longitude":-87.8364,"Latitude":32.5175}},{"type":"Feature","id":4428,"geometry":{"type":"Point","coordinates":[-9671752.0603,3956124.8313]},"properties":{"OBJECTID":4428,"Company":"SHELL OIL PRODUCTS US","Site":"BIRMINGHAM BLENDING TERMINAL","City":"BIRMINGHAM","State":"ALABAMA","PADD":3,"Source":"Form EIA-815, Monthly Terminal Blenders Report","Period":"January 2025","Longitude":-86.882827,"Latitude":33.457026}},{"type":"Feature","id":4429,"geometry":{"type":"Point","coordinates":[-9737837.21,3927148.8799]},"properties":{"OBJECTID":4429,"Company":"WARRIOR ASPHALT INC","Site":"TUSCALOOSA","City":"TUSCALOOSA","State":"ALABAMA","PADD":3,"Source":"Form EIA-815, Monthly Terminal Blenders Report","Period":"January 2025","Longitude":-87.47648,"Latitude":33.23959}},{"type":"Feature","id":4430,"geometry":{"type":"Point","coordinates":[-9804647.7175,3598083.5886]},"properties":{"OBJECTID":4430,"Company":"BARCLIFF LLC","Site":"MOBILE","City":"MOBILE","State":"ALABAMA","PADD":3,"Source":"Form EIA-815, Monthly Terminal Blenders Report","Period":"January 2025","Longitude":-88.076649,"Latitude":30.7327}},{"type":"Feature","id":4431,"geometry":{"type":"Point","coordinates":[-9670534.1138,3956536.0658]},"properties":{"OBJECTID":4431,"Company":"BUCKEYE SE TERMINALS LP","Site":"BIRMINGHAM 481","City":"BIRMINGHAM","State":"ALABAMA","PADD":3,"Source":"Form EIA-815, Monthly Terminal Blenders Report","Period":"January 2025","Longitude":-86.871886,"Latitude":33.460108}},{"type":"Feature","id":4432,"geometry":{"type":"Point","coordinates":[-9808146.7117,3571507.6561]},"properties":{"OBJECTID":4432,"Company":"MARTIN ENERGY SERVICES LLC","Site":"THEODORE","City":"THEODORE","State":"ALABAMA","PADD":3,"Source":"Form EIA-815, Monthly Terminal Blenders Report","Period":"January 2025","Longitude":-88.108081,"Latitude":30.527274}},{"type":"Feature","id":4433,"geometry":{"type":"Point","coordinates":[-9802834.6569,3603012.1896]},"properties":{"OBJECTID":4433,"Company":"BWC TERMINALS LLC","Site":"CHICKASAW  TERMINAL","City":"CHICKASAW","State":"ALABAMA","PADD":3,"Source":"Form EIA-815, Monthly Terminal Blenders Report","Period":"January 2025","Longitude":-88.060362,"Latitude":30.770749}},{"type":"Feature","id":4434,"geometry":{"type":"Point","coordinates":[-9799675.0758,3593603.436]},"properties":{"OBJECTID":4434,"Company":"BARCLIFF LLC","Site":"MOBILE","City":"MOBILE","State":"ALABAMA","PADD":3,"Source":"Form EIA-815, Monthly Terminal Blenders Report","Period":"January 2025","Longitude":-88.031979,"Latitude":30.6981}},{"type":"Feature","id":4435,"geometry":{"type":"Point","coordinates":[-9799765.3559,3593414.4244]},"properties":{"OBJECTID":4435,"Company":"ALABAMA BULK TERMINAL","Site":"ALABAMA BULK TERMINAL","City":"MOBILE","State":"ALABAMA","PADD":3,"Source":"Form EIA-815, Monthly Terminal Blenders Report","Period":"January 2025","Longitude":-88.03279,"Latitude":30.69664}},{"type":"Feature","id":4436,"geometry":{"type":"Point","coordinates":[-9670988.6313,3956526.1917]},"properties":{"OBJECTID":4436,"Company":"KINDER MORGAN SOUTHEAST TERMINAL","Site":"BIRMINGHAM","City":"BIRMINGHAM","State":"ALABAMA","PADD":3,"Source":"Form EIA-815, Monthly Terminal Blenders Report","Period":"January 2025","Longitude":-86.875969,"Latitude":33.460034}},{"type":"Feature","id":4437,"geometry":{"type":"Point","coordinates":[-9616745.649,3809982.8445]},"properties":{"OBJECTID":4437,"Company":"JET EPIC LLC","Site":"MONTGOMERY","City":"MONTGOMERY","State":"ALABAMA","PADD":3,"Source":"Form EIA-815, Monthly Terminal Blenders Report","Period":"January 2025","Longitude":-86.388696,"Latitude":32.354865}},{"type":"Feature","id":4438,"geometry":{"type":"Point","coordinates":[-9608810.3504,3816434.6005]},"properties":{"OBJECTID":4438,"Company":"MPLX TERMINALS LLC","Site":"MONTGOMERY","City":"MONTGOMERY","State":"ALABAMA","PADD":3,"Source":"Form EIA-815, Monthly Terminal Blenders Report","Period":"January 2025","Longitude":-86.317412,"Latitude":32.403811}},{"type":"Feature","id":4439,"geometry":{"type":"Point","coordinates":[-9671262.1432,3956454.8051]},"properties":{"OBJECTID":4439,"Company":"CHEVRON USA INC BIRMINGHAM","Site":"BIRMINGHAM TERMINAL","City":"BIRMINGHAM","State":"ALABAMA","PADD":3,"Source":"Form EIA-815, Monthly Terminal Blenders Report","Period":"January 2025","Longitude":-86.878426,"Latitude":33.459499}},{"type":"Feature","id":4440,"geometry":{"type":"Point","coordinates":[-16170998.9319,10032734.1152]},"properties":{"OBJECTID":4440,"Company":"CROWLEY FUELS LLC","Site":"FORT YUKON","City":"FORT YUKON","State":"ALASKA","PADD":5,"Source":"Form EIA-815, Monthly Terminal Blenders Report","Period":"January 2025","Longitude":-145.266555,"Latitude":66.56326}},{"type":"Feature","id":4441,"geometry":{"type":"Point","coordinates":[-16685772.206,8678733.7062]},"properties":{"OBJECTID":4441,"Company":"ANDEAVOR LOGISTICS LP","Site":"ANCHORAGE T276","City":"ANCHORAGE","State":"ALASKA","PADD":5,"Source":"Form EIA-815, Monthly Terminal Blenders Report","Period":"January 2025","Longitude":-149.890842,"Latitude":61.229597}},{"type":"Feature","id":4442,"geometry":{"type":"Point","coordinates":[-14965272.1463,8030149.5806]},"properties":{"OBJECTID":4442,"Company":"PETRO 49 INC","Site":"JUNEAU","City":"JUNEAU","State":"ALASKA","PADD":5,"Source":"Form EIA-815, Monthly Terminal Blenders Report","Period":"January 2025","Longitude":-134.435327,"Latitude":58.297855}},{"type":"Feature","id":4443,"geometry":{"type":"Point","coordinates":[-14652681.4501,7427112.6783]},"properties":{"OBJECTID":4443,"Company":"PETRO 49 INC","Site":"KETCHIKAN","City":"KETCHIKAN","State":"ALASKA","PADD":5,"Source":"Form EIA-815, Monthly Terminal Blenders Report","Period":"January 2025","Longitude":-131.627277,"Latitude":55.334778}},{"type":"Feature","id":4444,"geometry":{"type":"Point","coordinates":[-16682158.998,8675947.904]},"properties":{"OBJECTID":4444,"Company":"PETRO STAR INC","Site":"POA TERMINAL","City":"ANCHORAGE","State":"ALASKA","PADD":5,"Source":"Form EIA-815, Monthly Terminal Blenders Report","Period":"January 2025","Longitude":-149.858384,"Latitude":61.21755}},{"type":"Feature","id":4445,"geometry":{"type":"Point","coordinates":[-18540333.2153,7143577.8968]},"properties":{"OBJECTID":4445,"Company":"PETRO STAR INC","Site":"CAPTAIN`S BAY","City":"UNALASKA","State":"ALASKA","PADD":5,"Source":"Form EIA-815, Monthly Terminal Blenders Report","Period":"January 2025","Longitude":-166.550647,"Latitude":53.859425}},{"type":"Feature","id":4446,"geometry":{"type":"Point","coordinates":[-15064361.4099,7770545.2792]},"properties":{"OBJECTID":4446,"Company":"PETRO 49 INC","Site":"SITKA","City":"SITKA","State":"ALASKA","PADD":5,"Source":"Form EIA-815, Monthly Terminal Blenders Report","Period":"January 2025","Longitude":-135.325461,"Latitude":57.050978}},{"type":"Feature","id":4447,"geometry":{"type":"Point","coordinates":[-18098324.9282,10128271.1774]},"properties":{"OBJECTID":4447,"Company":"CROWLEY FUELS LLC","Site":"KOTZEBUE","City":"KOTZEBUE","State":"ALASKA","PADD":5,"Source":"Form EIA-815, Monthly Terminal Blenders Report","Period":"January 2025","Longitude":-162.580019,"Latitude":66.90227}},{"type":"Feature","id":4448,"geometry":{"type":"Point","coordinates":[-17470156.8341,9538472.2356]},"properties":{"OBJECTID":4448,"Company":"CROWLEY FUELS LLC","Site":"GALENA","City":"GALENA","State":"ALASKA","PADD":5,"Source":"Form EIA-815, Monthly Terminal Blenders Report","Period":"January 2025","Longitude":-156.937089,"Latitude":64.73331}},{"type":"Feature","id":4449,"geometry":{"type":"Point","coordinates":[-18537226.511,7152388.9979]},"properties":{"OBJECTID":4449,"Company":"PETRO STAR INC","Site":"BALLYHOO","City":"UNALASKA","State":"ALASKA","PADD":5,"Source":"Form EIA-815, Monthly Terminal Blenders Report","Period":"January 2025","Longitude":-166.522739,"Latitude":53.90608}},{"type":"Feature","id":4450,"geometry":{"type":"Point","coordinates":[-16854902.914,8311378.9432]},"properties":{"OBJECTID":4450,"Company":"PETRO 49 INC","Site":"HOMER","City":"HOMER","State":"ALASKA","PADD":5,"Source":"Form EIA-815, Monthly Terminal Blenders Report","Period":"January 2025","Longitude":-151.410169,"Latitude":59.600742}},{"type":"Feature","id":4451,"geometry":{"type":"Point","coordinates":[-18413467.2897,9477827.4934]},"properties":{"OBJECTID":4451,"Company":"CROWLEY FUELS LLC","Site":"NOME","City":"NOME","State":"ALASKA","PADD":5,"Source":"Form EIA-815, Monthly Terminal Blenders Report","Period":"January 2025","Longitude":-165.410991,"Latitude":64.499778}},{"type":"Feature","id":4452,"geometry":{"type":"Point","coordinates":[-16684940.9834,8680129.899]},"properties":{"OBJECTID":4452,"Company":"ANDEAVOR LOGISTICS LP","Site":"ANCHORAGE TO22 TERMINAL","City":"ANCHORAGE","State":"ALASKA","PADD":5,"Source":"Form EIA-815, Monthly Terminal Blenders Report","Period":"January 2025","Longitude":-149.883375,"Latitude":61.235633}},{"type":"Feature","id":4453,"geometry":{"type":"Point","coordinates":[-15078592.2709,8231503.8601]},"properties":{"OBJECTID":4453,"Company":"DELTA WESTERN INC","Site":"HAINES","City":"HAINES","State":"ALASKA","PADD":5,"Source":"Form EIA-815, Monthly Terminal Blenders Report","Period":"January 2025","Longitude":-135.453299,"Latitude":59.23569}},{"type":"Feature","id":4454,"geometry":{"type":"Point","coordinates":[-18009127.9599,8576070.3249]},"properties":{"OBJECTID":4454,"Company":"CROWLEY FUELS LLC","Site":"BETHEL","City":"BETHEL","State":"ALASKA","PADD":5,"Source":"Form EIA-815, Monthly Terminal Blenders Report","Period":"January 2025","Longitude":-161.778749,"Latitude":60.78258}},{"type":"Feature","id":4455,"geometry":{"type":"Point","coordinates":[-15071228.8206,7784368.6898]},"properties":{"OBJECTID":4455,"Company":"DELTA WESTERN INC","Site":"SITKA","City":"SITKA","State":"ALASKA","PADD":5,"Source":"Form EIA-815, Monthly Terminal Blenders Report","Period":"January 2025","Longitude":-135.387152,"Latitude":57.118456}},{"type":"Feature","id":4456,"geometry":{"type":"Point","coordinates":[-15063022.0138,8280450.0685]},"properties":{"OBJECTID":4456,"Company":"PETRO 49 INC","Site":"SKAGWAY","City":"SKAGWAY","State":"ALASKA","PADD":5,"Source":"Form EIA-815, Monthly Terminal Blenders Report","Period":"January 2025","Longitude":-135.313429,"Latitude":59.459855}},{"type":"Feature","id":4457,"geometry":{"type":"Point","coordinates":[-16679287.5117,8658005.7782]},"properties":{"OBJECTID":4457,"Company":"FROSTY FUELS LLC","Site":"COLD BAY","City":"COLD BAY","State":"ALASKA","PADD":5,"Source":"Form EIA-815, Monthly Terminal Blenders Report","Period":"January 2025","Longitude":-149.832589,"Latitude":61.13985}},{"type":"Feature","id":4458,"geometry":{"type":"Point","coordinates":[-18176641.5296,8873025.0824]},"properties":{"OBJECTID":4458,"Company":"CROWLEY FUELS LLC","Site":"ST MARYS","City":"SAINT MARYS","State":"ALASKA","PADD":5,"Source":"Form EIA-815, Monthly Terminal Blenders Report","Period":"January 2025","Longitude":-163.283549,"Latitude":62.05849}},{"type":"Feature","id":4459,"geometry":{"type":"Point","coordinates":[-14960188.4078,8028205.8323]},"properties":{"OBJECTID":4459,"Company":"DELTA WESTERN INC","Site":"JUNEAU","City":"JUNEAU","State":"ALASKA","PADD":5,"Source":"Form EIA-815, Monthly Terminal Blenders Report","Period":"January 2025","Longitude":-134.389659,"Latitude":58.288678}},{"type":"Feature","id":4460,"geometry":{"type":"Point","coordinates":[-16224745.5405,8521273.7452]},"properties":{"OBJECTID":4460,"Company":"SHORESIDE PETROLEUM INC","Site":"CORDOVA","City":"CORDOVA","State":"ALASKA","PADD":5,"Source":"Form EIA-815, Monthly Terminal Blenders Report","Period":"January 2025","Longitude":-145.749369,"Latitude":60.5414}},{"type":"Feature","id":4461,"geometry":{"type":"Point","coordinates":[-18874767.4672,7678327.0596]},"properties":{"OBJECTID":4461,"Company":"ST GEORGE DELTA FUEL CO","Site":"ST GEORGE ISLAND","City":"ST GEORGE","State":"ALASKA","PADD":5,"Source":"Form EIA-815, Monthly Terminal Blenders Report","Period":"January 2025","Longitude":-169.554921,"Latitude":56.597672}},{"type":"Feature","id":4462,"geometry":{"type":"Point","coordinates":[-16292776.8888,8655529.2213]},"properties":{"OBJECTID":4462,"Company":"PETRO STAR INC","Site":"VPT","City":"VALDEZ","State":"ALASKA","PADD":5,"Source":"Form EIA-815, Monthly Terminal Blenders Report","Period":"January 2025","Longitude":-146.360505,"Latitude":61.12911}},{"type":"Feature","id":4463,"geometry":{"type":"Point","coordinates":[-17303254.4083,8706742.9747]},"properties":{"OBJECTID":4463,"Company":"CROWLEY FUELS LLC","Site":"ANIAK","City":"ANIAK","State":"ALASKA","PADD":5,"Source":"Form EIA-815, Monthly Terminal Blenders Report","Period":"January 2025","Longitude":-155.437779,"Latitude":61.350465}},{"type":"Feature","id":4464,"geometry":{"type":"Point","coordinates":[-14960561.7733,8028179.5718]},"properties":{"OBJECTID":4464,"Company":"PETROLEUM 49 INC","Site":"JUNEAU PLANT","City":"JUNEAU","State":"ALASKA","PADD":5,"Source":"Form EIA-815, Monthly Terminal Blenders Report","Period":"January 2025","Longitude":-134.393013,"Latitude":58.288554}},{"type":"Feature","id":4465,"geometry":{"type":"Point","coordinates":[-18489304.0268,8749091.8355]},"properties":{"OBJECTID":4465,"Company":"CROWLEY FUELS LLC","Site":"HOOPER BAY","City":"HOOPER BAY","State":"ALASKA","PADD":5,"Source":"Form EIA-815, Monthly Terminal Blenders Report","Period":"January 2025","Longitude":-166.092244,"Latitude":61.53233}},{"type":"Feature","id":4466,"geometry":{"type":"Point","coordinates":[-16965441.8325,7922806.2228]},"properties":{"OBJECTID":4466,"Company":"PETRO 49 INC","Site":"KODIAK","City":"KODIAK","State":"ALASKA","PADD":5,"Source":"Form EIA-815, Monthly Terminal Blenders Report","Period":"January 2025","Longitude":-152.403157,"Latitude":57.787483}},{"type":"Feature","id":4467,"geometry":{"type":"Point","coordinates":[-16635583.257,8422691.6461]},"properties":{"OBJECTID":4467,"Company":"PETRO 49 INC","Site":"BARGE DIVISION","City":"SEWARD","State":"ALASKA","PADD":5,"Source":"Form EIA-815, Monthly Terminal Blenders Report","Period":"January 2025","Longitude":-149.439987,"Latitude":60.102938}},{"type":"Feature","id":4468,"geometry":{"type":"Point","coordinates":[-19665431.6277,6778458.553]},"properties":{"OBJECTID":4468,"Company":"ADAK PETROLEUM LLC","Site":"ANCHORAGE","City":"ANCHORAGE","State":"ALASKA","PADD":5,"Source":"Form EIA-815, Monthly Terminal Blenders Report","Period":"January 2025","Longitude":-176.657578,"Latitude":51.880009}},{"type":"Feature","id":4469,"geometry":{"type":"Point","coordinates":[-18412888.7623,9477749.1462]},"properties":{"OBJECTID":4469,"Company":"BONANZA FUEL INC","Site":"NOME","City":"NOME","State":"ALASKA","PADD":5,"Source":"Form EIA-815, Monthly Terminal Blenders Report","Period":"January 2025","Longitude":-165.405794,"Latitude":64.499475}},{"type":"Feature","id":4470,"geometry":{"type":"Point","coordinates":[-16826706.8002,8510073.5043]},"properties":{"OBJECTID":4470,"Company":"PETRO 49 INC","Site":"SOLDOTNA","City":"SOLDOTNA","State":"ALASKA","PADD":5,"Source":"Form EIA-815, Monthly Terminal Blenders Report","Period":"January 2025","Longitude":-151.156879,"Latitude":60.491881}},{"type":"Feature","id":4471,"geometry":{"type":"Point","coordinates":[-16852057.1425,8554624.2525]},"properties":{"OBJECTID":4471,"Company":"ANDEAVOR LOGISTICS LP","Site":"NIKISKI RACK","City":"NIKISKI","State":"ALASKA","PADD":5,"Source":"Form EIA-815, Monthly Terminal Blenders Report","Period":"January 2025","Longitude":-151.384605,"Latitude":60.688403}},{"type":"Feature","id":4472,"geometry":{"type":"Point","coordinates":[-14736945.5179,7651371.3372]},"properties":{"OBJECTID":4472,"Company":"PETRO 49 INC","Site":"WRANGELL","City":"WRANGELL","State":"ALASKA","PADD":5,"Source":"Form EIA-815, Monthly Terminal Blenders Report","Period":"January 2025","Longitude":-132.384234,"Latitude":56.464131}},{"type":"Feature","id":4473,"geometry":{"type":"Point","coordinates":[-18535937.8766,7151944.7609]},"properties":{"OBJECTID":4473,"Company":"PETRO STAR INC","Site":"RESOFF","City":"UNALASKA","State":"ALASKA","PADD":5,"Source":"Form EIA-815, Monthly Terminal Blenders Report","Period":"January 2025","Longitude":-166.511163,"Latitude":53.903729}},{"type":"Feature","id":4474,"geometry":{"type":"Point","coordinates":[-17640436.9158,8188875.5901]},"properties":{"OBJECTID":4474,"Company":"BRISTOL ALLIANCE FUELS LLC","Site":"DILLINGHAM DOWNTOWN TANK FARM","City":"DILLINGHAM","State":"ALASKA","PADD":5,"Source":"Form EIA-815, Monthly Terminal Blenders Report","Period":"January 2025","Longitude":-158.466741,"Latitude":59.039252}},{"type":"Feature","id":4475,"geometry":{"type":"Point","coordinates":[-18539212.4507,7145554.5579]},"properties":{"OBJECTID":4475,"Company":"PETRO STAR INC","Site":"WESTWARD","City":"UNALASKA","State":"ALASKA","PADD":5,"Source":"Form EIA-815, Monthly Terminal Blenders Report","Period":"January 2025","Longitude":-166.540579,"Latitude":53.869896}},{"type":"Feature","id":4476,"geometry":{"type":"Point","coordinates":[-18953955.1436,7788816.9982]},"properties":{"OBJECTID":4476,"Company":"ST PAUL FUEL LLC","Site":"ST PAUL TERMINAL","City":"ST PAUL","State":"ALASKA","PADD":5,"Source":"Form EIA-815, Monthly Terminal Blenders Report","Period":"January 2025","Longitude":-170.266276,"Latitude":57.140144}},{"type":"Feature","id":4477,"geometry":{"type":"Point","coordinates":[-18539121.1687,7148917.3966]},"properties":{"OBJECTID":4477,"Company":"DELTA WESTERN INC","Site":"DUTCH HARBOR","City":"UNALASKA","State":"ALASKA","PADD":5,"Source":"Form EIA-815, Monthly Terminal Blenders Report","Period":"January 2025","Longitude":-166.539759,"Latitude":53.887704}},{"type":"Feature","id":4478,"geometry":{"type":"Point","coordinates":[-17642197.9901,8188495.1948]},"properties":{"OBJECTID":4478,"Company":"BRISTOL ALLIANCE FUELS LLC","Site":"DILLINGHAM TANK FARM","City":"DILLINGHAM","State":"ALASKA","PADD":5,"Source":"Form EIA-815, Monthly Terminal Blenders Report","Period":"January 2025","Longitude":-158.482561,"Latitude":59.037494}},{"type":"Feature","id":4479,"geometry":{"type":"Point","coordinates":[-16402061.5707,9540041.6671]},"properties":{"OBJECTID":4479,"Company":"MPC ALASKA TERMINAL COMPANY LLC","Site":"NORTH POLE TERMINAL","City":"NORTH POLE","State":"ALASKA","PADD":5,"Source":"Form EIA-815, Monthly Terminal Blenders Report","Period":"January 2025","Longitude":-147.342226,"Latitude":64.739327}},{"type":"Feature","id":4480,"geometry":{"type":"Point","coordinates":[-17470212.4938,8125816.7559]},"properties":{"OBJECTID":4480,"Company":"BRISTOL ALLIANCE FUELS LLC","Site":"NAKNEK TANK FARM","City":"NAKNEK","State":"ALASKA","PADD":5,"Source":"Form EIA-815, Monthly Terminal Blenders Report","Period":"January 2025","Longitude":-156.937589,"Latitude":58.746595}},{"type":"Feature","id":4481,"geometry":{"type":"Point","coordinates":[-14801972.1306,7720918.4171]},"properties":{"OBJECTID":4481,"Company":"PETRO 49 INC","Site":"PETERSBURG","City":"PETERSBURG","State":"ALASKA","PADD":5,"Source":"Form EIA-815, Monthly Terminal Blenders Report","Period":"January 2025","Longitude":-132.968378,"Latitude":56.807715}},{"type":"Feature","id":4482,"geometry":{"type":"Point","coordinates":[-15547755.8346,8291494.4736]},"properties":{"OBJECTID":4482,"Company":"DELTA WESTERN INC","Site":"YAKUTAT","City":"YAKUTAT","State":"ALASKA","PADD":5,"Source":"Form EIA-815, Monthly Terminal Blenders Report","Period":"January 2025","Longitude":-139.667867,"Latitude":59.510232}},{"type":"Feature","id":4483,"geometry":{"type":"Point","coordinates":[-16403010.458,9541738.2563]},"properties":{"OBJECTID":4483,"Company":"PETRO STAR INC","Site":"FAIRBANKS TERMINAL","City":"FAIRBANKS","State":"ALASKA","PADD":5,"Source":"Form EIA-815, Monthly Terminal Blenders Report","Period":"January 2025","Longitude":-147.35075,"Latitude":64.74583}},{"type":"Feature","id":4484,"geometry":{"type":"Point","coordinates":[-14663448.6053,7441691.964]},"properties":{"OBJECTID":4484,"Company":"DELTA WESTERN INC","Site":"KETCHIKAN","City":"KETCHIKAN","State":"ALASKA","PADD":5,"Source":"Form EIA-815, Monthly Terminal Blenders Report","Period":"January 2025","Longitude":-131.724,"Latitude":55.4092}},{"type":"Feature","id":4485,"geometry":{"type":"Point","coordinates":[-17320059.7552,9090629.5089]},"properties":{"OBJECTID":4485,"Company":"NORTHERN PETROLEUM SERVICES","Site":"MCGRATH FUEL TERMINAL","City":"MCGRATH","State":"ALASKA","PADD":5,"Source":"Form EIA-815, Monthly Terminal Blenders Report","Period":"January 2025","Longitude":-155.588744,"Latitude":62.960735}},{"type":"Feature","id":4486,"geometry":{"type":"Point","coordinates":[-16967936.5023,7922201.2647]},"properties":{"OBJECTID":4486,"Company":"PETRO STAR INC","Site":"KODIAK","City":"KODIAK","State":"ALASKA","PADD":5,"Source":"Form EIA-815, Monthly Terminal Blenders Report","Period":"January 2025","Longitude":-152.425567,"Latitude":57.784586}},{"type":"Feature","id":4487,"geometry":{"type":"Point","coordinates":[-14822014.203,7454740.6135]},"properties":{"OBJECTID":4487,"Company":"PETRO 49 INC","Site":"CRAIG","City":"CRAIG","State":"ALASKA","PADD":5,"Source":"Form EIA-815, Monthly Terminal Blenders Report","Period":"January 2025","Longitude":-133.148419,"Latitude":55.47569}},{"type":"Feature","id":4488,"geometry":{"type":"Point","coordinates":[-12487243.7309,3955350.4371]},"properties":{"OBJECTID":4488,"Company":"CIRCLE K TERMINAL LLC","Site":"PHOENIX","City":"PHOENIX","State":"ARIZONA","PADD":5,"Source":"Form EIA-815, Monthly Terminal Blenders Report","Period":"January 2025","Longitude":-112.174819,"Latitude":33.451222}},{"type":"Feature","id":4489,"geometry":{"type":"Point","coordinates":[-12491368.3407,3968882.0463]},"properties":{"OBJECTID":4489,"Company":"HF SINCLAIR ASPHALT CO LLC","Site":"GLENDALE","City":"GLENDALE","State":"ARIZONA","PADD":5,"Source":"Form EIA-815, Monthly Terminal Blenders Report","Period":"January 2025","Longitude":-112.211871,"Latitude":33.552584}},{"type":"Feature","id":4490,"geometry":{"type":"Point","coordinates":[-12401866.2456,4191735.3313]},"properties":{"OBJECTID":4490,"Company":"ENTERPRISE PRODUCTS OPERATING LLC","Site":"FLAGSTAFF TERMINAL","City":"FLAGSTAFF","State":"ARIZONA","PADD":5,"Source":"Form EIA-815, Monthly Terminal Blenders Report","Period":"January 2025","Longitude":-111.40786,"Latitude":35.20471}},{"type":"Feature","id":4491,"geometry":{"type":"Point","coordinates":[-12466140.895,3973272.8597]},"properties":{"OBJECTID":4491,"Company":"SFPP LP","Site":"PHOENIX","City":"PHOENIX","State":"ARIZONA","PADD":5,"Source":"Form EIA-815, Monthly Terminal Blenders Report","Period":"January 2025","Longitude":-111.985249,"Latitude":33.585449}},{"type":"Feature","id":4492,"geometry":{"type":"Point","coordinates":[-12345848.8306,3784841.5684]},"properties":{"OBJECTID":4492,"Company":"ANDEAVOR LOGISTICS LP","Site":"TUCSON ASPHALT","City":"TUCSON","State":"ARIZONA","PADD":5,"Source":"Form EIA-815, Monthly Terminal Blenders Report","Period":"January 2025","Longitude":-110.904647,"Latitude":32.163879}},{"type":"Feature","id":4493,"geometry":{"type":"Point","coordinates":[-12484687.9467,3954334.7571]},"properties":{"OBJECTID":4493,"Company":"PRO PETROLEUM INC","Site":"PHOENIX","City":"PHOENIX","State":"ARIZONA","PADD":5,"Source":"Form EIA-815, Monthly Terminal Blenders Report","Period":"January 2025","Longitude":-112.15186,"Latitude":33.443609}},{"type":"Feature","id":4494,"geometry":{"type":"Point","coordinates":[-12505755.2717,3967757.7912]},"properties":{"OBJECTID":4494,"Company":"PLAINS LPG SERVICES","Site":"BUMSTEAD","City":"WADDELL","State":"ARIZONA","PADD":5,"Source":"Form EIA-815, Monthly Terminal Blenders Report","Period":"January 2025","Longitude":-112.341111,"Latitude":33.544167}},{"type":"Feature","id":4495,"geometry":{"type":"Point","coordinates":[-12487392.0085,3955091.4723]},"properties":{"OBJECTID":4495,"Company":"CALJET","Site":"PHOENIX","City":"PHOENIX","State":"ARIZONA","PADD":5,"Source":"Form EIA-815, Monthly Terminal Blenders Report","Period":"January 2025","Longitude":-112.176151,"Latitude":33.449281}},{"type":"Feature","id":4496,"geometry":{"type":"Point","coordinates":[-12224986.9218,4160895.5019]},"properties":{"OBJECTID":4496,"Company":"ENTERPRISE PRODUCTS OPERATING LLC","Site":"ADAMANA PETROLEUM STORAGE-NGL UGS","City":"ADAMANA","State":"ARIZONA","PADD":5,"Source":"Form EIA-815, Monthly Terminal Blenders Report","Period":"January 2025","Longitude":-109.818926,"Latitude":34.978027}},{"type":"Feature","id":4497,"geometry":{"type":"Point","coordinates":[-12346570.8489,3786712.7122]},"properties":{"OBJECTID":4497,"Company":"SFPP LP","Site":"TUCSON","City":"TUCSON","State":"ARIZONA","PADD":5,"Source":"Form EIA-815, Monthly Terminal Blenders Report","Period":"January 2025","Longitude":-110.911133,"Latitude":32.178107}},{"type":"Feature","id":4498,"geometry":{"type":"Point","coordinates":[-12478905.7897,3951084.8599]},"properties":{"OBJECTID":4498,"Company":"ANDEAVOR LOGISTICS LP","Site":"PHOENIX ASPHALT","City":"PHOENIX","State":"ARIZONA","PADD":5,"Source":"Form EIA-815, Monthly Terminal Blenders Report","Period":"January 2025","Longitude":-112.099918,"Latitude":33.419245}},{"type":"Feature","id":4499,"geometry":{"type":"Point","coordinates":[-10266220.4051,4130004.0806]},"properties":{"OBJECTID":4499,"Company":"OAKLEY FUELS INC","Site":"OAKLEY FUELS INC","City":"NORTH LITTLE ROCK","State":"ARKANSAS","PADD":3,"Source":"Form EIA-815, Monthly Terminal Blenders Report","Period":"January 2025","Longitude":-92.223027,"Latitude":34.750334}},{"type":"Feature","id":4500,"geometry":{"type":"Point","coordinates":[-10270898.384,4120290.847]},"properties":{"OBJECTID":4500,"Company":"ERGON ASPHALT AND EMULSIONS","Site":"LITTLE ROCK PLANT","City":"LITTLE ROCK","State":"ARKANSAS","PADD":3,"Source":"Form EIA-815, Monthly Terminal Blenders Report","Period":"January 2025","Longitude":-92.26505,"Latitude":34.67861}},{"type":"Feature","id":4501,"geometry":{"type":"Point","coordinates":[-10261170.8416,4134025.2883]},"properties":{"OBJECTID":4501,"Company":"MAGELLAN PIPELINE CO LP","Site":"N LITTLE ROCK SOUTH","City":"NORTH LITTLE ROCK","State":"ARKANSAS","PADD":3,"Source":"Form EIA-815, Monthly Terminal Blenders Report","Period":"January 2025","Longitude":-92.177666,"Latitude":34.780009}},{"type":"Feature","id":4502,"geometry":{"type":"Point","coordinates":[-10481861.8434,4349716.8106]},"properties":{"OBJECTID":4502,"Company":"MAGELLAN PIPELINE CO LP","Site":"ROGERS","City":"ROGERS","State":"ARKANSAS","PADD":3,"Source":"Form EIA-815, Monthly Terminal Blenders Report","Period":"January 2025","Longitude":-94.160167,"Latitude":36.355994}},{"type":"Feature","id":4503,"geometry":{"type":"Point","coordinates":[-10261124.4214,4133140.5663]},"properties":{"OBJECTID":4503,"Company":"SUNOCO LLC","Site":"SUNOCO NLR LLC","City":"NORTH LITTLE ROCK","State":"ARKANSAS","PADD":3,"Source":"Form EIA-815, Monthly Terminal Blenders Report","Period":"January 2025","Longitude":-92.177249,"Latitude":34.773481}},{"type":"Feature","id":4504,"geometry":{"type":"Point","coordinates":[-10154061.7879,3975917.1055]},"properties":{"OBJECTID":4504,"Company":"TRANSMONTAIGNE OPERATING COMPANY","Site":"ARKANSAS CITY","City":"ARKANSAS CITY","State":"ARKANSAS","PADD":3,"Source":"Form EIA-815, Monthly Terminal Blenders Report","Period":"January 2025","Longitude":-91.215489,"Latitude":33.605235}},{"type":"Feature","id":4505,"geometry":{"type":"Point","coordinates":[-10261153.8098,4133908.1887]},"properties":{"OBJECTID":4505,"Company":"DELEK MARKETING & SUPPLY LP","Site":"NORTH LITTLE ROCK","City":"LITTLE ROCK","State":"ARKANSAS","PADD":3,"Source":"Form EIA-815, Monthly Terminal Blenders Report","Period":"January 2025","Longitude":-92.177513,"Latitude":34.779145}},{"type":"Feature","id":4506,"geometry":{"type":"Point","coordinates":[-10261201.0092,4134267.0811]},"properties":{"OBJECTID":4506,"Company":"MAGELLAN PIPELINE CO LP","Site":"N LITTLE ROCK NORTH","City":"NORTH LITTLE ROCK","State":"ARKANSAS","PADD":3,"Source":"Form EIA-815, Monthly Terminal Blenders Report","Period":"January 2025","Longitude":-92.177937,"Latitude":34.781793}},{"type":"Feature","id":4507,"geometry":{"type":"Point","coordinates":[-10102534.3334,4309309.653]},"properties":{"OBJECTID":4507,"Company":"NGL SUPPLY WHOLESALE LLC","Site":"LIGHT","City":"BONO","State":"ARKANSAS","PADD":3,"Source":"Form EIA-815, Monthly Terminal Blenders Report","Period":"January 2025","Longitude":-90.75261,"Latitude":36.063117}},{"type":"Feature","id":4508,"geometry":{"type":"Point","coordinates":[-10037252.2425,4181544.8105]},"properties":{"OBJECTID":4508,"Company":"PREMCOR REFINING GROUP INC","Site":"W MEMPHIS","City":"WEST MEMPHIS","State":"ARKANSAS","PADD":3,"Source":"Form EIA-815, Monthly Terminal Blenders Report","Period":"January 2025","Longitude":-90.166171,"Latitude":35.129876}},{"type":"Feature","id":4509,"geometry":{"type":"Point","coordinates":[-10261139.5609,4133797.0537]},"properties":{"OBJECTID":4509,"Company":"HWRT OIL CO LLC","Site":"NORTH LITTLE ROCK","City":"NORTH LITTLE ROCK","State":"ARKANSAS","PADD":3,"Source":"Form EIA-815, Monthly Terminal Blenders Report","Period":"January 2025","Longitude":-92.177385,"Latitude":34.778325}},{"type":"Feature","id":4510,"geometry":{"type":"Point","coordinates":[-10508093.1683,4205833.3399]},"properties":{"OBJECTID":4510,"Company":"MAGELLAN PIPELINE CO LP","Site":"FORT SMITH","City":"FORT SMITH","State":"ARKANSAS","PADD":3,"Source":"Form EIA-815, Monthly Terminal Blenders Report","Period":"January 2025","Longitude":-94.395807,"Latitude":35.308125}},{"type":"Feature","id":4511,"geometry":{"type":"Point","coordinates":[-10235006.8651,4063404.3509]},"properties":{"OBJECTID":4511,"Company":"PETROLEUM FUEL & TERMINAL CO","Site":"PINE BLUFF","City":"PINE BLUFF","State":"ARKANSAS","PADD":3,"Source":"Form EIA-815, Monthly Terminal Blenders Report","Period":"January 2025","Longitude":-91.942631,"Latitude":34.257305}},{"type":"Feature","id":4512,"geometry":{"type":"Point","coordinates":[-10038125.4326,4181609.8724]},"properties":{"OBJECTID":4512,"Company":"NGL SUPPLY WHOLESALE LLC","Site":"WEST MEMPHIS","City":"WEST MEMPHIS","State":"ARKANSAS","PADD":3,"Source":"Form EIA-815, Monthly Terminal Blenders Report","Period":"January 2025","Longitude":-90.174015,"Latitude":35.130354}},{"type":"Feature","id":4513,"geometry":{"type":"Point","coordinates":[-10267254.7858,4129928.6163]},"properties":{"OBJECTID":4513,"Company":"PETROLEUM FUELS & TERMINAL CO","Site":"NORTH LITTLE ROCK","City":"NORTH LITTLE ROCK","State":"ARKANSAS","PADD":3,"Source":"Form EIA-815, Monthly Terminal Blenders Report","Period":"January 2025","Longitude":-92.232319,"Latitude":34.749777}},{"type":"Feature","id":4514,"geometry":{"type":"Point","coordinates":[-10112060.9441,4295329.2497]},"properties":{"OBJECTID":4514,"Company":"MURPHY OIL USA INC","Site":"JONESBORO","City":"JONESBORO","State":"ARKANSAS","PADD":3,"Source":"Form EIA-815, Monthly Terminal Blenders Report","Period":"January 2025","Longitude":-90.838189,"Latitude":35.96153}},{"type":"Feature","id":4515,"geometry":{"type":"Point","coordinates":[-13135690.2288,3988994.9058]},"properties":{"OBJECTID":4515,"Company":"CHEVRON USA INC HUNTINGTON BEACH","Site":"HUNTINGTON BEACH TERMINAL","City":"HUNTINGTON BEACH","State":"CALIFORNIA","PADD":5,"Source":"Form EIA-815, Monthly Terminal Blenders Report","Period":"January 2025","Longitude":-117.999913,"Latitude":33.703025}},{"type":"Feature","id":4516,"geometry":{"type":"Point","coordinates":[-13508494.3054,4544369.4897]},"properties":{"OBJECTID":4516,"Company":"CHEVRON USA INC TRACY","Site":"TRACY TERMINAL","City":"TRACY","State":"CALIFORNIA","PADD":5,"Source":"Form EIA-815, Monthly Terminal Blenders Report","Period":"January 2025","Longitude":-121.348869,"Latitude":37.751423}},{"type":"Feature","id":4517,"geometry":{"type":"Point","coordinates":[-13162048.0126,4007272.7122]},"properties":{"OBJECTID":4517,"Company":"EQUILON ENTERPRISES LLC","Site":"CARSON TERMINAL","City":"CARSON","State":"CALIFORNIA","PADD":5,"Source":"Form EIA-815, Monthly Terminal Blenders Report","Period":"January 2025","Longitude":-118.236689,"Latitude":33.839512}},{"type":"Feature","id":4518,"geometry":{"type":"Point","coordinates":[-13276425.5611,4225060.2688]},"properties":{"OBJECTID":4518,"Company":"PLAINS ALL AMERICAN PIPELINE","Site":"LPG SHAFTER","City":"SHAFTER","State":"CALIFORNIA","PADD":5,"Source":"Form EIA-815, Monthly Terminal Blenders Report","Period":"January 2025","Longitude":-119.26416,"Latitude":35.44895}},{"type":"Feature","id":4519,"geometry":{"type":"Point","coordinates":[-13624143.7904,4569298.7072]},"properties":{"OBJECTID":4519,"Company":"CHEVRON USA INC RICHMOND","Site":"RICHMOND CA TERMINAL","City":"RICHMOND","State":"CALIFORNIA","PADD":5,"Source":"Form EIA-815, Monthly Terminal Blenders Report","Period":"January 2025","Longitude":-122.387766,"Latitude":37.928277}},{"type":"Feature","id":4520,"geometry":{"type":"Point","coordinates":[-13591660.8744,4583303.4554]},"properties":{"OBJECTID":4520,"Company":"TRANSMONTAIGNE OPERATING COMPANY","Site":"MARTINEZ CA","City":"MARTINEZ","State":"CALIFORNIA","PADD":5,"Source":"Form EIA-815, Monthly Terminal Blenders Report","Period":"January 2025","Longitude":-122.095967,"Latitude":38.027444}},{"type":"Feature","id":4521,"geometry":{"type":"Point","coordinates":[-13609163.9718,4585586.8628]},"properties":{"OBJECTID":4521,"Company":"PHILLIPS 66 CO","Site":"SAN FRANCISCO","City":"RODEO","State":"CALIFORNIA","PADD":5,"Source":"Form EIA-815, Monthly Terminal Blenders Report","Period":"January 2025","Longitude":-122.2532,"Latitude":38.0436}},{"type":"Feature","id":4522,"geometry":{"type":"Point","coordinates":[-13164878.8672,4006213.7124]},"properties":{"OBJECTID":4522,"Company":"ANDEAVOR LOGISTICS LP","Site":"CARSON","City":"CARSON","State":"CALIFORNIA","PADD":5,"Source":"Form EIA-815, Monthly Terminal Blenders Report","Period":"January 2025","Longitude":-118.262119,"Latitude":33.83161}},{"type":"Feature","id":4523,"geometry":{"type":"Point","coordinates":[-13153958.3138,4022493.3558]},"properties":{"OBJECTID":4523,"Company":"ANDEAVOR LOGISTICS LP","Site":"VINVALE","City":"SOUTH GATE","State":"CALIFORNIA","PADD":5,"Source":"Form EIA-815, Monthly Terminal Blenders Report","Period":"January 2025","Longitude":-118.164018,"Latitude":33.953004}},{"type":"Feature","id":4524,"geometry":{"type":"Point","coordinates":[-13160511.9149,4016403.0427]},"properties":{"OBJECTID":4524,"Company":"OWENS CORNING","Site":"ROOFING & ASPHALT DIV OF OWENS CORNI","City":"COMPTON","State":"CALIFORNIA","PADD":5,"Source":"Form EIA-815, Monthly Terminal Blenders Report","Period":"January 2025","Longitude":-118.22289,"Latitude":33.90761}},{"type":"Feature","id":4525,"geometry":{"type":"Point","coordinates":[-13187801.8881,4052914.1539]},"properties":{"OBJECTID":4525,"Company":"CHEVRON USA INC VAN NUYS","Site":"VAN NUYS TERMINAL","City":"VAN NUYS","State":"CALIFORNIA","PADD":5,"Source":"Form EIA-815, Monthly Terminal Blenders Report","Period":"January 2025","Longitude":-118.46804,"Latitude":34.179382}},{"type":"Feature","id":4526,"geometry":{"type":"Point","coordinates":[-13120906.4438,4003261.8415]},"properties":{"OBJECTID":4526,"Company":"SFPP LP","Site":"ORANGE","City":"ORANGE","State":"CALIFORNIA","PADD":5,"Source":"Form EIA-815, Monthly Terminal Blenders Report","Period":"January 2025","Longitude":-117.867108,"Latitude":33.80958}},{"type":"Feature","id":4527,"geometry":{"type":"Point","coordinates":[-13625369.3067,4536079.3786]},"properties":{"OBJECTID":4527,"Company":"SFPP LP","Site":"BRISBANE","City":"BRISBANE","State":"CALIFORNIA","PADD":5,"Source":"Form EIA-815, Monthly Terminal Blenders Report","Period":"January 2025","Longitude":-122.398775,"Latitude":37.692517}},{"type":"Feature","id":4528,"geometry":{"type":"Point","coordinates":[-13255031.0682,4216090.125]},"properties":{"OBJECTID":4528,"Company":"BAKERSFIELD RENEWABLE FUELS LLC","Site":"BAKERSFIELD RENEWABLE FUELS LLC","City":"BAKERSFIELD","State":"CALIFORNIA","PADD":5,"Source":"Form EIA-815, Monthly Terminal Blenders Report","Period":"January 2025","Longitude":-119.07197,"Latitude":35.38328}},{"type":"Feature","id":4529,"geometry":{"type":"Point","coordinates":[-13502024.9732,4572884.4153]},"properties":{"OBJECTID":4529,"Company":"EQUILON ENTERPRISES LLC","Site":"SHELL STOCKTON TERMINAL","City":"STOCKTON","State":"CALIFORNIA","PADD":5,"Source":"Form EIA-815, Monthly Terminal Blenders Report","Period":"January 2025","Longitude":-121.290754,"Latitude":37.95368}},{"type":"Feature","id":4530,"geometry":{"type":"Point","coordinates":[-13527783.3015,4660204.6521]},"properties":{"OBJECTID":4530,"Company":"CONDUIT INFRASTRUCTURE HOLDING IA","Site":"WEST SACRAMENTO","City":"SACRAMENTO","State":"CALIFORNIA","PADD":5,"Source":"Form EIA-815, Monthly Terminal Blenders Report","Period":"January 2025","Longitude":-121.522145,"Latitude":38.569586}},{"type":"Feature","id":4531,"geometry":{"type":"Point","coordinates":[-13165136.3492,3996755.6706]},"properties":{"OBJECTID":4531,"Company":"NUSTAR ENERGY LP","Site":"WILIMINGTON","City":"WILMINGTON","State":"CALIFORNIA","PADD":5,"Source":"Form EIA-815, Monthly Terminal Blenders Report","Period":"January 2025","Longitude":-118.264432,"Latitude":33.761004}},{"type":"Feature","id":4532,"geometry":{"type":"Point","coordinates":[-12864626.8235,3872177.0338]},"properties":{"OBJECTID":4532,"Company":"SFPP LP","Site":"IMPERIAL","City":"IMPERIAL","State":"CALIFORNIA","PADD":5,"Source":"Form EIA-815, Monthly Terminal Blenders Report","Period":"January 2025","Longitude":-115.564909,"Latitude":32.825592}},{"type":"Feature","id":4533,"geometry":{"type":"Point","coordinates":[-13526707.9552,4660065.9756]},"properties":{"OBJECTID":4533,"Company":"CHEVRON USA INC SACRAMENTO","Site":"SACRAMENTO TERMINAL","City":"SACRAMENTO","State":"CALIFORNIA","PADD":5,"Source":"Form EIA-815, Monthly Terminal Blenders Report","Period":"January 2025","Longitude":-121.512485,"Latitude":38.568612}},{"type":"Feature","id":4534,"geometry":{"type":"Point","coordinates":[-13159700.1732,3999252.2399]},"properties":{"OBJECTID":4534,"Company":"ANDEAVOR LOGISTICS LP","Site":"CARSON TERMINAL 3","City":"LONG BEACH","State":"CALIFORNIA","PADD":5,"Source":"Form EIA-815, Monthly Terminal Blenders Report","Period":"January 2025","Longitude":-118.215598,"Latitude":33.779647}},{"type":"Feature","id":4535,"geometry":{"type":"Point","coordinates":[-13168368.6219,3997195.4067]},"properties":{"OBJECTID":4535,"Company":"PLAINS LPG SERVICES LP","Site":"RANCHO SAN PEDRO TERMINAL","City":"SAN PEDRO","State":"CALIFORNIA","PADD":5,"Source":"Form EIA-815, Monthly Terminal Blenders Report","Period":"January 2025","Longitude":-118.293468,"Latitude":33.764288}},{"type":"Feature","id":4536,"geometry":{"type":"Point","coordinates":[-13622009.3505,4567145.0269]},"properties":{"OBJECTID":4536,"Company":"KINDER MORGAN LIQ TERMLS LLC","Site":"RICHMOND PRODUCTS TERMINAL","City":"RICHMOND","State":"CALIFORNIA","PADD":5,"Source":"Form EIA-815, Monthly Terminal Blenders Report","Period":"January 2025","Longitude":-122.368592,"Latitude":37.913015}},{"type":"Feature","id":4537,"geometry":{"type":"Point","coordinates":[-13622021.373,4567161.8177]},"properties":{"OBJECTID":4537,"Company":"PHILLIPS 66 COMPANY","Site":"RICHMOND CA","City":"RICHMOND","State":"CALIFORNIA","PADD":5,"Source":"Form EIA-815, Monthly Terminal Blenders Report","Period":"January 2025","Longitude":-122.3687,"Latitude":37.913134}},{"type":"Feature","id":4538,"geometry":{"type":"Point","coordinates":[-13502085.0857,4572417.4112]},"properties":{"OBJECTID":4538,"Company":"ARROW INFRASTRUCTURE HOLDING IA LLC","Site":"STOCKTON","City":"STOCKTON","State":"CALIFORNIA","PADD":5,"Source":"Form EIA-815, Monthly Terminal Blenders Report","Period":"January 2025","Longitude":-121.291294,"Latitude":37.950372}},{"type":"Feature","id":4539,"geometry":{"type":"Point","coordinates":[-13065183.8029,4037289.9241]},"properties":{"OBJECTID":4539,"Company":"PHILLIPS 66 COMPANY","Site":"COLTON CA","City":"BLOOMINGTON","State":"CALIFORNIA","PADD":5,"Source":"Form EIA-815, Monthly Terminal Blenders Report","Period":"January 2025","Longitude":-117.366543,"Latitude":34.063189}},{"type":"Feature","id":4540,"geometry":{"type":"Point","coordinates":[-13526943.062,4659916.7652]},"properties":{"OBJECTID":4540,"Company":"PHILLIPS 66 COMPANY","Site":"SACRAMENTO CA","City":"SACRAMENTO","State":"CALIFORNIA","PADD":5,"Source":"Form EIA-815, Monthly Terminal Blenders Report","Period":"January 2025","Longitude":-121.514597,"Latitude":38.567564}},{"type":"Feature","id":4541,"geometry":{"type":"Point","coordinates":[-13330031.4619,4393878.267]},"properties":{"OBJECTID":4541,"Company":"SFPP LP","Site":"FRESNO","City":"FRESNO","State":"CALIFORNIA","PADD":5,"Source":"Form EIA-815, Monthly Terminal Blenders Report","Period":"January 2025","Longitude":-119.74571,"Latitude":36.674827}},{"type":"Feature","id":4542,"geometry":{"type":"Point","coordinates":[-13572070.5364,4583607.2965]},"properties":{"OBJECTID":4542,"Company":"NUSTAR ENERGY LP","Site":"PITTSBURGH ASPHALT","City":"PITTSBURGH","State":"CALIFORNIA","PADD":5,"Source":"Form EIA-815, Monthly Terminal Blenders Report","Period":"January 2025","Longitude":-121.919984,"Latitude":38.029594}},{"type":"Feature","id":4543,"geometry":{"type":"Point","coordinates":[-13160855.2242,4002719.3857]},"properties":{"OBJECTID":4543,"Company":"OLYMPUS TERMINALS LLC","Site":"CARSON TANK FARM","City":"LONG BEACH","State":"CALIFORNIA","PADD":5,"Source":"Form EIA-815, Monthly Terminal Blenders Report","Period":"January 2025","Longitude":-118.225974,"Latitude":33.805531}},{"type":"Feature","id":4544,"geometry":{"type":"Point","coordinates":[-13589248.9149,4583886.5555]},"properties":{"OBJECTID":4544,"Company":"TESORO REFINING & MARKETING","Site":"GOLDEN EAGLE","City":"MARTINEZ","State":"CALIFORNIA","PADD":5,"Source":"Form EIA-815, Monthly Terminal Blenders Report","Period":"January 2025","Longitude":-122.0743,"Latitude":38.03157}},{"type":"Feature","id":4545,"geometry":{"type":"Point","coordinates":[-13587372.0683,4580624.8107]},"properties":{"OBJECTID":4545,"Company":"CHEVRON USA INC MARTINEZ","Site":"MARTINEZ TERMINAL","City":"MARTINEZ","State":"CALIFORNIA","PADD":5,"Source":"Form EIA-815, Monthly Terminal Blenders Report","Period":"January 2025","Longitude":-122.05744,"Latitude":38.008487}},{"type":"Feature","id":4546,"geometry":{"type":"Point","coordinates":[-13825217.7376,4979477.8954]},"properties":{"OBJECTID":4546,"Company":"CHEVRON USA INC EUREKA","Site":"EUREKA CA","City":"EUREKA","State":"CALIFORNIA","PADD":5,"Source":"Form EIA-815, Monthly Terminal Blenders Report","Period":"January 2025","Longitude":-124.194044,"Latitude":40.776818}},{"type":"Feature","id":4547,"geometry":{"type":"Point","coordinates":[-13507072.8668,4571390.8666]},"properties":{"OBJECTID":4547,"Company":"PELICAN RENEWABLES","Site":"STOCKTON","City":"STOCKTON","State":"CALIFORNIA","PADD":5,"Source":"Form EIA-815, Monthly Terminal Blenders Report","Period":"January 2025","Longitude":-121.3361,"Latitude":37.9431}},{"type":"Feature","id":4548,"geometry":{"type":"Point","coordinates":[-13571160.7222,4493834.4937]},"properties":{"OBJECTID":4548,"Company":"SFPP LP","Site":"SAN JOSE","City":"SAN JOSE","State":"CALIFORNIA","PADD":5,"Source":"Form EIA-815, Monthly Terminal Blenders Report","Period":"January 2025","Longitude":-121.911811,"Latitude":37.391616}},{"type":"Feature","id":4549,"geometry":{"type":"Point","coordinates":[-13188567.0983,4058170.7614]},"properties":{"OBJECTID":4549,"Company":"SHELL OIL PRODUCT US","Site":"VAN NUYS","City":"VAN NUYS","State":"CALIFORNIA","PADD":5,"Source":"Form EIA-815, Monthly Terminal Blenders Report","Period":"January 2025","Longitude":-118.474914,"Latitude":34.218438}},{"type":"Feature","id":4550,"geometry":{"type":"Point","coordinates":[-13509597.8155,4633404.7955]},"properties":{"OBJECTID":4550,"Company":"SUBURBAN PROPANE PARTNERS LP","Site":"ELK GROVE","City":"ELK GROVE","State":"CALIFORNIA","PADD":5,"Source":"Form EIA-815, Monthly Terminal Blenders Report","Period":"January 2025","Longitude":-121.358782,"Latitude":38.381111}},{"type":"Feature","id":4551,"geometry":{"type":"Point","coordinates":[-13153340.602,4002196.782]},"properties":{"OBJECTID":4551,"Company":"ANDEAVOR LOGISTICS LP","Site":"HATHAWAY","City":"LONG BEACH","State":"CALIFORNIA","PADD":5,"Source":"Form EIA-815, Monthly Terminal Blenders Report","Period":"January 2025","Longitude":-118.158469,"Latitude":33.80163}},{"type":"Feature","id":4552,"geometry":{"type":"Point","coordinates":[-13077748.0999,4037255.1209]},"properties":{"OBJECTID":4552,"Company":"ERGON ASPHALT AND EMULSIONS","Site":"FONTANA PLANT","City":"FONTANA","State":"CALIFORNIA","PADD":5,"Source":"Form EIA-815, Monthly Terminal Blenders Report","Period":"January 2025","Longitude":-117.47941,"Latitude":34.06293}},{"type":"Feature","id":4553,"geometry":{"type":"Point","coordinates":[-13159167.7321,3998494.7617]},"properties":{"OBJECTID":4553,"Company":"RIBOST TERMINAL LLC","Site":"RIBOST TERMINAL","City":"LONG BEACH","State":"CALIFORNIA","PADD":5,"Source":"Form EIA-815, Monthly Terminal Blenders Report","Period":"January 2025","Longitude":-118.210815,"Latitude":33.773991}},{"type":"Feature","id":4554,"geometry":{"type":"Point","coordinates":[-13246543.7362,4221495.5131]},"properties":{"OBJECTID":4554,"Company":"CENTENNIAL ASPHALT COMPANY","Site":"KERN RIVER TERMINAL","City":"BAKERSFIELD","State":"CALIFORNIA","PADD":5,"Source":"Form EIA-815, Monthly Terminal Blenders Report","Period":"January 2025","Longitude":-118.995727,"Latitude":35.422859}},{"type":"Feature","id":4555,"geometry":{"type":"Point","coordinates":[-13166691.2598,4016578.8883]},"properties":{"OBJECTID":4555,"Company":"PHILLIPS 66 COMPANY","Site":"LOS ANGELES CA","City":"LOS ANGELES","State":"CALIFORNIA","PADD":5,"Source":"Form EIA-815, Monthly Terminal Blenders Report","Period":"January 2025","Longitude":-118.2784,"Latitude":33.908921}},{"type":"Feature","id":4556,"geometry":{"type":"Point","coordinates":[-13149296.3649,4029632.2822]},"properties":{"OBJECTID":4556,"Company":"CHEVRON USA INC MONTEBELLO","Site":"MONTEBELLO CA","City":"MONTEBELLO","State":"CALIFORNIA","PADD":5,"Source":"Form EIA-815, Monthly Terminal Blenders Report","Period":"January 2025","Longitude":-118.122139,"Latitude":34.006183}},{"type":"Feature","id":4557,"geometry":{"type":"Point","coordinates":[-13162271.2081,4000827.4886]},"properties":{"OBJECTID":4557,"Company":"ANDEAVOR LOGISTICS LP","Site":"WILMINGTON","City":"WILMINGTON","State":"CALIFORNIA","PADD":5,"Source":"Form EIA-815, Monthly Terminal Blenders Report","Period":"January 2025","Longitude":-118.238694,"Latitude":33.791408}},{"type":"Feature","id":4558,"geometry":{"type":"Point","coordinates":[-13065594.3492,4036689.281]},"properties":{"OBJECTID":4558,"Company":"SFPP LP","Site":"COLTON","City":"BLOOMINGTON","State":"CALIFORNIA","PADD":5,"Source":"Form EIA-815, Monthly Terminal Blenders Report","Period":"January 2025","Longitude":-117.370231,"Latitude":34.058719}},{"type":"Feature","id":4559,"geometry":{"type":"Point","coordinates":[-13510501.5072,4573226.0701]},"properties":{"OBJECTID":4559,"Company":"CANARY RENEWABLES CORP","Site":"CANARY RENEWABLES CORP","City":"STOCKTON","State":"CALIFORNIA","PADD":5,"Source":"Form EIA-815, Monthly Terminal Blenders Report","Period":"January 2025","Longitude":-121.3669,"Latitude":37.9561}},{"type":"Feature","id":4560,"geometry":{"type":"Point","coordinates":[-13160461.1532,4030002.6472]},"properties":{"OBJECTID":4560,"Company":"TORRANCE LOGISTICS CO LLC","Site":"VERNON","City":"LOS ANGELES","State":"CALIFORNIA","PADD":5,"Source":"Form EIA-815, Monthly Terminal Blenders Report","Period":"January 2025","Longitude":-118.222434,"Latitude":34.008941}},{"type":"Feature","id":4561,"geometry":{"type":"Point","coordinates":[-13153501.236,4010273.6097]},"properties":{"OBJECTID":4561,"Company":"ANDEAVOR LOGISTICS LP","Site":"EAST HYNES","City":"LONG BEACH","State":"CALIFORNIA","PADD":5,"Source":"Form EIA-815, Monthly Terminal Blenders Report","Period":"January 2025","Longitude":-118.159912,"Latitude":33.8619}},{"type":"Feature","id":4562,"geometry":{"type":"Point","coordinates":[-13622036.0672,4568871.661]},"properties":{"OBJECTID":4562,"Company":"IMTT-RICHMOND","Site":"RICHMOND","City":"RICHMOND","State":"CALIFORNIA","PADD":5,"Source":"Form EIA-815, Monthly Terminal Blenders Report","Period":"January 2025","Longitude":-122.368832,"Latitude":37.925251}},{"type":"Feature","id":4563,"geometry":{"type":"Point","coordinates":[-13160148.4568,3998878.9855]},"properties":{"OBJECTID":4563,"Company":"PETRO-DIAMOND TRMNL CO","Site":"LONG BEACH","City":"LONG BEACH","State":"CALIFORNIA","PADD":5,"Source":"Form EIA-815, Monthly Terminal Blenders Report","Period":"January 2025","Longitude":-118.219625,"Latitude":33.77686}},{"type":"Feature","id":4564,"geometry":{"type":"Point","coordinates":[-13570845.0201,4494228.7764]},"properties":{"OBJECTID":4564,"Company":"EQUILON ENTERPRISES LLC","Site":"SHELL SAN JOSE TERMINAL","City":"SAN JOSE","State":"CALIFORNIA","PADD":5,"Source":"Form EIA-815, Monthly Terminal Blenders Report","Period":"January 2025","Longitude":-121.908975,"Latitude":37.39443}},{"type":"Feature","id":4565,"geometry":{"type":"Point","coordinates":[-13162346.1262,4000827.6226]},"properties":{"OBJECTID":4565,"Company":"SHELL OIL PRODUCTS US","Site":"LOS ANGELES LUBRICANT PLANT","City":"WILMINGTON","State":"CALIFORNIA","PADD":5,"Source":"Form EIA-815, Monthly Terminal Blenders Report","Period":"January 2025","Longitude":-118.239367,"Latitude":33.791409}},{"type":"Feature","id":4566,"geometry":{"type":"Point","coordinates":[-13039987.972,3854650.3858]},"properties":{"OBJECTID":4566,"Company":"CHEVRON USA INC SAN DIEGO TERMINAL","Site":"SAN DIEGO TERMINAL","City":"SAN DIEGO","State":"CALIFORNIA","PADD":5,"Source":"Form EIA-815, Monthly Terminal Blenders Report","Period":"January 2025","Longitude":-117.140205,"Latitude":32.693189}},{"type":"Feature","id":4567,"geometry":{"type":"Point","coordinates":[-13159700.1732,3999252.2399]},"properties":{"OBJECTID":4567,"Company":"ANDEAVOR LOGISTICS LP","Site":"CARSON MARINE TERMINAL 2","City":"LONG BEACH","State":"CALIFORNIA","PADD":5,"Source":"Form EIA-815, Monthly Terminal Blenders Report","Period":"January 2025","Longitude":-118.215598,"Latitude":33.779647}},{"type":"Feature","id":4568,"geometry":{"type":"Point","coordinates":[-13167859.7805,3998927.3324]},"properties":{"OBJECTID":4568,"Company":"PHILLIPS 66","Site":"LOS ANGELES LUBRICANTS PLANT","City":"LOS ANGELES","State":"CALIFORNIA","PADD":5,"Source":"Form EIA-815, Monthly Terminal Blenders Report","Period":"January 2025","Longitude":-118.288897,"Latitude":33.777221}},{"type":"Feature","id":4569,"geometry":{"type":"Point","coordinates":[-13164545.354,3997423.5833]},"properties":{"OBJECTID":4569,"Company":"PAKTANK TERMINAL LOS ANGELES","Site":"VOPAK TERMINAL LOS ANGELES INC","City":"WILMINGTON","State":"CALIFORNIA","PADD":5,"Source":"Form EIA-815, Monthly Terminal Blenders Report","Period":"January 2025","Longitude":-118.259123,"Latitude":33.765992}},{"type":"Feature","id":4570,"geometry":{"type":"Point","coordinates":[-13505611.9098,4572372.0954]},"properties":{"OBJECTID":4570,"Company":"BWC TERMINALS LLC","Site":"STOCKTON TERMINAL","City":"STOCKTON","State":"CALIFORNIA","PADD":5,"Source":"Form EIA-815, Monthly Terminal Blenders Report","Period":"January 2025","Longitude":-121.322976,"Latitude":37.950051}},{"type":"Feature","id":4571,"geometry":{"type":"Point","coordinates":[-13594072.3885,4582991.003]},"properties":{"OBJECTID":4571,"Company":"MARTINEZ TERMINAL COMPANY LLC","Site":"MARTINEZ TERMINAL","City":"MARTINEZ","State":"CALIFORNIA","PADD":5,"Source":"Form EIA-815, Monthly Terminal Blenders Report","Period":"January 2025","Longitude":-122.11763,"Latitude":38.025233}},{"type":"Feature","id":4572,"geometry":{"type":"Point","coordinates":[-13252184.6288,4217706.5877]},"properties":{"OBJECTID":4572,"Company":"TRICOR REFINING LLC","Site":"BAKERSFIELD","City":"BAKERSFIELD","State":"CALIFORNIA","PADD":5,"Source":"Form EIA-815, Monthly Terminal Blenders Report","Period":"January 2025","Longitude":-119.0464,"Latitude":35.395118}},{"type":"Feature","id":4573,"geometry":{"type":"Point","coordinates":[-13065594.3492,4036607.0477]},"properties":{"OBJECTID":4573,"Company":"ANDEAVOR LOGISTICS LP","Site":"COLTON","City":"BLOOMINGTON","State":"CALIFORNIA","PADD":5,"Source":"Form EIA-815, Monthly Terminal Blenders Report","Period":"January 2025","Longitude":-117.370231,"Latitude":34.058107}},{"type":"Feature","id":4574,"geometry":{"type":"Point","coordinates":[-13506877.8351,4571228.8196]},"properties":{"OBJECTID":4574,"Company":"ANDEAVOR LOGISTICS LP","Site":"STOCKTON","City":"STOCKTON","State":"CALIFORNIA","PADD":5,"Source":"Form EIA-815, Monthly Terminal Blenders Report","Period":"January 2025","Longitude":-121.334348,"Latitude":37.941952}},{"type":"Feature","id":4575,"geometry":{"type":"Point","coordinates":[-13040080.0332,3854724.9893]},"properties":{"OBJECTID":4575,"Company":"ANDEAVOR LOGISTICS LP","Site":"SAN DIEGO","City":"SAN DIEGO","State":"CALIFORNIA","PADD":5,"Source":"Form EIA-815, Monthly Terminal Blenders Report","Period":"January 2025","Longitude":-117.141032,"Latitude":32.693753}},{"type":"Feature","id":4576,"geometry":{"type":"Point","coordinates":[-13622498.711,4568352.2012]},"properties":{"OBJECTID":4576,"Company":"SAFETY-KLEEN SYSTEMS INC","Site":"RICHMOND","City":"RICHMOND","State":"CALIFORNIA","PADD":5,"Source":"Form EIA-815, Monthly Terminal Blenders Report","Period":"January 2025","Longitude":-122.372988,"Latitude":37.92157}},{"type":"Feature","id":4577,"geometry":{"type":"Point","coordinates":[-13607831.5889,4586920.8738]},"properties":{"OBJECTID":4577,"Company":"NUSTAR ENERGY LP","Site":"SELBYCROCKETT","City":"CROCKETT","State":"CALIFORNIA","PADD":5,"Source":"Form EIA-815, Monthly Terminal Blenders Report","Period":"January 2025","Longitude":-122.241231,"Latitude":38.053037}},{"type":"Feature","id":4578,"geometry":{"type":"Point","coordinates":[-13182309.0504,4017574.8612]},"properties":{"OBJECTID":4578,"Company":"CHEVRON USA INC EL SEGUNDO","Site":"EL SEGUNDO CA","City":"EL SEGUNDO","State":"CALIFORNIA","PADD":5,"Source":"Form EIA-815, Monthly Terminal Blenders Report","Period":"January 2025","Longitude":-118.418697,"Latitude":33.916346}},{"type":"Feature","id":4579,"geometry":{"type":"Point","coordinates":[-13037489.6287,3867059.2953]},"properties":{"OBJECTID":4579,"Company":"SFPP LP","Site":"MISSION VALLEY","City":"SAN DIEGO","State":"CALIFORNIA","PADD":5,"Source":"Form EIA-815, Monthly Terminal Blenders Report","Period":"January 2025","Longitude":-117.117762,"Latitude":32.786951}},{"type":"Feature","id":4580,"geometry":{"type":"Point","coordinates":[-13621591.0119,4568301.3997]},"properties":{"OBJECTID":4580,"Company":"TRANSMONTAIGNE OPERATING CO","Site":"RICHMOND","City":"RICHMOND","State":"CALIFORNIA","PADD":5,"Source":"Form EIA-815, Monthly Terminal Blenders Report","Period":"January 2025","Longitude":-122.364834,"Latitude":37.92121}},{"type":"Feature","id":4581,"geometry":{"type":"Point","coordinates":[-13160947.1741,3997016.243]},"properties":{"OBJECTID":4581,"Company":"ZENITH ENERGY WEST COAST TERMINALS","Site":"ALAMITOS","City":"LONG BEACH","State":"CALIFORNIA","PADD":5,"Source":"Form EIA-815, Monthly Terminal Blenders Report","Period":"January 2025","Longitude":-118.2268,"Latitude":33.76295}},{"type":"Feature","id":4582,"geometry":{"type":"Point","coordinates":[-13568166.7845,4490053.5507]},"properties":{"OBJECTID":4582,"Company":"CHEVRON USA INC SAN JOSE","Site":"SAN JOSE TERMINAL","City":"SAN JOSE","State":"CALIFORNIA","PADD":5,"Source":"Form EIA-815, Monthly Terminal Blenders Report","Period":"January 2025","Longitude":-121.884916,"Latitude":37.364626}},{"type":"Feature","id":4583,"geometry":{"type":"Point","coordinates":[-13011805.6618,4147785.0342]},"properties":{"OBJECTID":4583,"Company":"KINDER MORGAN CALNEV P L LLC","Site":"BARSTOW","City":"DAGGETT","State":"CALIFORNIA","PADD":5,"Source":"Form EIA-815, Monthly Terminal Blenders Report","Period":"January 2025","Longitude":-116.887039,"Latitude":34.88147}},{"type":"Feature","id":4584,"geometry":{"type":"Point","coordinates":[-13162678.0809,3996649.3545]},"properties":{"OBJECTID":4584,"Company":"VOPAK TERMINAL LONG BEACH INC","Site":"LONG BEACH","City":"LONG BEACH","State":"CALIFORNIA","PADD":5,"Source":"Form EIA-815, Monthly Terminal Blenders Report","Period":"January 2025","Longitude":-118.242349,"Latitude":33.76021}},{"type":"Feature","id":4585,"geometry":{"type":"Point","coordinates":[-13152552.5713,4002060.274]},"properties":{"OBJECTID":4585,"Company":"SHELL OIL PRODUCTS US","Site":"SIGNAL HILL","City":"LONG BEACH","State":"CALIFORNIA","PADD":5,"Source":"Form EIA-815, Monthly Terminal Blenders Report","Period":"January 2025","Longitude":-118.15139,"Latitude":33.800611}},{"type":"Feature","id":4586,"geometry":{"type":"Point","coordinates":[-13507104.0363,4660570.8583]},"properties":{"OBJECTID":4586,"Company":"SFPP LP","Site":"BRADSHAW","City":"SACRAMENTO","State":"CALIFORNIA","PADD":5,"Source":"Form EIA-815, Monthly Terminal Blenders Report","Period":"January 2025","Longitude":-121.33638,"Latitude":38.572158}},{"type":"Feature","id":4587,"geometry":{"type":"Point","coordinates":[-13506788.3342,4571125.3537]},"properties":{"OBJECTID":4587,"Company":"NUSTAR ENERGY LP","Site":"STOCKTON","City":"STOCKTON","State":"CALIFORNIA","PADD":5,"Source":"Form EIA-815, Monthly Terminal Blenders Report","Period":"January 2025","Longitude":-121.333544,"Latitude":37.941219}},{"type":"Feature","id":4588,"geometry":{"type":"Point","coordinates":[-13560014.6356,4823504.7109]},"properties":{"OBJECTID":4588,"Company":"SFPP LP","Site":"CHICO","City":"CHICO","State":"CALIFORNIA","PADD":5,"Source":"Form EIA-815, Monthly Terminal Blenders Report","Period":"January 2025","Longitude":-121.811684,"Latitude":39.707342}},{"type":"Feature","id":4589,"geometry":{"type":"Point","coordinates":[-13161543.0674,4002963.347]},"properties":{"OBJECTID":4589,"Company":"KINDER MORGAN INC","Site":"CARSONLAHT TERMINAL","City":"CARSON","State":"CALIFORNIA","PADD":5,"Source":"Form EIA-815, Monthly Terminal Blenders Report","Period":"January 2025","Longitude":-118.232153,"Latitude":33.807352}},{"type":"Feature","id":4590,"geometry":{"type":"Point","coordinates":[-11687323.1321,4835676.6867]},"properties":{"OBJECTID":4590,"Company":"OWENS CORNING","Site":"ROOFING & ASPHALT DIV OF OWENS CORNI","City":"DENVER","State":"COLORADO","PADD":4,"Source":"Form EIA-815, Monthly Terminal Blenders Report","Period":"January 2025","Longitude":-104.98901,"Latitude":39.79141}},{"type":"Feature","id":4591,"geometry":{"type":"Point","coordinates":[-11682295.276,4836674.6403]},"properties":{"OBJECTID":4591,"Company":"NUSTAR ENERGY LP","Site":"DENVER","City":"DENVER","State":"COLORADO","PADD":4,"Source":"Form EIA-815, Monthly Terminal Blenders Report","Period":"January 2025","Longitude":-104.943844,"Latitude":39.798298}},{"type":"Feature","id":4592,"geometry":{"type":"Point","coordinates":[-11681697.7129,4836576.2603]},"properties":{"OBJECTID":4592,"Company":"PHILLIPS 66 PIPELINE LLC - DENVER","Site":"DENVER CO","City":"DENVER","State":"COLORADO","PADD":4,"Source":"Form EIA-815, Monthly Terminal Blenders Report","Period":"January 2025","Longitude":-104.938476,"Latitude":39.797619}},{"type":"Feature","id":4593,"geometry":{"type":"Point","coordinates":[-12101856.3217,4742535.5417]},"properties":{"OBJECTID":4593,"Company":"GOLDEN GATESET PETRO PARTNERS OF NV","Site":"FRUITA","City":"GRAND JUNCTION","State":"COLORADO","PADD":4,"Source":"Form EIA-815, Monthly Terminal Blenders Report","Period":"January 2025","Longitude":-108.712825,"Latitude":39.145506}},{"type":"Feature","id":4594,"geometry":{"type":"Point","coordinates":[-11667768.639,4831173.5195]},"properties":{"OBJECTID":4594,"Company":"MAGELLAN PIPELINE CO LP","Site":"AURORA","City":"AURORA","State":"COLORADO","PADD":4,"Source":"Form EIA-815, Monthly Terminal Blenders Report","Period":"January 2025","Longitude":-104.813349,"Latitude":39.76032}},{"type":"Feature","id":4595,"geometry":{"type":"Point","coordinates":[-11678562.7334,4842244.6164]},"properties":{"OBJECTID":4595,"Company":"MAGELLAN PIPELINE CO LP","Site":"DUPONT","City":"DUPONT","State":"COLORADO","PADD":4,"Source":"Form EIA-815, Monthly Terminal Blenders Report","Period":"January 2025","Longitude":-104.910314,"Latitude":39.83673}},{"type":"Feature","id":4596,"geometry":{"type":"Point","coordinates":[-11520940.3457,4578345.7458]},"properties":{"OBJECTID":4596,"Company":"PHILLIPS 66 PIPELINE LLC","Site":"LA JUNTA CO","City":"LA JUNTA","State":"COLORADO","PADD":4,"Source":"Form EIA-815, Monthly Terminal Blenders Report","Period":"January 2025","Longitude":-103.494368,"Latitude":37.992354}},{"type":"Feature","id":4597,"geometry":{"type":"Point","coordinates":[-11652233.1135,4690343.7907]},"properties":{"OBJECTID":4597,"Company":"NUSTAR ENERGY LP","Site":"COLORADO SPRINGS","City":"COLORADO SPRINGS","State":"COLORADO","PADD":4,"Source":"Form EIA-815, Monthly Terminal Blenders Report","Period":"January 2025","Longitude":-104.673791,"Latitude":38.780956}},{"type":"Feature","id":4598,"geometry":{"type":"Point","coordinates":[-11646086.9418,4617236.0356]},"properties":{"OBJECTID":4598,"Company":"BKEP MATERIALS LLC","Site":"PUEBLO CO","City":"PUEBLO","State":"COLORADO","PADD":4,"Source":"Form EIA-815, Monthly Terminal Blenders Report","Period":"January 2025","Longitude":-104.618579,"Latitude":38.267163}},{"type":"Feature","id":4599,"geometry":{"type":"Point","coordinates":[-11655521.046,4674163.6497]},"properties":{"OBJECTID":4599,"Company":"MAGELLAN PIPELINE CO LP","Site":"FOUNTAIN","City":"FOUNTAIN","State":"COLORADO","PADD":4,"Source":"Form EIA-815, Monthly Terminal Blenders Report","Period":"January 2025","Longitude":-104.703327,"Latitude":38.66756}},{"type":"Feature","id":4600,"geometry":{"type":"Point","coordinates":[-12102483.1618,4744475.6314]},"properties":{"OBJECTID":4600,"Company":"BKEP MATERIALS LLC","Site":"FRUITA CO","City":"LOMA","State":"COLORADO","PADD":4,"Source":"Form EIA-815, Monthly Terminal Blenders Report","Period":"January 2025","Longitude":-108.718456,"Latitude":39.159021}},{"type":"Feature","id":4601,"geometry":{"type":"Point","coordinates":[-11675900.5278,4847178.92]},"properties":{"OBJECTID":4601,"Company":"HOLLY ENERGY PARTNERS","Site":"DENVER","City":"DENVER","State":"COLORADO","PADD":4,"Source":"Form EIA-815, Monthly Terminal Blenders Report","Period":"January 2025","Longitude":-104.886399,"Latitude":39.870758}},{"type":"Feature","id":4602,"geometry":{"type":"Point","coordinates":[-12085769.4308,4730295.9409]},"properties":{"OBJECTID":4602,"Company":"BKEP MATERIALS LLC","Site":"GRAND JCT PLANT","City":"GRAND JUNCTION","State":"COLORADO","PADD":4,"Source":"Form EIA-815, Monthly Terminal Blenders Report","Period":"January 2025","Longitude":-108.568314,"Latitude":39.060183}},{"type":"Feature","id":4603,"geometry":{"type":"Point","coordinates":[-11681453.3667,4837489.2461]},"properties":{"OBJECTID":4603,"Company":"BKEP MATERIALS LLC","Site":"DENVER-C","City":"DENVER","State":"COLORADO","PADD":4,"Source":"Form EIA-815, Monthly Terminal Blenders Report","Period":"January 2025","Longitude":-104.936281,"Latitude":39.80392}},{"type":"Feature","id":4604,"geometry":{"type":"Point","coordinates":[-8115268.5798,5055256.6432]},"properties":{"OBJECTID":4604,"Company":"SHELL OIL PRODUCTS US","Site":"NEW HAVEN","City":"NEW HAVEN","State":"CONNECTICUT","PADD":1,"Source":"Form EIA-815, Monthly Terminal Blenders Report","Period":"January 2025","Longitude":-72.900698,"Latitude":41.290307}},{"type":"Feature","id":4605,"geometry":{"type":"Point","coordinates":[-8086811.7558,5096877.6229]},"properties":{"OBJECTID":4605,"Company":"B&B PETROLEUM INC","Site":"PORTLAND","City":"PORTLAND","State":"CONNECTICUT","PADD":1,"Source":"Form EIA-815, Monthly Terminal Blenders Report","Period":"January 2025","Longitude":-72.645066,"Latitude":41.570632}},{"type":"Feature","id":4606,"geometry":{"type":"Point","coordinates":[-8026003.2613,5064217.7571]},"properties":{"OBJECTID":4606,"Company":"HOP ENERGY LLC","Site":"DDLC","City":"NEW LONDON","State":"CONNECTICUT","PADD":1,"Source":"Form EIA-815, Monthly Terminal Blenders Report","Period":"January 2025","Longitude":-72.098814,"Latitude":41.350764}},{"type":"Feature","id":4607,"geometry":{"type":"Point","coordinates":[-8073635.4242,5152041.463]},"properties":{"OBJECTID":4607,"Company":"ACE ENERGY LLC","Site":"HALL & MUSKA","City":"BROAD BROOK","State":"CONNECTICUT","PADD":1,"Source":"Form EIA-815, Monthly Terminal Blenders Report","Period":"January 2025","Longitude":-72.526701,"Latitude":41.940304}},{"type":"Feature","id":4608,"geometry":{"type":"Point","coordinates":[-8086123.356,5127530.1406]},"properties":{"OBJECTID":4608,"Company":"B&B PETROLEUM INC","Site":"EAST HARTFORD","City":"EAST HARTFORD","State":"CONNECTICUT","PADD":1,"Source":"Form EIA-815, Monthly Terminal Blenders Report","Period":"January 2025","Longitude":-72.638882,"Latitude":41.776308}},{"type":"Feature","id":4609,"geometry":{"type":"Point","coordinates":[-8144161.5537,5037472.42]},"properties":{"OBJECTID":4609,"Company":"GLOBAL CO LLC","Site":"BRIDGEPORT","City":"BRIDGEPORT","State":"CONNECTICUT","PADD":1,"Source":"Form EIA-815, Monthly Terminal Blenders Report","Period":"January 2025","Longitude":-73.160248,"Latitude":41.170158}},{"type":"Feature","id":4610,"geometry":{"type":"Point","coordinates":[-8085510.6536,5109361.7736]},"properties":{"OBJECTID":4610,"Company":"CITGO PETRO CORP","Site":"ROCKY HILL","City":"ROCKY HILL","State":"CONNECTICUT","PADD":1,"Source":"Form EIA-815, Monthly Terminal Blenders Report","Period":"January 2025","Longitude":-72.633378,"Latitude":41.654479}},{"type":"Feature","id":4611,"geometry":{"type":"Point","coordinates":[-8023510.7066,5062001.94]},"properties":{"OBJECTID":4611,"Company":"BUCKEYE TERMINALS LLC","Site":"GROTON","City":"GROTON","State":"CONNECTICUT","PADD":1,"Source":"Form EIA-815, Monthly Terminal Blenders Report","Period":"January 2025","Longitude":-72.076423,"Latitude":41.33582}},{"type":"Feature","id":4612,"geometry":{"type":"Point","coordinates":[-8087225.5303,5119071.5235]},"properties":{"OBJECTID":4612,"Company":"GLOBAL CO LLC","Site":"WETHERSFIELD","City":"WETHERSFIELD","State":"CONNECTICUT","PADD":1,"Source":"Form EIA-815, Monthly Terminal Blenders Report","Period":"January 2025","Longitude":-72.648783,"Latitude":41.719617}},{"type":"Feature","id":4613,"geometry":{"type":"Point","coordinates":[-8148845.0986,5036949.3748]},"properties":{"OBJECTID":4613,"Company":"INLAND FUEL","Site":"BRIDGEPORT","City":"BRIDGEPORT","State":"CONNECTICUT","PADD":1,"Source":"Form EIA-815, Monthly Terminal Blenders Report","Period":"January 2025","Longitude":-73.202321,"Latitude":41.166621}},{"type":"Feature","id":4614,"geometry":{"type":"Point","coordinates":[-8115448.0269,5055669.2615]},"properties":{"OBJECTID":4614,"Company":"BUCKEYE TERMINALS LLC","Site":"NEW HAVEN 3","City":"NEW HAVEN","State":"CONNECTICUT","PADD":1,"Source":"Form EIA-815, Monthly Terminal Blenders Report","Period":"January 2025","Longitude":-72.90231,"Latitude":41.293092}},{"type":"Feature","id":4615,"geometry":{"type":"Point","coordinates":[-8116386.0049,5056899.9614]},"properties":{"OBJECTID":4615,"Company":"BUCKEYE TERMINALS LLC","Site":"NEW HAVEN 85 EAST","City":"NEW HAVEN","State":"CONNECTICUT","PADD":1,"Source":"Form EIA-815, Monthly Terminal Blenders Report","Period":"January 2025","Longitude":-72.910736,"Latitude":41.301398}},{"type":"Feature","id":4616,"geometry":{"type":"Point","coordinates":[-8115579.2725,5055247.0132]},"properties":{"OBJECTID":4616,"Company":"NEW HAVEN TERMINAL INC","Site":"NEW HAVEN TERMINAL EAST","City":"NEW HAVEN","State":"CONNECTICUT","PADD":1,"Source":"Form EIA-815, Monthly Terminal Blenders Report","Period":"January 2025","Longitude":-72.903489,"Latitude":41.290242}},{"type":"Feature","id":4617,"geometry":{"type":"Point","coordinates":[-8115424.8724,5055834.9064]},"properties":{"OBJECTID":4617,"Company":"WATERFRONT ENTERPRISES INC","Site":"GATEWAY TERMINAL","City":"NEW HAVEN","State":"CONNECTICUT","PADD":1,"Source":"Form EIA-815, Monthly Terminal Blenders Report","Period":"January 2025","Longitude":-72.902102,"Latitude":41.29421}},{"type":"Feature","id":4618,"geometry":{"type":"Point","coordinates":[-8186898.5533,5018789.6898]},"properties":{"OBJECTID":4618,"Company":"SPRAGUE OPERATING RESOURCES LLC","Site":"STAMFORD","City":"STAMFORD","State":"CONNECTICUT","PADD":1,"Source":"Form EIA-815, Monthly Terminal Blenders Report","Period":"January 2025","Longitude":-73.544161,"Latitude":41.043701}},{"type":"Feature","id":4619,"geometry":{"type":"Point","coordinates":[-8115486.3208,5055400.6502]},"properties":{"OBJECTID":4619,"Company":"NEW HAVEN TERMINAL INC","Site":"NEW HAVEN","City":"NEW HAVEN","State":"CONNECTICUT","PADD":1,"Source":"Form EIA-815, Monthly Terminal Blenders Report","Period":"January 2025","Longitude":-72.902654,"Latitude":41.291279}},{"type":"Feature","id":4620,"geometry":{"type":"Point","coordinates":[-8144759.562,5037037.9519]},"properties":{"OBJECTID":4620,"Company":"HARBORVIEW TERMINALS INC","Site":"HARBORVIEW TERMINALS INC","City":"BRIDGEPORT","State":"CONNECTICUT","PADD":1,"Source":"Form EIA-815, Monthly Terminal Blenders Report","Period":"January 2025","Longitude":-73.16562,"Latitude":41.16722}},{"type":"Feature","id":4621,"geometry":{"type":"Point","coordinates":[-8087288.6485,5118865.7128]},"properties":{"OBJECTID":4621,"Company":"BUCKEYE TERMINALS LLC","Site":"WETHERSFIELD TERMINAL","City":"WETHERSFIELD","State":"CONNECTICUT","PADD":1,"Source":"Form EIA-815, Monthly Terminal Blenders Report","Period":"January 2025","Longitude":-72.64935,"Latitude":41.718237}},{"type":"Feature","id":4622,"geometry":{"type":"Point","coordinates":[-8115410.7348,5055992.5532]},"properties":{"OBJECTID":4622,"Company":"GLOBAL CO LLC","Site":"NEW HAVEN","City":"NEW HAVEN","State":"CONNECTICUT","PADD":1,"Source":"Form EIA-815, Monthly Terminal Blenders Report","Period":"January 2025","Longitude":-72.901975,"Latitude":41.295274}},{"type":"Feature","id":4623,"geometry":{"type":"Point","coordinates":[-8144278.2165,5037296.2939]},"properties":{"OBJECTID":4623,"Company":"SPRAGUE OPERATING RESOURCES LLC","Site":"BRIDGEPORT","City":"BRIDGEPORT","State":"CONNECTICUT","PADD":1,"Source":"Form EIA-815, Monthly Terminal Blenders Report","Period":"January 2025","Longitude":-73.161296,"Latitude":41.168967}},{"type":"Feature","id":4624,"geometry":{"type":"Point","coordinates":[-8115278.9325,5055994.3312]},"properties":{"OBJECTID":4624,"Company":"BUCKEYE TERMINALS LLC","Site":"NEW HAVEN FORBES","City":"NEW HAVEN","State":"CONNECTICUT","PADD":1,"Source":"Form EIA-815, Monthly Terminal Blenders Report","Period":"January 2025","Longitude":-72.900791,"Latitude":41.295286}},{"type":"Feature","id":4625,"geometry":{"type":"Point","coordinates":[-8408211.9424,4824884.8005]},"properties":{"OBJECTID":4625,"Company":"BUCKEYE TERMINALS LLC","Site":"PORT WILMINGTON","City":"WILMINGTON","State":"DELAWARE","PADD":1,"Source":"Form EIA-815, Monthly Terminal Blenders Report","Period":"January 2025","Longitude":-75.532253,"Latitude":39.716879}},{"type":"Feature","id":4626,"geometry":{"type":"Point","coordinates":[-9176948.7236,3242962.7532]},"properties":{"OBJECTID":4626,"Company":"MARATHON PETROLEUM CO LLC","Site":"TAMPA PT YBOR FL ASPHALT","City":"YBOR CITY","State":"FLORIDA","PADD":1,"Source":"Form EIA-815, Monthly Terminal Blenders Report","Period":"January 2025","Longitude":-82.437933,"Latitude":27.952312}},{"type":"Feature","id":4627,"geometry":{"type":"Point","coordinates":[-9709821.5451,3555777.4664]},"properties":{"OBJECTID":4627,"Company":"TRANSMONTAIGNE OPERATING COMPANY","Site":"PENSACOLA TPSI","City":"PENSACOLA","State":"FLORIDA","PADD":1,"Source":"Form EIA-815, Monthly Terminal Blenders Report","Period":"January 2025","Longitude":-87.224811,"Latitude":30.405478}},{"type":"Feature","id":4628,"geometry":{"type":"Point","coordinates":[-9175114.2897,3236682.9174]},"properties":{"OBJECTID":4628,"Company":"PLAINS LPG SERVICES LP","Site":"TAMPA","City":"TAMPA","State":"FLORIDA","PADD":1,"Source":"Form EIA-815, Monthly Terminal Blenders Report","Period":"January 2025","Longitude":-82.421454,"Latitude":27.902469}},{"type":"Feature","id":4629,"geometry":{"type":"Point","coordinates":[-9174465.965,3236489.0612]},"properties":{"OBJECTID":4629,"Company":"MARTIN MIDSTREAM PARTNERSHIP LP","Site":"TAMPA","City":"TAMPA","State":"FLORIDA","PADD":1,"Source":"Form EIA-815, Monthly Terminal Blenders Report","Period":"January 2025","Longitude":-82.41563,"Latitude":27.90093}},{"type":"Feature","id":4630,"geometry":{"type":"Point","coordinates":[-9190097.4479,3203154.2229]},"properties":{"OBJECTID":4630,"Company":"TRANSMONTAIGNE OPERATING COMPANY","Site":"PORT MANATEE","City":"PALMETTO","State":"FLORIDA","PADD":1,"Source":"Form EIA-815, Monthly Terminal Blenders Report","Period":"January 2025","Longitude":-82.55605,"Latitude":27.635964}},{"type":"Feature","id":4631,"geometry":{"type":"Point","coordinates":[-8920576.708,2973477.3588]},"properties":{"OBJECTID":4631,"Company":"TRANSMONTAIGNE OPERATING COMPANY","Site":"FISHER ISLAND","City":"MIAMI BEACH","State":"FLORIDA","PADD":1,"Source":"Form EIA-815, Monthly Terminal Blenders Report","Period":"January 2025","Longitude":-80.134904,"Latitude":25.793095}},{"type":"Feature","id":4632,"geometry":{"type":"Point","coordinates":[-9087080.1647,3546989.7428]},"properties":{"OBJECTID":4632,"Company":"OWENS CORNING","Site":"ROFFING & ASPHALT DIV OF OWENS CORNI","City":"JACKSONVILLE","State":"FLORIDA","PADD":1,"Source":"Form EIA-815, Monthly Terminal Blenders Report","Period":"January 2025","Longitude":-81.63063,"Latitude":30.33737}},{"type":"Feature","id":4633,"geometry":{"type":"Point","coordinates":[-8919838.3259,3010242.6412]},"properties":{"OBJECTID":4633,"Company":"TRANSMONTAIGNE OPERATING COMPANY","Site":"PORT EVERGLADES SOUTH","City":"FORT LAUDERDALE","State":"FLORIDA","PADD":1,"Source":"Form EIA-815, Monthly Terminal Blenders Report","Period":"January 2025","Longitude":-80.128271,"Latitude":26.090085}},{"type":"Feature","id":4634,"geometry":{"type":"Point","coordinates":[-9083155.3734,3557209.7227]},"properties":{"OBJECTID":4634,"Company":"BUCKEYE TERMINALS LLC","Site":"JACKSONVILLE","City":"JACKSONVILLE","State":"FLORIDA","PADD":1,"Source":"Form EIA-815, Monthly Terminal Blenders Report","Period":"January 2025","Longitude":-81.595373,"Latitude":30.416574}},{"type":"Feature","id":4635,"geometry":{"type":"Point","coordinates":[-8920379.116,3010115.5936]},"properties":{"OBJECTID":4635,"Company":"CITGO PETROLEUM CORP","Site":"PORT EVERGLADES","City":"FORT LAUDERDALE","State":"FLORIDA","PADD":1,"Source":"Form EIA-815, Monthly Terminal Blenders Report","Period":"January 2025","Longitude":-80.133129,"Latitude":26.08906}},{"type":"Feature","id":4636,"geometry":{"type":"Point","coordinates":[-9086648.3564,3549627.1718]},"properties":{"OBJECTID":4636,"Company":"PETROLEUM FUEL & TERMINAL CO","Site":"JACKSONVILLE NORTH","City":"JACKSONVILLE","State":"FLORIDA","PADD":1,"Source":"Form EIA-815, Monthly Terminal Blenders Report","Period":"January 2025","Longitude":-81.626751,"Latitude":30.357816}},{"type":"Feature","id":4637,"geometry":{"type":"Point","coordinates":[-8919946.8624,3010576.1932]},"properties":{"OBJECTID":4637,"Company":"GLOBAL CO LLC","Site":"PORT EVERGLADES WEST TERMINAL","City":"FT LAUDERDALE","State":"FLORIDA","PADD":1,"Source":"Form EIA-815, Monthly Terminal Blenders Report","Period":"January 2025","Longitude":-80.129246,"Latitude":26.092776}},{"type":"Feature","id":4638,"geometry":{"type":"Point","coordinates":[-9200670.9071,3532095.3655]},"properties":{"OBJECTID":4638,"Company":"ASSOCIATED ASPHALT LAKE CITY LLC","Site":"LAKE CITY","City":"LAKE CITY","State":"FLORIDA","PADD":1,"Source":"Form EIA-815, Monthly Terminal Blenders Report","Period":"January 2025","Longitude":-82.651033,"Latitude":30.221825}},{"type":"Feature","id":4639,"geometry":{"type":"Point","coordinates":[-8919716.0971,3011070.5235]},"properties":{"OBJECTID":4639,"Company":"BUCKEYE TERMINALS LLC","Site":"FT LAUDERDALE","City":"FT LAUDERDALE","State":"FLORIDA","PADD":1,"Source":"Form EIA-815, Monthly Terminal Blenders Report","Period":"January 2025","Longitude":-80.127173,"Latitude":26.096764}},{"type":"Feature","id":4640,"geometry":{"type":"Point","coordinates":[-9187945.5308,3231612.2002]},"properties":{"OBJECTID":4640,"Company":"CHEVRON USA INC TAMPA","Site":"TAMPA TERMINAL","City":"TAMPA","State":"FLORIDA","PADD":1,"Source":"Form EIA-815, Monthly Terminal Blenders Report","Period":"January 2025","Longitude":-82.536719,"Latitude":27.862206}},{"type":"Feature","id":4641,"geometry":{"type":"Point","coordinates":[-9588800.7833,3567001.084]},"properties":{"OBJECTID":4641,"Company":"MURPHY OIL USA INC","Site":"FREEPORT","City":"FREEPORT","State":"FLORIDA","PADD":1,"Source":"Form EIA-815, Monthly Terminal Blenders Report","Period":"January 2025","Longitude":-86.137663,"Latitude":30.492396}},{"type":"Feature","id":4642,"geometry":{"type":"Point","coordinates":[-8919610.2322,3011073.7464]},"properties":{"OBJECTID":4642,"Company":"MPLX TERMINALS LLC","Site":"FORT LAUDERDALE-EISENHOWER","City":"FORT LAUDERDALE","State":"FLORIDA","PADD":1,"Source":"Form EIA-815, Monthly Terminal Blenders Report","Period":"January 2025","Longitude":-80.126222,"Latitude":26.09679}},{"type":"Feature","id":4643,"geometry":{"type":"Point","coordinates":[-8919964.3395,3010577.5566]},"properties":{"OBJECTID":4643,"Company":"EXXONMOBIL PL CO","Site":"PORT EVERGLADES","City":"FT LAUDERDALE","State":"FLORIDA","PADD":1,"Source":"Form EIA-815, Monthly Terminal Blenders Report","Period":"January 2025","Longitude":-80.129403,"Latitude":26.092787}},{"type":"Feature","id":4644,"geometry":{"type":"Point","coordinates":[-8972765.2891,3300017.7474]},"properties":{"OBJECTID":4644,"Company":"TRANSMONTAIGNE OPERATING COMPANY","Site":"CAPE CANAVERAL","City":"CAPE CANAVERAL","State":"FLORIDA","PADD":1,"Source":"Form EIA-815, Monthly Terminal Blenders Report","Period":"January 2025","Longitude":-80.603722,"Latitude":28.4041}},{"type":"Feature","id":4645,"geometry":{"type":"Point","coordinates":[-9084400.482,3556811.757]},"properties":{"OBJECTID":4645,"Company":"MCK TERMINALS LLC","Site":"JACKSONVILLE","City":"JACKSONVILLE","State":"FLORIDA","PADD":1,"Source":"Form EIA-815, Monthly Terminal Blenders Report","Period":"January 2025","Longitude":-81.606558,"Latitude":30.413491}},{"type":"Feature","id":4646,"geometry":{"type":"Point","coordinates":[-9176966.4234,3242904.1534]},"properties":{"OBJECTID":4646,"Company":"BUCKEYE TERMINALS LLC","Site":"TAMPA NORTH","City":"TAMPA","State":"FLORIDA","PADD":1,"Source":"Form EIA-815, Monthly Terminal Blenders Report","Period":"January 2025","Longitude":-82.438092,"Latitude":27.951847}},{"type":"Feature","id":4647,"geometry":{"type":"Point","coordinates":[-8919544.2198,3010433.2768]},"properties":{"OBJECTID":4647,"Company":"SOUTH FLORIDA MATERIALS CORP","Site":"PORTOFINO TERMINAL","City":"FORT LAUDERDALE","State":"FLORIDA","PADD":1,"Source":"Form EIA-815, Monthly Terminal Blenders Report","Period":"January 2025","Longitude":-80.125629,"Latitude":26.091623}},{"type":"Feature","id":4648,"geometry":{"type":"Point","coordinates":[-9172374.0491,3239180.7465]},"properties":{"OBJECTID":4648,"Company":"ASSOCIATED ASPHALT TAMPA LLC","Site":"TAMPA","City":"TAMPA","State":"FLORIDA","PADD":1,"Source":"Form EIA-815, Monthly Terminal Blenders Report","Period":"January 2025","Longitude":-82.396838,"Latitude":27.922297}},{"type":"Feature","id":4649,"geometry":{"type":"Point","coordinates":[-8923518.2143,3010315.5237]},"properties":{"OBJECTID":4649,"Company":"GLOBAL CO LLC","Site":"PORT EVERGLADES EAST TERMINAL","City":"FORT LAUDERDALE","State":"FLORIDA","PADD":1,"Source":"Form EIA-815, Monthly Terminal Blenders Report","Period":"January 2025","Longitude":-80.161328,"Latitude":26.090673}},{"type":"Feature","id":4650,"geometry":{"type":"Point","coordinates":[-9087900.5894,3552373.9293]},"properties":{"OBJECTID":4650,"Company":"SUNOCO LLC","Site":"JACKSONVILLE","City":"JACKSONVILLE","State":"FLORIDA","PADD":1,"Source":"Form EIA-815, Monthly Terminal Blenders Report","Period":"January 2025","Longitude":-81.638,"Latitude":30.379105}},{"type":"Feature","id":4651,"geometry":{"type":"Point","coordinates":[-9086665.4996,3549904.2848]},"properties":{"OBJECTID":4651,"Company":"TRANSMONTAIGNE OPERATING COMPANY","Site":"JACKSONVILLE","City":"JACKSONVILLE","State":"FLORIDA","PADD":1,"Source":"Form EIA-815, Monthly Terminal Blenders Report","Period":"January 2025","Longitude":-81.626905,"Latitude":30.359964}},{"type":"Feature","id":4652,"geometry":{"type":"Point","coordinates":[-9536238.3914,3523839.3031]},"properties":{"OBJECTID":4652,"Company":"CHEVRON USA INC PANAMA CITY","Site":"PANAMA CITY FL","City":"PANAMA CITY","State":"FLORIDA","PADD":1,"Source":"Form EIA-815, Monthly Terminal Blenders Report","Period":"January 2025","Longitude":-85.665487,"Latitude":30.157719}},{"type":"Feature","id":4653,"geometry":{"type":"Point","coordinates":[-8919637.7281,3011071.887]},"properties":{"OBJECTID":4653,"Company":"GLOBAL CO LLC","Site":"PORT EVERGLADES SOUTH TERMINAL","City":"FORT LAUDERDALE","State":"FLORIDA","PADD":1,"Source":"Form EIA-815, Monthly Terminal Blenders Report","Period":"January 2025","Longitude":-80.126469,"Latitude":26.096775}},{"type":"Feature","id":4654,"geometry":{"type":"Point","coordinates":[-9177355.5963,3240489.556]},"properties":{"OBJECTID":4654,"Company":"CITGO PETROLEUM CORP","Site":"TAMPA","City":"TAMPA","State":"FLORIDA","PADD":1,"Source":"Form EIA-815, Monthly Terminal Blenders Report","Period":"January 2025","Longitude":-82.441588,"Latitude":27.932685}},{"type":"Feature","id":4655,"geometry":{"type":"Point","coordinates":[-9176808.9063,3242206.7718]},"properties":{"OBJECTID":4655,"Company":"MPLX TERMINALS LLC","Site":"TAMPA","City":"TAMPA","State":"FLORIDA","PADD":1,"Source":"Form EIA-815, Monthly Terminal Blenders Report","Period":"January 2025","Longitude":-82.436677,"Latitude":27.946313}},{"type":"Feature","id":4656,"geometry":{"type":"Point","coordinates":[-9189400.3653,3231412.7499]},"properties":{"OBJECTID":4656,"Company":"GLOBAL CO LLC","Site":"PORT TAMPA TERMINAL","City":"TAMPA","State":"FLORIDA","PADD":1,"Source":"Form EIA-815, Monthly Terminal Blenders Report","Period":"January 2025","Longitude":-82.549788,"Latitude":27.860622}},{"type":"Feature","id":4657,"geometry":{"type":"Point","coordinates":[-8921711.0537,3005554.3897]},"properties":{"OBJECTID":4657,"Company":"SOUTH FLORIDA MATERIALS CORP","Site":"PORT EVERGLADES","City":"DANIA BEACH","State":"FLORIDA","PADD":1,"Source":"Form EIA-815, Monthly Terminal Blenders Report","Period":"January 2025","Longitude":-80.145094,"Latitude":26.052255}},{"type":"Feature","id":4658,"geometry":{"type":"Point","coordinates":[-9177584.4692,3239324.4977]},"properties":{"OBJECTID":4658,"Company":"MURPHY OIL USA INC","Site":"TAMPA","City":"TAMPA","State":"FLORIDA","PADD":1,"Source":"Form EIA-815, Monthly Terminal Blenders Report","Period":"January 2025","Longitude":-82.443644,"Latitude":27.923438}},{"type":"Feature","id":4659,"geometry":{"type":"Point","coordinates":[-9177428.5106,3240422.651]},"properties":{"OBJECTID":4659,"Company":"BUCKEYE TERMINALS LLC","Site":"TAMPA SOUTH","City":"TAMPA","State":"FLORIDA","PADD":1,"Source":"Form EIA-815, Monthly Terminal Blenders Report","Period":"January 2025","Longitude":-82.442243,"Latitude":27.932154}},{"type":"Feature","id":4660,"geometry":{"type":"Point","coordinates":[-8974570.5573,3301870.6385]},"properties":{"OBJECTID":4660,"Company":"SEAPORT CANAVERAL CORP","Site":"CAPE CANAVERAL","City":"CAPE CANAVERAL","State":"FLORIDA","PADD":1,"Source":"Form EIA-815, Monthly Terminal Blenders Report","Period":"January 2025","Longitude":-80.619939,"Latitude":28.41874}},{"type":"Feature","id":4661,"geometry":{"type":"Point","coordinates":[-8911964.0304,3094353.3635]},"properties":{"OBJECTID":4661,"Company":"SOUTH FLORIDA MATERIALS CORP","Site":"WEST PALM BEACH","City":"RIVIERA BEACH","State":"FLORIDA","PADD":1,"Source":"Form EIA-815, Monthly Terminal Blenders Report","Period":"January 2025","Longitude":-80.057535,"Latitude":26.766694}},{"type":"Feature","id":4662,"geometry":{"type":"Point","coordinates":[-9627025.67,3569533.6514]},"properties":{"OBJECTID":4662,"Company":"CITGO PETROLEUM CORP","Site":"NICEVILLE","City":"NICEVILLE","State":"FLORIDA","PADD":1,"Source":"Form EIA-815, Monthly Terminal Blenders Report","Period":"January 2025","Longitude":-86.481043,"Latitude":30.511998}},{"type":"Feature","id":4663,"geometry":{"type":"Point","coordinates":[-8919817.3978,3010576.1932]},"properties":{"OBJECTID":4663,"Company":"CHEVRON USA INC FORT LAUDERDALE","Site":"FT LAUDERDALE TERMINAL","City":"FORT LAUDERDALE","State":"FLORIDA","PADD":1,"Source":"Form EIA-815, Monthly Terminal Blenders Report","Period":"January 2025","Longitude":-80.128083,"Latitude":26.092776}},{"type":"Feature","id":4664,"geometry":{"type":"Point","coordinates":[-9176384.6678,3238531.1762]},"properties":{"OBJECTID":4664,"Company":"KINDERMORGAN","Site":"TAMPA TERMINAL","City":"TAMPA","State":"FLORIDA","PADD":1,"Source":"Form EIA-815, Monthly Terminal Blenders Report","Period":"January 2025","Longitude":-82.432866,"Latitude":27.917141}},{"type":"Feature","id":4665,"geometry":{"type":"Point","coordinates":[-9086417.8138,3550089.4172]},"properties":{"OBJECTID":4665,"Company":"OMEGA PARTNERS III LLC","Site":"JACKSONVILLE","City":"JACKSONVILLE","State":"FLORIDA","PADD":1,"Source":"Form EIA-815, Monthly Terminal Blenders Report","Period":"January 2025","Longitude":-81.62468,"Latitude":30.361399}},{"type":"Feature","id":4666,"geometry":{"type":"Point","coordinates":[-8920104.7134,3010603.4627]},"properties":{"OBJECTID":4666,"Company":"MPLX TERMINALS LLC","Site":"FT LAUDERDALE SPANGLER","City":"FT LAUDERDALE","State":"FLORIDA","PADD":1,"Source":"Form EIA-815, Monthly Terminal Blenders Report","Period":"January 2025","Longitude":-80.130664,"Latitude":26.092996}},{"type":"Feature","id":4667,"geometry":{"type":"Point","coordinates":[-9177436.1917,3239461.951]},"properties":{"OBJECTID":4667,"Company":"TRANSMONTAIGNE OPERATING COMPANY","Site":"TAMPA","City":"TAMPA","State":"FLORIDA","PADD":1,"Source":"Form EIA-815, Monthly Terminal Blenders Report","Period":"January 2025","Longitude":-82.442312,"Latitude":27.924529}},{"type":"Feature","id":4668,"geometry":{"type":"Point","coordinates":[-8919412.6401,3010775.6338]},"properties":{"OBJECTID":4668,"Company":"TRANSMONTAIGNE OPERATING COMPANY","Site":"PORT EVERGLADES NORTH","City":"FORT LAUDERDALE","State":"FLORIDA","PADD":1,"Source":"Form EIA-815, Monthly Terminal Blenders Report","Period":"January 2025","Longitude":-80.124447,"Latitude":26.094385}},{"type":"Feature","id":4669,"geometry":{"type":"Point","coordinates":[-9058206.6718,3302336.5594]},"properties":{"OBJECTID":4669,"Company":"KINDER MORGAN SE TRMNLS LLC","Site":"ORLANDO","City":"ORLANDO","State":"FLORIDA","PADD":1,"Source":"Form EIA-815, Monthly Terminal Blenders Report","Period":"January 2025","Longitude":-81.371255,"Latitude":28.422421}},{"type":"Feature","id":4670,"geometry":{"type":"Point","coordinates":[-8920719.8649,3010173.7255]},"properties":{"OBJECTID":4670,"Company":"TARGA MIDSTREAM SERVICES LLC","Site":"PT EVERGLADES","City":"PORT EVERGLADES","State":"FLORIDA","PADD":1,"Source":"Form EIA-815, Monthly Terminal Blenders Report","Period":"January 2025","Longitude":-80.13619,"Latitude":26.089529}},{"type":"Feature","id":4671,"geometry":{"type":"Point","coordinates":[-9126270.1915,3945971.8929]},"properties":{"OBJECTID":4671,"Company":"ECO-ENERGY DISTRIBUTION SERVICES LLC","Site":"ECO-ENERGY DISTRIBUTION-AUGUSTA","City":"AUGUSTA","State":"GEORGIA","PADD":1,"Source":"Form EIA-815, Monthly Terminal Blenders Report","Period":"January 2025","Longitude":-81.98268,"Latitude":33.3809}},{"type":"Feature","id":4672,"geometry":{"type":"Point","coordinates":[-9451790.6464,3832119.9991]},"properties":{"OBJECTID":4672,"Company":"MARATHON PETROLEUM CO LLC","Site":"COLUMBUS","City":"COLUMBUS","State":"GEORGIA","PADD":1,"Source":"Form EIA-815, Monthly Terminal Blenders Report","Period":"January 2025","Longitude":-84.90688,"Latitude":32.522697}},{"type":"Feature","id":4673,"geometry":{"type":"Point","coordinates":[-9445143.2031,4047563.1408]},"properties":{"OBJECTID":4673,"Company":"ECO-ENERGY DISTRIBUTION SERVICES LLC","Site":"ECO-ENERGY DISTRIBUTION- ATLANTA LLC","City":"CARTERSVILLE","State":"GEORGIA","PADD":1,"Source":"Form EIA-815, Monthly Terminal Blenders Report","Period":"January 2025","Longitude":-84.847165,"Latitude":34.139606}},{"type":"Feature","id":4674,"geometry":{"type":"Point","coordinates":[-9361807.3172,3761157.2773]},"properties":{"OBJECTID":4674,"Company":"TRANSMONTAIGNE OPERATING COMPANY","Site":"AMERICUS","City":"AMERICUS","State":"GEORGIA","PADD":1,"Source":"Form EIA-815, Monthly Terminal Blenders Report","Period":"January 2025","Longitude":-84.098546,"Latitude":31.983594}},{"type":"Feature","id":4675,"geometry":{"type":"Point","coordinates":[-9286255.1127,4026889.1625]},"properties":{"OBJECTID":4675,"Company":"KINDER MORGAN SOUTHEAST TERMINAL","Site":"ATHENS","City":"ATHENS","State":"GEORGIA","PADD":1,"Source":"Form EIA-815, Monthly Terminal Blenders Report","Period":"January 2025","Longitude":-83.419849,"Latitude":33.985753}},{"type":"Feature","id":4676,"geometry":{"type":"Point","coordinates":[-9380902.3947,4017444.2061]},"properties":{"OBJECTID":4676,"Company":"BUCKEYE SE TERMINALS LP","Site":"DORAVILLE 1","City":"DORAVILLE","State":"GEORGIA","PADD":1,"Source":"Form EIA-815, Monthly Terminal Blenders Report","Period":"January 2025","Longitude":-84.27008,"Latitude":33.915372}},{"type":"Feature","id":4677,"geometry":{"type":"Point","coordinates":[-9371206.5784,3708340.687]},"properties":{"OBJECTID":4677,"Company":"TRANSMONTAIGNE OPERATING COMPANY","Site":"ALBANY","City":"ALBANY","State":"GEORGIA","PADD":1,"Source":"Form EIA-815, Monthly Terminal Blenders Report","Period":"January 2025","Longitude":-84.182981,"Latitude":31.580277}},{"type":"Feature","id":4678,"geometry":{"type":"Point","coordinates":[-9380936.7924,4016819.6576]},"properties":{"OBJECTID":4678,"Company":"KINDER MORGAN LIQ TERMLS LLC","Site":"DORAVILLE 2","City":"DORAVILLE","State":"GEORGIA","PADD":1,"Source":"Form EIA-815, Monthly Terminal Blenders Report","Period":"January 2025","Longitude":-84.270389,"Latitude":33.910716}},{"type":"Feature","id":4679,"geometry":{"type":"Point","coordinates":[-9029373.2539,3775661.3099]},"properties":{"OBJECTID":4679,"Company":"COLONIAL TERMINALS INC","Site":"SAVANNAH","City":"SAVANNAH","State":"GEORGIA","PADD":1,"Source":"Form EIA-815, Monthly Terminal Blenders Report","Period":"January 2025","Longitude":-81.11224,"Latitude":32.094041}},{"type":"Feature","id":4680,"geometry":{"type":"Point","coordinates":[-9022905.8141,3772675.2111]},"properties":{"OBJECTID":4680,"Company":"CTI WAHLSTROM TERMINAL INC","Site":"CTI WAHLSTROM TERMINAL INC","City":"SAVANNAH","State":"GEORGIA","PADD":1,"Source":"Form EIA-815, Monthly Terminal Blenders Report","Period":"January 2025","Longitude":-81.054142,"Latitude":32.071313}},{"type":"Feature","id":4681,"geometry":{"type":"Point","coordinates":[-9312521.7258,3860201.164]},"properties":{"OBJECTID":4681,"Company":"JET EPIC LLC","Site":"MACON","City":"MACON","State":"GEORGIA","PADD":1,"Source":"Form EIA-815, Monthly Terminal Blenders Report","Period":"January 2025","Longitude":-83.655806,"Latitude":32.735143}},{"type":"Feature","id":4682,"geometry":{"type":"Point","coordinates":[-9451602.6278,3832109.3051]},"properties":{"OBJECTID":4682,"Company":"SARATOGA RP EAST LLC","Site":"TPSL COLUMBUS","City":"COLUMBUS","State":"GEORGIA","PADD":1,"Source":"Form EIA-815, Monthly Terminal Blenders Report","Period":"January 2025","Longitude":-84.905191,"Latitude":32.522616}},{"type":"Feature","id":4683,"geometry":{"type":"Point","coordinates":[-9411268.4594,3997073.018]},"properties":{"OBJECTID":4683,"Company":"OWENS CORNING","Site":"ROOFING & ASPHALT DIV OF OWENS CORNI","City":"ATLANTA","State":"GEORGIA","PADD":1,"Source":"Form EIA-815, Monthly Terminal Blenders Report","Period":"January 2025","Longitude":-84.542863,"Latitude":33.763374}},{"type":"Feature","id":4684,"geometry":{"type":"Point","coordinates":[-9474562.7181,4068933.5725]},"properties":{"OBJECTID":4684,"Company":"TRANSMONTAIGNE OPERATING COMPANY","Site":"ROME","City":"ROME","State":"GEORGIA","PADD":1,"Source":"Form EIA-815, Monthly Terminal Blenders Report","Period":"January 2025","Longitude":-85.111445,"Latitude":34.298348}},{"type":"Feature","id":4685,"geometry":{"type":"Point","coordinates":[-9022816.8699,3772920.8714]},"properties":{"OBJECTID":4685,"Company":"CTI FOUNDATION TERMINAL INC","Site":"CTI FOUNDATION TERMINAL","City":"SAVANNAH","State":"GEORGIA","PADD":1,"Source":"Form EIA-815, Monthly Terminal Blenders Report","Period":"January 2025","Longitude":-81.053343,"Latitude":32.073183}},{"type":"Feature","id":4686,"geometry":{"type":"Point","coordinates":[-9022485.4717,3772863.7253]},"properties":{"OBJECTID":4686,"Company":"PHILLIPS 66","Site":"SAVANNAH LUBRICANTS","City":"SAVANNAH","State":"GEORGIA","PADD":1,"Source":"Form EIA-815, Monthly Terminal Blenders Report","Period":"January 2025","Longitude":-81.050366,"Latitude":32.072748}},{"type":"Feature","id":4687,"geometry":{"type":"Point","coordinates":[-9313000.9562,3861002.759]},"properties":{"OBJECTID":4687,"Company":"MPLX TERMINALS LLC","Site":"MACON","City":"MACON","State":"GEORGIA","PADD":1,"Source":"Form EIA-815, Monthly Terminal Blenders Report","Period":"January 2025","Longitude":-83.660111,"Latitude":32.7412}},{"type":"Feature","id":4688,"geometry":{"type":"Point","coordinates":[-9381636.6581,4016239.1372]},"properties":{"OBJECTID":4688,"Company":"CITGO PETRO CORP","Site":"DORAVILLE","City":"DORAVILLE","State":"GEORGIA","PADD":1,"Source":"Form EIA-815, Monthly Terminal Blenders Report","Period":"January 2025","Longitude":-84.276676,"Latitude":33.906388}},{"type":"Feature","id":4689,"geometry":{"type":"Point","coordinates":[-9325121.979,3823516.3653]},"properties":{"OBJECTID":4689,"Company":"SOUTHEAST EMULSIONS INC","Site":"SOUTHEAST EMULSIONS PERRY ASPHAL","City":"PERRY","State":"GEORGIA","PADD":1,"Source":"Form EIA-815, Monthly Terminal Blenders Report","Period":"January 2025","Longitude":-83.768996,"Latitude":32.457506}},{"type":"Feature","id":4690,"geometry":{"type":"Point","coordinates":[-9420250.4951,4010209.262]},"properties":{"OBJECTID":4690,"Company":"COLONIAL PIPELINE CO","Site":"PSL","City":"AUSTELL","State":"GEORGIA","PADD":1,"Source":"Form EIA-815, Monthly Terminal Blenders Report","Period":"January 2025","Longitude":-84.62355,"Latitude":33.86142}},{"type":"Feature","id":4691,"geometry":{"type":"Point","coordinates":[-9419139.8606,3619387.369]},"properties":{"OBJECTID":4691,"Company":"BKEP MATERIALS LLC","Site":"BAINBRIDGE","City":"BAINBRIDGE","State":"GEORGIA","PADD":1,"Source":"Form EIA-815, Monthly Terminal Blenders Report","Period":"January 2025","Longitude":-84.613573,"Latitude":30.897058}},{"type":"Feature","id":4692,"geometry":{"type":"Point","coordinates":[-9477920.8932,3989122.6946]},"properties":{"OBJECTID":4692,"Company":"JET EPIC LLC","Site":"BREMEN","City":"BREMEN","State":"GEORGIA","PADD":1,"Source":"Form EIA-815, Monthly Terminal Blenders Report","Period":"January 2025","Longitude":-85.141612,"Latitude":33.70398}},{"type":"Feature","id":4693,"geometry":{"type":"Point","coordinates":[-9421335.8602,4010135.5307]},"properties":{"OBJECTID":4693,"Company":"POWDER SPRINGS LOGISTICS LLC","Site":"POWDER SPRINGS LOGISTICS LLC (PSL)","City":"AUSTELL","State":"GEORGIA","PADD":1,"Source":"Form EIA-815, Monthly Terminal Blenders Report","Period":"January 2025","Longitude":-84.6333,"Latitude":33.86087}},{"type":"Feature","id":4694,"geometry":{"type":"Point","coordinates":[-9326834.0728,4058691.898]},"properties":{"OBJECTID":4694,"Company":"ASSOCIATED ASPHALT GAINSVILLE LLC","Site":"GAINSVILLE","City":"GAINSVILLE","State":"GEORGIA","PADD":1,"Source":"Form EIA-815, Monthly Terminal Blenders Report","Period":"January 2025","Longitude":-83.784376,"Latitude":34.222309}},{"type":"Feature","id":4695,"geometry":{"type":"Point","coordinates":[-9466748.2011,4031928.1212]},"properties":{"OBJECTID":4695,"Company":"CW MATTHEWS CONTRACTING CO INC","Site":"ROCKMART","City":"ROCKMART","State":"GEORGIA","PADD":1,"Source":"Form EIA-815, Monthly Terminal Blenders Report","Period":"January 2025","Longitude":-85.041246,"Latitude":34.023278}},{"type":"Feature","id":4696,"geometry":{"type":"Point","coordinates":[-9404794.7857,4003113.6651]},"properties":{"OBJECTID":4696,"Company":"BUCKEYE SE TERMINALS LP","Site":"ATLANTA","City":"ATLANTA","State":"GEORGIA","PADD":1,"Source":"Form EIA-815, Monthly Terminal Blenders Report","Period":"January 2025","Longitude":-84.484709,"Latitude":33.808474}},{"type":"Feature","id":4697,"geometry":{"type":"Point","coordinates":[-9373878.1348,3915369.2005]},"properties":{"OBJECTID":4697,"Company":"ENT PROPANE TERMINALS & STORAGE LLC","Site":"MILNER PROPANE TERMINAL","City":"MILNER","State":"GEORGIA","PADD":1,"Source":"Form EIA-815, Monthly Terminal Blenders Report","Period":"January 2025","Longitude":-84.20698,"Latitude":33.15104}},{"type":"Feature","id":4698,"geometry":{"type":"Point","coordinates":[-9368885.4557,3654789.3708]},"properties":{"OBJECTID":4698,"Company":"POET BIOREFINING CAMILLA LLC","Site":"CAMILLA","City":"CAMILLA","State":"GEORGIA","PADD":1,"Source":"Form EIA-815, Monthly Terminal Blenders Report","Period":"January 2025","Longitude":-84.16213,"Latitude":31.16956}},{"type":"Feature","id":4699,"geometry":{"type":"Point","coordinates":[-9381102.6585,4016667.684]},"properties":{"OBJECTID":4699,"Company":"CHEVRON USA INC DORAVILLE","Site":"DORAVILLE TERMINAL","City":"DORAVILLE","State":"GEORGIA","PADD":1,"Source":"Form EIA-815, Monthly Terminal Blenders Report","Period":"January 2025","Longitude":-84.271879,"Latitude":33.909583}},{"type":"Feature","id":4700,"geometry":{"type":"Point","coordinates":[-9420288.3437,4009870.1022]},"properties":{"OBJECTID":4700,"Company":"COLONIAL TERMINALS OPERATING CO LLC","Site":"AUSTELL","City":"AUSTELL","State":"GEORGIA","PADD":1,"Source":"Form EIA-815, Monthly Terminal Blenders Report","Period":"January 2025","Longitude":-84.62389,"Latitude":33.85889}},{"type":"Feature","id":4701,"geometry":{"type":"Point","coordinates":[-9313150.013,3861005.6706]},"properties":{"OBJECTID":4701,"Company":"BUCKEYE SE TERMINALS LP","Site":"MACON","City":"MACON","State":"GEORGIA","PADD":1,"Source":"Form EIA-815, Monthly Terminal Blenders Report","Period":"January 2025","Longitude":-83.66145,"Latitude":32.741222}},{"type":"Feature","id":4702,"geometry":{"type":"Point","coordinates":[-9313081.7742,3861002.2296]},"properties":{"OBJECTID":4702,"Company":"SOUTH FLORIDA MATERIALS CORP","Site":"MACON","City":"MACON","State":"GEORGIA","PADD":1,"Source":"Form EIA-815, Monthly Terminal Blenders Report","Period":"January 2025","Longitude":-83.660837,"Latitude":32.741196}},{"type":"Feature","id":4703,"geometry":{"type":"Point","coordinates":[-9411525.9413,3620253.601]},"properties":{"OBJECTID":4703,"Company":"GLOBAL CO LLC","Site":"BAINBRIDGE TERMINAL","City":"BAINBRIDGE","State":"GEORGIA","PADD":1,"Source":"Form EIA-815, Monthly Terminal Blenders Report","Period":"January 2025","Longitude":-84.545176,"Latitude":30.903735}},{"type":"Feature","id":4704,"geometry":{"type":"Point","coordinates":[-9187873.7298,3704308.0664]},"properties":{"OBJECTID":4704,"Company":"ENT PROPANE TERMINALS & STORAGE LLC","Site":"ALMA PROPANE TERMINAL","City":"ALBANY","State":"GEORGIA","PADD":1,"Source":"Form EIA-815, Monthly Terminal Blenders Report","Period":"January 2025","Longitude":-82.536074,"Latitude":31.549411}},{"type":"Feature","id":4705,"geometry":{"type":"Point","coordinates":[-9363689.7298,3697520.3216]},"properties":{"OBJECTID":4705,"Company":"ENT PROPANE TERMINALS & STORAGE LLC","Site":"ALBANY PROPANE TERMINAL","City":"ALBANY","State":"GEORGIA","PADD":1,"Source":"Form EIA-815, Monthly Terminal Blenders Report","Period":"January 2025","Longitude":-84.115456,"Latitude":31.497434}},{"type":"Feature","id":4706,"geometry":{"type":"Point","coordinates":[-9320553.0931,3879678.2692]},"properties":{"OBJECTID":4706,"Company":"TRANSMONTAIGNE OPERATING COMPANY","Site":"MACON","City":"MACON","State":"GEORGIA","PADD":1,"Source":"Form EIA-815, Monthly Terminal Blenders Report","Period":"January 2025","Longitude":-83.727953,"Latitude":32.882199}},{"type":"Feature","id":4707,"geometry":{"type":"Point","coordinates":[-9373071.7364,3704256.8605]},"properties":{"OBJECTID":4707,"Company":"SARATOGA RP EAST LLC","Site":"ALBANY","City":"ALBANY","State":"GEORGIA","PADD":1,"Source":"Form EIA-815, Monthly Terminal Blenders Report","Period":"January 2025","Longitude":-84.199736,"Latitude":31.549019}},{"type":"Feature","id":4708,"geometry":{"type":"Point","coordinates":[-9381416.8021,4017663.7987]},"properties":{"OBJECTID":4708,"Company":"BUCKEYE SE TERMINALS LP","Site":"DORAVILLE 2","City":"DORAVILLE","State":"GEORGIA","PADD":1,"Source":"Form EIA-815, Monthly Terminal Blenders Report","Period":"January 2025","Longitude":-84.274701,"Latitude":33.917009}},{"type":"Feature","id":4709,"geometry":{"type":"Point","coordinates":[-9380902.7287,4017425.0238]},"properties":{"OBJECTID":4709,"Company":"GLOBAL CO LLC","Site":"DORAVILLE EASTWEST TERMINAL","City":"DORAVILLE","State":"GEORGIA","PADD":1,"Source":"Form EIA-815, Monthly Terminal Blenders Report","Period":"January 2025","Longitude":-84.270083,"Latitude":33.915229}},{"type":"Feature","id":4710,"geometry":{"type":"Point","coordinates":[-9500401.0851,4156021.9291]},"properties":{"OBJECTID":4710,"Company":"TRANSMONTAIGNE OPERATING COMPANY","Site":"LOOKOUT MOUNTAIN","City":"ROSSVILLE","State":"GEORGIA","PADD":1,"Source":"Form EIA-815, Monthly Terminal Blenders Report","Period":"January 2025","Longitude":-85.343555,"Latitude":34.942147}},{"type":"Feature","id":4711,"geometry":{"type":"Point","coordinates":[-9380908.8512,4017182.3637]},"properties":{"OBJECTID":4711,"Company":"GLOBAL CO LLC","Site":"DORAVILLE SOUTH TERMINAL","City":"DORAVILLE","State":"GEORGIA","PADD":1,"Source":"Form EIA-815, Monthly Terminal Blenders Report","Period":"January 2025","Longitude":-84.270138,"Latitude":33.91342}},{"type":"Feature","id":4712,"geometry":{"type":"Point","coordinates":[-9362717.0201,3992124.4683]},"properties":{"OBJECTID":4712,"Company":"E R SNELL CONTRACTOR INC","Site":"LITHONIA","City":"LITHONIA","State":"GEORGIA","PADD":1,"Source":"Form EIA-815, Monthly Terminal Blenders Report","Period":"January 2025","Longitude":-84.106718,"Latitude":33.72641}},{"type":"Feature","id":4713,"geometry":{"type":"Point","coordinates":[-9411278.8121,3620227.1345]},"properties":{"OBJECTID":4713,"Company":"TRANSMONTAIGNE OPERATING COMPANY","Site":"BAINBRIDGE","City":"BAINBRIDGE","State":"GEORGIA","PADD":1,"Source":"Form EIA-815, Monthly Terminal Blenders Report","Period":"January 2025","Longitude":-84.542956,"Latitude":30.903531}},{"type":"Feature","id":4714,"geometry":{"type":"Point","coordinates":[-9286237.079,4026868.3533]},"properties":{"OBJECTID":4714,"Company":"TRANSMONTAIGNE OPERATING COMPANY","Site":"ATHENS","City":"ATHENS","State":"GEORGIA","PADD":1,"Source":"Form EIA-815, Monthly Terminal Blenders Report","Period":"January 2025","Longitude":-83.419687,"Latitude":33.985598}},{"type":"Feature","id":4715,"geometry":{"type":"Point","coordinates":[-9405034.0113,4002612.8803]},"properties":{"OBJECTID":4715,"Company":"KINDER MORGAN LIQ TERMLS LLC","Site":"CHATTAHOOCHEE 1","City":"ATLANTA","State":"GEORGIA","PADD":1,"Source":"Form EIA-815, Monthly Terminal Blenders Report","Period":"January 2025","Longitude":-84.486858,"Latitude":33.804736}},{"type":"Feature","id":4716,"geometry":{"type":"Point","coordinates":[-9373999.4731,3704266.2656]},"properties":{"OBJECTID":4716,"Company":"BUCKEYE SE TERMINALS LP","Site":"ALBANY GA","City":"ALBANY","State":"GEORGIA","PADD":1,"Source":"Form EIA-815, Monthly Terminal Blenders Report","Period":"January 2025","Longitude":-84.20807,"Latitude":31.549091}},{"type":"Feature","id":4717,"geometry":{"type":"Point","coordinates":[-9381327.4125,4017623.2871]},"properties":{"OBJECTID":4717,"Company":"TRANSMONTAIGNE OPERATING COMPANY","Site":"DORAVILLE","City":"DORAVILLE","State":"GEORGIA","PADD":1,"Source":"Form EIA-815, Monthly Terminal Blenders Report","Period":"January 2025","Longitude":-84.273898,"Latitude":33.916707}},{"type":"Feature","id":4718,"geometry":{"type":"Point","coordinates":[-9026977.5471,3773918.9345]},"properties":{"OBJECTID":4718,"Company":"BWC SAVANNAH LLC","Site":"BWC SAVANNAH","City":"GARDEN CITY","State":"GEORGIA","PADD":1,"Source":"Form EIA-815, Monthly Terminal Blenders Report","Period":"January 2025","Longitude":-81.090719,"Latitude":32.08078}},{"type":"Feature","id":4719,"geometry":{"type":"Point","coordinates":[-9380583.4644,4016878.8112]},"properties":{"OBJECTID":4719,"Company":"KINDER MORGAN LIQ TERMLS LLC","Site":"DORAVILLE 3","City":"DORAVILLE","State":"GEORGIA","PADD":1,"Source":"Form EIA-815, Monthly Terminal Blenders Report","Period":"January 2025","Longitude":-84.267215,"Latitude":33.911157}},{"type":"Feature","id":4720,"geometry":{"type":"Point","coordinates":[-9380103.2321,3932543.7078]},"properties":{"OBJECTID":4720,"Company":"TRANSMONTAIGNE OPERATING COMPANY","Site":"GRIFFIN","City":"GRIFFIN","State":"GEORGIA","PADD":1,"Source":"Form EIA-815, Monthly Terminal Blenders Report","Period":"January 2025","Longitude":-84.262901,"Latitude":33.280114}},{"type":"Feature","id":4721,"geometry":{"type":"Point","coordinates":[-9381017.6104,4016658.9653]},"properties":{"OBJECTID":4721,"Company":"MPLX TERMINALS LLC","Site":"DORAVILLE","City":"DORAVILLE","State":"GEORGIA","PADD":1,"Source":"Form EIA-815, Monthly Terminal Blenders Report","Period":"January 2025","Longitude":-84.271115,"Latitude":33.909518}},{"type":"Feature","id":4722,"geometry":{"type":"Point","coordinates":[-9031775.5285,3777130.3258]},"properties":{"OBJECTID":4722,"Company":"ERGON ASPHALT & EMULSIONS INC","Site":"GARDEN CITY PLANT","City":"GARDEN CITY","State":"GEORGIA","PADD":1,"Source":"Form EIA-815, Monthly Terminal Blenders Report","Period":"January 2025","Longitude":-81.13382,"Latitude":32.10522}},{"type":"Feature","id":4723,"geometry":{"type":"Point","coordinates":[-9427021.9484,4010036.3294]},"properties":{"OBJECTID":4723,"Company":"MPLX TERMINALS LLC","Site":"POWDER SPRINGS","City":"AUSTELL","State":"GEORGIA","PADD":1,"Source":"Form EIA-815, Monthly Terminal Blenders Report","Period":"January 2025","Longitude":-84.684379,"Latitude":33.86013}},{"type":"Feature","id":4724,"geometry":{"type":"Point","coordinates":[-9451443.6636,3832100.1955]},"properties":{"OBJECTID":4724,"Company":"OMEGA PTNRS III LLC","Site":"COLUMBUS 1","City":"COLUMBUS","State":"GEORGIA","PADD":1,"Source":"Form EIA-815, Monthly Terminal Blenders Report","Period":"January 2025","Longitude":-84.903763,"Latitude":32.522547}},{"type":"Feature","id":4725,"geometry":{"type":"Point","coordinates":[-17260700.3066,2240713.4874]},"properties":{"OBJECTID":4725,"Company":"THE GAS COMPANY LLC","Site":"HILO BASEYARDHAWAII","City":"HILO","State":"HAWAII","PADD":5,"Source":"Form EIA-815, Monthly Terminal Blenders Report","Period":"January 2025","Longitude":-155.055509,"Latitude":19.72696}},{"type":"Feature","id":4726,"geometry":{"type":"Point","coordinates":[-17739606.5521,2507762.7892]},"properties":{"OBJECTID":4726,"Company":"THE GAS COMPANY LLC","Site":"LIHUE BASEYARDKAUAI","City":"LIHUE","State":"HAWAII","PADD":5,"Source":"Form EIA-815, Monthly Terminal Blenders Report","Period":"January 2025","Longitude":-159.357597,"Latitude":21.968659}},{"type":"Feature","id":4727,"geometry":{"type":"Point","coordinates":[-17598780.2718,2428793.4514]},"properties":{"OBJECTID":4727,"Company":"THE GAS COMPANY LLC","Site":"OAHU","City":"KAPOLEI","State":"HAWAII","PADD":5,"Source":"Form EIA-815, Monthly Terminal Blenders Report","Period":"January 2025","Longitude":-158.092533,"Latitude":21.309264}},{"type":"Feature","id":4728,"geometry":{"type":"Point","coordinates":[-17260597.1134,2240765.0488]},"properties":{"OBJECTID":4728,"Company":"PAR HAWAII REFINING LLC","Site":"HILO","City":"HILO","State":"HAWAII","PADD":5,"Source":"Form EIA-815, Monthly Terminal Blenders Report","Period":"January 2025","Longitude":-155.054582,"Latitude":19.727396}},{"type":"Feature","id":4729,"geometry":{"type":"Point","coordinates":[-17260642.0865,2240743.1707]},"properties":{"OBJECTID":4729,"Company":"ALOHA PETROLEUM LTD","Site":"HILO TERMINAL - 2 WEST","City":"HILO","State":"HAWAII","PADD":5,"Source":"Form EIA-815, Monthly Terminal Blenders Report","Period":"January 2025","Longitude":-155.054986,"Latitude":19.727211}},{"type":"Feature","id":4730,"geometry":{"type":"Point","coordinates":[-17739445.8067,2506113.8222]},"properties":{"OBJECTID":4730,"Company":"KAUAI PETROLEUM CO LTD","Site":"KAUAI PETROLEUM CO LTD","City":"LIHUE","State":"HAWAII","PADD":5,"Source":"Form EIA-815, Monthly Terminal Blenders Report","Period":"January 2025","Longitude":-159.356153,"Latitude":21.954921}},{"type":"Feature","id":4731,"geometry":{"type":"Point","coordinates":[-17479831.7223,2403007.0995]},"properties":{"OBJECTID":4731,"Company":"ISLAND PETROLEUM INC","Site":"ISLAND PETROLEUM","City":"KAUNAKAKAI","State":"HAWAII","PADD":5,"Source":"Form EIA-815, Monthly Terminal Blenders Report","Period":"January 2025","Longitude":-157.024,"Latitude":21.0933}},{"type":"Feature","id":4732,"geometry":{"type":"Point","coordinates":[-17739531.5227,2506087.7771]},"properties":{"OBJECTID":4732,"Company":"ALOHA PETROLEUM LTD","Site":"HONOLULU","City":"LIHUE","State":"HAWAII","PADD":5,"Source":"Form EIA-815, Monthly Terminal Blenders Report","Period":"January 2025","Longitude":-159.356923,"Latitude":21.954704}},{"type":"Feature","id":4733,"geometry":{"type":"Point","coordinates":[-17469788.1439,2371684.9169]},"properties":{"OBJECTID":4733,"Company":"LANAI OIL COMPANY INC","Site":"LANAI OIL COMPANY INC","City":"LANAI CITY","State":"HAWAII","PADD":5,"Source":"Form EIA-815, Monthly Terminal Blenders Report","Period":"January 2025","Longitude":-156.933777,"Latitude":20.83055}},{"type":"Feature","id":4734,"geometry":{"type":"Point","coordinates":[-17574540.6753,2429580.8992]},"properties":{"OBJECTID":4734,"Company":"ISLAND ENERGY SERVICES DOWNSTREAM","Site":"HONOLULU","City":"HONOLULU","State":"HAWAII","PADD":5,"Source":"Form EIA-815, Monthly Terminal Blenders Report","Period":"January 2025","Longitude":-157.874785,"Latitude":21.315854}},{"type":"Feature","id":4735,"geometry":{"type":"Point","coordinates":[-17260702.7556,2240713.6057]},"properties":{"OBJECTID":4735,"Company":"PAR HAWAII REFINING LLC","Site":"HILO","City":"HILO","State":"HAWAII","PADD":5,"Source":"Form EIA-815, Monthly Terminal Blenders Report","Period":"January 2025","Longitude":-155.055531,"Latitude":19.726961}},{"type":"Feature","id":4736,"geometry":{"type":"Point","coordinates":[-17765189.7748,2499615.2891]},"properties":{"OBJECTID":4736,"Company":"ISLAND ENERGY SERVICES DOWNSTREAM","Site":"PORT ALLEN","City":"PORT ALLEN","State":"HAWAII","PADD":5,"Source":"Form EIA-815, Monthly Terminal Blenders Report","Period":"January 2025","Longitude":-159.587415,"Latitude":21.900767}},{"type":"Feature","id":4737,"geometry":{"type":"Point","coordinates":[-17601243.7721,2429353.862]},"properties":{"OBJECTID":4737,"Company":"ISLAND ENERGY SVCS DOWNSTREAM","Site":"KAPOLEI","City":"HONOLULU","State":"HAWAII","PADD":5,"Source":"Form EIA-815, Monthly Terminal Blenders Report","Period":"January 2025","Longitude":-158.114663,"Latitude":21.313954}},{"type":"Feature","id":4738,"geometry":{"type":"Point","coordinates":[-17738669.9099,2508949.8609]},"properties":{"OBJECTID":4738,"Company":"PAR HAWAII REFINING LLC","Site":"LIHUE","City":"LIHUE","State":"HAWAII","PADD":5,"Source":"Form EIA-815, Monthly Terminal Blenders Report","Period":"January 2025","Longitude":-159.349183,"Latitude":21.978548}},{"type":"Feature","id":4739,"geometry":{"type":"Point","coordinates":[-17480276.889,2401614.9977]},"properties":{"OBJECTID":4739,"Company":"THE GAS COMPANY LLC","Site":"MOLOKAI","City":"KAUNAKAKAI","State":"HAWAII","PADD":5,"Source":"Form EIA-815, Monthly Terminal Blenders Report","Period":"January 2025","Longitude":-157.027999,"Latitude":21.081632}},{"type":"Feature","id":4740,"geometry":{"type":"Point","coordinates":[-17417307.2379,2379253.7082]},"properties":{"OBJECTID":4740,"Company":"PAR HAWAII REFINING LLC","Site":"MAUI","City":"KAHULUI","State":"HAWAII","PADD":5,"Source":"Form EIA-815, Monthly Terminal Blenders Report","Period":"January 2025","Longitude":-156.462333,"Latitude":20.894084}},{"type":"Feature","id":4741,"geometry":{"type":"Point","coordinates":[-17468044.5467,2371208.0284]},"properties":{"OBJECTID":4741,"Company":"THE GAS COMPANY LLC","Site":"LANAI","City":"LANAI CITY","State":"HAWAII","PADD":5,"Source":"Form EIA-815, Monthly Terminal Blenders Report","Period":"January 2025","Longitude":-156.918114,"Latitude":20.826546}},{"type":"Feature","id":4742,"geometry":{"type":"Point","coordinates":[-17346891.2034,2277584.5181]},"properties":{"OBJECTID":4742,"Company":"PAR HAWAII INC","Site":"KAMUELA","City":"KAWAILIULA","State":"HAWAII","PADD":5,"Source":"Form EIA-815, Monthly Terminal Blenders Report","Period":"January 2025","Longitude":-155.829775,"Latitude":20.038434}},{"type":"Feature","id":4743,"geometry":{"type":"Point","coordinates":[-17576119.4083,2429634.4326]},"properties":{"OBJECTID":4743,"Company":"PAR HAWAII REFINING LLC","Site":"SAND ISLAND","City":"HONOLULU","State":"HAWAII","PADD":5,"Source":"Form EIA-815, Monthly Terminal Blenders Report","Period":"January 2025","Longitude":-157.888967,"Latitude":21.316302}},{"type":"Feature","id":4744,"geometry":{"type":"Point","coordinates":[-17417306.4587,2379246.9164]},"properties":{"OBJECTID":4744,"Company":"THE GAS COMPANY LLC","Site":"KAHULUI BASEYARDMAUI","City":"KAHULUI","State":"HAWAII","PADD":5,"Source":"Form EIA-815, Monthly Terminal Blenders Report","Period":"January 2025","Longitude":-156.462326,"Latitude":20.894027}},{"type":"Feature","id":4745,"geometry":{"type":"Point","coordinates":[-17260632.0677,2240745.2993]},"properties":{"OBJECTID":4745,"Company":"ISLAND ENERGY SERVICES DOWNSTREAM","Site":"HILO","City":"HILO","State":"HAWAII","PADD":5,"Source":"Form EIA-815, Monthly Terminal Blenders Report","Period":"January 2025","Longitude":-155.054896,"Latitude":19.727229}},{"type":"Feature","id":4746,"geometry":{"type":"Point","coordinates":[-17417263.2667,2379114.8932]},"properties":{"OBJECTID":4746,"Company":"ALOHA PETROLEUM LTD","Site":"KAHULUI TERMINAL","City":"KAHULUI","State":"HAWAII","PADD":5,"Source":"Form EIA-815, Monthly Terminal Blenders Report","Period":"January 2025","Longitude":-156.461938,"Latitude":20.892919}},{"type":"Feature","id":4747,"geometry":{"type":"Point","coordinates":[-17599847.3804,2427991.3426]},"properties":{"OBJECTID":4747,"Company":"ALOHA PETROLEUM LTD","Site":"THOMAS MALONE TERMINAL","City":"HILO","State":"HAWAII","PADD":5,"Source":"Form EIA-815, Monthly Terminal Blenders Report","Period":"January 2025","Longitude":-158.102119,"Latitude":21.302551}},{"type":"Feature","id":4748,"geometry":{"type":"Point","coordinates":[-17260023.3727,2241043.7903]},"properties":{"OBJECTID":4748,"Company":"ALOHA PETROLEUM LTD","Site":"HILO TERMINAL - 1 EAST","City":"HILO","State":"HAWAII","PADD":5,"Source":"Form EIA-815, Monthly Terminal Blenders Report","Period":"January 2025","Longitude":-155.049428,"Latitude":19.729753}},{"type":"Feature","id":4749,"geometry":{"type":"Point","coordinates":[-17417284.7514,2379184.4793]},"properties":{"OBJECTID":4749,"Company":"ISLAND ENERGY SERVICES DOWNSTREAM","Site":"KAHULUI","City":"HONOLULU","State":"HAWAII","PADD":5,"Source":"Form EIA-815, Monthly Terminal Blenders Report","Period":"January 2025","Longitude":-156.462131,"Latitude":20.893503}},{"type":"Feature","id":4750,"geometry":{"type":"Point","coordinates":[-17574285.9763,2429276.3116]},"properties":{"OBJECTID":4750,"Company":"ALOHA PETROLEUM LTD","Site":"HONOLULU TERMINAL","City":"HONOLULU","State":"HAWAII","PADD":5,"Source":"Form EIA-815, Monthly Terminal Blenders Report","Period":"January 2025","Longitude":-157.872497,"Latitude":21.313305}},{"type":"Feature","id":4751,"geometry":{"type":"Point","coordinates":[-12658144.8641,5238702.4044]},"properties":{"OBJECTID":4751,"Company":"HOLLY ENERGY PARTNERS","Site":"BURLEY","City":"BURLEY","State":"IDAHO","PADD":4,"Source":"Form EIA-815, Monthly Terminal Blenders Report","Period":"January 2025","Longitude":-113.71005,"Latitude":42.516745}},{"type":"Feature","id":4752,"geometry":{"type":"Point","coordinates":[-12941303.4661,5404861.9504]},"properties":{"OBJECTID":4752,"Company":"HOLLY ENERGY PARTNERS","Site":"BOISE","City":"BOISE","State":"IDAHO","PADD":4,"Source":"Form EIA-815, Monthly Terminal Blenders Report","Period":"January 2025","Longitude":-116.253707,"Latitude":43.607243}},{"type":"Feature","id":4753,"geometry":{"type":"Point","coordinates":[-12941118.8984,5405332.8626]},"properties":{"OBJECTID":4753,"Company":"HOLLY ENERGY PARTNERS","Site":"BOISE TANK FARM","City":"BOISE","State":"IDAHO","PADD":4,"Source":"Form EIA-815, Monthly Terminal Blenders Report","Period":"January 2025","Longitude":-116.252049,"Latitude":43.610306}},{"type":"Feature","id":4754,"geometry":{"type":"Point","coordinates":[-12933482.3813,5398138.1938]},"properties":{"OBJECTID":4754,"Company":"ERGON ASPHALT & EMULSIONS INC","Site":"BOISE","City":"BOISE","State":"IDAHO","PADD":4,"Source":"Form EIA-815, Monthly Terminal Blenders Report","Period":"January 2025","Longitude":-116.183449,"Latitude":43.563492}},{"type":"Feature","id":4755,"geometry":{"type":"Point","coordinates":[-12940713.4728,5404530.6505]},"properties":{"OBJECTID":4755,"Company":"CHRISTENSEN INC","Site":"CHRISTENSEN PRODUCTS TERMINAL","City":"BOISE","State":"IDAHO","PADD":4,"Source":"Form EIA-815, Monthly Terminal Blenders Report","Period":"January 2025","Longitude":-116.248407,"Latitude":43.605088}},{"type":"Feature","id":4756,"geometry":{"type":"Point","coordinates":[-12940714.3633,5404722.9721]},"properties":{"OBJECTID":4756,"Company":"ANDEAVOR LOGISTICS LP","Site":"BOISE","City":"BOISE","State":"IDAHO","PADD":4,"Source":"Form EIA-815, Monthly Terminal Blenders Report","Period":"January 2025","Longitude":-116.248415,"Latitude":43.606339}},{"type":"Feature","id":4757,"geometry":{"type":"Point","coordinates":[-12526862.783,5299230.3344]},"properties":{"OBJECTID":4757,"Company":"ANDEAVOR LOGISTICS LP","Site":"POCATELLO","City":"POCATELLO","State":"IDAHO","PADD":4,"Source":"Form EIA-815, Monthly Terminal Blenders Report","Period":"January 2025","Longitude":-112.530723,"Latitude":42.916233}},{"type":"Feature","id":4758,"geometry":{"type":"Point","coordinates":[-12658208.3162,5238705.878]},"properties":{"OBJECTID":4758,"Company":"ANDEAVOR LOGISTICS LP","Site":"BURLEY","City":"BURLEY","State":"IDAHO","PADD":4,"Source":"Form EIA-815, Monthly Terminal Blenders Report","Period":"January 2025","Longitude":-113.71062,"Latitude":42.516768}},{"type":"Feature","id":4759,"geometry":{"type":"Point","coordinates":[-10028785.5047,4697854.1476]},"properties":{"OBJECTID":4759,"Company":"MARATHON PIPELINE LLC","Site":"HARTFORD","City":"HARTFORD","State":"ILLINOIS","PADD":2,"Source":"Form EIA-815, Monthly Terminal Blenders Report","Period":"January 2025","Longitude":-90.090113,"Latitude":38.83353}},{"type":"Feature","id":4760,"geometry":{"type":"Point","coordinates":[-9776785.2281,5125436.5374]},"properties":{"OBJECTID":4760,"Company":"BUCKEYE TERMINALS LLC","Site":"ARGO TERMINAL","City":"BEDFORD PARK","State":"ILLINOIS","PADD":2,"Source":"Form EIA-815, Monthly Terminal Blenders Report","Period":"January 2025","Longitude":-87.826356,"Latitude":41.762281}},{"type":"Feature","id":4761,"geometry":{"type":"Point","coordinates":[-9789470.3068,5162444.5532]},"properties":{"OBJECTID":4761,"Company":"KINDER MORGAN LIQ TERMLS LLC","Site":"O`HARE","City":"DES PLAINES","State":"ILLINOIS","PADD":2,"Source":"Form EIA-815, Monthly Terminal Blenders Report","Period":"January 2025","Longitude":-87.940308,"Latitude":42.00978}},{"type":"Feature","id":4762,"geometry":{"type":"Point","coordinates":[-9799953.2632,5110368.2462]},"properties":{"OBJECTID":4762,"Company":"ONEOK NORTH SYSTEM LLC","Site":"LEMONT","City":"LEMONT","State":"ILLINOIS","PADD":2,"Source":"Form EIA-815, Monthly Terminal Blenders Report","Period":"January 2025","Longitude":-88.034477999999993,"Latitude":41.661234}},{"type":"Feature","id":4763,"geometry":{"type":"Point","coordinates":[-9774064.8024,5131922.12]},"properties":{"OBJECTID":4763,"Company":"KINDER MORGAN LIQ TERMLS LLC","Site":"ARGO HARLEM","City":"FOREST VIEW","State":"ILLINOIS","PADD":2,"Source":"Form EIA-815, Monthly Terminal Blenders Report","Period":"January 2025","Longitude":-87.801918,"Latitude":41.805724}},{"type":"Feature","id":4764,"geometry":{"type":"Point","coordinates":[-10020798.1086,5161541.6418]},"properties":{"OBJECTID":4764,"Company":"KINDER MORGAN LIQUID TERMINALS","Site":"ARGO","City":"ARGO FAY","State":"ILLINOIS","PADD":2,"Source":"Form EIA-815, Monthly Terminal Blenders Report","Period":"January 2025","Longitude":-90.018361,"Latitude":42.003753}},{"type":"Feature","id":4765,"geometry":{"type":"Point","coordinates":[-9763809.9396,5109430.3087]},"properties":{"OBJECTID":4765,"Company":"VALERO TERMINALING & DISTR CO","Site":"BLUE ISLAND","City":"BLUE ISLAND","State":"ILLINOIS","PADD":2,"Source":"Form EIA-815, Monthly Terminal Blenders Report","Period":"January 2025","Longitude":-87.709797,"Latitude":41.654939}},{"type":"Feature","id":4766,"geometry":{"type":"Point","coordinates":[-10002076.7306,4867695.2513]},"properties":{"OBJECTID":4766,"Company":"GROWMARK INC","Site":"MENARD","City":"PETERSBURG","State":"ILLINOIS","PADD":2,"Source":"Form EIA-815, Monthly Terminal Blenders Report","Period":"January 2025","Longitude":-89.850184,"Latitude":40.012062}},{"type":"Feature","id":4767,"geometry":{"type":"Point","coordinates":[-9927414.1915,5200027.3092]},"properties":{"OBJECTID":4767,"Company":"US VENTURE INC","Site":"ROCKFORD","City":"ROCKFORD","State":"ILLINOIS","PADD":2,"Source":"Form EIA-815, Monthly Terminal Blenders Report","Period":"January 2025","Longitude":-89.179479,"Latitude":42.260141}},{"type":"Feature","id":4768,"geometry":{"type":"Point","coordinates":[-10029435.2765,4694907.1425]},"properties":{"OBJECTID":4768,"Company":"PHILLIPS 66 COMPANY","Site":"HARTFORD IL","City":"HARTFORD","State":"ILLINOIS","PADD":2,"Source":"Form EIA-815, Monthly Terminal Blenders Report","Period":"January 2025","Longitude":-90.09595,"Latitude":38.812905}},{"type":"Feature","id":4769,"geometry":{"type":"Point","coordinates":[-9791659.9611,5165121.1312]},"properties":{"OBJECTID":4769,"Company":"US VENTURE INC","Site":"MT PROSPECT","City":"MOUNT PROSPECT","State":"ILLINOIS","PADD":2,"Source":"Form EIA-815, Monthly Terminal Blenders Report","Period":"January 2025","Longitude":-87.959978,"Latitude":42.027643}},{"type":"Feature","id":4770,"geometry":{"type":"Point","coordinates":[-9790762.3921,5114258.0522]},"properties":{"OBJECTID":4770,"Company":"IMTT-ILLINOIS","Site":"IMTT-ILLINOIS","City":"LEMONT","State":"ILLINOIS","PADD":2,"Source":"Form EIA-815, Monthly Terminal Blenders Report","Period":"January 2025","Longitude":-87.951915,"Latitude":41.687334}},{"type":"Feature","id":4771,"geometry":{"type":"Point","coordinates":[-9818119.8249,5073057.6184]},"properties":{"OBJECTID":4771,"Company":"INTL MATEX TANK TERMINALS","Site":"IMTT IL JOLIET FACILITY","City":"CHANNAHON","State":"ILLINOIS","PADD":2,"Source":"Form EIA-815, Monthly Terminal Blenders Report","Period":"January 2025","Longitude":-88.197671,"Latitude":41.410348}},{"type":"Feature","id":4772,"geometry":{"type":"Point","coordinates":[-10038595.4235,4662593.7714]},"properties":{"OBJECTID":4772,"Company":"PHILLIPS 66 PIPELINE LLC","Site":"EAST ST LOUIS IL","City":"CAHOKIA","State":"ILLINOIS","PADD":2,"Source":"Form EIA-815, Monthly Terminal Blenders Report","Period":"January 2025","Longitude":-90.178237,"Latitude":38.586364}},{"type":"Feature","id":4773,"geometry":{"type":"Point","coordinates":[-10082484.5799,4841228.7099]},"properties":{"OBJECTID":4773,"Company":"MEREDOSIA TERMINAL","Site":"MEREDOSIA","City":"MEREDOSIA","State":"ILLINOIS","PADD":2,"Source":"Form EIA-815, Monthly Terminal Blenders Report","Period":"January 2025","Longitude":-90.5725,"Latitude":39.829722}},{"type":"Feature","id":4774,"geometry":{"type":"Point","coordinates":[-9837810.3504,4568534.9476]},"properties":{"OBJECTID":4774,"Company":"HWRT OIL CO LLC","Site":"NORRIS CITY","City":"NORRIS CITY","State":"ILLINOIS","PADD":2,"Source":"Form EIA-815, Monthly Terminal Blenders Report","Period":"January 2025","Longitude":-88.374554,"Latitude":37.922865}},{"type":"Feature","id":4775,"geometry":{"type":"Point","coordinates":[-10029406.5561,4698933.4295]},"properties":{"OBJECTID":4775,"Company":"HWRT OIL COMPANY LLC","Site":"HARTFORD","City":"HARTFORD","State":"ILLINOIS","PADD":2,"Source":"Form EIA-815, Monthly Terminal Blenders Report","Period":"January 2025","Longitude":-90.095692,"Latitude":38.841082}},{"type":"Feature","id":4776,"geometry":{"type":"Point","coordinates":[-9767612.3908,5133849.9958]},"properties":{"OBJECTID":4776,"Company":"HERITAGE ASPHALT LLC","Site":"CHICAGO","City":"CHICAGO","State":"ILLINOIS","PADD":2,"Source":"Form EIA-815, Monthly Terminal Blenders Report","Period":"January 2025","Longitude":-87.743955,"Latitude":41.818632}},{"type":"Feature","id":4777,"geometry":{"type":"Point","coordinates":[-10029352.5662,4694898.9992]},"properties":{"OBJECTID":4777,"Company":"PHILLIPS 66","Site":"HARTFORD","City":"HARTFORD","State":"ILLINOIS","PADD":2,"Source":"Form EIA-815, Monthly Terminal Blenders Report","Period":"January 2025","Longitude":-90.095207,"Latitude":38.812848}},{"type":"Feature","id":4778,"geometry":{"type":"Point","coordinates":[-9808486.6814,5084132.0796]},"properties":{"OBJECTID":4778,"Company":"ZENITH ENERGY TERMINALS JOLIET HLDG","Site":"JOLIET","City":"JOLIET","State":"ILLINOIS","PADD":2,"Source":"Form EIA-815, Monthly Terminal Blenders Report","Period":"January 2025","Longitude":-88.111135,"Latitude":41.484917}},{"type":"Feature","id":4779,"geometry":{"type":"Point","coordinates":[-10037306.2325,4681010.6359]},"properties":{"OBJECTID":4779,"Company":"PETROLEUM FUEL & TERMINAL CO","Site":"GRANITE CITY","City":"GRANITE CITY","State":"ILLINOIS","PADD":2,"Source":"Form EIA-815, Monthly Terminal Blenders Report","Period":"January 2025","Longitude":-90.166656,"Latitude":38.715568}},{"type":"Feature","id":4780,"geometry":{"type":"Point","coordinates":[-9901565.6944,4909334.789]},"properties":{"OBJECTID":4780,"Company":"MAGELLAN PIPELINE CO LP","Site":"HEYWORTH","City":"HEYWORTH","State":"ILLINOIS","PADD":2,"Source":"Form EIA-815, Monthly Terminal Blenders Report","Period":"January 2025","Longitude":-88.947278,"Latitude":40.297952}},{"type":"Feature","id":4781,"geometry":{"type":"Point","coordinates":[-9994954.6209,5099879.4424]},"properties":{"OBJECTID":4781,"Company":"ONEOK NORTH SYSTEM LLC","Site":"TAMPICO","City":"TAMPICO","State":"ILLINOIS","PADD":2,"Source":"Form EIA-815, Monthly Terminal Blenders Report","Period":"January 2025","Longitude":-89.786205,"Latitude":41.590803}},{"type":"Feature","id":4782,"geometry":{"type":"Point","coordinates":[-9801062.6733,5109372.3518]},"properties":{"OBJECTID":4782,"Company":"EXXONMOBIL PIPELINE CO","Site":"LOCKPORT TERMINAL","City":"LOCKPORT","State":"ILLINOIS","PADD":2,"Source":"Form EIA-815, Monthly Terminal Blenders Report","Period":"January 2025","Longitude":-88.044444,"Latitude":41.65455}},{"type":"Feature","id":4783,"geometry":{"type":"Point","coordinates":[-9775872.4083,5128787.6867]},"properties":{"OBJECTID":4783,"Company":"OWENS CORNING","Site":"SUMMIT ASPHALT PLANT","City":"SUMMIT","State":"ILLINOIS","PADD":2,"Source":"Form EIA-815, Monthly Terminal Blenders Report","Period":"January 2025","Longitude":-87.818156,"Latitude":41.784732}},{"type":"Feature","id":4784,"geometry":{"type":"Point","coordinates":[-9783697.9459,5167273.5177]},"properties":{"OBJECTID":4784,"Company":"CITGO PETRO CORP","Site":"DES PLAINES","City":"ARLINGTON HEIGHTS","State":"ILLINOIS","PADD":2,"Source":"Form EIA-815, Monthly Terminal Blenders Report","Period":"January 2025","Longitude":-87.888454,"Latitude":42.042004}},{"type":"Feature","id":4785,"geometry":{"type":"Point","coordinates":[-9927535.3071,5200137.5615]},"properties":{"OBJECTID":4785,"Company":"ONEOK NORTH SYSTEM LLC","Site":"ROCKFORD","City":"ROCKFORD","State":"ILLINOIS","PADD":2,"Source":"Form EIA-815, Monthly Terminal Blenders Report","Period":"January 2025","Longitude":-89.180567,"Latitude":42.260874}},{"type":"Feature","id":4786,"geometry":{"type":"Point","coordinates":[-9781062.6796,4988232.4746]},"properties":{"OBJECTID":4786,"Company":"GROWMARK INC","Site":"ASHKUM","City":"ASHKUM","State":"ILLINOIS","PADD":2,"Source":"Form EIA-815, Monthly Terminal Blenders Report","Period":"January 2025","Longitude":-87.864781,"Latitude":40.836345}},{"type":"Feature","id":4787,"geometry":{"type":"Point","coordinates":[-9898060.1323,4578254.2151]},"properties":{"OBJECTID":4787,"Company":"EMULSICOAT OF SOUTHERN ILLINOIS LLC","Site":"BENTON","City":"BENTON","State":"ILLINOIS","PADD":2,"Source":"Form EIA-815, Monthly Terminal Blenders Report","Period":"January 2025","Longitude":-88.915787,"Latitude":37.991706}},{"type":"Feature","id":4788,"geometry":{"type":"Point","coordinates":[-9767200.5087,5134547.5799]},"properties":{"OBJECTID":4788,"Company":"EXXON MOBIL REFG & SPLY COMP","Site":"CICERO","City":"CICERO","State":"ILLINOIS","PADD":2,"Source":"Form EIA-815, Monthly Terminal Blenders Report","Period":"January 2025","Longitude":-87.740255,"Latitude":41.823302}},{"type":"Feature","id":4789,"geometry":{"type":"Point","coordinates":[-10038908.1199,4664623.2096]},"properties":{"OBJECTID":4789,"Company":"GATEWAY TERMINALS LLC","Site":"SAUGET","City":"SAUGET","State":"ILLINOIS","PADD":2,"Source":"Form EIA-815, Monthly Terminal Blenders Report","Period":"January 2025","Longitude":-90.181046,"Latitude":38.600613}},{"type":"Feature","id":4790,"geometry":{"type":"Point","coordinates":[-9767445.4116,5134608.8263]},"properties":{"OBJECTID":4790,"Company":"CITGO PETRO CORP","Site":"CICERO","City":"CICERO","State":"ILLINOIS","PADD":2,"Source":"Form EIA-815, Monthly Terminal Blenders Report","Period":"January 2025","Longitude":-87.742455,"Latitude":41.823712}},{"type":"Feature","id":4791,"geometry":{"type":"Point","coordinates":[-10019399.8244,4967912.9506]},"properties":{"OBJECTID":4791,"Company":"ENTERPRISE TERMINALS & STORAGE LLC","Site":"FARMINGTON TERMINAL","City":"FARMINGTON","State":"ILLINOIS","PADD":2,"Source":"Form EIA-815, Monthly Terminal Blenders Report","Period":"January 2025","Longitude":-90.0058,"Latitude":40.6981}},{"type":"Feature","id":4792,"geometry":{"type":"Point","coordinates":[-9853990.9723,4746767.3265]},"properties":{"OBJECTID":4792,"Company":"BUCKEYE TERMINALS LLC","Site":"EFFINGHAM","City":"EFFINGHAM","State":"ILLINOIS","PADD":2,"Source":"Form EIA-815, Monthly Terminal Blenders Report","Period":"January 2025","Longitude":-88.519907,"Latitude":39.174982}},{"type":"Feature","id":4793,"geometry":{"type":"Point","coordinates":[-9770230.6252,5081337.7962]},"properties":{"OBJECTID":4793,"Company":"ENTERPRISE TERMINALS & STORAGE LLC","Site":"MONEE TERMINAL","City":"MONEE","State":"ILLINOIS","PADD":2,"Source":"Form EIA-815, Monthly Terminal Blenders Report","Period":"January 2025","Longitude":-87.767475,"Latitude":41.46611}},{"type":"Feature","id":4794,"geometry":{"type":"Point","coordinates":[-9782729.9116,5122368.6767]},"properties":{"OBJECTID":4794,"Company":"VALVOLINE LLC","Site":"WILLOW SPRINGS","City":"WILLOW SPRINGS","State":"ILLINOIS","PADD":2,"Source":"Form EIA-815, Monthly Terminal Blenders Report","Period":"January 2025","Longitude":-87.879758,"Latitude":41.741721}},{"type":"Feature","id":4795,"geometry":{"type":"Point","coordinates":[-9783183.5385,5165719.6919]},"properties":{"OBJECTID":4795,"Company":"EQUILON ENTERPRISES LLC","Site":"DES PLAINES TERMINAL","City":"ARLINGTON HEIGHTS","State":"ILLINOIS","PADD":2,"Source":"Form EIA-815, Monthly Terminal Blenders Report","Period":"January 2025","Longitude":-87.883833,"Latitude":42.031637}},{"type":"Feature","id":4796,"geometry":{"type":"Point","coordinates":[-9926751.7292,5199729.4989]},"properties":{"OBJECTID":4796,"Company":"BUCKEYE TERMINALS LLC","Site":"ROCKFORD","City":"ROCKFORD","State":"ILLINOIS","PADD":2,"Source":"Form EIA-815, Monthly Terminal Blenders Report","Period":"January 2025","Longitude":-89.173528,"Latitude":42.258161}},{"type":"Feature","id":4797,"geometry":{"type":"Point","coordinates":[-9790415.7432,5164652.8294]},"properties":{"OBJECTID":4797,"Company":"CITGO PETRO CORP","Site":"MT PROSPECT","City":"MOUNT PROSPECT","State":"ILLINOIS","PADD":2,"Source":"Form EIA-815, Monthly Terminal Blenders Report","Period":"January 2025","Longitude":-87.948801,"Latitude":42.024518}},{"type":"Feature","id":4798,"geometry":{"type":"Point","coordinates":[-9774065.0251,5131931.0804]},"properties":{"OBJECTID":4798,"Company":"PETROLEUM FUEL AND TERMINAL COMPANY","Site":"CHICAGO","City":"FOREST VIEW","State":"ILLINOIS","PADD":2,"Source":"Form EIA-815, Monthly Terminal Blenders Report","Period":"January 2025","Longitude":-87.80192,"Latitude":41.805784}},{"type":"Feature","id":4799,"geometry":{"type":"Point","coordinates":[-9890320.1994,4725837.0297]},"properties":{"OBJECTID":4799,"Company":"EMULSICOAT OF SOUTHERN ILLINOIS LLC","Site":"SAINT ELMO","City":"SAINT ELMO","State":"ILLINOIS","PADD":2,"Source":"Form EIA-815, Monthly Terminal Blenders Report","Period":"January 2025","Longitude":-88.846258,"Latitude":39.029074}},{"type":"Feature","id":4800,"geometry":{"type":"Point","coordinates":[-9919007.0096,4842831.6222]},"properties":{"OBJECTID":4800,"Company":"BUCKEYE TERMINALS LLC","Site":"HARRISTOWN","City":"DECATUR","State":"ILLINOIS","PADD":2,"Source":"Form EIA-815, Monthly Terminal Blenders Report","Period":"January 2025","Longitude":-89.103956,"Latitude":39.840779}},{"type":"Feature","id":4801,"geometry":{"type":"Point","coordinates":[-9831126.8395,4882163.5038]},"properties":{"OBJECTID":4801,"Company":"MPLX TERMINALS LLC","Site":"CHAMPAIGN","City":"CHAMPAIGN","State":"ILLINOIS","PADD":2,"Source":"Form EIA-815, Monthly Terminal Blenders Report","Period":"January 2025","Longitude":-88.314515,"Latitude":40.111535}},{"type":"Feature","id":4802,"geometry":{"type":"Point","coordinates":[-10081622.967,4839299.2368]},"properties":{"OBJECTID":4802,"Company":"GROWMARK INC","Site":"MEREDOSIA","City":"MEREDOSIA","State":"ILLINOIS","PADD":2,"Source":"Form EIA-815, Monthly Terminal Blenders Report","Period":"January 2025","Longitude":-90.56476,"Latitude":39.81641}},{"type":"Feature","id":4803,"geometry":{"type":"Point","coordinates":[-9913412.2033,5148030.6582]},"properties":{"OBJECTID":4803,"Company":"KINDER MORGAN LIQ TERMLS LLC","Site":"ROCHELLE","City":"ROCHELLE","State":"ILLINOIS","PADD":2,"Source":"Form EIA-815, Monthly Terminal Blenders Report","Period":"January 2025","Longitude":-89.053697,"Latitude":41.913498}},{"type":"Feature","id":4804,"geometry":{"type":"Point","coordinates":[-9762737.7103,5109453.4022]},"properties":{"OBJECTID":4804,"Company":"SUNOCO LLC","Site":"BLUE ISLAND","City":"BLUE ISLAND","State":"ILLINOIS","PADD":2,"Source":"Form EIA-815, Monthly Terminal Blenders Report","Period":"January 2025","Longitude":-87.700165,"Latitude":41.655094}},{"type":"Feature","id":4805,"geometry":{"type":"Point","coordinates":[-10029400.6562,4698542.2623]},"properties":{"OBJECTID":4805,"Company":"KINDER MORGAN PHOENIX HOLDINGS LLC","Site":"WOOD RIVER TERMINAL","City":"WOOD RIVER","State":"ILLINOIS","PADD":2,"Source":"Form EIA-815, Monthly Terminal Blenders Report","Period":"January 2025","Longitude":-90.095639,"Latitude":38.838345}},{"type":"Feature","id":4806,"geometry":{"type":"Point","coordinates":[-9835571.7154,4836277.3593]},"properties":{"OBJECTID":4806,"Company":"BUCKEYE DEVELOPMENT & LOGISTICS","Site":"TUSCOLA","City":"TUSCOLA","State":"ILLINOIS","PADD":2,"Source":"Form EIA-815, Monthly Terminal Blenders Report","Period":"January 2025","Longitude":-88.354444,"Latitude":39.795556}},{"type":"Feature","id":4807,"geometry":{"type":"Point","coordinates":[-9951440.2772,5124836.0189]},"properties":{"OBJECTID":4807,"Company":"GROWMARK INC","Site":"AMBOY","City":"AMBOY","State":"ILLINOIS","PADD":2,"Source":"Form EIA-815, Monthly Terminal Blenders Report","Period":"January 2025","Longitude":-89.395309,"Latitude":41.758257}},{"type":"Feature","id":4808,"geometry":{"type":"Point","coordinates":[-9765631.7944,4722173.2164]},"properties":{"OBJECTID":4808,"Company":"MARATHON PIPELINE LLC","Site":"ROBINSON STORAGE FACILITY","City":"ROBINSON","State":"ILLINOIS","PADD":2,"Source":"Form EIA-815, Monthly Terminal Blenders Report","Period":"January 2025","Longitude":-87.726163,"Latitude":39.003502}},{"type":"Feature","id":4809,"geometry":{"type":"Point","coordinates":[-10029421.9182,4696142.8518]},"properties":{"OBJECTID":4809,"Company":"OMEGA PARTNERS III LLC","Site":"HARTFORD","City":"HARTFORD","State":"ILLINOIS","PADD":2,"Source":"Form EIA-815, Monthly Terminal Blenders Report","Period":"January 2025","Longitude":-90.09583,"Latitude":38.821554}},{"type":"Feature","id":4810,"geometry":{"type":"Point","coordinates":[-9781171.4387,5030471.5439]},"properties":{"OBJECTID":4810,"Company":"BUCKEYE TERMINALS LLC","Site":"KANKAKEE","City":"KANKAKEE","State":"ILLINOIS","PADD":2,"Source":"Form EIA-815, Monthly Terminal Blenders Report","Period":"January 2025","Longitude":-87.865758,"Latitude":41.1228}},{"type":"Feature","id":4811,"geometry":{"type":"Point","coordinates":[-9833153.0768,5074086.7222]},"properties":{"OBJECTID":4811,"Company":"ONEOK NORTH SYSTEM LLC","Site":"MORRIS","City":"MORRIS","State":"ILLINOIS","PADD":2,"Source":"Form EIA-815, Monthly Terminal Blenders Report","Period":"January 2025","Longitude":-88.332717,"Latitude":41.417281}},{"type":"Feature","id":4812,"geometry":{"type":"Point","coordinates":[-9764483.3112,4722537.0742]},"properties":{"OBJECTID":4812,"Company":"MPLX TERMINALS LLC","Site":"ROBINSON","City":"ROBINSON","State":"ILLINOIS","PADD":2,"Source":"Form EIA-815, Monthly Terminal Blenders Report","Period":"January 2025","Longitude":-87.715846,"Latitude":39.006042}},{"type":"Feature","id":4813,"geometry":{"type":"Point","coordinates":[-9790419.5281,5164652.8294]},"properties":{"OBJECTID":4813,"Company":"EXXONMOBIL CORP","Site":"DES PLAINES","City":"ARLINGTON HEIGHTS","State":"ILLINOIS","PADD":2,"Source":"Form EIA-815, Monthly Terminal Blenders Report","Period":"January 2025","Longitude":-87.948835,"Latitude":42.024518}},{"type":"Feature","id":4814,"geometry":{"type":"Point","coordinates":[-9502769.9639,4906288.5713]},"properties":{"OBJECTID":4814,"Company":"MPLX TERMINALS LLC","Site":"MUNCIE","City":"MUNCIE","State":"INDIANA","PADD":2,"Source":"Form EIA-815, Monthly Terminal Blenders Report","Period":"January 2025","Longitude":-85.364835,"Latitude":40.277078}},{"type":"Feature","id":4815,"geometry":{"type":"Point","coordinates":[-9598903.4724,4834880.9164]},"properties":{"OBJECTID":4815,"Company":"MARATHON PETROLEUM CO LLC","Site":"INDIANAPOLIS - ASPHALT","City":"INDIANAPOLIS","State":"INDIANA","PADD":2,"Source":"Form EIA-815, Monthly Terminal Blenders Report","Period":"January 2025","Longitude":-86.228417,"Latitude":39.785917}},{"type":"Feature","id":4816,"geometry":{"type":"Point","coordinates":[-9557934.7828,5076297.7446]},"properties":{"OBJECTID":4816,"Company":"PKM COCHIN LLC","Site":"MILFORD INDIANA","City":"MILFORD","State":"INDIANA","PADD":2,"Source":"Form EIA-815, Monthly Terminal Blenders Report","Period":"January 2025","Longitude":-85.860389,"Latitude":41.432174}},{"type":"Feature","id":4817,"geometry":{"type":"Point","coordinates":[-9734599.8166,5088015.8861]},"properties":{"OBJECTID":4817,"Company":"PETROGAS TERMINALS LLC","Site":"GRIFFITH","City":"GRIFFITH","State":"INDIANA","PADD":2,"Source":"Form EIA-815, Monthly Terminal Blenders Report","Period":"January 2025","Longitude":-87.447398,"Latitude":41.511048}},{"type":"Feature","id":4818,"geometry":{"type":"Point","coordinates":[-9740471.9197,5106818.7215]},"properties":{"OBJECTID":4818,"Company":"MPLX TERMINALS LLC","Site":"HAMMOND","City":"HAMMOND","State":"INDIANA","PADD":2,"Source":"Form EIA-815, Monthly Terminal Blenders Report","Period":"January 2025","Longitude":-87.500148,"Latitude":41.637408}},{"type":"Feature","id":4819,"geometry":{"type":"Point","coordinates":[-9586303.8871,5124135.4117]},"properties":{"OBJECTID":4819,"Company":"BUCKEYE TERMINALS LLC","Site":"GRANGER","City":"GRANGER","State":"INDIANA","PADD":2,"Source":"Form EIA-815, Monthly Terminal Blenders Report","Period":"January 2025","Longitude":-86.115233,"Latitude":41.753562}},{"type":"Feature","id":4820,"geometry":{"type":"Point","coordinates":[-9597521.1069,4837326.3776]},"properties":{"OBJECTID":4820,"Company":"KINDER MORGAN LIQ TERMLS LLC","Site":"INDIANAPOLIS","City":"INDIANAPOLIS","State":"INDIANA","PADD":2,"Source":"Form EIA-815, Monthly Terminal Blenders Report","Period":"January 2025","Longitude":-86.215999,"Latitude":39.802796}},{"type":"Feature","id":4821,"geometry":{"type":"Point","coordinates":[-9740807.7706,5107101.4316]},"properties":{"OBJECTID":4821,"Company":"VALERO TERMINALING & DISTR CO","Site":"HAMMOND","City":"HAMMOND","State":"INDIANA","PADD":2,"Source":"Form EIA-815, Monthly Terminal Blenders Report","Period":"January 2025","Longitude":-87.503165,"Latitude":41.639306}},{"type":"Feature","id":4822,"geometry":{"type":"Point","coordinates":[-9598210.1746,4872413.7698]},"properties":{"OBJECTID":4822,"Company":"COUNTRYMARK REFINING & LOGISTICS LLC","Site":"JOLIETVILLE","City":"WESTFIELD","State":"INDIANA","PADD":2,"Source":"Form EIA-815, Monthly Terminal Blenders Report","Period":"January 2025","Longitude":-86.222189,"Latitude":40.044519}},{"type":"Feature","id":4823,"geometry":{"type":"Point","coordinates":[-9585461.6438,4975171.5064]},"properties":{"OBJECTID":4823,"Company":"COUNTRYMARK REFINING & LOGISTICS LLC","Site":"PERU","City":"PERU","State":"INDIANA","PADD":2,"Source":"Form EIA-815, Monthly Terminal Blenders Report","Period":"January 2025","Longitude":-86.107667,"Latitude":40.747517}},{"type":"Feature","id":4824,"geometry":{"type":"Point","coordinates":[-9691211.0413,4726321.5397]},"properties":{"OBJECTID":4824,"Company":"COUNTRYMARK REFINING & LOGISTICS LLC","Site":"SWITZ CITY","City":"SWITZ CITY","State":"INDIANA","PADD":2,"Source":"Form EIA-815, Monthly Terminal Blenders Report","Period":"January 2025","Longitude":-87.05763,"Latitude":39.032455}},{"type":"Feature","id":4825,"geometry":{"type":"Point","coordinates":[-9601597.6267,4855116.2348]},"properties":{"OBJECTID":4825,"Company":"BUCKEYE TERMINALS LLC","Site":"ZIONSVILLE","City":"INDIANAPOLIS","State":"INDIANA","PADD":2,"Source":"Form EIA-815, Monthly Terminal Blenders Report","Period":"January 2025","Longitude":-86.252619,"Latitude":39.92546}},{"type":"Feature","id":4826,"geometry":{"type":"Point","coordinates":[-9555169.9406,4724703.8741]},"properties":{"OBJECTID":4826,"Company":"HWRT OIL CO LLC","Site":"SEYMOUR","City":"SEYMOUR","State":"INDIANA","PADD":2,"Source":"Form EIA-815, Monthly Terminal Blenders Report","Period":"January 2025","Longitude":-85.835552,"Latitude":39.021166}},{"type":"Feature","id":4827,"geometry":{"type":"Point","coordinates":[-9734085.0752,5105564.9472]},"properties":{"OBJECTID":4827,"Company":"CITGO HOLDING TERMINALS LLC","Site":"EAST CHICAGO","City":"EAST CHICAGO","State":"INDIANA","PADD":2,"Source":"Form EIA-815, Monthly Terminal Blenders Report","Period":"January 2025","Longitude":-87.442774,"Latitude":41.62899}},{"type":"Feature","id":4828,"geometry":{"type":"Point","coordinates":[-9553090.6038,5046752.3319]},"properties":{"OBJECTID":4828,"Company":"HERITAGE ASPHALT LLC","Site":"WARSAW","City":"WARSAW","State":"INDIANA","PADD":2,"Source":"Form EIA-815, Monthly Terminal Blenders Report","Period":"January 2025","Longitude":-85.816873,"Latitude":41.23288}},{"type":"Feature","id":4829,"geometry":{"type":"Point","coordinates":[-9752245.5143,4575059.3391]},"properties":{"OBJECTID":4829,"Company":"TRANSMONTAIGNE OPERATING COMPANY","Site":"EVANSVILLE","City":"EVANSVILLE","State":"INDIANA","PADD":2,"Source":"Form EIA-815, Monthly Terminal Blenders Report","Period":"January 2025","Longitude":-87.605912,"Latitude":37.969084}},{"type":"Feature","id":4830,"geometry":{"type":"Point","coordinates":[-9609891.04,4839005.0366]},"properties":{"OBJECTID":4830,"Company":"US VENTURE INC","Site":"INDIANAPOLIS","City":"INDIANAPOLIS","State":"INDIANA","PADD":2,"Source":"Form EIA-815, Monthly Terminal Blenders Report","Period":"January 2025","Longitude":-86.32712,"Latitude":39.81438}},{"type":"Feature","id":4831,"geometry":{"type":"Point","coordinates":[-9789923.3771,4569304.4935]},"properties":{"OBJECTID":4831,"Company":"MPLX TERMINALS LLC","Site":"MT VERNON","City":"MOUNT VERNON","State":"INDIANA","PADD":2,"Source":"Form EIA-815, Monthly Terminal Blenders Report","Period":"January 2025","Longitude":-87.944378,"Latitude":37.928318}},{"type":"Feature","id":4832,"geometry":{"type":"Point","coordinates":[-9789937.8486,4568627.8038]},"properties":{"OBJECTID":4832,"Company":"HERITAGE ASPHALT LLC","Site":"MT VERNON","City":"MOUNT VERNON","State":"INDIANA","PADD":2,"Source":"Form EIA-815, Monthly Terminal Blenders Report","Period":"January 2025","Longitude":-87.944508,"Latitude":37.923523}},{"type":"Feature","id":4833,"geometry":{"type":"Point","coordinates":[-9555142.556,4617743.6367]},"properties":{"OBJECTID":4833,"Company":"TRANSMONTAIGNE OPERATING COMPANY","Site":"KENTUCKIANA","City":"NEW ALBANY","State":"INDIANA","PADD":2,"Source":"Form EIA-815, Monthly Terminal Blenders Report","Period":"January 2025","Longitude":-85.835306,"Latitude":38.270743}},{"type":"Feature","id":4834,"geometry":{"type":"Point","coordinates":[-9512462.4406,4996631.0277]},"properties":{"OBJECTID":4834,"Company":"LASSUS BROTHERS OIL INC","Site":"HUNTINGTON","City":"HUNTINGTON","State":"INDIANA","PADD":2,"Source":"Form EIA-815, Monthly Terminal Blenders Report","Period":"January 2025","Longitude":-85.451904,"Latitude":40.893401}},{"type":"Feature","id":4835,"geometry":{"type":"Point","coordinates":[-9469598.5367,5076940.2283]},"properties":{"OBJECTID":4835,"Company":"BENCHMARK DISTRIBUTION TERMINAL LLC","Site":"WATERLOO","City":"WATERLOO","State":"INDIANA","PADD":2,"Source":"Form EIA-815, Monthly Terminal Blenders Report","Period":"January 2025","Longitude":-85.066851,"Latitude":41.436501}},{"type":"Feature","id":4836,"geometry":{"type":"Point","coordinates":[-9512034.0832,4996089.2664]},"properties":{"OBJECTID":4836,"Company":"BUCKEYE DEVELOPMENT & LOGISTICS","Site":"HUNTINGTON","City":"HUNTINGTON","State":"INDIANA","PADD":2,"Source":"Form EIA-815, Monthly Terminal Blenders Report","Period":"January 2025","Longitude":-85.448056,"Latitude":40.889722}},{"type":"Feature","id":4837,"geometry":{"type":"Point","coordinates":[-9512456.5407,4997270.1651]},"properties":{"OBJECTID":4837,"Company":"SUNOCO LOGISTICS","Site":"HUNTINGTON","City":"HUNTINGTON","State":"INDIANA","PADD":2,"Source":"Form EIA-815, Monthly Terminal Blenders Report","Period":"January 2025","Longitude":-85.451851,"Latitude":40.897741}},{"type":"Feature","id":4838,"geometry":{"type":"Point","coordinates":[-9728107.7752,4630257.5374]},"properties":{"OBJECTID":4838,"Company":"ENTERPRISE REFINED PRODUCTS CO LLC","Site":"PRINCETON RP TRUCK TERMINAL","City":"OAKLAND CITY","State":"INDIANA","PADD":2,"Source":"Form EIA-815, Monthly Terminal Blenders Report","Period":"January 2025","Longitude":-87.389079,"Latitude":38.358945}},{"type":"Feature","id":4839,"geometry":{"type":"Point","coordinates":[-9742053.7697,5109368.4781]},"properties":{"OBJECTID":4839,"Company":"WOLF LAKE TERMINALS","Site":"WOLF LAKE TERMINALS","City":"HAMMOND","State":"INDIANA","PADD":2,"Source":"Form EIA-815, Monthly Terminal Blenders Report","Period":"January 2025","Longitude":-87.514358,"Latitude":41.654524}},{"type":"Feature","id":4840,"geometry":{"type":"Point","coordinates":[-9610146.8522,4838076.8412]},"properties":{"OBJECTID":4840,"Company":"BUCKEYE TERMINALS LLC","Site":"INDIANAPOLIS","City":"INDIANAPOLIS","State":"INDIANA","PADD":2,"Source":"Form EIA-815, Monthly Terminal Blenders Report","Period":"January 2025","Longitude":-86.329418,"Latitude":39.807975}},{"type":"Feature","id":4841,"geometry":{"type":"Point","coordinates":[-9512462.8859,4996584.9348]},"properties":{"OBJECTID":4841,"Company":"CITGO PETRO CORP","Site":"HUNTINGTON","City":"HUNTINGTON","State":"INDIANA","PADD":2,"Source":"Form EIA-815, Monthly Terminal Blenders Report","Period":"January 2025","Longitude":-85.451908,"Latitude":40.893088}},{"type":"Feature","id":4842,"geometry":{"type":"Point","coordinates":[-9598573.6327,4834679.8471]},"properties":{"OBJECTID":4842,"Company":"MPLX TERMINALS LLC","Site":"SPEEDWAY","City":"INDIANAPOLIS","State":"INDIANA","PADD":2,"Source":"Form EIA-815, Monthly Terminal Blenders Report","Period":"January 2025","Longitude":-86.225454,"Latitude":39.784529}},{"type":"Feature","id":4843,"geometry":{"type":"Point","coordinates":[-9601494.4335,4855059.9133]},"properties":{"OBJECTID":4843,"Company":"MPLX TERMINALS LLC","Site":"INDIANAPOLIS","City":"INDIANAPOLIS","State":"INDIANA","PADD":2,"Source":"Form EIA-815, Monthly Terminal Blenders Report","Period":"January 2025","Longitude":-86.251692,"Latitude":39.925072}},{"type":"Feature","id":4844,"geometry":{"type":"Point","coordinates":[-9736814.1839,5107095.1755]},"properties":{"OBJECTID":4844,"Company":"BUCKEYE TERMINALS LLC","Site":"EAST CHICAGO TERMINAL","City":"EAST CHICAGO","State":"INDIANA","PADD":2,"Source":"Form EIA-815, Monthly Terminal Blenders Report","Period":"January 2025","Longitude":-87.46729,"Latitude":41.639264}},{"type":"Feature","id":4845,"geometry":{"type":"Point","coordinates":[-9626794.9047,4869629.6639]},"properties":{"OBJECTID":4845,"Company":"NGL SUPPLY WHOLESALE LLC","Site":"LEBANON","City":"LEBANON","State":"INDIANA","PADD":2,"Source":"Form EIA-815, Monthly Terminal Blenders Report","Period":"January 2025","Longitude":-86.47897,"Latitude":40.02537}},{"type":"Feature","id":4846,"geometry":{"type":"Point","coordinates":[-9609887.7005,4838711.1349]},"properties":{"OBJECTID":4846,"Company":"BUCKEYE TERMINALS LLC","Site":"RACEWAY","City":"INDIANAPOLIS","State":"INDIANA","PADD":2,"Source":"Form EIA-815, Monthly Terminal Blenders Report","Period":"January 2025","Longitude":-86.32709,"Latitude":39.812352}},{"type":"Feature","id":4847,"geometry":{"type":"Point","coordinates":[-9736585.1997,5102734.5039]},"properties":{"OBJECTID":4847,"Company":"BUCKEYE TERMINALS LLC","Site":"HAMMOND","City":"HAMMOND","State":"INDIANA","PADD":2,"Source":"Form EIA-815, Monthly Terminal Blenders Report","Period":"January 2025","Longitude":-87.465233,"Latitude":41.609982}},{"type":"Feature","id":4848,"geometry":{"type":"Point","coordinates":[-9751938.4952,4575356.7252]},"properties":{"OBJECTID":4848,"Company":"MPLX TERMINALS LLC","Site":"EVANSVILLE","City":"EVANSVILLE","State":"INDIANA","PADD":2,"Source":"Form EIA-815, Monthly Terminal Blenders Report","Period":"January 2025","Longitude":-87.603154,"Latitude":37.97119}},{"type":"Feature","id":4849,"geometry":{"type":"Point","coordinates":[-9502847.7762,4906288.5713]},"properties":{"OBJECTID":4849,"Company":"BUCKEYE TERMINALS LLC","Site":"MUNCIE","City":"MUNCIE","State":"INDIANA","PADD":2,"Source":"Form EIA-815, Monthly Terminal Blenders Report","Period":"January 2025","Longitude":-85.365534,"Latitude":40.277078}},{"type":"Feature","id":4850,"geometry":{"type":"Point","coordinates":[-9512459.2123,4997173.7028]},"properties":{"OBJECTID":4850,"Company":"MPLX TERMINALS LLC","Site":"HUNTINGTON","City":"HUNTINGTON","State":"INDIANA","PADD":2,"Source":"Form EIA-815, Monthly Terminal Blenders Report","Period":"January 2025","Longitude":-85.451875,"Latitude":40.897086}},{"type":"Feature","id":4851,"geometry":{"type":"Point","coordinates":[-9741449.9727,5102004.6921]},"properties":{"OBJECTID":4851,"Company":"EXXONMOBIL","Site":"HAMMOND TERMINAL","City":"HAMMOND","State":"INDIANA","PADD":2,"Source":"Form EIA-815, Monthly Terminal Blenders Report","Period":"January 2025","Longitude":-87.508934,"Latitude":41.60508}},{"type":"Feature","id":4852,"geometry":{"type":"Point","coordinates":[-10094104.9989,5081667.4459]},"properties":{"OBJECTID":4852,"Company":"TEXPAR ENERGY LLC","Site":"DAVENPORT","City":"DAVENPORT","State":"IOWA","PADD":2,"Source":"Form EIA-815, Monthly Terminal Blenders Report","Period":"January 2025","Longitude":-90.676888,"Latitude":41.468329}},{"type":"Feature","id":4853,"geometry":{"type":"Point","coordinates":[-10100395.6633,5222378.4922]},"properties":{"OBJECTID":4853,"Company":"MAGELLAN PIPELINE CO LP","Site":"DUBUQUE","City":"DUBUQUE","State":"IOWA","PADD":2,"Source":"Form EIA-815, Monthly Terminal Blenders Report","Period":"January 2025","Longitude":-90.733398,"Latitude":42.408566}},{"type":"Feature","id":4854,"geometry":{"type":"Point","coordinates":[-10200687.734,5128568.2312]},"properties":{"OBJECTID":4854,"Company":"BUCKEYE TERMINALS LLC","Site":"CEDAR RAPIDS","City":"NORTH LIBERTY","State":"IOWA","PADD":2,"Source":"Form EIA-815, Monthly Terminal Blenders Report","Period":"January 2025","Longitude":-91.634337,"Latitude":41.783262}},{"type":"Feature","id":4855,"geometry":{"type":"Point","coordinates":[-10094594.3594,5080946.064]},"properties":{"OBJECTID":4855,"Company":"FLINT HILLS RESOURCES LP","Site":"DAVENPORT","City":"DAVENPORT","State":"IOWA","PADD":2,"Source":"Form EIA-815, Monthly Terminal Blenders Report","Period":"January 2025","Longitude":-90.681284,"Latitude":41.463473}},{"type":"Feature","id":4856,"geometry":{"type":"Point","coordinates":[-10488163.7511,5323661.4378]},"properties":{"OBJECTID":4856,"Company":"FLINT HILL RESOURCES LP","Site":"ALGONA","City":"ALGONA","State":"IOWA","PADD":2,"Source":"Form EIA-815, Monthly Terminal Blenders Report","Period":"January 2025","Longitude":-94.216778,"Latitude":43.076751}},{"type":"Feature","id":4857,"geometry":{"type":"Point","coordinates":[-10193031.1794,5113572.378]},"properties":{"OBJECTID":4857,"Company":"MAGELLAN PIPELINE CO LP","Site":"IOWA CITY","City":"IOWA CITY","State":"IOWA","PADD":2,"Source":"Form EIA-815, Monthly Terminal Blenders Report","Period":"January 2025","Longitude":-91.565557,"Latitude":41.682734}},{"type":"Feature","id":4858,"geometry":{"type":"Point","coordinates":[-10261332.5889,5012161.7158]},"properties":{"OBJECTID":4858,"Company":"BUCKEYE TERMINALS LLC","Site":"OTTUMWA","City":"OTTUMWA","State":"IOWA","PADD":2,"Source":"Form EIA-815, Monthly Terminal Blenders Report","Period":"January 2025","Longitude":-92.179119,"Latitude":40.998779999999996}},{"type":"Feature","id":4859,"geometry":{"type":"Point","coordinates":[-10729218.4274,5225828.5195]},"properties":{"OBJECTID":4859,"Company":"JEBRO INCORPORATED","Site":"SIOUX CITY","City":"SIOUX CITY","State":"IOWA","PADD":2,"Source":"Form EIA-815, Monthly Terminal Blenders Report","Period":"January 2025","Longitude":-96.382209,"Latitude":42.431445}},{"type":"Feature","id":4860,"geometry":{"type":"Point","coordinates":[-10375671.7322,5359737.4755]},"properties":{"OBJECTID":4860,"Company":"MANLY TERMINAL LLC","Site":"MANLY","City":"MANLY","State":"IOWA","PADD":2,"Source":"Form EIA-815, Monthly Terminal Blenders Report","Period":"January 2025","Longitude":-93.206245,"Latitude":43.313012}},{"type":"Feature","id":4861,"geometry":{"type":"Point","coordinates":[-10721270.2158,5378112.0578]},"properties":{"OBJECTID":4861,"Company":"NUSTAR ENERGY LP","Site":"ROCK RAPIDS TERMINAL","City":"ROCK RAPIDS","State":"IOWA","PADD":2,"Source":"Form EIA-815, Monthly Terminal Blenders Report","Period":"January 2025","Longitude":-96.310809,"Latitude":43.432995}},{"type":"Feature","id":4862,"geometry":{"type":"Point","coordinates":[-10462991.186,5231779.5672]},"properties":{"OBJECTID":4862,"Company":"GROWMARK INC","Site":"FORT DODGE","City":"FORT DODGE","State":"IOWA","PADD":2,"Source":"Form EIA-815, Monthly Terminal Blenders Report","Period":"January 2025","Longitude":-93.990649,"Latitude":42.47089}},{"type":"Feature","id":4863,"geometry":{"type":"Point","coordinates":[-10073467.8124,5090132.5672]},"properties":{"OBJECTID":4863,"Company":"US VENTURE INC","Site":"BETTENDORF","City":"BETTENDORF","State":"IOWA","PADD":2,"Source":"Form EIA-815, Monthly Terminal Blenders Report","Period":"January 2025","Longitude":-90.491501,"Latitude":41.525285}},{"type":"Feature","id":4864,"geometry":{"type":"Point","coordinates":[-10177896.5154,4951042.1303]},"properties":{"OBJECTID":4864,"Company":"HOLLY ENERGY PARTNERS","Site":"MONTROSE","City":"FORT MADISON","State":"IOWA","PADD":2,"Source":"Form EIA-815, Monthly Terminal Blenders Report","Period":"January 2025","Longitude":-91.4296,"Latitude":40.5831}},{"type":"Feature","id":4865,"geometry":{"type":"Point","coordinates":[-10411386.587,5096567.836]},"properties":{"OBJECTID":4865,"Company":"PHILLIPS 66 CO","Site":"DES MOINES IA","City":"DES MOINES","State":"IOWA","PADD":2,"Source":"Form EIA-815, Monthly Terminal Blenders Report","Period":"January 2025","Longitude":-93.527077,"Latitude":41.56855}},{"type":"Feature","id":4866,"geometry":{"type":"Point","coordinates":[-10391767.1947,5333114.1515]},"properties":{"OBJECTID":4866,"Company":"ONEOK NORTH SYSTEM LLC","Site":"CLEAR LAKE","City":"CLEAR LAKE","State":"IOWA","PADD":2,"Source":"Form EIA-815, Monthly Terminal Blenders Report","Period":"January 2025","Longitude":-93.350833,"Latitude":43.138745}},{"type":"Feature","id":4867,"geometry":{"type":"Point","coordinates":[-10591725.0527,5366387.1976]},"properties":{"OBJECTID":4867,"Company":"MAGELLAN PIPELINE CO LP","Site":"MILFORD","City":"MILFORD","State":"IOWA","PADD":2,"Source":"Form EIA-815, Monthly Terminal Blenders Report","Period":"January 2025","Longitude":-95.147085,"Latitude":43.356461}},{"type":"Feature","id":4868,"geometry":{"type":"Point","coordinates":[-10392215.5896,5332896.6104]},"properties":{"OBJECTID":4868,"Company":"MAGELLAN PIPELINE CO LP","Site":"MASON CITY","City":"MASON CITY","State":"IOWA","PADD":2,"Source":"Form EIA-815, Monthly Terminal Blenders Report","Period":"January 2025","Longitude":-93.354861,"Latitude":43.137319}},{"type":"Feature","id":4869,"geometry":{"type":"Point","coordinates":[-10193096.4127,5112765.7302]},"properties":{"OBJECTID":4869,"Company":"ONEOK NORTH SYSTEM LLC","Site":"IOWA CITY","City":"CORALVILLE","State":"IOWA","PADD":2,"Source":"Form EIA-815, Monthly Terminal Blenders Report","Period":"January 2025","Longitude":-91.566143,"Latitude":41.677322}},{"type":"Feature","id":4870,"geometry":{"type":"Point","coordinates":[-10106387.9915,5233413.2343]},"properties":{"OBJECTID":4870,"Company":"BP PRODUCTS NORTH AMERICA","Site":"DUBUQUE","City":"DUBUQUE","State":"IOWA","PADD":2,"Source":"Form EIA-815, Monthly Terminal Blenders Report","Period":"January 2025","Longitude":-90.787228,"Latitude":42.481714}},{"type":"Feature","id":4871,"geometry":{"type":"Point","coordinates":[-10421247.4902,5099728.6668]},"properties":{"OBJECTID":4871,"Company":"BUCKEYE TERMINALS LLC","Site":"DES MOINES","City":"DES MOINES","State":"IOWA","PADD":2,"Source":"Form EIA-815, Monthly Terminal Blenders Report","Period":"January 2025","Longitude":-93.615659,"Latitude":41.58979}},{"type":"Feature","id":4872,"geometry":{"type":"Point","coordinates":[-10407382.8702,5095279.2475]},"properties":{"OBJECTID":4872,"Company":"ONEOK NORTH SYSTEM LLC","Site":"DES MOINES","City":"PLEASANT HILL","State":"IOWA","PADD":2,"Source":"Form EIA-815, Monthly Terminal Blenders Report","Period":"January 2025","Longitude":-93.491111,"Latitude":41.559889}},{"type":"Feature","id":4873,"geometry":{"type":"Point","coordinates":[-10726347.3864,5242317.9454]},"properties":{"OBJECTID":4873,"Company":"MAGELLAN PIPELINE CO LP","Site":"SIOUX CITY","City":"SIOUX CITY","State":"IOWA","PADD":2,"Source":"Form EIA-815, Monthly Terminal Blenders Report","Period":"January 2025","Longitude":-96.356418,"Latitude":42.54068}},{"type":"Feature","id":4874,"geometry":{"type":"Point","coordinates":[-10288100.9189,5226805.595]},"properties":{"OBJECTID":4874,"Company":"MAGELLAN PIPELINE CO LP","Site":"WATERLOO","City":"WATERLOO","State":"IOWA","PADD":2,"Source":"Form EIA-815, Monthly Terminal Blenders Report","Period":"January 2025","Longitude":-92.419583,"Latitude":42.437923}},{"type":"Feature","id":4875,"geometry":{"type":"Point","coordinates":[-10702517.4457,5178628.3222]},"properties":{"OBJECTID":4875,"Company":"ENTERPRISE TERMINALS & STORAGE LLC","Site":"WHITING TERMINAL","City":"WHITING","State":"IOWA","PADD":2,"Source":"Form EIA-815, Monthly Terminal Blenders Report","Period":"January 2025","Longitude":-96.14235,"Latitude":42.117711}},{"type":"Feature","id":4876,"geometry":{"type":"Point","coordinates":[-10096525.3072,5211829.7807]},"properties":{"OBJECTID":4876,"Company":"ENTERPRISE TERMINALS & STORAGE LLC","Site":"DUBUQUE TERMINAL","City":"ZWINGLE","State":"IOWA","PADD":2,"Source":"Form EIA-815, Monthly Terminal Blenders Report","Period":"January 2025","Longitude":-90.69863,"Latitude":42.33856}},{"type":"Feature","id":4877,"geometry":{"type":"Point","coordinates":[-10251543.3755,4960237.0846]},"properties":{"OBJECTID":4877,"Company":"ENTERPRISE TERMINALS & STORAGE LLC","Site":"CANTRIL TERMINAL","City":"CANTRIL","State":"IOWA","PADD":2,"Source":"Form EIA-815, Monthly Terminal Blenders Report","Period":"January 2025","Longitude":-92.091181,"Latitude":40.645802}},{"type":"Feature","id":4878,"geometry":{"type":"Point","coordinates":[-10175851.4651,5103622.6503]},"properties":{"OBJECTID":4878,"Company":"MID-AMERICA PIPELINE CO LLCENTE","Site":"IOWA CITY TERMINAL","City":"IOWA CITY","State":"IOWA","PADD":2,"Source":"Form EIA-815, Monthly Terminal Blenders Report","Period":"January 2025","Longitude":-91.411229,"Latitude":41.615947}},{"type":"Feature","id":4879,"geometry":{"type":"Point","coordinates":[-10411666.5555,5095521.4491]},"properties":{"OBJECTID":4879,"Company":"MAGELLAN PIPELINE CO LP","Site":"DES MOINES","City":"DES MOINES","State":"IOWA","PADD":2,"Source":"Form EIA-815, Monthly Terminal Blenders Report","Period":"January 2025","Longitude":-93.529592,"Latitude":41.561517}},{"type":"Feature","id":4880,"geometry":{"type":"Point","coordinates":[-10476342.9571,5166168.2625]},"properties":{"OBJECTID":4880,"Company":"ENTERPRISE TERMINALS & STORAGE LLC","Site":"OGDEN TERMINAL","City":"BEAVER","State":"IOWA","PADD":2,"Source":"Form EIA-815, Monthly Terminal Blenders Report","Period":"January 2025","Longitude":-94.11059,"Latitude":42.03463}},{"type":"Feature","id":4881,"geometry":{"type":"Point","coordinates":[-10668186.7373,5044543.9178]},"properties":{"OBJECTID":4881,"Company":"NUSTAR ENERGY LP","Site":"COUNCIL BLUFFS","City":"COUNCIL BLUFFS","State":"IOWA","PADD":2,"Source":"Form EIA-815, Monthly Terminal Blenders Report","Period":"January 2025","Longitude":-95.833952,"Latitude":41.217959}},{"type":"Feature","id":4882,"geometry":{"type":"Point","coordinates":[-10276750.227,5328015.7792]},"properties":{"OBJECTID":4882,"Company":"GROWMARK INC","Site":"PLATTSBURG","City":"NEW HAMPTON","State":"IOWA","PADD":2,"Source":"Form EIA-815, Monthly Terminal Blenders Report","Period":"January 2025","Longitude":-92.317618,"Latitude":43.105316}},{"type":"Feature","id":4883,"geometry":{"type":"Point","coordinates":[-10644832.4648,5339840.9022]},"properties":{"OBJECTID":4883,"Company":"ENTERPRISE TERMINALS & STORAGE LLC","Site":"SANBORN TERMINAL","City":"SANBORN","State":"IOWA","PADD":2,"Source":"Form EIA-815, Monthly Terminal Blenders Report","Period":"January 2025","Longitude":-95.624157,"Latitude":43.182823}},{"type":"Feature","id":4884,"geometry":{"type":"Point","coordinates":[-10174368.8008,4955097.276]},"properties":{"OBJECTID":4884,"Company":"GROWMARK INC","Site":"FORT MADISON","City":"FORT MADISON","State":"IOWA","PADD":2,"Source":"Form EIA-815, Monthly Terminal Blenders Report","Period":"January 2025","Longitude":-91.39791,"Latitude":40.61076}},{"type":"Feature","id":4885,"geometry":{"type":"Point","coordinates":[-10668152.8962,5044543.0299]},"properties":{"OBJECTID":4885,"Company":"BUCKEYE TERMINALS LLC","Site":"COUNCIL BLUFF","City":"COUNCIL BLUFFS","State":"IOWA","PADD":2,"Source":"Form EIA-815, Monthly Terminal Blenders Report","Period":"January 2025","Longitude":-95.833648,"Latitude":41.217953}},{"type":"Feature","id":4886,"geometry":{"type":"Point","coordinates":[-10708309.2875,5277104.5916]},"properties":{"OBJECTID":4886,"Company":"NUSTAR ENERGY LP","Site":"LEMARS TERMINAL","City":"LE MARS","State":"IOWA","PADD":2,"Source":"Form EIA-815, Monthly Terminal Blenders Report","Period":"January 2025","Longitude":-96.194379,"Latitude":42.7705}},{"type":"Feature","id":4887,"geometry":{"type":"Point","coordinates":[-10593981.0535,5361841.1988]},"properties":{"OBJECTID":4887,"Company":"NUSTAR ENERGY LP","Site":"MILFORD TERMINAL","City":"MILFORD","State":"IOWA","PADD":2,"Source":"Form EIA-815, Monthly Terminal Blenders Report","Period":"January 2025","Longitude":-95.167351,"Latitude":43.326761}},{"type":"Feature","id":4888,"geometry":{"type":"Point","coordinates":[-10071016.2233,5091146.9907]},"properties":{"OBJECTID":4888,"Company":"MAGELLAN PIPELINE CO LP","Site":"BETTENDORF","City":"RIVERDALE","State":"IOWA","PADD":2,"Source":"Form EIA-815, Monthly Terminal Blenders Report","Period":"January 2025","Longitude":-90.469478,"Latitude":41.532107}},{"type":"Feature","id":4889,"geometry":{"type":"Point","coordinates":[-10073234.2641,5090140.7452]},"properties":{"OBJECTID":4889,"Company":"BUCKEYE TERMINALS LLC","Site":"BETTENDORF","City":"BETTENDORF","State":"IOWA","PADD":2,"Source":"Form EIA-815, Monthly Terminal Blenders Report","Period":"January 2025","Longitude":-90.489403,"Latitude":41.52534}},{"type":"Feature","id":4890,"geometry":{"type":"Point","coordinates":[-10091499.9002,5237473.5718]},"properties":{"OBJECTID":4890,"Company":"FLINT HILLS RESOURCES LP","Site":"DUBUQUE","City":"DUBUQUE","State":"IOWA","PADD":2,"Source":"Form EIA-815, Monthly Terminal Blenders Report","Period":"January 2025","Longitude":-90.653486,"Latitude":42.508608}},{"type":"Feature","id":4891,"geometry":{"type":"Point","coordinates":[-10783640.7453,4551672.1812]},"properties":{"OBJECTID":4891,"Company":"NUSTAR ENERGY LP","Site":"EL DORADO","City":"EL DORADO","State":"KANSAS","PADD":2,"Source":"Form EIA-815, Monthly Terminal Blenders Report","Period":"January 2025","Longitude":-96.871093,"Latitude":37.803274}},{"type":"Feature","id":4892,"geometry":{"type":"Point","coordinates":[-11232792.6268,4664305.5715]},"properties":{"OBJECTID":4892,"Company":"MAGELLAN PIPELINE CO LP","Site":"SCOTT CITY","City":"SCOTT CITY","State":"KANSAS","PADD":2,"Source":"Form EIA-815, Monthly Terminal Blenders Report","Period":"January 2025","Longitude":-100.905893,"Latitude":38.598383}},{"type":"Feature","id":4893,"geometry":{"type":"Point","coordinates":[-10555619.5777,4750613.88]},"properties":{"OBJECTID":4893,"Company":"ERGON ASPHALT & EMULSIONS INC","Site":"WOLCOTT","City":"KANSAS CITY","State":"KANSAS","PADD":2,"Source":"Form EIA-815, Monthly Terminal Blenders Report","Period":"January 2025","Longitude":-94.822744,"Latitude":39.201764}},{"type":"Feature","id":4894,"geometry":{"type":"Point","coordinates":[-10986270.0485,4631965.7914]},"properties":{"OBJECTID":4894,"Company":"MAGELLAN PIPELINE CO LP","Site":"GREAT BEND","City":"GREAT BEND","State":"KANSAS","PADD":2,"Source":"Form EIA-815, Monthly Terminal Blenders Report","Period":"January 2025","Longitude":-98.691343,"Latitude":38.370977}},{"type":"Feature","id":4895,"geometry":{"type":"Point","coordinates":[-10570231.8193,4831063.6091]},"properties":{"OBJECTID":4895,"Company":"GROWMARK INC","Site":"WATHENA","City":"WATHENA","State":"KANSAS","PADD":2,"Source":"Form EIA-815, Monthly Terminal Blenders Report","Period":"January 2025","Longitude":-94.954008,"Latitude":39.759561}},{"type":"Feature","id":4896,"geometry":{"type":"Point","coordinates":[-10779596.7309,4552638.5861]},"properties":{"OBJECTID":4896,"Company":"ERGON ASPHALT AND EMULSIONS","Site":"EL DORADO PLANT","City":"EL DORADO","State":"KANSAS","PADD":2,"Source":"Form EIA-815, Monthly Terminal Blenders Report","Period":"January 2025","Longitude":-96.834765,"Latitude":37.810133}},{"type":"Feature","id":4897,"geometry":{"type":"Point","coordinates":[-10802231.8795,4447738.3647]},"properties":{"OBJECTID":4897,"Company":"PREMCOR REFINING GROUP INC","Site":"ARK CITY","City":"ARKANSAS CITY","State":"KANSAS","PADD":2,"Source":"Form EIA-815, Monthly Terminal Blenders Report","Period":"January 2025","Longitude":-97.0381,"Latitude":37.0619}},{"type":"Feature","id":4898,"geometry":{"type":"Point","coordinates":[-10562575.5987,4651005.8149]},"properties":{"OBJECTID":4898,"Company":"PHILLIPS 66 CARRIER LLC","Site":"PAOLA KS","City":"PAOLA","State":"KANSAS","PADD":2,"Source":"Form EIA-815, Monthly Terminal Blenders Report","Period":"January 2025","Longitude":-94.885231,"Latitude":38.504949}},{"type":"Feature","id":4899,"geometry":{"type":"Point","coordinates":[-10835347.0903,4535300.47]},"properties":{"OBJECTID":4899,"Company":"PHILLIPS 66 COMPANY","Site":"S WICHITA KS","City":"WICHITA","State":"KANSAS","PADD":2,"Source":"Form EIA-815, Monthly Terminal Blenders Report","Period":"January 2025","Longitude":-97.335579,"Latitude":37.68698}},{"type":"Feature","id":4900,"geometry":{"type":"Point","coordinates":[-10531308.7367,4741729.4697]},"properties":{"OBJECTID":4900,"Company":"MAGELLAN PIPELINE CO LP","Site":"KANSAS CITY","City":"KANSAS CITY","State":"KANSAS","PADD":2,"Source":"Form EIA-815, Monthly Terminal Blenders Report","Period":"January 2025","Longitude":-94.604356,"Latitude":39.13989}},{"type":"Feature","id":4901,"geometry":{"type":"Point","coordinates":[-10887422.1255,4632351.0112]},"properties":{"OBJECTID":4901,"Company":"ONEOK HYDROCARBON LP","Site":"CONWAY - ONEOK STORAGE","City":"MCPHERSON","State":"KANSAS","PADD":2,"Source":"Form EIA-815, Monthly Terminal Blenders Report","Period":"January 2025","Longitude":-97.803377,"Latitude":38.37369}},{"type":"Feature","id":4902,"geometry":{"type":"Point","coordinates":[-10538230.0261,4734224.2882]},"properties":{"OBJECTID":4902,"Company":"HOLLY ENERGY PARTNERS","Site":"KANSAS CITY","City":"KANSAS CITY","State":"KANSAS","PADD":2,"Source":"Form EIA-815, Monthly Terminal Blenders Report","Period":"January 2025","Longitude":-94.666531,"Latitude":39.087579}},{"type":"Feature","id":4903,"geometry":{"type":"Point","coordinates":[-10908793.5753,4582476.2049]},"properties":{"OBJECTID":4903,"Company":"ENTERPRISE PRODUCTS OPERATING LLC","Site":"HUTCHINSON STORAGE-NGL UGS","City":"HUTCHINSON","State":"KANSAS","PADD":2,"Source":"Form EIA-815, Monthly Terminal Blenders Report","Period":"January 2025","Longitude":-97.99536,"Latitude":38.02159}},{"type":"Feature","id":4904,"geometry":{"type":"Point","coordinates":[-10856041.495,4580010.6725]},"properties":{"OBJECTID":4904,"Company":"ERGON ASPHALT AND EMULSIONS","Site":"HALSTEAD PLANT","City":"HALSTEAD","State":"KANSAS","PADD":2,"Source":"Form EIA-815, Monthly Terminal Blenders Report","Period":"January 2025","Longitude":-97.52148,"Latitude":38.00414}},{"type":"Feature","id":4905,"geometry":{"type":"Point","coordinates":[-10890649.6115,4633087.1294]},"properties":{"OBJECTID":4905,"Company":"MID CONTINENT FRAC & STORAGE","Site":"CONWAY FRAC","City":"CONWAY","State":"KANSAS","PADD":2,"Source":"Form EIA-815, Monthly Terminal Blenders Report","Period":"January 2025","Longitude":-97.83237,"Latitude":38.378874}},{"type":"Feature","id":4906,"geometry":{"type":"Point","coordinates":[-10869584.179,4699022.8984]},"properties":{"OBJECTID":4906,"Company":"NUSTAR ENERGY LP","Site":"SALINA TERMINAL","City":"SALINE","State":"KANSAS","PADD":2,"Source":"Form EIA-815, Monthly Terminal Blenders Report","Period":"January 2025","Longitude":-97.643136,"Latitude":38.841708}},{"type":"Feature","id":4907,"geometry":{"type":"Point","coordinates":[-10812206.7738,4792976.7575]},"properties":{"OBJECTID":4907,"Company":"MID-AMERICA PIPELINE CO LLC","Site":"CLAY CENTER TERMINAL","City":"MORGANVILLE","State":"KANSAS","PADD":2,"Source":"Form EIA-815, Monthly Terminal Blenders Report","Period":"January 2025","Longitude":-97.127706,"Latitude":39.496044}},{"type":"Feature","id":4908,"geometry":{"type":"Point","coordinates":[-10872266.5334,4626725.5097]},"properties":{"OBJECTID":4908,"Company":"NUSTAR ENERGY LP","Site":"MCPHERSON","City":"MCPHERSON","State":"KANSAS","PADD":2,"Source":"Form EIA-815, Monthly Terminal Blenders Report","Period":"January 2025","Longitude":-97.667232,"Latitude":38.334061}},{"type":"Feature","id":4909,"geometry":{"type":"Point","coordinates":[-10893551.154,4586295.7601]},"properties":{"OBJECTID":4909,"Company":"WILLIAMS HUTCH RAIL COMPANY LLC","Site":"HUTCHINSON","City":"HUTCHINSON","State":"KANSAS","PADD":2,"Source":"Form EIA-815, Monthly Terminal Blenders Report","Period":"January 2025","Longitude":-97.858435,"Latitude":38.048615}},{"type":"Feature","id":4910,"geometry":{"type":"Point","coordinates":[-10867053.219,4700575.4381]},"properties":{"OBJECTID":4910,"Company":"ERGON ASPHALT AND EMULSIONS","Site":"SALINA PLANT","City":"SALINA","State":"KANSAS","PADD":2,"Source":"Form EIA-815, Monthly Terminal Blenders Report","Period":"January 2025","Longitude":-97.6204,"Latitude":38.85257}},{"type":"Feature","id":4911,"geometry":{"type":"Point","coordinates":[-10882808.1552,4760842.1991]},"properties":{"OBJECTID":4911,"Company":"NUSTAR ENERGY LP","Site":"CONCORDIA","City":"CONCORDIA","State":"KANSAS","PADD":2,"Source":"Form EIA-815, Monthly Terminal Blenders Report","Period":"January 2025","Longitude":-97.761929,"Latitude":39.27293}},{"type":"Feature","id":4912,"geometry":{"type":"Point","coordinates":[-10895142.0209,4585513.3608]},"properties":{"OBJECTID":4912,"Company":"NUSTAR ENERGY LP","Site":"HUTCHINSON","City":"HUTCHINSON","State":"KANSAS","PADD":2,"Source":"Form EIA-815, Monthly Terminal Blenders Report","Period":"January 2025","Longitude":-97.872726,"Latitude":38.04308}},{"type":"Feature","id":4913,"geometry":{"type":"Point","coordinates":[-10546996.436,4705002.3783]},"properties":{"OBJECTID":4913,"Company":"MAGELLAN PIPELINE CO LP","Site":"OLATHE","City":"OLATHE","State":"KANSAS","PADD":2,"Source":"Form EIA-815, Monthly Terminal Blenders Report","Period":"January 2025","Longitude":-94.745281,"Latitude":38.883533}},{"type":"Feature","id":4914,"geometry":{"type":"Point","coordinates":[-10839399.4538,4553727.9599]},"properties":{"OBJECTID":4914,"Company":"MAGELLAN PIPELINE CO LP","Site":"WICHITA","City":"VALLEY CENTER","State":"KANSAS","PADD":2,"Source":"Form EIA-815, Monthly Terminal Blenders Report","Period":"January 2025","Longitude":-97.371982,"Latitude":37.817864}},{"type":"Feature","id":4915,"geometry":{"type":"Point","coordinates":[-10832384.7674,4544541.9596]},"properties":{"OBJECTID":4915,"Company":"ONEOK NORTH SYSTEM LLC","Site":"WICHITA","City":"WICHITA","State":"KANSAS","PADD":2,"Source":"Form EIA-815, Monthly Terminal Blenders Report","Period":"January 2025","Longitude":-97.308968,"Latitude":37.752648}},{"type":"Feature","id":4916,"geometry":{"type":"Point","coordinates":[-10906743.6269,4583681.6329]},"properties":{"OBJECTID":4916,"Company":"ONEOK HYDROCARBON LP","Site":"HUTCHINSON","City":"HUTCHINSON","State":"KANSAS","PADD":2,"Source":"Form EIA-815, Monthly Terminal Blenders Report","Period":"January 2025","Longitude":-97.976945,"Latitude":38.03012}},{"type":"Feature","id":4917,"geometry":{"type":"Point","coordinates":[-10948697.9392,4653400.0443]},"properties":{"OBJECTID":4917,"Company":"ONEOK HYDROCARBON LP","Site":"BUSHTON STORAGE FACILITY","City":"BUSHTON","State":"KANSAS","PADD":2,"Source":"Form EIA-815, Monthly Terminal Blenders Report","Period":"January 2025","Longitude":-98.353827,"Latitude":38.521778}},{"type":"Feature","id":4918,"geometry":{"type":"Point","coordinates":[-10832142.5362,4544482.9675]},"properties":{"OBJECTID":4918,"Company":"PHILLIPS 66 CARRIER LLC","Site":"WICHITA KS","City":"WICHITA","State":"KANSAS","PADD":2,"Source":"Form EIA-815, Monthly Terminal Blenders Report","Period":"January 2025","Longitude":-97.306792,"Latitude":37.752229}},{"type":"Feature","id":4919,"geometry":{"type":"Point","coordinates":[-11125555.5557,4544248.2697]},"properties":{"OBJECTID":4919,"Company":"ERGON ASPHALT AND EMULSIONS","Site":"DODGE CITY PLANT","City":"DODGE CITY","State":"KANSAS","PADD":2,"Source":"Form EIA-815, Monthly Terminal Blenders Report","Period":"January 2025","Longitude":-99.942566,"Latitude":37.750562}},{"type":"Feature","id":4920,"geometry":{"type":"Point","coordinates":[-10531999.5855,4739632.3475]},"properties":{"OBJECTID":4920,"Company":"PHILLIPS 66 CARRIER LLC","Site":"KANSAS CITY KS","City":"KANSAS CITY","State":"KANSAS","PADD":2,"Source":"Form EIA-815, Monthly Terminal Blenders Report","Period":"January 2025","Longitude":-94.610562,"Latitude":39.125277}},{"type":"Feature","id":4921,"geometry":{"type":"Point","coordinates":[-10652206.4905,4708654.2719]},"properties":{"OBJECTID":4921,"Company":"MAGELLAN PIPELINE CO LP","Site":"TOPEKA","City":"TOPEKA","State":"KANSAS","PADD":2,"Source":"Form EIA-815, Monthly Terminal Blenders Report","Period":"January 2025","Longitude":-95.690399,"Latitude":38.909065}},{"type":"Feature","id":4922,"geometry":{"type":"Point","coordinates":[-9406460.7932,4729219.6254]},"properties":{"OBJECTID":4922,"Company":"MPLX TERMINALS LLC","Site":"COVINGTON","City":"COVINGTON","State":"KENTUCKY","PADD":2,"Source":"Form EIA-815, Monthly Terminal Blenders Report","Period":"January 2025","Longitude":-84.499675,"Latitude":39.052675}},{"type":"Feature","id":4923,"geometry":{"type":"Point","coordinates":[-9562149.45,4597798.9818]},"properties":{"OBJECTID":4923,"Company":"MARATHON PETROLEUM CO LLC","Site":"LOUISVILLE ASPHCANE RUN","City":"LOUISVILLE","State":"KENTUCKY","PADD":2,"Source":"Form EIA-815, Monthly Terminal Blenders Report","Period":"January 2025","Longitude":-85.89825,"Latitude":38.129945}},{"type":"Feature","id":4924,"geometry":{"type":"Point","coordinates":[-9554521.5046,4612324.798]},"properties":{"OBJECTID":4924,"Company":"MPLX TERMINALS LLC","Site":"ALGO","City":"LOUISVILLE","State":"KENTUCKY","PADD":2,"Source":"Form EIA-815, Monthly Terminal Blenders Report","Period":"January 2025","Longitude":-85.829727,"Latitude":38.232516}},{"type":"Feature","id":4925,"geometry":{"type":"Point","coordinates":[-9811978.2172,4442049.7971]},"properties":{"OBJECTID":4925,"Company":"MARATHON PETROLEUM CO LLC","Site":"KUTTAWA KY ASPHALT","City":"KUTTAWA","State":"KENTUCKY","PADD":2,"Source":"Form EIA-815, Monthly Terminal Blenders Report","Period":"January 2025","Longitude":-88.1425,"Latitude":37.021111}},{"type":"Feature","id":4926,"geometry":{"type":"Point","coordinates":[-9855182.0909,4442947.8769]},"properties":{"OBJECTID":4926,"Company":"MARATHON PETROLEUM CO LLC","Site":"PADUCAH","City":"PADUCAH","State":"KENTUCKY","PADD":2,"Source":"Form EIA-815, Monthly Terminal Blenders Report","Period":"January 2025","Longitude":-88.530607,"Latitude":37.027552}},{"type":"Feature","id":4927,"geometry":{"type":"Point","coordinates":[-9413829.4756,4733197.8897]},"properties":{"OBJECTID":4927,"Company":"BP OIL","Site":"BROMLEY TERMINAL KY","City":"BROMLEY","State":"KENTUCKY","PADD":2,"Source":"Form EIA-815, Monthly Terminal Blenders Report","Period":"January 2025","Longitude":-84.565869,"Latitude":39.080422}},{"type":"Feature","id":4928,"geometry":{"type":"Point","coordinates":[-9194918.8064,4631394.0229]},"properties":{"OBJECTID":4928,"Company":"MPLX TERMINALS LLC","Site":"VINEY BRANCH","City":"CATLETTSBURG","State":"KENTUCKY","PADD":2,"Source":"Form EIA-815, Monthly Terminal Blenders Report","Period":"January 2025","Longitude":-82.599361,"Latitude":38.36695}},{"type":"Feature","id":4929,"geometry":{"type":"Point","coordinates":[-9410791.5667,4735307.3038]},"properties":{"OBJECTID":4929,"Company":"TRANSMONTAIGNE OPERATING CO","Site":"COVINGTON","City":"COVINGTON","State":"KENTUCKY","PADD":2,"Source":"Form EIA-815, Monthly Terminal Blenders Report","Period":"January 2025","Longitude":-84.538579,"Latitude":39.09513}},{"type":"Feature","id":4930,"geometry":{"type":"Point","coordinates":[-9554661.7671,4612792.758]},"properties":{"OBJECTID":4930,"Company":"BUCKEYE TERMINALS LLC","Site":"LOUISVILLE","City":"LOUISVILLE","State":"KENTUCKY","PADD":2,"Source":"Form EIA-815, Monthly Terminal Blenders Report","Period":"January 2025","Longitude":-85.830987,"Latitude":38.235818}},{"type":"Feature","id":4931,"geometry":{"type":"Point","coordinates":[-9410920.1407,4588032.9403]},"properties":{"OBJECTID":4931,"Company":"VALERO TERMINALING AND DISTR CO","Site":"LEXINGTON","City":"LEXINGTON","State":"KENTUCKY","PADD":2,"Source":"Form EIA-815, Monthly Terminal Blenders Report","Period":"January 2025","Longitude":-84.539734,"Latitude":38.060903}},{"type":"Feature","id":4932,"geometry":{"type":"Point","coordinates":[-9555028.6762,4611039.3637]},"properties":{"OBJECTID":4932,"Company":"VALERO TERMINALING AND DISTR CO","Site":"LOUISVILLE","City":"LOUISVILLE","State":"KENTUCKY","PADD":2,"Source":"Form EIA-815, Monthly Terminal Blenders Report","Period":"January 2025","Longitude":-85.834283,"Latitude":38.223445}},{"type":"Feature","id":4933,"geometry":{"type":"Point","coordinates":[-9692045.9375,4550043.4869]},"properties":{"OBJECTID":4933,"Company":"SOUTHERN STATES COOPERATIVE INC","Site":"OWENSBORO RIVER TERMINAL","City":"OWENSBORO","State":"KENTUCKY","PADD":2,"Source":"Form EIA-815, Monthly Terminal Blenders Report","Period":"January 2025","Longitude":-87.06513,"Latitude":37.791713}},{"type":"Feature","id":4934,"geometry":{"type":"Point","coordinates":[-9410963.7779,4588051.603]},"properties":{"OBJECTID":4934,"Company":"MPLX TERMINALS LLC","Site":"LEXINGTON","City":"LEXINGTON","State":"KENTUCKY","PADD":2,"Source":"Form EIA-815, Monthly Terminal Blenders Report","Period":"January 2025","Longitude":-84.540126,"Latitude":38.061035}},{"type":"Feature","id":4935,"geometry":{"type":"Point","coordinates":[-9748609.2632,4561945.9743]},"properties":{"OBJECTID":4935,"Company":"TRANSMONTAIGNE OPERATING COMPANY","Site":"HENDERSON","City":"HENDERSON","State":"KENTUCKY","PADD":2,"Source":"Form EIA-815, Monthly Terminal Blenders Report","Period":"January 2025","Longitude":-87.573247,"Latitude":37.876159}},{"type":"Feature","id":4936,"geometry":{"type":"Point","coordinates":[-9195658.9697,4640888.3394]},"properties":{"OBJECTID":4936,"Company":"MARATHON PETROLEUM CO LLC","Site":"BIG SANDY - ASPHALT","City":"CATLETTSBURG","State":"KENTUCKY","PADD":2,"Source":"Form EIA-815, Monthly Terminal Blenders Report","Period":"January 2025","Longitude":-82.60601,"Latitude":38.43379}},{"type":"Feature","id":4937,"geometry":{"type":"Point","coordinates":[-9692864.3583,4548387.3009]},"properties":{"OBJECTID":4937,"Company":"TRANSMONTAIGNE OPERATION COMPANY","Site":"OWENSBORO","City":"OWENSBORO","State":"KENTUCKY","PADD":2,"Source":"Form EIA-815, Monthly Terminal Blenders Report","Period":"January 2025","Longitude":-87.072482,"Latitude":37.779955}},{"type":"Feature","id":4938,"geometry":{"type":"Point","coordinates":[-9758638.37,4553032.5568]},"properties":{"OBJECTID":4938,"Company":"OMEGA PARTNERS III LLC","Site":"HENDERSON","City":"HENDERSON","State":"KENTUCKY","PADD":2,"Source":"Form EIA-815, Monthly Terminal Blenders Report","Period":"January 2025","Longitude":-87.66334,"Latitude":37.812929}},{"type":"Feature","id":4939,"geometry":{"type":"Point","coordinates":[-9861426.1124,4449119.5123]},"properties":{"OBJECTID":4939,"Company":"TRANSMONTAIGNE OPERATING COMPANY","Site":"PADUCAH","City":"PADUCAH","State":"KENTUCKY","PADD":2,"Source":"Form EIA-815, Monthly Terminal Blenders Report","Period":"January 2025","Longitude":-88.586698,"Latitude":37.0718}},{"type":"Feature","id":4940,"geometry":{"type":"Point","coordinates":[-9555337.9217,4611047.7239]},"properties":{"OBJECTID":4940,"Company":"TRANSMONTAIGNE OPERATING COMPANY","Site":"LOUISVILLE","City":"LOUISVILLE","State":"KENTUCKY","PADD":2,"Source":"Form EIA-815, Monthly Terminal Blenders Report","Period":"January 2025","Longitude":-85.837061,"Latitude":38.223504}},{"type":"Feature","id":4941,"geometry":{"type":"Point","coordinates":[-9556494.8652,4608535.4164]},"properties":{"OBJECTID":4941,"Company":"MPLX TERMINALS LLC","Site":"KRAMERS LANE","City":"LOUISVILLE","State":"KENTUCKY","PADD":2,"Source":"Form EIA-815, Monthly Terminal Blenders Report","Period":"January 2025","Longitude":-85.847454,"Latitude":38.205772}},{"type":"Feature","id":4942,"geometry":{"type":"Point","coordinates":[-10087683.2001,3510724.4316]},"properties":{"OBJECTID":4942,"Company":"MARATHON PETROLEUM CO LLC","Site":"GARYVILLE - ASPHALT","City":"GARYVILLE","State":"LOUISIANA","PADD":3,"Source":"Form EIA-815, Monthly Terminal Blenders Report","Period":"January 2025","Longitude":-90.6192,"Latitude":30.0558}},{"type":"Feature","id":4943,"geometry":{"type":"Point","coordinates":[-10154345.43,3553108.4261]},"properties":{"OBJECTID":4943,"Company":"ECONOMY/STONE MIDSTREAM FUEL LLC","Site":"BATON ROUGE","City":"BATON ROUGE","State":"LOUISIANA","PADD":3,"Source":"Form EIA-815, Monthly Terminal Blenders Report","Period":"January 2025","Longitude":-91.218037,"Latitude":30.384797}},{"type":"Feature","id":4944,"geometry":{"type":"Point","coordinates":[-10190711.1699,3482783.1155]},"properties":{"OBJECTID":4944,"Company":"FIVE STAR FUELS","Site":"BALDWIN","City":"BALDWIN","State":"LOUISIANA","PADD":3,"Source":"Form EIA-815, Monthly Terminal Blenders Report","Period":"January 2025","Longitude":-91.544716,"Latitude":29.838311}},{"type":"Feature","id":4945,"geometry":{"type":"Point","coordinates":[-10154696.7543,3560383.0549]},"properties":{"OBJECTID":4945,"Company":"BP LUBRICANTS USA INC","Site":"BP LUBES BATON ROUGE","City":"PORT ALLEN","State":"LOUISIANA","PADD":3,"Source":"Form EIA-815, Monthly Terminal Blenders Report","Period":"January 2025","Longitude":-91.221193,"Latitude":30.441154}},{"type":"Feature","id":4946,"geometry":{"type":"Point","coordinates":[-10156913.9046,3545031.9571]},"properties":{"OBJECTID":4946,"Company":"DOW HYDROCARBONS & RESRCS LLC","Site":"DHRLLC-PLAQUEMINE","City":"PLAQUEMINE","State":"LOUISIANA","PADD":3,"Source":"Form EIA-815, Monthly Terminal Blenders Report","Period":"January 2025","Longitude":-91.24111,"Latitude":30.32219}},{"type":"Feature","id":4947,"geometry":{"type":"Point","coordinates":[-10152571.8879,3560322.1111]},"properties":{"OBJECTID":4947,"Company":"BWC TERMINALS LLC","Site":"PORT ALLEN","City":"PORT ALLEN","State":"LOUISIANA","PADD":3,"Source":"Form EIA-815, Monthly Terminal Blenders Report","Period":"January 2025","Longitude":-91.202105,"Latitude":30.440682}},{"type":"Feature","id":4948,"geometry":{"type":"Point","coordinates":[-10398570.0401,3534616.0387]},"properties":{"OBJECTID":4948,"Company":"BOARDWALK LOUISIANA MIDSTREAM LLC","Site":"SULPHUR","City":"SULPHUR","State":"LOUISIANA","PADD":3,"Source":"Form EIA-815, Monthly Terminal Blenders Report","Period":"January 2025","Longitude":-93.411944,"Latitude":30.241389}},{"type":"Feature","id":4949,"geometry":{"type":"Point","coordinates":[-10159925.3195,3545359.5233]},"properties":{"OBJECTID":4949,"Company":"BOARDWALK LOUISIANA MIDSTREAM LLC","Site":"CHOCTAW","City":"PLAQUEMINE","State":"LOUISIANA","PADD":3,"Source":"Form EIA-815, Monthly Terminal Blenders Report","Period":"January 2025","Longitude":-91.268162,"Latitude":30.32473}},{"type":"Feature","id":4950,"geometry":{"type":"Point","coordinates":[-10121027.2838,3516256.1233]},"properties":{"OBJECTID":4950,"Company":"VALERO TERMINALING & DIST CO","Site":"ST JAMES ASPHALT","City":"SAINT JAMES","State":"LOUISIANA","PADD":3,"Source":"Form EIA-815, Monthly Terminal Blenders Report","Period":"January 2025","Longitude":-90.918735,"Latitude":30.098801}},{"type":"Feature","id":4951,"geometry":{"type":"Point","coordinates":[-9946991.7277,3412684.0041]},"properties":{"OBJECTID":4951,"Company":"JOHN W STONE OIL DISTRIBUTOR LLC","Site":"BELLE CHASSE","City":"BELLE CHASSE","State":"LOUISIANA","PADD":3,"Source":"Form EIA-815, Monthly Terminal Blenders Report","Period":"January 2025","Longitude":-89.355347,"Latitude":29.290591}},{"type":"Feature","id":4952,"geometry":{"type":"Point","coordinates":[-10042799.6267,3498752.065]},"properties":{"OBJECTID":4952,"Company":"BUCKEYE TERMINALS LLC","Site":"MARRERO","City":"MARRERO","State":"LOUISIANA","PADD":3,"Source":"Form EIA-815, Monthly Terminal Blenders Report","Period":"January 2025","Longitude":-90.216004,"Latitude":29.962668}},{"type":"Feature","id":4953,"geometry":{"type":"Point","coordinates":[-10023962.9217,3482939.1683]},"properties":{"OBJECTID":4953,"Company":"JOHN W STONE OIL DISTRIBUTOR LLC","Site":"VENICE","City":"VENICE","State":"LOUISIANA","PADD":3,"Source":"Form EIA-815, Monthly Terminal Blenders Report","Period":"January 2025","Longitude":-90.046791,"Latitude":29.839527}},{"type":"Feature","id":4954,"geometry":{"type":"Point","coordinates":[-10012448.9241,3494621.9601]},"properties":{"OBJECTID":4954,"Company":"VRM","Site":"MERAUX","City":"MERAUX","State":"LOUISIANA","PADD":3,"Source":"Form EIA-815, Monthly Terminal Blenders Report","Period":"January 2025","Longitude":-89.943359,"Latitude":29.93052}},{"type":"Feature","id":4955,"geometry":{"type":"Point","coordinates":[-10235307.3164,3537359.793]},"properties":{"OBJECTID":4955,"Company":"ENTERPRISE FIELD SERVICES LLC","Site":"ANSE LA BUTTE TERMINAL LA","City":"BREAUX BRIDGE","State":"LOUISIANA","PADD":3,"Source":"Form EIA-815, Monthly Terminal Blenders Report","Period":"January 2025","Longitude":-91.94533,"Latitude":30.26268}},{"type":"Feature","id":4956,"geometry":{"type":"Point","coordinates":[-10148846.9151,3565132.0246]},"properties":{"OBJECTID":4956,"Company":"EXXON MOBIL REFG & SPLY COMP","Site":"BATON ROUGE","City":"BATON ROUGE","State":"LOUISIANA","PADD":3,"Source":"Form EIA-815, Monthly Terminal Blenders Report","Period":"January 2025","Longitude":-91.168643,"Latitude":30.477927}},{"type":"Feature","id":4957,"geometry":{"type":"Point","coordinates":[-10129888.0926,3527459.3781]},"properties":{"OBJECTID":4957,"Company":"IMTT GEISMAR","Site":"IMTT GEISMAR","City":"GEISMAR","State":"LOUISIANA","PADD":3,"Source":"Form EIA-815, Monthly Terminal Blenders Report","Period":"January 2025","Longitude":-90.998333,"Latitude":30.185833}},{"type":"Feature","id":4958,"geometry":{"type":"Point","coordinates":[-10040411.8236,3493059.3227]},"properties":{"OBJECTID":4958,"Company":"INTL MATEX TANK TERMINALS","Site":"AVONDALE","City":"AVONDALE","State":"LOUISIANA","PADD":3,"Source":"Form EIA-815, Monthly Terminal Blenders Report","Period":"January 2025","Longitude":-90.194554,"Latitude":29.918354}},{"type":"Feature","id":4959,"geometry":{"type":"Point","coordinates":[-10054938.5719,3495884.6942]},"properties":{"OBJECTID":4959,"Company":"INTERNATIONAL MATEX TANK TERMINALS","Site":"ST ROSE","City":"SAINT ROSE","State":"LOUISIANA","PADD":3,"Source":"Form EIA-815, Monthly Terminal Blenders Report","Period":"January 2025","Longitude":-90.32505,"Latitude":29.94035}},{"type":"Feature","id":4960,"geometry":{"type":"Point","coordinates":[-10423085.041,3809857.3924]},"properties":{"OBJECTID":4960,"Company":"RED RIVER TERMINALS LLC","Site":"SHREVEPORT","City":"SHREVEPORT","State":"LOUISIANA","PADD":3,"Source":"Form EIA-815, Monthly Terminal Blenders Report","Period":"January 2025","Longitude":-93.632166,"Latitude":32.353913}},{"type":"Feature","id":4961,"geometry":{"type":"Point","coordinates":[-10016620.5107,3462482.7894]},"properties":{"OBJECTID":4961,"Company":"HARVEST MIDSTREAM CO","Site":"ALLIANCE","City":"BELLE CHASSE","State":"LOUISIANA","PADD":3,"Source":"Form EIA-815, Monthly Terminal Blenders Report","Period":"January 2025","Longitude":-89.980833,"Latitude":29.68}},{"type":"Feature","id":4962,"geometry":{"type":"Point","coordinates":[-10149136.0118,3568447.28]},"properties":{"OBJECTID":4962,"Company":"EXXONMOBIL CHEMICAL COMPANY","Site":"CORP EMCC L3 302","City":"PORT ALLEN","State":"LOUISIANA","PADD":3,"Source":"Form EIA-815, Monthly Terminal Blenders Report","Period":"January 2025","Longitude":-91.17124,"Latitude":30.50359}},{"type":"Feature","id":4963,"geometry":{"type":"Point","coordinates":[-10390900.7951,3522707.8069]},"properties":{"OBJECTID":4963,"Company":"PHILLIPS 66","Site":"PHILLIPS 66 - GCLP","City":"SULPHUR","State":"LOUISIANA","PADD":3,"Source":"Form EIA-815, Monthly Terminal Blenders Report","Period":"January 2025","Longitude":-93.34305,"Latitude":30.14893}},{"type":"Feature","id":4964,"geometry":{"type":"Point","coordinates":[-10382706.3447,3535013.8211]},"properties":{"OBJECTID":4964,"Company":"PHILLIPS 66 COMPANY","Site":"WESTLAKE LA","City":"WESTLAKE","State":"LOUISIANA","PADD":3,"Source":"Form EIA-815, Monthly Terminal Blenders Report","Period":"January 2025","Longitude":-93.269438,"Latitude":30.244476}},{"type":"Feature","id":4965,"geometry":{"type":"Point","coordinates":[-10047676.9789,3423579.1498]},"properties":{"OBJECTID":4965,"Company":"MARTIN ENERGY SERVICES LLC","Site":"FOURCHON 16","City":"GOLDEN MEADOW","State":"LOUISIANA","PADD":3,"Source":"Form EIA-815, Monthly Terminal Blenders Report","Period":"January 2025","Longitude":-90.259818,"Latitude":29.375915}},{"type":"Feature","id":4966,"geometry":{"type":"Point","coordinates":[-10025343.3947,3493577.3121]},"properties":{"OBJECTID":4966,"Company":"JOHN W STONE OIL DSTR LLC","Site":"GRETNA","City":"GRETNA","State":"LOUISIANA","PADD":3,"Source":"Form EIA-815, Monthly Terminal Blenders Report","Period":"January 2025","Longitude":-90.059192,"Latitude":29.922387}},{"type":"Feature","id":4967,"geometry":{"type":"Point","coordinates":[-10160533.0126,3596737.4316]},"properties":{"OBJECTID":4967,"Company":"ENERGY LOGISTICS SOLUTIONS LLC","Site":"BATON ROUGE ELS","City":"BATON ROUGE","State":"LOUISIANA","PADD":3,"Source":"Form EIA-815, Monthly Terminal Blenders Report","Period":"January 2025","Longitude":-91.273621,"Latitude":30.722305}},{"type":"Feature","id":4968,"geometry":{"type":"Point","coordinates":[-10293167.4029,3676792.8425]},"properties":{"OBJECTID":4968,"Company":"ALEXANDRIA TERMINAL CO LLC","Site":"ALEXANDRIA TERMINAL CO LLC","City":"ALEXANDRIA","State":"LOUISIANA","PADD":3,"Source":"Form EIA-815, Monthly Terminal Blenders Report","Period":"January 2025","Longitude":-92.465096,"Latitude":31.338535}},{"type":"Feature","id":4969,"geometry":{"type":"Point","coordinates":[-10041293.0287,3391430.2971]},"properties":{"OBJECTID":4969,"Company":"C-PORTSTONE LLC","Site":"PORT FOURCHON 2","City":"PORT FOURCHON","State":"LOUISIANA","PADD":3,"Source":"Form EIA-815, Monthly Terminal Blenders Report","Period":"January 2025","Longitude":-90.20247,"Latitude":29.12394}},{"type":"Feature","id":4970,"geometry":{"type":"Point","coordinates":[-10041923.3197,3393381.916]},"properties":{"OBJECTID":4970,"Company":"C-PORTSTONE LLC","Site":"PORT FOURCHON","City":"PORT FOURCHON","State":"LOUISIANA","PADD":3,"Source":"Form EIA-815, Monthly Terminal Blenders Report","Period":"January 2025","Longitude":-90.208132,"Latitude":29.139254}},{"type":"Feature","id":4971,"geometry":{"type":"Point","coordinates":[-10026334.2495,3492424.9973]},"properties":{"OBJECTID":4971,"Company":"BWC TERMINALS LLC","Site":"GRETNA","City":"GRETNA","State":"LOUISIANA","PADD":3,"Source":"Form EIA-815, Monthly Terminal Blenders Report","Period":"January 2025","Longitude":-90.068093,"Latitude":29.913415}},{"type":"Feature","id":4972,"geometry":{"type":"Point","coordinates":[-10106478.3829,3525432.117]},"properties":{"OBJECTID":4972,"Company":"EXXONMOBIL PIPELINE CO","Site":"SORRENTO DOME","City":"SORRENTO","State":"LOUISIANA","PADD":3,"Source":"Form EIA-815, Monthly Terminal Blenders Report","Period":"January 2025","Longitude":-90.78804,"Latitude":30.17009}},{"type":"Feature","id":4973,"geometry":{"type":"Point","coordinates":[-10153493.7246,3565327.9728]},"properties":{"OBJECTID":4973,"Company":"EXXONMOBIL PORT ALLEN LUBRICANTS B","Site":"PORT ALLEN LUBE BLENDING  PACKAGING","City":"PORT ALLEN","State":"LOUISIANA","PADD":3,"Source":"Form EIA-815, Monthly Terminal Blenders Report","Period":"January 2025","Longitude":-91.210386,"Latitude":30.479444}},{"type":"Feature","id":4974,"geometry":{"type":"Point","coordinates":[-10134235.8979,3530798.7618]},"properties":{"OBJECTID":4974,"Company":"ENLINK PROCESSING SERVICES LLC","Site":"RIVERSIDE FRACTIONATION PLANT","City":"GEISMAR","State":"LOUISIANA","PADD":3,"Source":"Form EIA-815, Monthly Terminal Blenders Report","Period":"January 2025","Longitude":-91.03739,"Latitude":30.21176}},{"type":"Feature","id":4975,"geometry":{"type":"Point","coordinates":[-10120010.3802,3517980.2756]},"properties":{"OBJECTID":4975,"Company":"SHELL OIL PRODUCTS US","Site":"CONVENT","City":"CONVENT","State":"LOUISIANA","PADD":3,"Source":"Form EIA-815, Monthly Terminal Blenders Report","Period":"January 2025","Longitude":-90.9096,"Latitude":30.1122}},{"type":"Feature","id":4976,"geometry":{"type":"Point","coordinates":[-10427721.9431,3836074.634]},"properties":{"OBJECTID":4976,"Company":"ENTERPRISE REFINED PRODUCTS CO LLC","Site":"SHREVEPORT RP TRUCK RACK TERMINAL","City":"BOSSIER CITY","State":"LOUISIANA","PADD":3,"Source":"Form EIA-815, Monthly Terminal Blenders Report","Period":"January 2025","Longitude":-93.67382,"Latitude":32.552646}},{"type":"Feature","id":4977,"geometry":{"type":"Point","coordinates":[-10253186.5625,3817076.3292]},"properties":{"OBJECTID":4977,"Company":"MONROE TERMINAL COMPANY LLC","Site":"MONROE","City":"MONROE","State":"LOUISIANA","PADD":3,"Source":"Form EIA-815, Monthly Terminal Blenders Report","Period":"January 2025","Longitude":-92.105942,"Latitude":32.408678}},{"type":"Feature","id":4978,"geometry":{"type":"Point","coordinates":[-10249186.5192,3577905.4041]},"properties":{"OBJECTID":4978,"Company":"BUCKEYE TERMINALS LLC","Site":"OPELOUSAS","City":"OPELOUSAS","State":"LOUISIANA","PADD":3,"Source":"Form EIA-815, Monthly Terminal Blenders Report","Period":"January 2025","Longitude":-92.070009,"Latitude":30.576767}},{"type":"Feature","id":4979,"geometry":{"type":"Point","coordinates":[-10045704.0635,3502250.492]},"properties":{"OBJECTID":4979,"Company":"SHELL OIL PRODUCTS US","Site":"KENNER BLENDING TERMINAL","City":"KENNER","State":"LOUISIANA","PADD":3,"Source":"Form EIA-815, Monthly Terminal Blenders Report","Period":"January 2025","Longitude":-90.242095,"Latitude":29.989891}},{"type":"Feature","id":4980,"geometry":{"type":"Point","coordinates":[-10028335.44,3492094.9396]},"properties":{"OBJECTID":4980,"Company":"KINDER MORGAN","Site":"HARVEY","City":"HARVEY","State":"LOUISIANA","PADD":3,"Source":"Form EIA-815, Monthly Terminal Blenders Report","Period":"January 2025","Longitude":-90.08607,"Latitude":29.910845}},{"type":"Feature","id":4981,"geometry":{"type":"Point","coordinates":[-10013110.1619,3486873.3271]},"properties":{"OBJECTID":4981,"Company":"STOLTHAVEN NEW ORLEANS LLC","Site":"NEW ORLEANS","City":"BRAITHWAITE","State":"LOUISIANA","PADD":3,"Source":"Form EIA-815, Monthly Terminal Blenders Report","Period":"January 2025","Longitude":-89.949299,"Latitude":29.870178}},{"type":"Feature","id":4982,"geometry":{"type":"Point","coordinates":[-10146879.677,3540448.5975]},"properties":{"OBJECTID":4982,"Company":"LBC BATON ROUGE","Site":"LBC BATON ROUGE","City":"SUNSHINE","State":"LOUISIANA","PADD":3,"Source":"Form EIA-815, Monthly Terminal Blenders Report","Period":"January 2025","Longitude":-91.150971,"Latitude":30.286643}},{"type":"Feature","id":4983,"geometry":{"type":"Point","coordinates":[-10149810.6079,3539498.1455]},"properties":{"OBJECTID":4983,"Company":"ENTERPRISE PRODUCTS OPERATING LLC","Site":"BREAUX BRIDGE STORAGE","City":"BREAUX BRIDGE","State":"LOUISIANA","PADD":3,"Source":"Form EIA-815, Monthly Terminal Blenders Report","Period":"January 2025","Longitude":-91.1773,"Latitude":30.27927}},{"type":"Feature","id":4984,"geometry":{"type":"Point","coordinates":[-10390772.7777,3503009.9841]},"properties":{"OBJECTID":4984,"Company":"TARGA MIDSTREAM SERVICES LLC","Site":"HACKBERRY","City":"HACKBERRY","State":"LOUISIANA","PADD":3,"Source":"Form EIA-815, Monthly Terminal Blenders Report","Period":"January 2025","Longitude":-93.3419,"Latitude":29.9958}},{"type":"Feature","id":4985,"geometry":{"type":"Point","coordinates":[-10147261.3916,3561602.7671]},"properties":{"OBJECTID":4985,"Company":"PETROLEUM FUEL & TERMINAL CO","Site":"BATON ROUGE","City":"BATON ROUGE","State":"LOUISIANA","PADD":3,"Source":"Form EIA-815, Monthly Terminal Blenders Report","Period":"January 2025","Longitude":-91.1544,"Latitude":30.4506}},{"type":"Feature","id":4986,"geometry":{"type":"Point","coordinates":[-10341675.3163,3835161.2892]},"properties":{"OBJECTID":4986,"Company":"CHEVRON USA INC ARCADIA","Site":"ARCADIA TERMINAL","City":"ARCADIA","State":"LOUISIANA","PADD":3,"Source":"Form EIA-815, Monthly Terminal Blenders Report","Period":"January 2025","Longitude":-92.90085,"Latitude":32.54573}},{"type":"Feature","id":4987,"geometry":{"type":"Point","coordinates":[-10090736.6937,3510618.9693]},"properties":{"OBJECTID":4987,"Company":"APEX OIL COMPANY INC","Site":"MT AIRY","City":"MOUNT AIRY","State":"LOUISIANA","PADD":3,"Source":"Form EIA-815, Monthly Terminal Blenders Report","Period":"January 2025","Longitude":-90.64663,"Latitude":30.05498}},{"type":"Feature","id":4988,"geometry":{"type":"Point","coordinates":[-10020490.9781,3503528.1201]},"properties":{"OBJECTID":4988,"Company":"GULF GATEWAY TERMINAL LLC","Site":"GULF GATEWAY TERMINAL","City":"NEW ORLEANS","State":"LOUISIANA","PADD":3,"Source":"Form EIA-815, Monthly Terminal Blenders Report","Period":"January 2025","Longitude":-90.015602,"Latitude":29.999831}},{"type":"Feature","id":4989,"geometry":{"type":"Point","coordinates":[-10385466.2889,3516996.6347]},"properties":{"OBJECTID":4989,"Company":"MARTIN ENERGY SERVICES LLC","Site":"LAKE CHARLES DOCK","City":"LAKE CHARLES","State":"LOUISIANA","PADD":3,"Source":"Form EIA-815, Monthly Terminal Blenders Report","Period":"January 2025","Longitude":-93.294231,"Latitude":30.104556}},{"type":"Feature","id":4990,"geometry":{"type":"Point","coordinates":[-10312359.885,3501102.5352]},"properties":{"OBJECTID":4990,"Company":"MARTIN ENERGY SERVICES LLC","Site":"MARINE 193 DOCK","City":"GUEYDAN","State":"LOUISIANA","PADD":3,"Source":"Form EIA-815, Monthly Terminal Blenders Report","Period":"January 2025","Longitude":-92.637505,"Latitude":29.980959}},{"type":"Feature","id":4991,"geometry":{"type":"Point","coordinates":[-10141311.4761,3460684.7452]},"properties":{"OBJECTID":4991,"Company":"MARTIN ENERGY SERVICES LLC","Site":"AMELIA","City":"AMELIA","State":"LOUISIANA","PADD":3,"Source":"Form EIA-815, Monthly Terminal Blenders Report","Period":"January 2025","Longitude":-91.100951,"Latitude":29.665966}},{"type":"Feature","id":4992,"geometry":{"type":"Point","coordinates":[-10041813.7813,3390302.9663]},"properties":{"OBJECTID":4992,"Company":"MARTIN ENERGY SERVICES LLC","Site":"FOURCHON MARTIN TERMINAL","City":"PORT FOURCHON","State":"LOUISIANA","PADD":3,"Source":"Form EIA-815, Monthly Terminal Blenders Report","Period":"January 2025","Longitude":-90.207148,"Latitude":29.115093}},{"type":"Feature","id":4993,"geometry":{"type":"Point","coordinates":[-10090335.7209,3510641.2192]},"properties":{"OBJECTID":4993,"Company":"MPLX TERMINALS LLC","Site":"MT AIRY","City":"MOUNT AIRY","State":"LOUISIANA","PADD":3,"Source":"Form EIA-815, Monthly Terminal Blenders Report","Period":"January 2025","Longitude":-90.643028,"Latitude":30.055153}},{"type":"Feature","id":4994,"geometry":{"type":"Point","coordinates":[-10088185.1397,3513287.0473]},"properties":{"OBJECTID":4994,"Company":"MPLX TERMINALS LLC","Site":"GARYVILLE","City":"GARYVILLE","State":"LOUISIANA","PADD":3,"Source":"Form EIA-815, Monthly Terminal Blenders Report","Period":"January 2025","Longitude":-90.623709,"Latitude":30.075723}},{"type":"Feature","id":4995,"geometry":{"type":"Point","coordinates":[-10341373.6404,3835076.7727]},"properties":{"OBJECTID":4995,"Company":"SUNOCO LOGISTICS","Site":"ARCADIA","City":"ARCADIA","State":"LOUISIANA","PADD":3,"Source":"Form EIA-815, Monthly Terminal Blenders Report","Period":"January 2025","Longitude":-92.89814,"Latitude":32.54509}},{"type":"Feature","id":4996,"geometry":{"type":"Point","coordinates":[-7670688.7012,5536085.2773]},"properties":{"OBJECTID":4996,"Company":"SPRAGUE OPERATING RESOURCES LLC","Site":"SEARSPORT","City":"SEARSPORT","State":"MAINE","PADD":1,"Source":"Form EIA-815, Monthly Terminal Blenders Report","Period":"January 2025","Longitude":-68.906969,"Latitude":44.454735}},{"type":"Feature","id":4997,"geometry":{"type":"Point","coordinates":[-7669921.1533,5537242.5181]},"properties":{"OBJECTID":4997,"Company":"IRVING OIL TERMINALS INC","Site":"SEARSPORT MARINE","City":"SEARSPORT","State":"MAINE","PADD":1,"Source":"Form EIA-815, Monthly Terminal Blenders Report","Period":"January 2025","Longitude":-68.900074,"Latitude":44.462155}},{"type":"Feature","id":4998,"geometry":{"type":"Point","coordinates":[-7824156.4229,5409611.2212]},"properties":{"OBJECTID":4998,"Company":"SPRAGUE OPERATING RESOURCES LLC","Site":"SOUTH PORTLAND","City":"SOUTH PORTLAND","State":"MAINE","PADD":1,"Source":"Form EIA-815, Monthly Terminal Blenders Report","Period":"January 2025","Longitude":-70.285593,"Latitude":43.638127}},{"type":"Feature","id":4999,"geometry":{"type":"Point","coordinates":[-7657075.218,5586768.6426]},"properties":{"OBJECTID":4999,"Company":"COLD BROOK ENERGY INC","Site":"HAMPDEN","City":"HAMPDEN","State":"MAINE","PADD":1,"Source":"Form EIA-815, Monthly Terminal Blenders Report","Period":"January 2025","Longitude":-68.784677,"Latitude":44.778823}},{"type":"Feature","id":5000,"geometry":{"type":"Point","coordinates":[-7824208.0751,5409426.6424]},"properties":{"OBJECTID":5000,"Company":"SOUTH PORTLAND TERMINAL LLC","Site":"SOUTH PORTLAND","City":"SOUTH PORTLAND","State":"MAINE","PADD":1,"Source":"Form EIA-815, Monthly Terminal Blenders Report","Period":"January 2025","Longitude":-70.286057,"Latitude":43.636927}},{"type":"Feature","id":5001,"geometry":{"type":"Point","coordinates":[-7656587.9726,5587110.0577]},"properties":{"OBJECTID":5001,"Company":"BUCKEYE TERMINALS LLC","Site":"BANGOR - BAN1","City":"BANGOR","State":"MAINE","PADD":1,"Source":"Form EIA-815, Monthly Terminal Blenders Report","Period":"January 2025","Longitude":-68.7803,"Latitude":44.781}},{"type":"Feature","id":5002,"geometry":{"type":"Point","coordinates":[-7822291.1535,5409554.6167]},"properties":{"OBJECTID":5002,"Company":"CITGO PETRO CORP","Site":"SOUTH PORTLAND","City":"SOUTH PORTLAND","State":"MAINE","PADD":1,"Source":"Form EIA-815, Monthly Terminal Blenders Report","Period":"January 2025","Longitude":-70.268837,"Latitude":43.637759}},{"type":"Feature","id":5003,"geometry":{"type":"Point","coordinates":[-7658307.9701,5554568.9632]},"properties":{"OBJECTID":5003,"Company":"WEBBER TANKS INC","Site":"WEBBER TANKS INC","City":"BUCKSPORT","State":"MAINE","PADD":1,"Source":"Form EIA-815, Monthly Terminal Blenders Report","Period":"January 2025","Longitude":-68.795751,"Latitude":44.573136}},{"type":"Feature","id":5004,"geometry":{"type":"Point","coordinates":[-7819252.688,5411379.3655]},"properties":{"OBJECTID":5004,"Company":"SUNOCO MIDSTREAM LLC","Site":"SUNOCO SOUTH PORTLAND","City":"SOUTH PORTLAND","State":"MAINE","PADD":1,"Source":"Form EIA-815, Monthly Terminal Blenders Report","Period":"January 2025","Longitude":-70.241542,"Latitude":43.649621}},{"type":"Feature","id":5005,"geometry":{"type":"Point","coordinates":[-7823836.9359,5409017.5058]},"properties":{"OBJECTID":5005,"Company":"GLOBAL CO LLC","Site":"SOUTH PORTLAND","City":"PORTLAND","State":"MAINE","PADD":1,"Source":"Form EIA-815, Monthly Terminal Blenders Report","Period":"January 2025","Longitude":-70.282723,"Latitude":43.634267}},{"type":"Feature","id":5006,"geometry":{"type":"Point","coordinates":[-8522317.4261,4765520.7383]},"properties":{"OBJECTID":5006,"Company":"PETROLEUM FUEL AND TERMINAL COMPANY","Site":"BALTIMORE NORTH","City":"BALTIMORE","State":"MARYLAND","PADD":1,"Source":"Form EIA-815, Monthly Terminal Blenders Report","Period":"January 2025","Longitude":-76.55728,"Latitude":39.305458}},{"type":"Feature","id":5007,"geometry":{"type":"Point","coordinates":[-8525389.1761,4751716.6126]},"properties":{"OBJECTID":5007,"Company":"KINDER MORGAN LIQ TERMLS LLC","Site":"CURTIS BAY","City":"CURTIS BAY","State":"MARYLAND","PADD":1,"Source":"Form EIA-815, Monthly Terminal Blenders Report","Period":"January 2025","Longitude":-76.584874,"Latitude":39.20944}},{"type":"Feature","id":5008,"geometry":{"type":"Point","coordinates":[-8418086.6492,4630398.6507]},"properties":{"OBJECTID":5008,"Company":"PETROLEUM FUEL & TERMINAL CO","Site":"SALISBURY","City":"SALISBURY","State":"MARYLAND","PADD":1,"Source":"Form EIA-815, Monthly Terminal Blenders Report","Period":"January 2025","Longitude":-75.620959,"Latitude":38.359939}},{"type":"Feature","id":5009,"geometry":{"type":"Point","coordinates":[-8523454.5547,4755265.5404]},"properties":{"OBJECTID":5009,"Company":"GLOBAL CO LLC","Site":"BALTIMORE BLENDING TERMINAL","City":"BALTIMORE","State":"MARYLAND","PADD":1,"Source":"Form EIA-815, Monthly Terminal Blenders Report","Period":"January 2025","Longitude":-76.567495,"Latitude":39.234138}},{"type":"Feature","id":5010,"geometry":{"type":"Point","coordinates":[-8525444.168,4751845.3396]},"properties":{"OBJECTID":5010,"Company":"BUCKEYE TERMINALS LLC","Site":"BALTIMORE","City":"BALTIMORE","State":"MARYLAND","PADD":1,"Source":"Form EIA-815, Monthly Terminal Blenders Report","Period":"January 2025","Longitude":-76.585368,"Latitude":39.210336}},{"type":"Feature","id":5011,"geometry":{"type":"Point","coordinates":[-8417525.1537,4630906.3338]},"properties":{"OBJECTID":5011,"Company":"ENERGY TRANSFER","Site":"SALISBURY","City":"SALISBURY","State":"MARYLAND","PADD":1,"Source":"Form EIA-815, Monthly Terminal Blenders Report","Period":"January 2025","Longitude":-75.615915,"Latitude":38.363515}},{"type":"Feature","id":5012,"geometry":{"type":"Point","coordinates":[-8524814.4336,4756284.5539]},"properties":{"OBJECTID":5012,"Company":"SUNOCO LLC","Site":"BALTIMORE","City":"BALTIMORE","State":"MARYLAND","PADD":1,"Source":"Form EIA-815, Monthly Terminal Blenders Report","Period":"January 2025","Longitude":-76.579711,"Latitude":39.241228}},{"type":"Feature","id":5013,"geometry":{"type":"Point","coordinates":[-8523608.1756,4754598.4225]},"properties":{"OBJECTID":5013,"Company":"CITGO PETRO CORP","Site":"BALTIMORE","City":"BALTIMORE","State":"MARYLAND","PADD":1,"Source":"Form EIA-815, Monthly Terminal Blenders Report","Period":"January 2025","Longitude":-76.568875,"Latitude":39.229496}},{"type":"Feature","id":5014,"geometry":{"type":"Point","coordinates":[-8524465.1131,4756293.3216]},"properties":{"OBJECTID":5014,"Company":"PETROLEUM FUEL & TERMINAL CO","Site":"BALTIMORE WEST","City":"BALTIMORE","State":"MARYLAND","PADD":1,"Source":"Form EIA-815, Monthly Terminal Blenders Report","Period":"January 2025","Longitude":-76.576573,"Latitude":39.241289}},{"type":"Feature","id":5015,"geometry":{"type":"Point","coordinates":[-8523638.8998,4760966.0097]},"properties":{"OBJECTID":5015,"Company":"PETROLEUM FUEL AND TERMINAL COMPANY","Site":"BALTIMORE SOUTH","City":"BALTIMORE","State":"MARYLAND","PADD":1,"Source":"Form EIA-815, Monthly Terminal Blenders Report","Period":"January 2025","Longitude":-76.569151,"Latitude":39.273791}},{"type":"Feature","id":5016,"geometry":{"type":"Point","coordinates":[-8523827.2524,4754765.7008]},"properties":{"OBJECTID":5016,"Company":"SUNOCO LOGISTICS","Site":"BALTIMORE","City":"BALTIMORE","State":"MARYLAND","PADD":1,"Source":"Form EIA-815, Monthly Terminal Blenders Report","Period":"January 2025","Longitude":-76.570843,"Latitude":39.23066}},{"type":"Feature","id":5017,"geometry":{"type":"Point","coordinates":[-8074646.2052,5183144.4931]},"properties":{"OBJECTID":5017,"Company":"MORASIS ENTERPRISES","Site":"SPRINGFIELD","City":"SPRINGFIELD","State":"MASSACHUSETTS","PADD":1,"Source":"Form EIA-815, Monthly Terminal Blenders Report","Period":"January 2025","Longitude":-72.535781,"Latitude":42.147797}},{"type":"Feature","id":5018,"geometry":{"type":"Point","coordinates":[-7901260.9776,5196232.4317]},"properties":{"OBJECTID":5018,"Company":"CITGO PETRO CORP","Site":"EAST BRAINTREE","City":"EAST BRAINTREE","State":"MASSACHUSETTS","PADD":1,"Source":"Form EIA-815, Monthly Terminal Blenders Report","Period":"January 2025","Longitude":-70.978235,"Latitude":42.234906}},{"type":"Feature","id":5019,"geometry":{"type":"Point","coordinates":[-7904719.0063,5220498.9161]},"properties":{"OBJECTID":5019,"Company":"IRVING OIL TERMINALS INC","Site":"REVERE MARINE TERMINAL","City":"REVERE","State":"MASSACHUSETTS","PADD":1,"Source":"Form EIA-815, Monthly Terminal Blenders Report","Period":"January 2025","Longitude":-71.009299,"Latitude":42.396098}},{"type":"Feature","id":5020,"geometry":{"type":"Point","coordinates":[-8078179.1519,5179801.6658]},"properties":{"OBJECTID":5020,"Company":"SPRAGUE OPERATING RESOURCES LLC","Site":"SPRINGFIELD ST JAMES","City":"SPRINGFIELD","State":"MASSACHUSETTS","PADD":1,"Source":"Form EIA-815, Monthly Terminal Blenders Report","Period":"January 2025","Longitude":-72.567518,"Latitude":42.125529}},{"type":"Feature","id":5021,"geometry":{"type":"Point","coordinates":[-8079827.237,5178399.0133]},"properties":{"OBJECTID":5021,"Company":"SPRAGUE OPERATING RESOURCES LLC","Site":"SPRINGFIELD ARMORY","City":"SPRINGFIELD","State":"MASSACHUSETTS","PADD":1,"Source":"Form EIA-815, Monthly Terminal Blenders Report","Period":"January 2025","Longitude":-72.582323,"Latitude":42.116183}},{"type":"Feature","id":5022,"geometry":{"type":"Point","coordinates":[-7900451.6849,5197801.9298]},"properties":{"OBJECTID":5022,"Company":"SPRAGUE OPERATING RESOURCES LLC","Site":"QUINCY TRT","City":"QUINCY","State":"MASSACHUSETTS","PADD":1,"Source":"Form EIA-815, Monthly Terminal Blenders Report","Period":"January 2025","Longitude":-70.970965,"Latitude":42.245344}},{"type":"Feature","id":5023,"geometry":{"type":"Point","coordinates":[-7901937.4662,5198751.1526]},"properties":{"OBJECTID":5023,"Company":"SPRAGUE OPERATING RESOURCES LLC","Site":"QUINCY","City":"QUINCY","State":"MASSACHUSETTS","PADD":1,"Source":"Form EIA-815, Monthly Terminal Blenders Report","Period":"January 2025","Longitude":-70.984312,"Latitude":42.251656}},{"type":"Feature","id":5024,"geometry":{"type":"Point","coordinates":[-7802405.2623,5052389.9879]},"properties":{"OBJECTID":5024,"Company":"HARBOR FUEL OIL CORP","Site":"NANTUCKET","City":"NANTUCKET","State":"MASSACHUSETTS","PADD":1,"Source":"Form EIA-815, Monthly Terminal Blenders Report","Period":"January 2025","Longitude":-70.090199,"Latitude":41.270955}},{"type":"Feature","id":5025,"geometry":{"type":"Point","coordinates":[-7906190.8726,5218696.1222]},"properties":{"OBJECTID":5025,"Company":"SUNOCO LOGISTICS","Site":"EAST BOSTON","City":"EAST BOSTON","State":"MASSACHUSETTS","PADD":1,"Source":"Form EIA-815, Monthly Terminal Blenders Report","Period":"January 2025","Longitude":-71.022521,"Latitude":42.384137}},{"type":"Feature","id":5026,"geometry":{"type":"Point","coordinates":[-7906074.2097,5220267.5376]},"properties":{"OBJECTID":5026,"Company":"GLOBAL CO LLC","Site":"CHELSEA","City":"CHELSEA","State":"MASSACHUSETTS","PADD":1,"Source":"Form EIA-815, Monthly Terminal Blenders Report","Period":"January 2025","Longitude":-71.021473,"Latitude":42.394563}},{"type":"Feature","id":5027,"geometry":{"type":"Point","coordinates":[-7908714.0402,5219131.83]},"properties":{"OBJECTID":5027,"Company":"GLOBAL CO LLC","Site":"CHELSEA","City":"CHELSEA","State":"MASSACHUSETTS","PADD":1,"Source":"Form EIA-815, Monthly Terminal Blenders Report","Period":"January 2025","Longitude":-71.045187,"Latitude":42.387028}},{"type":"Feature","id":5028,"geometry":{"type":"Point","coordinates":[-8075635.5015,5183040.894]},"properties":{"OBJECTID":5028,"Company":"INLAND MA TERMINAL LLC","Site":"SPRINGFIELD","City":"SPRINGFIELD","State":"MASSACHUSETTS","PADD":1,"Source":"Form EIA-815, Monthly Terminal Blenders Report","Period":"January 2025","Longitude":-72.544668,"Latitude":42.147107}},{"type":"Feature","id":5029,"geometry":{"type":"Point","coordinates":[-7847876.6026,5126686.4949]},"properties":{"OBJECTID":5029,"Company":"GLOBAL CO LLC","Site":"SANDWICH","City":"SANDWICH","State":"MASSACHUSETTS","PADD":1,"Source":"Form EIA-815, Monthly Terminal Blenders Report","Period":"January 2025","Longitude":-70.498675,"Latitude":41.770656}},{"type":"Feature","id":5030,"geometry":{"type":"Point","coordinates":[-8079314.2767,5178628.022]},"properties":{"OBJECTID":5030,"Company":"BUCKEYE TERMINALS LLC","Site":"SPRINGFIELD","City":"SPRINGFIELD","State":"MASSACHUSETTS","PADD":1,"Source":"Form EIA-815, Monthly Terminal Blenders Report","Period":"January 2025","Longitude":-72.577715,"Latitude":42.117709}},{"type":"Feature","id":5031,"geometry":{"type":"Point","coordinates":[-8075471.3053,5183120.3199]},"properties":{"OBJECTID":5031,"Company":"INLAND MA TERMINAL LLC","Site":"SPRINGFIELD ULSD","City":"SPRINGFIELD","State":"MASSACHUSETTS","PADD":1,"Source":"Form EIA-815, Monthly Terminal Blenders Report","Period":"January 2025","Longitude":-72.543193,"Latitude":42.147636}},{"type":"Feature","id":5032,"geometry":{"type":"Point","coordinates":[-8079145.2938,5178796.8557]},"properties":{"OBJECTID":5032,"Company":"SURNER HEATING CO INC","Site":"ALBANY ST TERMINAL LLC","City":"SPRINGFIELD","State":"MASSACHUSETTS","PADD":1,"Source":"Form EIA-815, Monthly Terminal Blenders Report","Period":"January 2025","Longitude":-72.576197,"Latitude":42.118834}},{"type":"Feature","id":5033,"geometry":{"type":"Point","coordinates":[-9398069.3073,5207522.2726]},"properties":{"OBJECTID":5033,"Company":"MPLX TERMINALS LLC","Site":"JACKSON","City":"JACKSON","State":"MICHIGAN","PADD":2,"Source":"Form EIA-815, Monthly Terminal Blenders Report","Period":"January 2025","Longitude":-84.424293,"Latitude":42.309951}},{"type":"Feature","id":5034,"geometry":{"type":"Point","coordinates":[-9372704.7161,5311615.6819]},"properties":{"OBJECTID":5034,"Company":"SUNOCO LOGISTICS","Site":"OWOSSO","City":"OWOSSO","State":"MICHIGAN","PADD":2,"Source":"Form EIA-815, Monthly Terminal Blenders Report","Period":"January 2025","Longitude":-84.196439,"Latitude":42.99766}},{"type":"Feature","id":5035,"geometry":{"type":"Point","coordinates":[-9593969.0133,5359310.7909]},"properties":{"OBJECTID":5035,"Company":"MPLX TERMINALS LLC","Site":"NORTH MUSKEGON","City":"NORTH MUSKEGON","State":"MICHIGAN","PADD":2,"Source":"Form EIA-815, Monthly Terminal Blenders Report","Period":"January 2025","Longitude":-86.18409,"Latitude":43.310223}},{"type":"Feature","id":5036,"geometry":{"type":"Point","coordinates":[-9273879.9476,5197846.291]},"properties":{"OBJECTID":5036,"Company":"MPLX TERMINALS LLC","Site":"ROMULUS","City":"ROMULUS","State":"MICHIGAN","PADD":2,"Source":"Form EIA-815, Monthly Terminal Blenders Report","Period":"January 2025","Longitude":-83.308681,"Latitude":42.245639}},{"type":"Feature","id":5037,"geometry":{"type":"Point","coordinates":[-9335745.8659,5406841.0806]},"properties":{"OBJECTID":5037,"Company":"MPLX TERMINALS LLC","Site":"BAY CITY","City":"BAY CITY","State":"MICHIGAN","PADD":2,"Source":"Form EIA-815, Monthly Terminal Blenders Report","Period":"January 2025","Longitude":-83.864432,"Latitude":43.620115}},{"type":"Feature","id":5038,"geometry":{"type":"Point","coordinates":[-9314611.8606,5325941.3259]},"properties":{"OBJECTID":5038,"Company":"MPLX TERMINALS LLC","Site":"FLINT","City":"MOUNT MORRIS","State":"MICHIGAN","PADD":2,"Source":"Form EIA-815, Monthly Terminal Blenders Report","Period":"January 2025","Longitude":-83.674582,"Latitude":43.091709}},{"type":"Feature","id":5039,"geometry":{"type":"Point","coordinates":[-9264916.5022,5180592.9817]},"properties":{"OBJECTID":5039,"Company":"MARATHON PIPELINE LLC","Site":"WOODHAVEN","City":"WOODHAVEN","State":"MICHIGAN","PADD":2,"Source":"Form EIA-815, Monthly Terminal Blenders Report","Period":"January 2025","Longitude":-83.228161,"Latitude":42.130801}},{"type":"Feature","id":5040,"geometry":{"type":"Point","coordinates":[-9255394.1216,5204439.7574]},"properties":{"OBJECTID":5040,"Company":"MARATHON PETROLEUM CO LLC","Site":"DETROIT - ASPHALT","City":"DETROIT","State":"MICHIGAN","PADD":2,"Source":"Form EIA-815, Monthly Terminal Blenders Report","Period":"January 2025","Longitude":-83.14262,"Latitude":42.28947}},{"type":"Feature","id":5041,"geometry":{"type":"Point","coordinates":[-9253080.9026,5202338.0633]},"properties":{"OBJECTID":5041,"Company":"BUCKEYE TERMINALS LLC","Site":"RIVER ROUGE","City":"RIVER ROUGE","State":"MICHIGAN","PADD":2,"Source":"Form EIA-815, Monthly Terminal Blenders Report","Period":"January 2025","Longitude":-83.12184,"Latitude":42.275502}},{"type":"Feature","id":5042,"geometry":{"type":"Point","coordinates":[-9601828.392,5129398.4563]},"properties":{"OBJECTID":5042,"Company":"CITGO PETRO CORP","Site":"NILES","City":"NILES","State":"MICHIGAN","PADD":2,"Source":"Form EIA-815, Monthly Terminal Blenders Report","Period":"January 2025","Longitude":-86.254692,"Latitude":41.788823}},{"type":"Feature","id":5043,"geometry":{"type":"Point","coordinates":[-9398034.687,5207521.2189]},"properties":{"OBJECTID":5043,"Company":"CITGO PETRO CORP","Site":"JACKSON","City":"JACKSON","State":"MICHIGAN","PADD":2,"Source":"Form EIA-815, Monthly Terminal Blenders Report","Period":"January 2025","Longitude":-84.423982,"Latitude":42.309944}},{"type":"Feature","id":5044,"geometry":{"type":"Point","coordinates":[-9182755.8162,5294738.0472]},"properties":{"OBJECTID":5044,"Company":"MARYSVILLE HYDROCARBONS","Site":"MARYSVILLE TERMINAL","City":"MARYSVILLE","State":"MICHIGAN","PADD":2,"Source":"Form EIA-815, Monthly Terminal Blenders Report","Period":"January 2025","Longitude":-82.490099,"Latitude":42.886672}},{"type":"Feature","id":5045,"geometry":{"type":"Point","coordinates":[-9328857.5271,5687178.0766]},"properties":{"OBJECTID":5045,"Company":"US VENTURE INC","Site":"ROGERS CITY","City":"ROGERS CITY","State":"MICHIGAN","PADD":2,"Source":"Form EIA-815, Monthly Terminal Blenders Report","Period":"January 2025","Longitude":-83.802553,"Latitude":45.415536}},{"type":"Feature","id":5046,"geometry":{"type":"Point","coordinates":[-9403063.7676,5724114.9948]},"properties":{"OBJECTID":5046,"Company":"US VENTURE INC","Site":"CHEBOYGAN US OIL","City":"CHEBOYGAN","State":"MICHIGAN","PADD":2,"Source":"Form EIA-815, Monthly Terminal Blenders Report","Period":"January 2025","Longitude":-84.469159,"Latitude":45.647973}},{"type":"Feature","id":5047,"geometry":{"type":"Point","coordinates":[-9601814.811,5130838.1219]},"properties":{"OBJECTID":5047,"Company":"MPLX TERMINALS LLC","Site":"NILES SOUTH","City":"NILES","State":"MICHIGAN","PADD":2,"Source":"Form EIA-815, Monthly Terminal Blenders Report","Period":"January 2025","Longitude":-86.25457,"Latitude":41.798465}},{"type":"Feature","id":5048,"geometry":{"type":"Point","coordinates":[-9256629.6566,5205091.2147]},"properties":{"OBJECTID":5048,"Company":"SUNOCO LOGISTICS","Site":"RIVER ROUGE","City":"DETROIT","State":"MICHIGAN","PADD":2,"Source":"Form EIA-815, Monthly Terminal Blenders Report","Period":"January 2025","Longitude":-83.153719,"Latitude":42.293799}},{"type":"Feature","id":5049,"geometry":{"type":"Point","coordinates":[-9378003.1899,5238124.439]},"properties":{"OBJECTID":5049,"Company":"WOLVERINE PIPELINE COMPANY","Site":"STOCKBRIDGE STATION","City":"DANSVILLE","State":"MICHIGAN","PADD":2,"Source":"Form EIA-815, Monthly Terminal Blenders Report","Period":"January 2025","Longitude":-84.244036,"Latitude":42.512918}},{"type":"Feature","id":5050,"geometry":{"type":"Point","coordinates":[-9255581.8063,5205242.0089]},"properties":{"OBJECTID":5050,"Company":"WATERFRONT PETROLEUM TERMINAL","Site":"DEARBORN","City":"DEARBORN","State":"MICHIGAN","PADD":2,"Source":"Form EIA-815, Monthly Terminal Blenders Report","Period":"January 2025","Longitude":-83.144306,"Latitude":42.294801}},{"type":"Feature","id":5051,"geometry":{"type":"Point","coordinates":[-9503409.4943,5290105.6229]},"properties":{"OBJECTID":5051,"Company":"CRESTWOOD SERVICES LLC","Site":"ALTO","City":"ALTO","State":"MICHIGAN","PADD":2,"Source":"Form EIA-815, Monthly Terminal Blenders Report","Period":"January 2025","Longitude":-85.37058,"Latitude":42.856174}},{"type":"Feature","id":5052,"geometry":{"type":"Point","coordinates":[-9270467.3373,5199281.8986]},"properties":{"OBJECTID":5052,"Company":"BUCKEYE PIPE LINE HOLDINGS LP","Site":"TAYLOR","City":"TAYLOR","State":"MICHIGAN","PADD":2,"Source":"Form EIA-815, Monthly Terminal Blenders Report","Period":"January 2025","Longitude":-83.278025,"Latitude":42.255185}},{"type":"Feature","id":5053,"geometry":{"type":"Point","coordinates":[-9601832.1768,5129155.0993]},"properties":{"OBJECTID":5053,"Company":"BUCKEYE TERMINALS LLC","Site":"NILES","City":"NILES","State":"MICHIGAN","PADD":2,"Source":"Form EIA-815, Monthly Terminal Blenders Report","Period":"January 2025","Longitude":-86.254726,"Latitude":41.787193}},{"type":"Feature","id":5054,"geometry":{"type":"Point","coordinates":[-9252989.398,5202304.062]},"properties":{"OBJECTID":5054,"Company":"SHELL OIL PRODUCTS US","Site":"RIVER ROUGE LUBRICANT PLANT","City":"RIVER ROUGE","State":"MICHIGAN","PADD":2,"Source":"Form EIA-815, Monthly Terminal Blenders Report","Period":"January 2025","Longitude":-83.121018,"Latitude":42.275276}},{"type":"Feature","id":5055,"geometry":{"type":"Point","coordinates":[-9587591.4083,5277513.587]},"properties":{"OBJECTID":5055,"Company":"HOLLAND TERMINAL INC","Site":"HOLLAND TERMINAL INC","City":"HOLLAND","State":"MICHIGAN","PADD":2,"Source":"Form EIA-815, Monthly Terminal Blenders Report","Period":"January 2025","Longitude":-86.126799,"Latitude":42.773197}},{"type":"Feature","id":5056,"geometry":{"type":"Point","coordinates":[-9184267.3122,5283288.2835]},"properties":{"OBJECTID":5056,"Company":"PLAINS LPG SERVICES LP","Site":"ST CLAIR","City":"SAINT CLAIR","State":"MICHIGAN","PADD":2,"Source":"Form EIA-815, Monthly Terminal Blenders Report","Period":"January 2025","Longitude":-82.503677,"Latitude":42.811264}},{"type":"Feature","id":5057,"geometry":{"type":"Point","coordinates":[-9273823.0633,5197701.3286]},"properties":{"OBJECTID":5057,"Company":"BUCKEYE TERMINALS LLC","Site":"DEARBORN","City":"TAYLOR","State":"MICHIGAN","PADD":2,"Source":"Form EIA-815, Monthly Terminal Blenders Report","Period":"January 2025","Longitude":-83.30817,"Latitude":42.244675}},{"type":"Feature","id":5058,"geometry":{"type":"Point","coordinates":[-9597900.8177,5324345.5897]},"properties":{"OBJECTID":5058,"Company":"CITGO PETRO CORP","Site":"FERRYSBURG","City":"FERRYSBURG","State":"MICHIGAN","PADD":2,"Source":"Form EIA-815, Monthly Terminal Blenders Report","Period":"January 2025","Longitude":-86.21941,"Latitude":43.08124}},{"type":"Feature","id":5059,"geometry":{"type":"Point","coordinates":[-9249643.5794,5206676.6296]},"properties":{"OBJECTID":5059,"Company":"WATERFRONT PETROLEUM","Site":"JEFFERSON ASPHALT TERMINAL","City":"DETROIT","State":"MICHIGAN","PADD":2,"Source":"Form EIA-815, Monthly Terminal Blenders Report","Period":"January 2025","Longitude":-83.090962,"Latitude":42.304333}},{"type":"Feature","id":5060,"geometry":{"type":"Point","coordinates":[-9379856.7707,5186071.1075]},"properties":{"OBJECTID":5060,"Company":"BUCKEYE TERMINALS LLC","Site":"NAPOLEON","City":"JACKSON","State":"MICHIGAN","PADD":2,"Source":"Form EIA-815, Monthly Terminal Blenders Report","Period":"January 2025","Longitude":-84.260687,"Latitude":42.167286}},{"type":"Feature","id":5061,"geometry":{"type":"Point","coordinates":[-9265414.8795,5181957.0753]},"properties":{"OBJECTID":5061,"Company":"BUCKEYE TERMINALS LLC","Site":"WOODHAVEN","City":"WOODHAVEN","State":"MICHIGAN","PADD":2,"Source":"Form EIA-815, Monthly Terminal Blenders Report","Period":"January 2025","Longitude":-83.232638,"Latitude":42.139888}},{"type":"Feature","id":5062,"geometry":{"type":"Point","coordinates":[-9270112.3394,5199301.7514]},"properties":{"OBJECTID":5062,"Company":"BUCKEYE TERMINALS LLC","Site":"TAYLOR EAST","City":"TAYLOR","State":"MICHIGAN","PADD":2,"Source":"Form EIA-815, Monthly Terminal Blenders Report","Period":"January 2025","Longitude":-83.274836,"Latitude":42.255317}},{"type":"Feature","id":5063,"geometry":{"type":"Point","coordinates":[-9601814.3657,5130868.4345]},"properties":{"OBJECTID":5063,"Company":"BUCKEYE TERMINALS LLC","Site":"NILES WEST","City":"NILES","State":"MICHIGAN","PADD":2,"Source":"Form EIA-815, Monthly Terminal Blenders Report","Period":"January 2025","Longitude":-86.254566,"Latitude":41.798668}},{"type":"Feature","id":5064,"geometry":{"type":"Point","coordinates":[-9254479.0754,5202006.782]},"properties":{"OBJECTID":5064,"Company":"MIDWEST MARINE INC","Site":"RIVER ROUGE","City":"RIVER ROUGE","State":"MICHIGAN","PADD":2,"Source":"Form EIA-815, Monthly Terminal Blenders Report","Period":"January 2025","Longitude":-83.1344,"Latitude":42.2733}},{"type":"Feature","id":5065,"geometry":{"type":"Point","coordinates":[-9314539.7255,5321588.8658]},"properties":{"OBJECTID":5065,"Company":"BUCKEYE TERMINALS LLC","Site":"FLINT","City":"FLINT","State":"MICHIGAN","PADD":2,"Source":"Form EIA-815, Monthly Terminal Blenders Report","Period":"January 2025","Longitude":-83.673934,"Latitude":43.06315}},{"type":"Feature","id":5066,"geometry":{"type":"Point","coordinates":[-9289470.4649,5232373.7462]},"properties":{"OBJECTID":5066,"Company":"US ENERGY DISTRIBUTION LLC","Site":"US ENERGY DISTRIBUTION LLC","City":"NOVI","State":"MICHIGAN","PADD":2,"Source":"Form EIA-815, Monthly Terminal Blenders Report","Period":"January 2025","Longitude":-83.448733,"Latitude":42.474827}},{"type":"Feature","id":5067,"geometry":{"type":"Point","coordinates":[-9255258.9798,5203429.3273]},"properties":{"OBJECTID":5067,"Company":"BUCKEYE TERMINALS LLC","Site":"DETROIT","City":"DETROIT","State":"MICHIGAN","PADD":2,"Source":"Form EIA-815, Monthly Terminal Blenders Report","Period":"January 2025","Longitude":-83.141406,"Latitude":42.282755}},{"type":"Feature","id":5068,"geometry":{"type":"Point","coordinates":[-9275616.4203,5196852.0502]},"properties":{"OBJECTID":5068,"Company":"SUNOCO LOGISTICS","Site":"ROMULUS","City":"ROMULUS","State":"MICHIGAN","PADD":2,"Source":"Form EIA-815, Monthly Terminal Blenders Report","Period":"January 2025","Longitude":-83.32428,"Latitude":42.239027}},{"type":"Feature","id":5069,"geometry":{"type":"Point","coordinates":[-9273858.3516,5198974.0353]},"properties":{"OBJECTID":5069,"Company":"SUNOCO LOGISTICS","Site":"INKSTER","City":"INKSTER","State":"MICHIGAN","PADD":2,"Source":"Form EIA-815, Monthly Terminal Blenders Report","Period":"January 2025","Longitude":-83.308487,"Latitude":42.253138}},{"type":"Feature","id":5070,"geometry":{"type":"Point","coordinates":[-9458125.5047,5198477.1435]},"properties":{"OBJECTID":5070,"Company":"BUCKEYE TERMINALS LLC","Site":"MARSHALL","City":"MARSHALL","State":"MICHIGAN","PADD":2,"Source":"Form EIA-815, Monthly Terminal Blenders Report","Period":"January 2025","Longitude":-84.963787,"Latitude":42.249834}},{"type":"Feature","id":5071,"geometry":{"type":"Point","coordinates":[-9256221.1141,5202530.3381]},"properties":{"OBJECTID":5071,"Company":"MPLX TERMINALS LLC","Site":"DETROIT","City":"DETROIT","State":"MICHIGAN","PADD":2,"Source":"Form EIA-815, Monthly Terminal Blenders Report","Period":"January 2025","Longitude":-83.150049,"Latitude":42.27678}},{"type":"Feature","id":5072,"geometry":{"type":"Point","coordinates":[-9423050.7369,5278674.7034]},"properties":{"OBJECTID":5072,"Company":"MPLX TERMINALS LLC","Site":"LANSING","City":"LANSING","State":"MICHIGAN","PADD":2,"Source":"Form EIA-815, Monthly Terminal Blenders Report","Period":"January 2025","Longitude":-84.648705,"Latitude":42.780853}},{"type":"Feature","id":5073,"geometry":{"type":"Point","coordinates":[-9599060.7668,5324855.1165]},"properties":{"OBJECTID":5073,"Company":"BUCKEYE TERMINALS LLC","Site":"FERRYSBURG","City":"SPRING LAKE","State":"MICHIGAN","PADD":2,"Source":"Form EIA-815, Monthly Terminal Blenders Report","Period":"January 2025","Longitude":-86.22983,"Latitude":43.084583}},{"type":"Feature","id":5074,"geometry":{"type":"Point","coordinates":[-10357154.9594,5584590.1305]},"properties":{"OBJECTID":5074,"Company":"FLINT HILLS RESOURCES LP","Site":"UMORE","City":"ROSEMOUNT","State":"MINNESOTA","PADD":2,"Source":"Form EIA-815, Monthly Terminal Blenders Report","Period":"January 2025","Longitude":-93.039906,"Latitude":44.76493}},{"type":"Feature","id":5075,"geometry":{"type":"Point","coordinates":[-10357858.2759,5610564.1191]},"properties":{"OBJECTID":5075,"Company":"FLINT HILL RESOURCES LP","Site":"ST PAUL","City":"SAINT PAUL","State":"MINNESOTA","PADD":2,"Source":"Form EIA-815, Monthly Terminal Blenders Report","Period":"January 2025","Longitude":-93.046224,"Latitude":44.930356}},{"type":"Feature","id":5076,"geometry":{"type":"Point","coordinates":[-10392010.6504,5586989.2985]},"properties":{"OBJECTID":5076,"Company":"FLINT HILL RESOURCES LP","Site":"SAVAGE","City":"SAVAGE","State":"MINNESOTA","PADD":2,"Source":"Form EIA-815, Monthly Terminal Blenders Report","Period":"January 2025","Longitude":-93.35302,"Latitude":44.78023}},{"type":"Feature","id":5077,"geometry":{"type":"Point","coordinates":[-10618433.4928,5763176.7192]},"properties":{"OBJECTID":5077,"Company":"MAGELLAN PIPELINE CO LP","Site":"ALEXANDRIA","City":"ALEXANDRIA","State":"MINNESOTA","PADD":2,"Source":"Form EIA-815, Monthly Terminal Blenders Report","Period":"January 2025","Longitude":-95.387011,"Latitude":45.892736}},{"type":"Feature","id":5078,"geometry":{"type":"Point","coordinates":[-10663081.1802,5537100.7404]},"properties":{"OBJECTID":5078,"Company":"FLINT HILLS RESOURCES LP","Site":"MARSHALL","City":"MARSHALL","State":"MINNESOTA","PADD":2,"Source":"Form EIA-815, Monthly Terminal Blenders Report","Period":"January 2025","Longitude":-95.788088,"Latitude":44.461246}},{"type":"Feature","id":5079,"geometry":{"type":"Point","coordinates":[-10298103.6431,5420747.0675]},"properties":{"OBJECTID":5079,"Company":"KINDER MORGAN LIQ TERMLS LLC","Site":"SPRING VALLEY","City":"SPRING VALLEY","State":"MINNESOTA","PADD":2,"Source":"Form EIA-815, Monthly Terminal Blenders Report","Period":"January 2025","Longitude":-92.509439,"Latitude":43.71048}},{"type":"Feature","id":5080,"geometry":{"type":"Point","coordinates":[-10275012.8637,5893786.7906]},"properties":{"OBJECTID":5080,"Company":"HUSKY ENERGY","Site":"DULUTH","City":"ESKO","State":"MINNESOTA","PADD":2,"Source":"Form EIA-815, Monthly Terminal Blenders Report","Period":"January 2025","Longitude":-92.302011,"Latitude":46.703349}},{"type":"Feature","id":5081,"geometry":{"type":"Point","coordinates":[-10754714.153,6072520.5412]},"properties":{"OBJECTID":5081,"Company":"HUSKY ENERGY","Site":"CROOKSTON","City":"CROOKSTON","State":"MINNESOTA","PADD":2,"Source":"Form EIA-815, Monthly Terminal Blenders Report","Period":"January 2025","Longitude":-96.611241,"Latitude":47.793207}},{"type":"Feature","id":5082,"geometry":{"type":"Point","coordinates":[-10357860.1683,5610533.4577]},"properties":{"OBJECTID":5082,"Company":"BWC TERMINALS LLC","Site":"ST PAUL TERMINAL","City":"ST PAUL","State":"MINNESOTA","PADD":2,"Source":"Form EIA-815, Monthly Terminal Blenders Report","Period":"January 2025","Longitude":-93.046241,"Latitude":44.930161}},{"type":"Feature","id":5083,"geometry":{"type":"Point","coordinates":[-10386717.4086,5628438.4434]},"properties":{"OBJECTID":5083,"Company":"OWENS CORNING","Site":"ROOFING & ASPHALT DIV OF OWENS CORNI","City":"MINNEAPOLIS","State":"MINNESOTA","PADD":2,"Source":"Form EIA-815, Monthly Terminal Blenders Report","Period":"January 2025","Longitude":-93.30547,"Latitude":45.04392}},{"type":"Feature","id":5084,"geometry":{"type":"Point","coordinates":[-10707053.4923,6061284.3806]},"properties":{"OBJECTID":5084,"Company":"HESS CORP","Site":"SOLAR GAS INC","City":"MENTOR","State":"MINNESOTA","PADD":2,"Source":"Form EIA-815, Monthly Terminal Blenders Report","Period":"January 2025","Longitude":-96.183098,"Latitude":47.725353}},{"type":"Feature","id":5085,"geometry":{"type":"Point","coordinates":[-10232234.8985,5588869.8751]},"properties":{"OBJECTID":5085,"Company":"ENTERPRISE TERMINALS & STORAGE LLC","Site":"PINE BEND TERMINAL","City":"INVER GROVE HEIGHTS","State":"MINNESOTA","PADD":2,"Source":"Form EIA-815, Monthly Terminal Blenders Report","Period":"January 2025","Longitude":-91.91773,"Latitude":44.79222}},{"type":"Feature","id":5086,"geometry":{"type":"Point","coordinates":[-10471721.8624,5489495.4271]},"properties":{"OBJECTID":5086,"Company":"MAGELLAN PIPELINE CO LP","Site":"MANKATO","City":"MANKATO","State":"MINNESOTA","PADD":2,"Source":"Form EIA-815, Monthly Terminal Blenders Report","Period":"January 2025","Longitude":-94.069078,"Latitude":44.155226999999996}},{"type":"Feature","id":5087,"geometry":{"type":"Point","coordinates":[-10483204.4678,5467627.5459]},"properties":{"OBJECTID":5087,"Company":"ENTERPRISE TERMINALS & STORAGE LLC","Site":"MANKATO TERMINAL","City":"VERNON CENTER","State":"MINNESOTA","PADD":2,"Source":"Form EIA-815, Monthly Terminal Blenders Report","Period":"January 2025","Longitude":-94.172228,"Latitude":44.01412}},{"type":"Feature","id":5088,"geometry":{"type":"Point","coordinates":[-10574724.8966,5404189.6776]},"properties":{"OBJECTID":5088,"Company":"ENTERPRISE PRODUCTS OPERATING LLC","Site":"JACKSON NGL TERMINAL","City":"JACKSON","State":"MINNESOTA","PADD":2,"Source":"Form EIA-815, Monthly Terminal Blenders Report","Period":"January 2025","Longitude":-94.99437,"Latitude":43.60287}},{"type":"Feature","id":5089,"geometry":{"type":"Point","coordinates":[-10356785.8239,5588869.8751]},"properties":{"OBJECTID":5089,"Company":"ENTERPRISE PRODUCTS OPERATING LP","Site":"INVER GROVE HEIGHTS NGL TERMINAL","City":"INVER GROVE HEIGHTS","State":"MINNESOTA","PADD":2,"Source":"Form EIA-815, Monthly Terminal Blenders Report","Period":"January 2025","Longitude":-93.03659,"Latitude":44.79222}},{"type":"Feature","id":5090,"geometry":{"type":"Point","coordinates":[-10295936.6978,5470643.4887]},"properties":{"OBJECTID":5090,"Company":"TEXPAR ENERGY","Site":"ROCHESTER","City":"ROCHESTER","State":"MINNESOTA","PADD":2,"Source":"Form EIA-815, Monthly Terminal Blenders Report","Period":"January 2025","Longitude":-92.489973,"Latitude":44.033601}},{"type":"Feature","id":5091,"geometry":{"type":"Point","coordinates":[-10453879.797,5491167.1055]},"properties":{"OBJECTID":5091,"Company":"PKM COCHIN LLC","Site":"MANKATO MINNESOTA","City":"MANKATO","State":"MINNESOTA","PADD":2,"Source":"Form EIA-815, Monthly Terminal Blenders Report","Period":"January 2025","Longitude":-93.9088,"Latitude":44.166}},{"type":"Feature","id":5092,"geometry":{"type":"Point","coordinates":[-10769130.0271,5919838.1448]},"properties":{"OBJECTID":5092,"Company":"NUSTAR ENERGY LP","Site":"MOORHEAD","City":"MOORHEAD","State":"MINNESOTA","PADD":2,"Source":"Form EIA-815, Monthly Terminal Blenders Report","Period":"January 2025","Longitude":-96.740741,"Latitude":46.863598}},{"type":"Feature","id":5093,"geometry":{"type":"Point","coordinates":[-10284933.5454,5882220.7165]},"properties":{"OBJECTID":5093,"Company":"MAGELLAN PIPELINE CO LP","Site":"WRENSHALL","City":"WRENSHALL","State":"MINNESOTA","PADD":2,"Source":"Form EIA-815, Monthly Terminal Blenders Report","Period":"January 2025","Longitude":-92.39113,"Latitude":46.63205}},{"type":"Feature","id":5094,"geometry":{"type":"Point","coordinates":[-10572026.4009,5738298.204]},"properties":{"OBJECTID":5094,"Company":"NUSTAR ENERGY LP","Site":"SAUK CENTRE TERMINAL","City":"SAUK CENTRE","State":"MINNESOTA","PADD":2,"Source":"Form EIA-815, Monthly Terminal Blenders Report","Period":"January 2025","Longitude":-94.970129,"Latitude":45.73697}},{"type":"Feature","id":5095,"geometry":{"type":"Point","coordinates":[-10374794.2006,5624749.6842]},"properties":{"OBJECTID":5095,"Company":"NUSTAR ENERGY LP","Site":"ROSEVILLE TERMINAL","City":"ROSEVILLE","State":"MINNESOTA","PADD":2,"Source":"Form EIA-815, Monthly Terminal Blenders Report","Period":"January 2025","Longitude":-93.198362,"Latitude":45.020502}},{"type":"Feature","id":5096,"geometry":{"type":"Point","coordinates":[-10363101.6466,5612682.8423]},"properties":{"OBJECTID":5096,"Company":"MAGELLAN PIPELINE CO LP","Site":"MINNEAPOLIS","City":"MINNEAPOLIS","State":"MINNESOTA","PADD":2,"Source":"Form EIA-815, Monthly Terminal Blenders Report","Period":"January 2025","Longitude":-93.093326,"Latitude":44.943829}},{"type":"Feature","id":5097,"geometry":{"type":"Point","coordinates":[-10269131.0758,5465985.6895]},"properties":{"OBJECTID":5097,"Company":"MAGELLAN PIPELINE CO LP","Site":"ROCHESTER","City":"ROCHESTER","State":"MINNESOTA","PADD":2,"Source":"Form EIA-815, Monthly Terminal Blenders Report","Period":"January 2025","Longitude":-92.249174,"Latitude":44.003512}},{"type":"Feature","id":5098,"geometry":{"type":"Point","coordinates":[-10662285.3572,5536270.8626]},"properties":{"OBJECTID":5098,"Company":"MAGELLAN PIPELINE CO LP","Site":"MARSHALL","City":"MARSHALL","State":"MINNESOTA","PADD":2,"Source":"Form EIA-815, Monthly Terminal Blenders Report","Period":"January 2025","Longitude":-95.780939,"Latitude":44.455925}},{"type":"Feature","id":5099,"geometry":{"type":"Point","coordinates":[-10367436.2049,5577265.9371]},"properties":{"OBJECTID":5099,"Company":"NGL SUPPLY WHOLESALE LLC","Site":"ROSEMOUNT","City":"ROSEMOUNT","State":"MINNESOTA","PADD":2,"Source":"Form EIA-815, Monthly Terminal Blenders Report","Period":"January 2025","Longitude":-93.132264,"Latitude":44.718197}},{"type":"Feature","id":5100,"geometry":{"type":"Point","coordinates":[-10354927.0111,5606020.597]},"properties":{"OBJECTID":5100,"Company":"TILLER CORP","Site":"ST PAUL TANK FARM","City":"SAINT PAUL","State":"MINNESOTA","PADD":2,"Source":"Form EIA-815, Monthly Terminal Blenders Report","Period":"January 2025","Longitude":-93.019892,"Latitude":44.901453}},{"type":"Feature","id":5101,"geometry":{"type":"Point","coordinates":[-10353888.6229,5602641.0434]},"properties":{"OBJECTID":5101,"Company":"NEWPORT TERMINAL CORPORATION","Site":"NEWPORT TERMINAL","City":"NEWPORT","State":"MINNESOTA","PADD":2,"Source":"Form EIA-815, Monthly Terminal Blenders Report","Period":"January 2025","Longitude":-93.010564,"Latitude":44.879945}},{"type":"Feature","id":5102,"geometry":{"type":"Point","coordinates":[-10364519.189,5590237.8126]},"properties":{"OBJECTID":5102,"Company":"FLINT HILLS RESOURCES","Site":"WESCOTT","City":"WESCOTT","State":"MINNESOTA","PADD":2,"Source":"Form EIA-815, Monthly Terminal Blenders Report","Period":"January 2025","Longitude":-93.10606,"Latitude":44.80094}},{"type":"Feature","id":5103,"geometry":{"type":"Point","coordinates":[-9878984.4244,3809732.9959]},"properties":{"OBJECTID":5103,"Company":"MAPLES GAS CO INC","Site":"MERIDIAN","City":"MERIDIAN","State":"MISSISSIPPI","PADD":3,"Source":"Form EIA-815, Monthly Terminal Blenders Report","Period":"January 2025","Longitude":-88.744427,"Latitude":32.352969}},{"type":"Feature","id":5104,"geometry":{"type":"Point","coordinates":[-10178404.2436,3702682.6441]},"properties":{"OBJECTID":5104,"Company":"LINCOLN TERMINAL COMPANY LLC","Site":"NATCHEZ","City":"NATCHEZ","State":"MISSISSIPPI","PADD":3,"Source":"Form EIA-815, Monthly Terminal Blenders Report","Period":"January 2025","Longitude":-91.434161,"Latitude":31.536967}},{"type":"Feature","id":5105,"geometry":{"type":"Point","coordinates":[-9965757.0769,3714323.3561]},"properties":{"OBJECTID":5105,"Company":"KINDER MORGAN SOUTHEAST TERMINAL","Site":"COLLINS","City":"COLLINS","State":"MISSISSIPPI","PADD":3,"Source":"Form EIA-815, Monthly Terminal Blenders Report","Period":"January 2025","Longitude":-89.523919,"Latitude":31.62605}},{"type":"Feature","id":5106,"geometry":{"type":"Point","coordinates":[-9965568.1677,3716692.1155]},"properties":{"OBJECTID":5106,"Company":"PBF T&M TERMINAL","Site":"T&M TERMINAL PIPELINE CO","City":"COLLINS","State":"MISSISSIPPI","PADD":3,"Source":"Form EIA-815, Monthly Terminal Blenders Report","Period":"January 2025","Longitude":-89.522222,"Latitude":31.644167}},{"type":"Feature","id":5107,"geometry":{"type":"Point","coordinates":[-10134281.4276,3948311.0836]},"properties":{"OBJECTID":5107,"Company":"DELTA TERMINAL INC","Site":"GREENVILLE","City":"GREENVILLE","State":"MISSISSIPPI","PADD":3,"Source":"Form EIA-815, Monthly Terminal Blenders Report","Period":"January 2025","Longitude":-91.037799,"Latitude":33.398445}},{"type":"Feature","id":5108,"geometry":{"type":"Point","coordinates":[-10117973.4562,3814826.4093]},"properties":{"OBJECTID":5108,"Company":"ERGON REFINING INC","Site":"VICKSBURG","City":"VICKSBURG","State":"MISSISSIPPI","PADD":3,"Source":"Form EIA-815, Monthly Terminal Blenders Report","Period":"January 2025","Longitude":-90.891302,"Latitude":32.391613}},{"type":"Feature","id":5109,"geometry":{"type":"Point","coordinates":[-9936481.6093,3682031.0432]},"properties":{"OBJECTID":5109,"Company":"ENTERPRISE PRODUCTS OPERATING LLC","Site":"PETAL NGL STORAGE","City":"PETAL","State":"MISSISSIPPI","PADD":3,"Source":"Form EIA-815, Monthly Terminal Blenders Report","Period":"January 2025","Longitude":-89.260933,"Latitude":31.378717}},{"type":"Feature","id":5110,"geometry":{"type":"Point","coordinates":[-9956057.1417,3632878.6235]},"properties":{"OBJECTID":5110,"Company":"HUNT SOUTHLAND REFINING CO","Site":"LUMBERTON TERMINAL","City":"LUMBERTON","State":"MISSISSIPPI","PADD":3,"Source":"Form EIA-815, Monthly Terminal Blenders Report","Period":"January 2025","Longitude":-89.436783,"Latitude":31.000997}},{"type":"Feature","id":5111,"geometry":{"type":"Point","coordinates":[-10118405.1532,3807310.6848]},"properties":{"OBJECTID":5111,"Company":"HUNT SOUTHLAND REFINING COMPANY","Site":"VICKSBURG","City":"VICKSBURG","State":"MISSISSIPPI","PADD":3,"Source":"Form EIA-815, Monthly Terminal Blenders Report","Period":"January 2025","Longitude":-90.89518,"Latitude":32.334585}},{"type":"Feature","id":5112,"geometry":{"type":"Point","coordinates":[-9851861.5418,3551985.0195]},"properties":{"OBJECTID":5112,"Company":"CHEVRON USA INC PASCAGOULA","Site":"PASCAGOULA MS","City":"PASCAGOULA","State":"MISSISSIPPI","PADD":3,"Source":"Form EIA-815, Monthly Terminal Blenders Report","Period":"January 2025","Longitude":-88.500778,"Latitude":30.376091}},{"type":"Feature","id":5113,"geometry":{"type":"Point","coordinates":[-9952997.4142,3657025.3584]},"properties":{"OBJECTID":5113,"Company":"TRANSMONTAIGNE OPERATING COMPANY","Site":"PURVIS","City":"PURVIS","State":"MISSISSIPPI","PADD":3,"Source":"Form EIA-815, Monthly Terminal Blenders Report","Period":"January 2025","Longitude":-89.409297,"Latitude":31.186745}},{"type":"Feature","id":5114,"geometry":{"type":"Point","coordinates":[-9878990.547,3812091.7437]},"properties":{"OBJECTID":5114,"Company":"TRANSMONTAIGNE OPERATING COMPANY","Site":"MERIDIAN","City":"MERIDIAN","State":"MISSISSIPPI","PADD":3,"Source":"Form EIA-815, Monthly Terminal Blenders Report","Period":"January 2025","Longitude":-88.744482,"Latitude":32.370867}},{"type":"Feature","id":5115,"geometry":{"type":"Point","coordinates":[-10137725.43,3949033.135]},"properties":{"OBJECTID":5115,"Company":"TRANSMONTAIGNE OPERATING COMPANY","Site":"GREENVILLE NORTH","City":"GREENVILLE","State":"MISSISSIPPI","PADD":3,"Source":"Form EIA-815, Monthly Terminal Blenders Report","Period":"January 2025","Longitude":-91.068737,"Latitude":33.40386}},{"type":"Feature","id":5116,"geometry":{"type":"Point","coordinates":[-9973773.75,3721429.5806]},"properties":{"OBJECTID":5116,"Company":"CHEVRON USA INC COLLINS","Site":"COLLINS MS","City":"COLLINS","State":"MISSISSIPPI","PADD":3,"Source":"Form EIA-815, Monthly Terminal Blenders Report","Period":"January 2025","Longitude":-89.595934,"Latitude":31.68039}},{"type":"Feature","id":5117,"geometry":{"type":"Point","coordinates":[-9856144.1139,4005235.4776]},"properties":{"OBJECTID":5117,"Company":"ENTERPRISE REFINED PRODUCTS CO LLC","Site":"ABERDEEN TRUCK RACK TERMINAL","City":"ABERDEEN","State":"MISSISSIPPI","PADD":3,"Source":"Form EIA-815, Monthly Terminal Blenders Report","Period":"January 2025","Longitude":-88.539249,"Latitude":33.82431}},{"type":"Feature","id":5118,"geometry":{"type":"Point","coordinates":[-9937243.5912,3680134.0194]},"properties":{"OBJECTID":5118,"Company":"TARGA MIDSTREAM SERVICES LLC","Site":"HATTIESBURG","City":"PETAL","State":"MISSISSIPPI","PADD":3,"Source":"Form EIA-815, Monthly Terminal Blenders Report","Period":"January 2025","Longitude":-89.267778,"Latitude":31.364167}},{"type":"Feature","id":5119,"geometry":{"type":"Point","coordinates":[-10135101.2957,3953100.9319]},"properties":{"OBJECTID":5119,"Company":"TARGA MIDSTREAM SERVICES LLC","Site":"GREENVILLE","City":"GREENVILLE","State":"MISSISSIPPI","PADD":3,"Source":"Form EIA-815, Monthly Terminal Blenders Report","Period":"January 2025","Longitude":-91.045164,"Latitude":33.43436}},{"type":"Feature","id":5120,"geometry":{"type":"Point","coordinates":[-10135606.2409,3952076.5127]},"properties":{"OBJECTID":5120,"Company":"SCOTT PETROLEUM CORP","Site":"GREENVILLE","City":"GREENVILLE","State":"MISSISSIPPI","PADD":3,"Source":"Form EIA-815, Monthly Terminal Blenders Report","Period":"January 2025","Longitude":-91.0497,"Latitude":33.42668}},{"type":"Feature","id":5121,"geometry":{"type":"Point","coordinates":[-9969995.0099,3724438.3588]},"properties":{"OBJECTID":5121,"Company":"SHELL OIL PRODUCTS US","Site":"COLLINS BLENDING TERMINAL","City":"COLLINS","State":"MISSISSIPPI","PADD":3,"Source":"Form EIA-815, Monthly Terminal Blenders Report","Period":"January 2025","Longitude":-89.561989,"Latitude":31.703388}},{"type":"Feature","id":5122,"geometry":{"type":"Point","coordinates":[-9969497.0778,3716410.3296]},"properties":{"OBJECTID":5122,"Company":"TRANSMONTAIGNE OPERATING COMPANY","Site":"COLLINS","City":"COLLINS","State":"MISSISSIPPI","PADD":3,"Source":"Form EIA-815, Monthly Terminal Blenders Report","Period":"January 2025","Longitude":-89.557516,"Latitude":31.642012}},{"type":"Feature","id":5123,"geometry":{"type":"Point","coordinates":[-9878986.2055,3809963.6049]},"properties":{"OBJECTID":5123,"Company":"CITGO PETROLEUM CORP","Site":"MERIDIAN","City":"MERIDIAN","State":"MISSISSIPPI","PADD":3,"Source":"Form EIA-815, Monthly Terminal Blenders Report","Period":"January 2025","Longitude":-88.744443,"Latitude":32.354719}},{"type":"Feature","id":5124,"geometry":{"type":"Point","coordinates":[-9937278.8795,3681226.8257]},"properties":{"OBJECTID":5124,"Company":"ENERGY TRANSFER GC NGLS LLC","Site":"HATTIESBURG","City":"HATTIESBURG","State":"MISSISSIPPI","PADD":3,"Source":"Form EIA-815, Monthly Terminal Blenders Report","Period":"January 2025","Longitude":-89.268095,"Latitude":31.372549}},{"type":"Feature","id":5125,"geometry":{"type":"Point","coordinates":[-9879111.2173,3809392.3616]},"properties":{"OBJECTID":5125,"Company":"MURPHY OIL USA INC","Site":"MERIDIAN","City":"MERIDIAN","State":"MISSISSIPPI","PADD":3,"Source":"Form EIA-815, Monthly Terminal Blenders Report","Period":"January 2025","Longitude":-88.745566,"Latitude":32.350384}},{"type":"Feature","id":5126,"geometry":{"type":"Point","coordinates":[-9822847.7863,4160584.3879]},"properties":{"OBJECTID":5126,"Company":"ERGON ASPHALT & EMULSIONS INC","Site":"YELLOW CREEK","City":"IUKA","State":"MISSISSIPPI","PADD":3,"Source":"Form EIA-815, Monthly Terminal Blenders Report","Period":"January 2025","Longitude":-88.240143,"Latitude":34.975737}},{"type":"Feature","id":5127,"geometry":{"type":"Point","coordinates":[-10040804.3361,4675960.9525]},"properties":{"OBJECTID":5127,"Company":"BUCKEYE TERMINALS LLC","Site":"ST LOUIS NORTH","City":"SAINT LOUIS","State":"MISSOURI","PADD":2,"Source":"Form EIA-815, Monthly Terminal Blenders Report","Period":"January 2025","Longitude":-90.19808,"Latitude":38.680165}},{"type":"Feature","id":5128,"geometry":{"type":"Point","coordinates":[-9985238.0991,4331151.4966]},"properties":{"OBJECTID":5128,"Company":"OAKMAR TERMINAL LLC","Site":"OAKMAR","City":"HAYTI","State":"MISSOURI","PADD":2,"Source":"Form EIA-815, Monthly Terminal Blenders Report","Period":"January 2025","Longitude":-89.69892,"Latitude":36.221566}},{"type":"Feature","id":5129,"geometry":{"type":"Point","coordinates":[-9969464.1273,4380623.4454]},"properties":{"OBJECTID":5129,"Company":"BROWN SAND & GRAVEL","Site":"HEARTLAND ASPHALT MATERIALS","City":"NEW MADRID","State":"MISSOURI","PADD":2,"Source":"Form EIA-815, Monthly Terminal Blenders Report","Period":"January 2025","Longitude":-89.55722,"Latitude":36.579269}},{"type":"Feature","id":5130,"geometry":{"type":"Point","coordinates":[-10043706.6579,4661674.3971]},"properties":{"OBJECTID":5130,"Company":"KINDER MORGAN TRANSMIX LLC","Site":"ST LOUIS SOUTH","City":"SAINT LOUIS","State":"MISSOURI","PADD":2,"Source":"Form EIA-815, Monthly Terminal Blenders Report","Period":"January 2025","Longitude":-90.224152,"Latitude":38.579908}},{"type":"Feature","id":5131,"geometry":{"type":"Point","coordinates":[-10265235.7842,4657282.4491]},"properties":{"OBJECTID":5131,"Company":"PHILLIPS 66 CARRIER LLC","Site":"JEFFERSON CITY MO","City":"JEFFERSON CITY","State":"MISSOURI","PADD":2,"Source":"Form EIA-815, Monthly Terminal Blenders Report","Period":"January 2025","Longitude":-92.214182,"Latitude":38.549059}},{"type":"Feature","id":5132,"geometry":{"type":"Point","coordinates":[-10443891.9897,4452706.4553]},"properties":{"OBJECTID":5132,"Company":"PHILLIPS 66 COMPANY","Site":"MT VERNON MO","City":"MT VERNON","State":"MISSOURI","PADD":2,"Source":"Form EIA-815, Monthly Terminal Blenders Report","Period":"January 2025","Longitude":-93.819078,"Latitude":37.097505}},{"type":"Feature","id":5133,"geometry":{"type":"Point","coordinates":[-10407981.5464,4773156.6553]},"properties":{"OBJECTID":5133,"Company":"HOLLY ENERGY PARTNERS","Site":"CARROLLTON","City":"CARROLLTON","State":"MISSOURI","PADD":2,"Source":"Form EIA-815, Monthly Terminal Blenders Report","Period":"January 2025","Longitude":-93.496489,"Latitude":39.358515}},{"type":"Feature","id":5134,"geometry":{"type":"Point","coordinates":[-10039010.4225,4670519.9675]},"properties":{"OBJECTID":5134,"Company":"PETROLEUM FUEL & TERMINAL CO","Site":"ST LOUIS","City":"SAINT LOUIS","State":"MISSOURI","PADD":2,"Source":"Form EIA-815, Monthly Terminal Blenders Report","Period":"January 2025","Longitude":-90.181965,"Latitude":38.641999}},{"type":"Feature","id":5135,"geometry":{"type":"Point","coordinates":[-10046957.4097,4657415.679]},"properties":{"OBJECTID":5135,"Company":"BKEP MATERIALS LLC","Site":"ST LOUIS MO","City":"SAINT LOUIS","State":"MISSOURI","PADD":2,"Source":"Form EIA-815, Monthly Terminal Blenders Report","Period":"January 2025","Longitude":-90.253354,"Latitude":38.549995}},{"type":"Feature","id":5136,"geometry":{"type":"Point","coordinates":[-10187846.2515,4885575.1803]},"properties":{"OBJECTID":5136,"Company":"AYERS OIL CO","Site":"CANTON","City":"CANTON","State":"MISSOURI","PADD":2,"Source":"Form EIA-815, Monthly Terminal Blenders Report","Period":"January 2025","Longitude":-91.51898,"Latitude":40.13497}},{"type":"Feature","id":5137,"geometry":{"type":"Point","coordinates":[-10084190.2171,4692739.406]},"properties":{"OBJECTID":5137,"Company":"BUCKEYE SE TERMINALS LP","Site":"SAINT CHARLES","City":"SAINT PETERS","State":"MISSOURI","PADD":2,"Source":"Form EIA-815, Monthly Terminal Blenders Report","Period":"January 2025","Longitude":-90.587822,"Latitude":38.79773}},{"type":"Feature","id":5138,"geometry":{"type":"Point","coordinates":[-10522471.7503,4726065.3097]},"properties":{"OBJECTID":5138,"Company":"VANCE BROTHERS INC","Site":"KANSAS CITYBRIGHTON","City":"KANSAS CITY","State":"MISSOURI","PADD":2,"Source":"Form EIA-815, Monthly Terminal Blenders Report","Period":"January 2025","Longitude":-94.524972,"Latitude":39.030667}},{"type":"Feature","id":5139,"geometry":{"type":"Point","coordinates":[-9966293.3029,4478962.4603]},"properties":{"OBJECTID":5139,"Company":"TRANSMONTAIGNE OPERATING COMPANY","Site":"CAPE GIRARDEAU","City":"CAPE GIRARDEAU","State":"MISSOURI","PADD":2,"Source":"Form EIA-815, Monthly Terminal Blenders Report","Period":"January 2025","Longitude":-89.528736,"Latitude":37.285397}},{"type":"Feature","id":5140,"geometry":{"type":"Point","coordinates":[-9964694.5324,4469847.9288]},"properties":{"OBJECTID":5140,"Company":"ENTERPRISE REFINED PRODUCTS CO LLC","Site":"CAPE GIRARDEAU RP TRUCK TERMINAL","City":"SCOTT CITY","State":"MISSOURI","PADD":2,"Source":"Form EIA-815, Monthly Terminal Blenders Report","Period":"January 2025","Longitude":-89.514374,"Latitude":37.220225}},{"type":"Feature","id":5141,"geometry":{"type":"Point","coordinates":[-10049560.5046,4650576.3668]},"properties":{"OBJECTID":5141,"Company":"JD STREETT & CO INC","Site":"LEMAY","City":"LEMAY","State":"MISSOURI","PADD":2,"Source":"Form EIA-815, Monthly Terminal Blenders Report","Period":"January 2025","Longitude":-90.276738,"Latitude":38.50193}},{"type":"Feature","id":5142,"geometry":{"type":"Point","coordinates":[-10043386.0578,4661954.6437]},"properties":{"OBJECTID":5142,"Company":"J D STREETT & CO INC","Site":"1ST STREET","City":"SAINT LOUIS","State":"MISSOURI","PADD":2,"Source":"Form EIA-815, Monthly Terminal Blenders Report","Period":"January 2025","Longitude":-90.221272,"Latitude":38.581876}},{"type":"Feature","id":5143,"geometry":{"type":"Point","coordinates":[-10289962.7374,4796480.5352]},"properties":{"OBJECTID":5143,"Company":"ENTERPRISE TERMINALS & STORAGE LLC","Site":"MOBERLY TERMINAL","City":"CAIRO","State":"MISSOURI","PADD":2,"Source":"Form EIA-815, Monthly Terminal Blenders Report","Period":"January 2025","Longitude":-92.436308,"Latitude":39.520328}},{"type":"Feature","id":5144,"geometry":{"type":"Point","coordinates":[-10505260.4212,4777810.2439]},"properties":{"OBJECTID":5144,"Company":"ENTERPRISE TERMINALS & STORAGE LLC","Site":"KEARNEY TERMINAL","City":"KEARNEY","State":"MISSOURI","PADD":2,"Source":"Form EIA-815, Monthly Terminal Blenders Report","Period":"January 2025","Longitude":-94.37036,"Latitude":39.39083}},{"type":"Feature","id":5145,"geometry":{"type":"Point","coordinates":[-10270746.099,4705295.9745]},"properties":{"OBJECTID":5145,"Company":"MAGELLAN PIPELINE CO LP","Site":"COLUMBIA","City":"COLUMBIA","State":"MISSOURI","PADD":2,"Source":"Form EIA-815, Monthly Terminal Blenders Report","Period":"January 2025","Longitude":-92.263682,"Latitude":38.885586}},{"type":"Feature","id":5146,"geometry":{"type":"Point","coordinates":[-10497780.9759,4482962.6623]},"properties":{"OBJECTID":5146,"Company":"MAGELLAN PIPELINE CO LP","Site":"CARTHAGE","City":"JASPER","State":"MISSOURI","PADD":2,"Source":"Form EIA-815, Monthly Terminal Blenders Report","Period":"January 2025","Longitude":-94.303171,"Latitude":37.313982}},{"type":"Feature","id":5147,"geometry":{"type":"Point","coordinates":[-10188526.3023,4848683.4209]},"properties":{"OBJECTID":5147,"Company":"MAGELLAN PIPELINE CO LP","Site":"PALMYRA","City":"PALMYRA","State":"MISSOURI","PADD":2,"Source":"Form EIA-815, Monthly Terminal Blenders Report","Period":"January 2025","Longitude":-91.525089,"Latitude":39.88113}},{"type":"Feature","id":5148,"geometry":{"type":"Point","coordinates":[-10443891.9897,4452706.4553]},"properties":{"OBJECTID":5148,"Company":"MAGELLAN PIPELINE CO LP","Site":"MOUNT VERNON","City":"MOUNT VERNON","State":"MISSOURI","PADD":2,"Source":"Form EIA-815, Monthly Terminal Blenders Report","Period":"January 2025","Longitude":-93.819078,"Latitude":37.097505}},{"type":"Feature","id":5149,"geometry":{"type":"Point","coordinates":[-10399954.5206,4461235.3019]},"properties":{"OBJECTID":5149,"Company":"MAGELLAN PIPELINE CO LP","Site":"SPRINGFIELD","City":"BROOKLINE HISTORICAL","State":"MISSOURI","PADD":2,"Source":"Form EIA-815, Monthly Terminal Blenders Report","Period":"January 2025","Longitude":-93.424381,"Latitude":37.15859}},{"type":"Feature","id":5150,"geometry":{"type":"Point","coordinates":[-10042576.5424,4662665.8324]},"properties":{"OBJECTID":5150,"Company":"VALVOLINE LLC","Site":"SAINT LOUIS","City":"SAINT LOUIS","State":"MISSOURI","PADD":2,"Source":"Form EIA-815, Monthly Terminal Blenders Report","Period":"January 2025","Longitude":-90.214,"Latitude":38.58687}},{"type":"Feature","id":5151,"geometry":{"type":"Point","coordinates":[-10513472.3487,4738779.0138]},"properties":{"OBJECTID":5151,"Company":"BUCKEYE TERMINALS LLC","Site":"SUGAR CREEK","City":"SUGAR CREEK","State":"MISSOURI","PADD":2,"Source":"Form EIA-815, Monthly Terminal Blenders Report","Period":"January 2025","Longitude":-94.444129,"Latitude":39.11933}},{"type":"Feature","id":5152,"geometry":{"type":"Point","coordinates":[-10009430.0508,4409767.3557]},"properties":{"OBJECTID":5152,"Company":"NGL SUPPLY WHOLESALE LLC","Site":"DEXTER","City":"DEXTER","State":"MISSOURI","PADD":2,"Source":"Form EIA-815, Monthly Terminal Blenders Report","Period":"January 2025","Longitude":-89.91624,"Latitude":36.78922}},{"type":"Feature","id":5153,"geometry":{"type":"Point","coordinates":[-10043424.6856,4661922.6029]},"properties":{"OBJECTID":5153,"Company":"AMERICAN RIVER TRANSP CO","Site":"ST LOUIS","City":"SAINT LOUIS","State":"MISSOURI","PADD":2,"Source":"Form EIA-815, Monthly Terminal Blenders Report","Period":"January 2025","Longitude":-90.221619,"Latitude":38.581651}},{"type":"Feature","id":5154,"geometry":{"type":"Point","coordinates":[-12100748.6928,5730273.8392]},"properties":{"OBJECTID":5154,"Company":"WESTERN EMULSIONS INC","Site":"BILLINGS","City":"BILLINGS","State":"MONTANA","PADD":4,"Source":"Form EIA-815, Monthly Terminal Blenders Report","Period":"January 2025","Longitude":-108.702875,"Latitude":45.686636}},{"type":"Feature","id":5155,"geometry":{"type":"Point","coordinates":[-12465715.6546,5875616.7979]},"properties":{"OBJECTID":5155,"Company":"PHILLIPS 66 COMPANY","Site":"HELENA MT","City":"HELENA","State":"MONTANA","PADD":4,"Source":"Form EIA-815, Monthly Terminal Blenders Report","Period":"January 2025","Longitude":-111.981429,"Latitude":46.591298}},{"type":"Feature","id":5156,"geometry":{"type":"Point","coordinates":[-12077619.8422,5745525.7441]},"properties":{"OBJECTID":5156,"Company":"PHILLIPS 66 COMPANY","Site":"BILLINGS MT","City":"BILLINGS","State":"MONTANA","PADD":4,"Source":"Form EIA-815, Monthly Terminal Blenders Report","Period":"January 2025","Longitude":-108.495105,"Latitude":45.782267}},{"type":"Feature","id":5157,"geometry":{"type":"Point","coordinates":[-12381131.3206,6027409.1006]},"properties":{"OBJECTID":5157,"Company":"PHILLIPS 66 COMPANY","Site":"GREAT FALLS MT","City":"GREAT FALLS","State":"MONTANA","PADD":4,"Source":"Form EIA-815, Monthly Terminal Blenders Report","Period":"January 2025","Longitude":-111.221595,"Latitude":47.520248}},{"type":"Feature","id":5158,"geometry":{"type":"Point","coordinates":[-12361256.45,5732405.0895]},"properties":{"OBJECTID":5158,"Company":"PHILLIPS 66 COMPANY","Site":"BOZEMAN MT","City":"BOZEMAN","State":"MONTANA","PADD":4,"Source":"Form EIA-815, Monthly Terminal Blenders Report","Period":"January 2025","Longitude":-111.043056,"Latitude":45.700009}},{"type":"Feature","id":5159,"geometry":{"type":"Point","coordinates":[-12693833.8928,5925121.7953]},"properties":{"OBJECTID":5159,"Company":"PHILLIPS 66 COMPANY - MISSOULA","Site":"MISSOULA MT","City":"MISSOULA","State":"MONTANA","PADD":4,"Source":"Form EIA-815, Monthly Terminal Blenders Report","Period":"January 2025","Longitude":-114.03065,"Latitude":46.896041}},{"type":"Feature","id":5160,"geometry":{"type":"Point","coordinates":[-11656589.2678,5958658.6929]},"properties":{"OBJECTID":5160,"Company":"CHS INC","Site":"GLENDIVE","City":"GLENDIVE","State":"MONTANA","PADD":4,"Source":"Form EIA-815, Monthly Terminal Blenders Report","Period":"January 2025","Longitude":-104.712923,"Latitude":47.101509}},{"type":"Feature","id":5161,"geometry":{"type":"Point","coordinates":[-12694224.9582,5925825.9153]},"properties":{"OBJECTID":5161,"Company":"CENEX PL LLC","Site":"MISSOULA","City":"MISSOULA","State":"MONTANA","PADD":4,"Source":"Form EIA-815, Monthly Terminal Blenders Report","Period":"January 2025","Longitude":-114.034163,"Latitude":46.900363}},{"type":"Feature","id":5162,"geometry":{"type":"Point","coordinates":[-12403996.9006,5761843.5518]},"properties":{"OBJECTID":5162,"Company":"CENEX PL LLC","Site":"LOGAN","City":"THREE FORKS","State":"MONTANA","PADD":4,"Source":"Form EIA-815, Monthly Terminal Blenders Report","Period":"January 2025","Longitude":-111.427,"Latitude":45.8844}},{"type":"Feature","id":5163,"geometry":{"type":"Point","coordinates":[-12361024.6829,5732407.1616]},"properties":{"OBJECTID":5163,"Company":"PAR MONTANA LLC","Site":"BOZEMAN","City":"BOZEMAN","State":"MONTANA","PADD":4,"Source":"Form EIA-815, Monthly Terminal Blenders Report","Period":"January 2025","Longitude":-111.040974,"Latitude":45.700022}},{"type":"Feature","id":5164,"geometry":{"type":"Point","coordinates":[-12465893.4318,5875615.34]},"properties":{"OBJECTID":5164,"Company":"PAR MONTANA LLC","Site":"HELENA TERMINAL","City":"HELENA","State":"MONTANA","PADD":4,"Source":"Form EIA-815, Monthly Terminal Blenders Report","Period":"January 2025","Longitude":-111.983026,"Latitude":46.591289}},{"type":"Feature","id":5165,"geometry":{"type":"Point","coordinates":[-11596722.3136,6052841.9811]},"properties":{"OBJECTID":5165,"Company":"ONEOK ROCKIES MIDSTREAM LLC","Site":"RIVERVIEW","City":"RIVERVIEW","State":"MONTANA","PADD":4,"Source":"Form EIA-815, Monthly Terminal Blenders Report","Period":"January 2025","Longitude":-104.175129,"Latitude":47.674312}},{"type":"Feature","id":5166,"geometry":{"type":"Point","coordinates":[-10679417.5381,5059945.8247]},"properties":{"OBJECTID":5166,"Company":"FLINT HILLS RESOURCES LP","Site":"OMAHA II","City":"OMAHA","State":"NEBRASKA","PADD":2,"Source":"Form EIA-815, Monthly Terminal Blenders Report","Period":"January 2025","Longitude":-95.93484,"Latitude":41.32195}},{"type":"Feature","id":5167,"geometry":{"type":"Point","coordinates":[-10945277.2026,5008782.4084]},"properties":{"OBJECTID":5167,"Company":"BKEP MATERIALS LLC","Site":"GRAND ISLAND NE","City":"GRAND ISLAND","State":"NEBRASKA","PADD":2,"Source":"Form EIA-815, Monthly Terminal Blenders Report","Period":"January 2025","Longitude":-98.323098,"Latitude":40.975865}},{"type":"Feature","id":5168,"geometry":{"type":"Point","coordinates":[-10765066.8657,4967807.6746]},"properties":{"OBJECTID":5168,"Company":"PHILLIPS 66 COMPANY","Site":"LINCOLN NE","City":"ROCA","State":"NEBRASKA","PADD":2,"Source":"Form EIA-815, Monthly Terminal Blenders Report","Period":"January 2025","Longitude":-96.704241,"Latitude":40.697383}},{"type":"Feature","id":5169,"geometry":{"type":"Point","coordinates":[-11458536.4203,5034582.3456]},"properties":{"OBJECTID":5169,"Company":"HOLLY ENERGY PARTNERS","Site":"SIDNEY","City":"SIDNEY","State":"NEBRASKA","PADD":2,"Source":"Form EIA-815, Monthly Terminal Blenders Report","Period":"January 2025","Longitude":-102.933784,"Latitude":41.150612}},{"type":"Feature","id":5170,"geometry":{"type":"Point","coordinates":[-10738640.8431,5004167.4177]},"properties":{"OBJECTID":5170,"Company":"ENTERPRISE TERMINALS & STORAGE LLC","Site":"GREENWOOD TERMINAL","City":"GREENWOOD","State":"NEBRASKA","PADD":2,"Source":"Form EIA-815, Monthly Terminal Blenders Report","Period":"January 2025","Longitude":-96.466852,"Latitude":40.944558}},{"type":"Feature","id":5171,"geometry":{"type":"Point","coordinates":[-10856053.6288,5040552.2606]},"properties":{"OBJECTID":5171,"Company":"NUSTAR ENERGY LP","Site":"OSCEOLA","City":"OSCEOLA","State":"NEBRASKA","PADD":2,"Source":"Form EIA-815, Monthly Terminal Blenders Report","Period":"January 2025","Longitude":-97.521589,"Latitude":41.190981}},{"type":"Feature","id":5172,"geometry":{"type":"Point","coordinates":[-10845471.598,5168664.0372]},"properties":{"OBJECTID":5172,"Company":"NUSTAR ENERGY LP","Site":"NORFOLK TERMINAL","City":"NORFOLK","State":"NEBRASKA","PADD":2,"Source":"Form EIA-815, Monthly Terminal Blenders Report","Period":"January 2025","Longitude":-97.426529,"Latitude":42.05128}},{"type":"Feature","id":5173,"geometry":{"type":"Point","coordinates":[-10863886.0682,4947155.6907]},"properties":{"OBJECTID":5173,"Company":"NUSTAR ENERGY LP","Site":"GENEVA TERMINAL","City":"GENEVA","State":"NEBRASKA","PADD":2,"Source":"Form EIA-815, Monthly Terminal Blenders Report","Period":"January 2025","Longitude":-97.591949,"Latitude":40.55658}},{"type":"Feature","id":5174,"geometry":{"type":"Point","coordinates":[-10817525.3965,5077438.2681]},"properties":{"OBJECTID":5174,"Company":"NUSTAR ENERGY LP","Site":"COLUMBUS TERMINAL","City":"COLUMBUS","State":"NEBRASKA","PADD":2,"Source":"Form EIA-815, Monthly Terminal Blenders Report","Period":"January 2025","Longitude":-97.175484,"Latitude":41.439855}},{"type":"Feature","id":5175,"geometry":{"type":"Point","coordinates":[-11214343.2023,5030990.2496]},"properties":{"OBJECTID":5175,"Company":"NUSTAR ENERGY LP","Site":"NORTH PLATTE TERMINAL","City":"NORTH PLATTE","State":"NEBRASKA","PADD":2,"Source":"Form EIA-815, Monthly Terminal Blenders Report","Period":"January 2025","Longitude":-100.740159,"Latitude":41.12631}},{"type":"Feature","id":5176,"geometry":{"type":"Point","coordinates":[-10679169.073,5029619.3605]},"properties":{"OBJECTID":5176,"Company":"MAGELLAN PIPELINE CO LP","Site":"NEBRASKA CITY","City":"NEBRASKA CITY","State":"NEBRASKA","PADD":2,"Source":"Form EIA-815, Monthly Terminal Blenders Report","Period":"January 2025","Longitude":-95.932608,"Latitude":41.117033}},{"type":"Feature","id":5177,"geometry":{"type":"Point","coordinates":[-10678907.9175,5053544.5766]},"properties":{"OBJECTID":5177,"Company":"MAGELLAN PIPELINE CO LP","Site":"OMAHA","City":"OMAHA","State":"NEBRASKA","PADD":2,"Source":"Form EIA-815, Monthly Terminal Blenders Report","Period":"January 2025","Longitude":-95.930262,"Latitude":41.27875}},{"type":"Feature","id":5178,"geometry":{"type":"Point","coordinates":[-10764025.4718,4967809.1428]},"properties":{"OBJECTID":5178,"Company":"MAGELLAN PIPELINE CO LP","Site":"LINCOLN","City":"LINCOLN","State":"NEBRASKA","PADD":2,"Source":"Form EIA-815, Monthly Terminal Blenders Report","Period":"January 2025","Longitude":-96.694886,"Latitude":40.697393}},{"type":"Feature","id":5179,"geometry":{"type":"Point","coordinates":[-10951461.3342,4975829.9592]},"properties":{"OBJECTID":5179,"Company":"MAGELLAN PIPELINE CO LP","Site":"DONIPHAN","City":"DONIPHAN","State":"NEBRASKA","PADD":2,"Source":"Form EIA-815, Monthly Terminal Blenders Report","Period":"January 2025","Longitude":-98.378651,"Latitude":40.751998}},{"type":"Feature","id":5180,"geometry":{"type":"Point","coordinates":[-10675169.9203,5009928.4246]},"properties":{"OBJECTID":5180,"Company":"ONEOK NORTH SYSTEM LLC","Site":"PLATTSMOUTH","City":"PLATTSMOUTH","State":"NEBRASKA","PADD":2,"Source":"Form EIA-815, Monthly Terminal Blenders Report","Period":"January 2025","Longitude":-95.896683,"Latitude":40.983637}},{"type":"Feature","id":5181,"geometry":{"type":"Point","coordinates":[-12806561.3525,4335329.0389]},"properties":{"OBJECTID":5181,"Company":"KINDER MORGAN CALNEV P L LLC","Site":"LAS VEGAS","City":"LAS VEGAS","State":"NEVADA","PADD":5,"Source":"Form EIA-815, Monthly Terminal Blenders Report","Period":"January 2025","Longitude":-115.043298,"Latitude":36.251835}},{"type":"Feature","id":5182,"geometry":{"type":"Point","coordinates":[-13330149.9058,4798486.0482]},"properties":{"OBJECTID":5182,"Company":"SFPP LP","Site":"RENO","City":"RENO","State":"NEVADA","PADD":5,"Source":"Form EIA-815, Monthly Terminal Blenders Report","Period":"January 2025","Longitude":-119.746774,"Latitude":39.534224}},{"type":"Feature","id":5183,"geometry":{"type":"Point","coordinates":[-12817323.2756,4324302.468]},"properties":{"OBJECTID":5183,"Company":"HOLLY ENERGY PARTNERS","Site":"NORTH LAS VEGAS","City":"NORTH LAS VEGAS","State":"NEVADA","PADD":5,"Source":"Form EIA-815, Monthly Terminal Blenders Report","Period":"January 2025","Longitude":-115.139974,"Latitude":36.171915}},{"type":"Feature","id":5184,"geometry":{"type":"Point","coordinates":[-12806552.2243,4335012.5165]},"properties":{"OBJECTID":5184,"Company":"PRO PETROLEUM INC","Site":"LAS VEGAS","City":"LAS VEGAS","State":"NEVADA","PADD":5,"Source":"Form EIA-815, Monthly Terminal Blenders Report","Period":"January 2025","Longitude":-115.043216,"Latitude":36.249542}},{"type":"Feature","id":5185,"geometry":{"type":"Point","coordinates":[-12806560.2393,4335352.0917]},"properties":{"OBJECTID":5185,"Company":"REBEL OIL CO","Site":"LAS VEGAS","City":"LAS VEGAS","State":"NEVADA","PADD":5,"Source":"Form EIA-815, Monthly Terminal Blenders Report","Period":"January 2025","Longitude":-115.043288,"Latitude":36.252002}},{"type":"Feature","id":5186,"geometry":{"type":"Point","coordinates":[-13330364.7524,4798487.9246]},"properties":{"OBJECTID":5186,"Company":"OP RENO LLC","Site":"SPARKS","City":"SPARKS","State":"NEVADA","PADD":5,"Source":"Form EIA-815, Monthly Terminal Blenders Report","Period":"January 2025","Longitude":-119.748704,"Latitude":39.534237}},{"type":"Feature","id":5187,"geometry":{"type":"Point","coordinates":[-12827830.2771,4302944.2827]},"properties":{"OBJECTID":5187,"Company":"ERGON ASPHALT AND EMULSIONS","Site":"LAS VEGAS T2 PLANT","City":"LAS VEGAS","State":"NEVADA","PADD":5,"Source":"Form EIA-815, Monthly Terminal Blenders Report","Period":"January 2025","Longitude":-115.23436,"Latitude":36.01688}},{"type":"Feature","id":5188,"geometry":{"type":"Point","coordinates":[-13274661.1472,4809748.5375]},"properties":{"OBJECTID":5188,"Company":"ANDEAVOR LOGISTICS LP","Site":"PARAMOUNT NEVADA TERMINAL","City":"FERNLEY","State":"NEVADA","PADD":5,"Source":"Form EIA-815, Monthly Terminal Blenders Report","Period":"January 2025","Longitude":-119.24831,"Latitude":39.612209}},{"type":"Feature","id":5189,"geometry":{"type":"Point","coordinates":[-7881698.2469,5327925.2114]},"properties":{"OBJECTID":5189,"Company":"SEA-3 LLC","Site":"NEWINGTON","City":"NEWINGTON","State":"NEW HAMPSHIRE","PADD":1,"Source":"Form EIA-815, Monthly Terminal Blenders Report","Period":"January 2025","Longitude":-70.8025,"Latitude":43.104722}},{"type":"Feature","id":5190,"geometry":{"type":"Point","coordinates":[-7877898.8014,5325808.7059]},"properties":{"OBJECTID":5190,"Company":"IRVING OIL TERMINALS INC","Site":"PORTSMOUTH MARINE","City":"PORTSMOUTH","State":"NEW HAMPSHIRE","PADD":1,"Source":"Form EIA-815, Monthly Terminal Blenders Report","Period":"January 2025","Longitude":-70.768369,"Latitude":43.090839}},{"type":"Feature","id":5191,"geometry":{"type":"Point","coordinates":[-7881639.5815,5327430.9157]},"properties":{"OBJECTID":5191,"Company":"SPRAGUE OPERATING RESOURCES LLC","Site":"AVERY LANE","City":"NEWINGTON","State":"NEW HAMPSHIRE","PADD":1,"Source":"Form EIA-815, Monthly Terminal Blenders Report","Period":"January 2025","Longitude":-70.801973,"Latitude":43.10148}},{"type":"Feature","id":5192,"geometry":{"type":"Point","coordinates":[-7883263.5103,5329140.0215]},"properties":{"OBJECTID":5192,"Company":"SPRAGUE OPERATING RESOURCES LLC","Site":"RIVER ROAD","City":"NEWINGTON","State":"NEW HAMPSHIRE","PADD":1,"Source":"Form EIA-815, Monthly Terminal Blenders Report","Period":"January 2025","Longitude":-70.816561,"Latitude":43.112689}},{"type":"Feature","id":5193,"geometry":{"type":"Point","coordinates":[-8376242.7658,4843617.5886]},"properties":{"OBJECTID":5193,"Company":"PBF LOGISTICS PRODUCTS TERMINALS LLC","Site":"PAULSBORO","City":"PAULSBORO","State":"NEW JERSEY","PADD":1,"Source":"Form EIA-815, Monthly Terminal Blenders Report","Period":"January 2025","Longitude":-75.245069,"Latitude":39.8462}},{"type":"Feature","id":5194,"geometry":{"type":"Point","coordinates":[-8262807.7594,4951678.1465]},"properties":{"OBJECTID":5194,"Company":"KINDER MORGAN LIQ TERMLS LLC","Site":"CARTERET TRUCK RACK","City":"CARTERET","State":"NEW JERSEY","PADD":1,"Source":"Form EIA-815, Monthly Terminal Blenders Report","Period":"January 2025","Longitude":-74.226065,"Latitude":40.587439}},{"type":"Feature","id":5195,"geometry":{"type":"Point","coordinates":[-8261331.7743,4951742.9377]},"properties":{"OBJECTID":5195,"Company":"KINDER MORGAN","Site":"CARTERET","City":"CARTERET","State":"NEW JERSEY","PADD":1,"Source":"Form EIA-815, Monthly Terminal Blenders Report","Period":"January 2025","Longitude":-74.212806,"Latitude":40.587881}},{"type":"Feature","id":5196,"geometry":{"type":"Point","coordinates":[-8266856.7832,4942959.5668]},"properties":{"OBJECTID":5196,"Company":"KINDERMORGAN","Site":"PERTH AMBOY","City":"PERTH AMBOY","State":"NEW JERSEY","PADD":1,"Source":"Form EIA-815, Monthly Terminal Blenders Report","Period":"January 2025","Longitude":-74.262438,"Latitude":40.527935}},{"type":"Feature","id":5197,"geometry":{"type":"Point","coordinates":[-8321383.2962,4893082.8268]},"properties":{"OBJECTID":5197,"Company":"CONSUMERS OIL CORP","Site":"CONSUMERS OIL CORP","City":"TRENTON","State":"NEW JERSEY","PADD":1,"Source":"Form EIA-815, Monthly Terminal Blenders Report","Period":"January 2025","Longitude":-74.752258,"Latitude":40.186512}},{"type":"Feature","id":5198,"geometry":{"type":"Point","coordinates":[-8249419.1416,4962168.7671]},"properties":{"OBJECTID":5198,"Company":"IMTT","Site":"BAYONNE","City":"BAYONNE","State":"NEW JERSEY","PADD":1,"Source":"Form EIA-815, Monthly Terminal Blenders Report","Period":"January 2025","Longitude":-74.105793,"Latitude":40.658967}},{"type":"Feature","id":5199,"geometry":{"type":"Point","coordinates":[-8252273.8186,4969815.3089]},"properties":{"OBJECTID":5199,"Company":"PETROLEUM FUEL & TERMINAL CO","Site":"NEWARK","City":"NEWARK","State":"NEW JERSEY","PADD":1,"Source":"Form EIA-815, Monthly Terminal Blenders Report","Period":"January 2025","Longitude":-74.131437,"Latitude":40.711055}},{"type":"Feature","id":5200,"geometry":{"type":"Point","coordinates":[-8366305.3862,4847330.0561]},"properties":{"OBJECTID":5200,"Company":"SUNOCO LOGISTICS","Site":"EAGLE POINT TANK FARM EPTF","City":"WESTVILLE","State":"NEW JERSEY","PADD":1,"Source":"Form EIA-815, Monthly Terminal Blenders Report","Period":"January 2025","Longitude":-75.1558,"Latitude":39.8718}},{"type":"Feature","id":5201,"geometry":{"type":"Point","coordinates":[-8266051.498,4958211.6117]},"properties":{"OBJECTID":5201,"Company":"PHILLIPS 66 COMPANY","Site":"TREMLEY POINT NJ","City":"LINDEN","State":"NEW JERSEY","PADD":1,"Source":"Form EIA-815, Monthly Terminal Blenders Report","Period":"January 2025","Longitude":-74.255204,"Latitude":40.631995}},{"type":"Feature","id":5202,"geometry":{"type":"Point","coordinates":[-8263575.3073,4959040.4104]},"properties":{"OBJECTID":5202,"Company":"PHILLIPS 66 COMPANY","Site":"LINDEN NJ","City":"LINDEN","State":"NEW JERSEY","PADD":1,"Source":"Form EIA-815, Monthly Terminal Blenders Report","Period":"January 2025","Longitude":-74.23296,"Latitude":40.637645}},{"type":"Feature","id":5203,"geometry":{"type":"Point","coordinates":[-8248974.6429,4961193.1208]},"properties":{"OBJECTID":5203,"Company":"GORDON TERMINAL SERVICE CO","Site":"BAYONNE","City":"BAYONNE","State":"NEW JERSEY","PADD":1,"Source":"Form EIA-815, Monthly Terminal Blenders Report","Period":"January 2025","Longitude":-74.1018,"Latitude":40.652318}},{"type":"Feature","id":5204,"geometry":{"type":"Point","coordinates":[-8369077.5754,4840167.3955]},"properties":{"OBJECTID":5204,"Company":"GLOBAL CO LLC","Site":"WOODBURY","City":"WOODBURY","State":"NEW JERSEY","PADD":1,"Source":"Form EIA-815, Monthly Terminal Blenders Report","Period":"January 2025","Longitude":-75.180703,"Latitude":39.8224}},{"type":"Feature","id":5205,"geometry":{"type":"Point","coordinates":[-8263829.6723,4954579.2205]},"properties":{"OBJECTID":5205,"Company":"GLOBAL CO LLC","Site":"LINDEN","City":"LINDEN","State":"NEW JERSEY","PADD":1,"Source":"Form EIA-815, Monthly Terminal Blenders Report","Period":"January 2025","Longitude":-74.235245,"Latitude":40.607227}},{"type":"Feature","id":5206,"geometry":{"type":"Point","coordinates":[-8381695.6397,4842981.5324]},"properties":{"OBJECTID":5206,"Company":"DELAWARE RIVER PARTNERS LLC","Site":"REPAUNO PORT & RAIL TERMINAL","City":"GIBBSTOWN","State":"NEW JERSEY","PADD":1,"Source":"Form EIA-815, Monthly Terminal Blenders Report","Period":"January 2025","Longitude":-75.294053,"Latitude":39.841813}},{"type":"Feature","id":5207,"geometry":{"type":"Point","coordinates":[-8247478.9542,4974744.5129]},"properties":{"OBJECTID":5207,"Company":"OWENS CORNING","Site":"ROOFING & ASPHALT DIV OF OWENS CORNI","City":"KEARNY","State":"NEW JERSEY","PADD":1,"Source":"Form EIA-815, Monthly Terminal Blenders Report","Period":"January 2025","Longitude":-74.088364,"Latitude":40.744611}},{"type":"Feature","id":5208,"geometry":{"type":"Point","coordinates":[-8251982.8295,4969509.5556]},"properties":{"OBJECTID":5208,"Company":"SHELL OIL PRODUCTS US","Site":"NEWARK BLENDING TERMINAL","City":"NEWARK","State":"NEW JERSEY","PADD":1,"Source":"Form EIA-815, Monthly Terminal Blenders Report","Period":"January 2025","Longitude":-74.128823,"Latitude":40.708973}},{"type":"Feature","id":5209,"geometry":{"type":"Point","coordinates":[-8376495.5723,4843020.2427]},"properties":{"OBJECTID":5209,"Company":"EXXON MOBIL REFG & SPLY COMP","Site":"PAULSBORO","City":"PAULSBORO","State":"NEW JERSEY","PADD":1,"Source":"Form EIA-815, Monthly Terminal Blenders Report","Period":"January 2025","Longitude":-75.24734,"Latitude":39.84208}},{"type":"Feature","id":5210,"geometry":{"type":"Point","coordinates":[-8266385.9018,4945247.4734]},"properties":{"OBJECTID":5210,"Company":"SHELL OIL PRODUCTS US","Site":"SEWAREN BLENDING TERMINAL","City":"SEWAREN","State":"NEW JERSEY","PADD":1,"Source":"Form EIA-815, Monthly Terminal Blenders Report","Period":"January 2025","Longitude":-74.258208,"Latitude":40.543555}},{"type":"Feature","id":5211,"geometry":{"type":"Point","coordinates":[-8363214.0439,4850769.6751]},"properties":{"OBJECTID":5211,"Company":"BKEP MATERIALS LLC","Site":"GLOUCESTER CITY NJ","City":"GLOUCESTER CITY","State":"NEW JERSEY","PADD":1,"Source":"Form EIA-815, Monthly Terminal Blenders Report","Period":"January 2025","Longitude":-75.12803,"Latitude":39.89551}},{"type":"Feature","id":5212,"geometry":{"type":"Point","coordinates":[-8321401.9979,4893097.5441]},"properties":{"OBJECTID":5212,"Company":"BUCKEYE TERMINALS LLC","Site":"TRENTON TERMINAL","City":"TRENTON","State":"NEW JERSEY","PADD":1,"Source":"Form EIA-815, Monthly Terminal Blenders Report","Period":"January 2025","Longitude":-74.752426,"Latitude":40.186613}},{"type":"Feature","id":5213,"geometry":{"type":"Point","coordinates":[-8249302.5901,4962643.0523]},"properties":{"OBJECTID":5213,"Company":"BUCKEYE TERMINALS LLC","Site":"BAYONNE","City":"BAYONNE","State":"NEW JERSEY","PADD":1,"Source":"Form EIA-815, Monthly Terminal Blenders Report","Period":"January 2025","Longitude":-74.104746,"Latitude":40.662199}},{"type":"Feature","id":5214,"geometry":{"type":"Point","coordinates":[-8356092.8248,4863025.3186]},"properties":{"OBJECTID":5214,"Company":"BUCKEYE TERMINALS LLC","Site":"PENNSAUKEN","City":"PENNSAUKEN","State":"NEW JERSEY","PADD":1,"Source":"Form EIA-815, Monthly Terminal Blenders Report","Period":"January 2025","Longitude":-75.064059,"Latitude":39.979924}},{"type":"Feature","id":5215,"geometry":{"type":"Point","coordinates":[-8265490.0025,4948383.2992]},"properties":{"OBJECTID":5215,"Company":"BUCKEYE TERMINALS LLC","Site":"PORT READING","City":"PORT READING","State":"NEW JERSEY","PADD":1,"Source":"Form EIA-815, Monthly Terminal Blenders Report","Period":"January 2025","Longitude":-74.25016,"Latitude":40.564958}},{"type":"Feature","id":5216,"geometry":{"type":"Point","coordinates":[-8266878.7132,4943959.911]},"properties":{"OBJECTID":5216,"Company":"BUCKEYE TERMINALS LLC","Site":"PERTH AMBOY","City":"PERTH AMBOY","State":"NEW JERSEY","PADD":1,"Source":"Form EIA-815, Monthly Terminal Blenders Report","Period":"January 2025","Longitude":-74.262635,"Latitude":40.534765}},{"type":"Feature","id":5217,"geometry":{"type":"Point","coordinates":[-8266051.498,4958211.6117]},"properties":{"OBJECTID":5217,"Company":"CITGO HOLDING TERMINALS LLC","Site":"LINDEN","City":"LINDEN","State":"NEW JERSEY","PADD":1,"Source":"Form EIA-815, Monthly Terminal Blenders Report","Period":"January 2025","Longitude":-74.255204,"Latitude":40.631995}},{"type":"Feature","id":5218,"geometry":{"type":"Point","coordinates":[-8266051.498,4958211.6117]},"properties":{"OBJECTID":5218,"Company":"SUNOCO LLC","Site":"LINDEN","City":"LINDEN","State":"NEW JERSEY","PADD":1,"Source":"Form EIA-815, Monthly Terminal Blenders Report","Period":"January 2025","Longitude":-74.255204,"Latitude":40.631995}},{"type":"Feature","id":5219,"geometry":{"type":"Point","coordinates":[-8376624.035,4843344.2839]},"properties":{"OBJECTID":5219,"Company":"SUNOCO LLC","Site":"PAULSBORO","City":"PAULSBORO","State":"NEW JERSEY","PADD":1,"Source":"Form EIA-815, Monthly Terminal Blenders Report","Period":"January 2025","Longitude":-75.248494,"Latitude":39.844315}},{"type":"Feature","id":5220,"geometry":{"type":"Point","coordinates":[-8364305.3089,4846676.3583]},"properties":{"OBJECTID":5220,"Company":"SUNOCO LOGISTICS","Site":"WESTVILLE","City":"WESTVILLE","State":"NEW JERSEY","PADD":1,"Source":"Form EIA-815, Monthly Terminal Blenders Report","Period":"January 2025","Longitude":-75.137833,"Latitude":39.867293}},{"type":"Feature","id":5221,"geometry":{"type":"Point","coordinates":[-8251777.5563,4970917.3922]},"properties":{"OBJECTID":5221,"Company":"SUNOCO LOGISTICS","Site":"NEWARK","City":"NEWARK","State":"NEW JERSEY","PADD":1,"Source":"Form EIA-815, Monthly Terminal Blenders Report","Period":"January 2025","Longitude":-74.126979,"Latitude":40.718559}},{"type":"Feature","id":5222,"geometry":{"type":"Point","coordinates":[-12128601.2746,3793433.5134]},"properties":{"OBJECTID":5222,"Company":"DANSK WHOLESALE INC","Site":"ROAD FORKS","City":"STEINS","State":"NEW MEXICO","PADD":3,"Source":"Form EIA-815, Monthly Terminal Blenders Report","Period":"January 2025","Longitude":-108.953079,"Latitude":32.229193}},{"type":"Feature","id":5223,"geometry":{"type":"Point","coordinates":[-11797303.9726,3870644.6575]},"properties":{"OBJECTID":5223,"Company":"JET EPIC LLC","Site":"ALAMOGORDO","City":"ALAMOGORDO","State":"NEW MEXICO","PADD":3,"Source":"Form EIA-815, Monthly Terminal Blenders Report","Period":"January 2025","Longitude":-105.9769847,"Latitude":32.8140237}},{"type":"Feature","id":5224,"geometry":{"type":"Point","coordinates":[-11873314.6241,4162861.9707]},"properties":{"OBJECTID":5224,"Company":"PHILLIPS 66 PIPELINE LLC","Site":"ALBUQUERQUE NM","City":"ALBUQUERQUE","State":"NEW MEXICO","PADD":3,"Source":"Form EIA-815, Monthly Terminal Blenders Report","Period":"January 2025","Longitude":-106.6598,"Latitude":34.9925}},{"type":"Feature","id":5225,"geometry":{"type":"Point","coordinates":[-11870432.5625,4181688.2739]},"properties":{"OBJECTID":5225,"Company":"HF SINCLAIR ASPHALT CO LLC","Site":"ALBUQUERQUE","City":"ALBUQUERQUE","State":"NEW MEXICO","PADD":3,"Source":"Form EIA-815, Monthly Terminal Blenders Report","Period":"January 2025","Longitude":-106.63391,"Latitude":35.13093}},{"type":"Feature","id":5226,"geometry":{"type":"Point","coordinates":[-11621266.7029,3878651.6635]},"properties":{"OBJECTID":5226,"Company":"HF SINCLAIR ASPHALT CO LLC","Site":"ARTESIA","City":"ARTESIA","State":"NEW MEXICO","PADD":3,"Source":"Form EIA-815, Monthly Terminal Blenders Report","Period":"January 2025","Longitude":-104.395615,"Latitude":32.874454}},{"type":"Feature","id":5227,"geometry":{"type":"Point","coordinates":[-11802726.4897,4163566.0057]},"properties":{"OBJECTID":5227,"Company":"HOLLY ENERGY PARTNERS","Site":"MORIARTY","City":"MORIARTY","State":"NEW MEXICO","PADD":3,"Source":"Form EIA-815, Monthly Terminal Blenders Report","Period":"January 2025","Longitude":-106.025696,"Latitude":34.997681}},{"type":"Feature","id":5228,"geometry":{"type":"Point","coordinates":[-11825264.6791,4229573.3758]},"properties":{"OBJECTID":5228,"Company":"NUSTAR ENERGY LP","Site":"ROSARIO ASPHALT","City":"PEAA BLANCA","State":"NEW MEXICO","PADD":3,"Source":"Form EIA-815, Monthly Terminal Blenders Report","Period":"January 2025","Longitude":-106.22816,"Latitude":35.48197}},{"type":"Feature","id":5229,"geometry":{"type":"Point","coordinates":[-11873136.5129,4162652.712]},"properties":{"OBJECTID":5229,"Company":"NUSTAR ENERGY LP","Site":"ALBUQUERQUE","City":"ALBUQUERQUE","State":"NEW MEXICO","PADD":3,"Source":"Form EIA-815, Monthly Terminal Blenders Report","Period":"January 2025","Longitude":-106.6582,"Latitude":34.99096}},{"type":"Feature","id":5230,"geometry":{"type":"Point","coordinates":[-11871756.1512,4170140.5095]},"properties":{"OBJECTID":5230,"Company":"MUSKET CORP","Site":"ABQ TERMINAL","City":"ALBUQUERQUE","State":"NEW MEXICO","PADD":3,"Source":"Form EIA-815, Monthly Terminal Blenders Report","Period":"January 2025","Longitude":-106.6458,"Latitude":35.046047}},{"type":"Feature","id":5231,"geometry":{"type":"Point","coordinates":[-11803339.1922,4167999.5558]},"properties":{"OBJECTID":5231,"Company":"ENTERPRISE REFINED PRODUCTS CO LLC","Site":"MORIARTY","City":"MORIARTY","State":"NEW MEXICO","PADD":3,"Source":"Form EIA-815, Monthly Terminal Blenders Report","Period":"January 2025","Longitude":-106.0312,"Latitude":35.0303}},{"type":"Feature","id":5232,"geometry":{"type":"Point","coordinates":[-12019765.9896,4397200.7216]},"properties":{"OBJECTID":5232,"Company":"ANDEAVOR LOGISTICS LP","Site":"BLOOMFIELD","City":"BLOOMFIELD","State":"NEW MEXICO","PADD":3,"Source":"Form EIA-815, Monthly Terminal Blenders Report","Period":"January 2025","Longitude":-107.975395,"Latitude":36.698761}},{"type":"Feature","id":5233,"geometry":{"type":"Point","coordinates":[-11487212.7664,3796715.1665]},"properties":{"OBJECTID":5233,"Company":"ANDEAVOR LOGISTICS LP","Site":"JAL LPG STORAGE","City":"JAL","State":"NEW MEXICO","PADD":3,"Source":"Form EIA-815, Monthly Terminal Blenders Report","Period":"January 2025","Longitude":-103.191388,"Latitude":32.254127}},{"type":"Feature","id":5234,"geometry":{"type":"Point","coordinates":[-11872040.0159,4170130.0396]},"properties":{"OBJECTID":5234,"Company":"ANDEAVOR LOGISTICS LP","Site":"ALBUQUERQUE PRODTS TRMNL","City":"ALBUQUERQUE","State":"NEW MEXICO","PADD":3,"Source":"Form EIA-815, Monthly Terminal Blenders Report","Period":"January 2025","Longitude":-106.64835,"Latitude":35.04597}},{"type":"Feature","id":5235,"geometry":{"type":"Point","coordinates":[-11486535.0534,3795921.8489]},"properties":{"OBJECTID":5235,"Company":"ENTERPRISE REFINED PRODUCTS CO","Site":"JAL","City":"JAL","State":"NEW MEXICO","PADD":3,"Source":"Form EIA-815, Monthly Terminal Blenders Report","Period":"January 2025","Longitude":-103.1853,"Latitude":32.2481}},{"type":"Feature","id":5236,"geometry":{"type":"Point","coordinates":[-8785903.2786,5310746.6351]},"properties":{"OBJECTID":5236,"Company":"MARATHON PETROLEUM CO LP","Site":"BUFFALO TERMINAL","City":"TONAWANDA","State":"NEW YORK","PADD":1,"Source":"Form EIA-815, Monthly Terminal Blenders Report","Period":"January 2025","Longitude":-78.925112,"Latitude":42.99195}},{"type":"Feature","id":5237,"geometry":{"type":"Point","coordinates":[-8786741.4031,5308431.9555]},"properties":{"OBJECTID":5237,"Company":"SUNOCO LOGISTICS","Site":"BUFFALO","City":"BUFFALO","State":"NEW YORK","PADD":1,"Source":"Form EIA-815, Monthly Terminal Blenders Report","Period":"January 2025","Longitude":-78.932641,"Latitude":42.976739}},{"type":"Feature","id":5238,"geometry":{"type":"Point","coordinates":[-8220750.0313,4979738.6824]},"properties":{"OBJECTID":5238,"Company":"THE ENERGY CONSRV GROUP LLC","Site":"THE ENERGY CONSRV GROUP LLC","City":"COLLEGE POINT","State":"NEW YORK","PADD":1,"Source":"Form EIA-815, Monthly Terminal Blenders Report","Period":"January 2025","Longitude":-73.848254,"Latitude":40.778592}},{"type":"Feature","id":5239,"geometry":{"type":"Point","coordinates":[-8237457.3057,4964307.9284]},"properties":{"OBJECTID":5239,"Company":"BAYSIDE FUEL OIL DEPOT CORP","Site":"SMITH STREET","City":"BROOKLYN","State":"NEW YORK","PADD":1,"Source":"Form EIA-815, Monthly Terminal Blenders Report","Period":"January 2025","Longitude":-73.998338,"Latitude":40.673543}},{"type":"Feature","id":5240,"geometry":{"type":"Point","coordinates":[-8230075.265,4970263.5293]},"properties":{"OBJECTID":5240,"Company":"BAYSIDE FUEL OIL DEPOT CORP","Site":"GRAND STREET","City":"BROOKLYN","State":"NEW YORK","PADD":1,"Source":"Form EIA-815, Monthly Terminal Blenders Report","Period":"January 2025","Longitude":-73.932024,"Latitude":40.714107}},{"type":"Feature","id":5241,"geometry":{"type":"Point","coordinates":[-8230753.5347,4972338.5052]},"properties":{"OBJECTID":5241,"Company":"KINDER MORGAN LIQ TERMLS LLC","Site":"BROOKLYN","City":"BROOKLYN","State":"NEW YORK","PADD":1,"Source":"Form EIA-815, Monthly Terminal Blenders Report","Period":"January 2025","Longitude":-73.938117,"Latitude":40.728234}},{"type":"Feature","id":5242,"geometry":{"type":"Point","coordinates":[-8233672.443,5150266.7216]},"properties":{"OBJECTID":5242,"Company":"HOP ENERGY LLC","Site":"KOSCOHERITAGENERGY","City":"KINGSTON","State":"NEW YORK","PADD":1,"Source":"Form EIA-815, Monthly Terminal Blenders Report","Period":"January 2025","Longitude":-73.964338,"Latitude":41.928444}},{"type":"Feature","id":5243,"geometry":{"type":"Point","coordinates":[-8226786.108,4983819.2746]},"properties":{"OBJECTID":5243,"Company":"SPRAGUE OPERATING RESRCS LLC","Site":"BRONX","City":"BRONX","State":"NEW YORK","PADD":1,"Source":"Form EIA-815, Monthly Terminal Blenders Report","Period":"January 2025","Longitude":-73.902477,"Latitude":40.806344}},{"type":"Feature","id":5244,"geometry":{"type":"Point","coordinates":[-8209432.0673,4957542.7564]},"properties":{"OBJECTID":5244,"Company":"SPRAGUE OPERATING RESRCS LLC","Site":"INWOOD","City":"INWOOD","State":"NEW YORK","PADD":1,"Source":"Form EIA-815, Monthly Terminal Blenders Report","Period":"January 2025","Longitude":-73.746583,"Latitude":40.627435}},{"type":"Feature","id":5245,"geometry":{"type":"Point","coordinates":[-8208502.9948,4957638.8282]},"properties":{"OBJECTID":5245,"Company":"SPRAGUE OPERATING RESRCS LLC","Site":"LAWRENCE BLENDING TERMINAL","City":"LAWRENCE","State":"NEW YORK","PADD":1,"Source":"Form EIA-815, Monthly Terminal Blenders Report","Period":"January 2025","Longitude":-73.738237,"Latitude":40.62809}},{"type":"Feature","id":5246,"geometry":{"type":"Point","coordinates":[-8227286.0438,4983173.5181]},"properties":{"OBJECTID":5246,"Company":"SPRAGUE OPERATING RESRCS LLC","Site":"PORT MORRIS","City":"BRONX","State":"NEW YORK","PADD":1,"Source":"Form EIA-815, Monthly Terminal Blenders Report","Period":"January 2025","Longitude":-73.906968,"Latitude":40.801953}},{"type":"Feature","id":5247,"geometry":{"type":"Point","coordinates":[-8209710.9226,5255180.9276]},"properties":{"OBJECTID":5247,"Company":"SPRAGUE OPERATING RESOURCES LLC","Site":"RENSELLAER","City":"RENSSELAER","State":"NEW YORK","PADD":1,"Source":"Form EIA-815, Monthly Terminal Blenders Report","Period":"January 2025","Longitude":-73.749088,"Latitude":42.625759}},{"type":"Feature","id":5248,"geometry":{"type":"Point","coordinates":[-8215824.4777,5201426.0898]},"properties":{"OBJECTID":5248,"Company":"PECKHAM INDUSTRIES INC","Site":"PECKHAM INDUSTRIES INC","City":"ATHENS","State":"NEW YORK","PADD":1,"Source":"Form EIA-815, Monthly Terminal Blenders Report","Period":"January 2025","Longitude":-73.804007,"Latitude":42.26944}},{"type":"Feature","id":5249,"geometry":{"type":"Point","coordinates":[-8198429.9168,4987140.0581]},"properties":{"OBJECTID":5249,"Company":"GLOBAL COMPANIES LLC","Site":"GLENNWOOD LANDING","City":"GLENWOOD LANDING","State":"NEW YORK","PADD":1,"Source":"Form EIA-815, Monthly Terminal Blenders Report","Period":"January 2025","Longitude":-73.647749,"Latitude":40.82892}},{"type":"Feature","id":5250,"geometry":{"type":"Point","coordinates":[-8210282.4369,5255961.3237]},"properties":{"OBJECTID":5250,"Company":"GLOBAL COMPANIES LLC","Site":"ERIE BLVD","City":"ALBANY","State":"NEW YORK","PADD":1,"Source":"Form EIA-815, Monthly Terminal Blenders Report","Period":"January 2025","Longitude":-73.754222,"Latitude":42.630917}},{"type":"Feature","id":5251,"geometry":{"type":"Point","coordinates":[-8238918.8193,5083948.4139]},"properties":{"OBJECTID":5251,"Company":"GLOBAL CO LLC","Site":"NORTH NEWBURGH","City":"NEWBURGH","State":"NEW YORK","PADD":1,"Source":"Form EIA-815, Monthly Terminal Blenders Report","Period":"January 2025","Longitude":-74.011467,"Latitude":41.483681}},{"type":"Feature","id":5252,"geometry":{"type":"Point","coordinates":[-8239115.4095,5083486.8873]},"properties":{"OBJECTID":5252,"Company":"GLOBAL CO LLC","Site":"SOUTH NEWBURGH","City":"NEW WINDSOR","State":"NEW YORK","PADD":1,"Source":"Form EIA-815, Monthly Terminal Blenders Report","Period":"January 2025","Longitude":-74.013233,"Latitude":41.480575}},{"type":"Feature","id":5253,"geometry":{"type":"Point","coordinates":[-8239227.2856,5082628.6791]},"properties":{"OBJECTID":5253,"Company":"GLOBAL CO LLC","Site":"CARGO NEWBURGH","City":"NEWBURGH","State":"NEW YORK","PADD":1,"Source":"Form EIA-815, Monthly Terminal Blenders Report","Period":"January 2025","Longitude":-74.014238,"Latitude":41.474799}},{"type":"Feature","id":5254,"geometry":{"type":"Point","coordinates":[-8231294.1021,4973145.143]},"properties":{"OBJECTID":5254,"Company":"UNITED METRO ENERGY CORP","Site":"BROOKLYN BLENDING TERMINAL NY","City":"BROOKLYN","State":"NEW YORK","PADD":1,"Source":"Form EIA-815, Monthly Terminal Blenders Report","Period":"January 2025","Longitude":-73.942973,"Latitude":40.733725}},{"type":"Feature","id":5255,"geometry":{"type":"Point","coordinates":[-8238761.1909,5084345.7664]},"properties":{"OBJECTID":5255,"Company":"GLOBAL COMPANIES LLC","Site":"NEWBURGH","City":"NEW WINDSOR","State":"NEW YORK","PADD":1,"Source":"Form EIA-815, Monthly Terminal Blenders Report","Period":"January 2025","Longitude":-74.010051,"Latitude":41.486355}},{"type":"Feature","id":5256,"geometry":{"type":"Point","coordinates":[-8786458.5403,5311686.6094]},"properties":{"OBJECTID":5256,"Company":"UNITED REFINING CO","Site":"TONAWANDA","City":"TONAWANDA","State":"NEW YORK","PADD":1,"Source":"Form EIA-815, Monthly Terminal Blenders Report","Period":"January 2025","Longitude":-78.9301,"Latitude":42.998126}},{"type":"Feature","id":5257,"geometry":{"type":"Point","coordinates":[-8645631.7034,5333385.7036]},"properties":{"OBJECTID":5257,"Company":"UNITED REFINING CO","Site":"ROCHESTER","City":"ROCHESTER","State":"NEW YORK","PADD":1,"Source":"Form EIA-815, Monthly Terminal Blenders Report","Period":"January 2025","Longitude":-77.665031,"Latitude":43.140525}},{"type":"Feature","id":5258,"geometry":{"type":"Point","coordinates":[-8210079.6128,5257685.2931]},"properties":{"OBJECTID":5258,"Company":"GLOBAL COMPANIES LLC","Site":"ALBANY","City":"ALBANY","State":"NEW YORK","PADD":1,"Source":"Form EIA-815, Monthly Terminal Blenders Report","Period":"January 2025","Longitude":-73.7524,"Latitude":42.64231}},{"type":"Feature","id":5259,"geometry":{"type":"Point","coordinates":[-8199818.5161,5011709.5004]},"properties":{"OBJECTID":5259,"Company":"WESTMORE FUELS","Site":"WESTMORE FUELS","City":"PORT CHESTER","State":"NEW YORK","PADD":1,"Source":"Form EIA-815, Monthly Terminal Blenders Report","Period":"January 2025","Longitude":-73.660223,"Latitude":40.995714}},{"type":"Feature","id":5260,"geometry":{"type":"Point","coordinates":[-8517502.6355,5382559.4413]},"properties":{"OBJECTID":5260,"Company":"WT TERMINAL OSWEGO LLC","Site":"WT TERMINAL OSWEGO LLC","City":"OSWEGO","State":"NEW YORK","PADD":1,"Source":"Form EIA-815, Monthly Terminal Blenders Report","Period":"January 2025","Longitude":-76.514028,"Latitude":43.462}},{"type":"Feature","id":5261,"geometry":{"type":"Point","coordinates":[-8087017.4742,5009150.7349]},"properties":{"OBJECTID":5261,"Company":"UNITED REFINING CO","Site":"RIVERHEAD","City":"RIVERHEAD","State":"NEW YORK","PADD":1,"Source":"Form EIA-815, Monthly Terminal Blenders Report","Period":"January 2025","Longitude":-72.646914,"Latitude":40.978363}},{"type":"Feature","id":5262,"geometry":{"type":"Point","coordinates":[-8211365.5755,5254009.5471]},"properties":{"OBJECTID":5262,"Company":"BUCKEYE ALBANY TERMINAL LLC","Site":"ALBANY","City":"ALBANY","State":"NEW YORK","PADD":1,"Source":"Form EIA-815, Monthly Terminal Blenders Report","Period":"January 2025","Longitude":-73.763952,"Latitude":42.618016}},{"type":"Feature","id":5263,"geometry":{"type":"Point","coordinates":[-8230560.3953,5114309.6288]},"properties":{"OBJECTID":5263,"Company":"MEENAN OIL LP","Site":"POUGHKEEPSIE","City":"MELVILLE","State":"NEW YORK","PADD":1,"Source":"Form EIA-815, Monthly Terminal Blenders Report","Period":"January 2025","Longitude":-73.936382,"Latitude":41.68768}},{"type":"Feature","id":5264,"geometry":{"type":"Point","coordinates":[-8231574.5159,5056381.3473]},"properties":{"OBJECTID":5264,"Company":"MEENAN OIL LP","Site":"CORTLAND MANOR","City":"CORTLAND","State":"NEW YORK","PADD":1,"Source":"Form EIA-815, Monthly Terminal Blenders Report","Period":"January 2025","Longitude":-73.945492,"Latitude":41.297898}},{"type":"Feature","id":5265,"geometry":{"type":"Point","coordinates":[-8210053.3414,5252789.306]},"properties":{"OBJECTID":5265,"Company":"BUCKEYE TERMINALS LLC","Site":"RENSSELAER","City":"RENSSELAER","State":"NEW YORK","PADD":1,"Source":"Form EIA-815, Monthly Terminal Blenders Report","Period":"January 2025","Longitude":-73.752164,"Latitude":42.609949}},{"type":"Feature","id":5266,"geometry":{"type":"Point","coordinates":[-8214461.1479,5240388.7795]},"properties":{"OBJECTID":5266,"Company":"ENTERPRISE TERMINALS & STORAGE LLC","Site":"SELKIRK LPG TERMINAL","City":"SELKIRK","State":"NEW YORK","PADD":1,"Source":"Form EIA-815, Monthly Terminal Blenders Report","Period":"January 2025","Longitude":-73.79176,"Latitude":42.52791}},{"type":"Feature","id":5267,"geometry":{"type":"Point","coordinates":[-8359907.5211,5234578.1343]},"properties":{"OBJECTID":5267,"Company":"ENTERPRISE TERMINALS & STORAGE LLC","Site":"ONEONTA LPG TERMINAL","City":"ONEONTA","State":"NEW YORK","PADD":1,"Source":"Form EIA-815, Monthly Terminal Blenders Report","Period":"January 2025","Longitude":-75.098327,"Latitude":42.489431}},{"type":"Feature","id":5268,"geometry":{"type":"Point","coordinates":[-8565926.8366,5217650.7164]},"properties":{"OBJECTID":5268,"Company":"ENTERPRISE TERMINALS & STORAGE LLC","Site":"WATKINS GLEN TERMINAL","City":"WATKINS GLEN","State":"NEW YORK","PADD":1,"Source":"Form EIA-815, Monthly Terminal Blenders Report","Period":"January 2025","Longitude":-76.94903,"Latitude":42.3772}},{"type":"Feature","id":5269,"geometry":{"type":"Point","coordinates":[-8482770.0638,5224415.1213]},"properties":{"OBJECTID":5269,"Company":"ENTERPRISE TERMINALS & STORAGE LLC","Site":"HARFORD MILLS LPG TERMINAL","City":"HARFORD MILLS","State":"NEW YORK","PADD":1,"Source":"Form EIA-815, Monthly Terminal Blenders Report","Period":"January 2025","Longitude":-76.20202,"Latitude":42.422073}},{"type":"Feature","id":5270,"geometry":{"type":"Point","coordinates":[-8208985.4535,4958585.3692]},"properties":{"OBJECTID":5270,"Company":"SHELL OIL PRODUCTS US","Site":"LONG ISLAND BLENDING TERMINAL","City":"LAWRENCE","State":"NEW YORK","PADD":1,"Source":"Form EIA-815, Monthly Terminal Blenders Report","Period":"January 2025","Longitude":-73.742571,"Latitude":40.634543}},{"type":"Feature","id":5271,"geometry":{"type":"Point","coordinates":[-8647194.0724,5337072.8819]},"properties":{"OBJECTID":5271,"Company":"BUCKEYE TERMINALS LLC","Site":"ROCHESTER WEST","City":"ROCHESTER","State":"NEW YORK","PADD":1,"Source":"Form EIA-815, Monthly Terminal Blenders Report","Period":"January 2025","Longitude":-77.679066,"Latitude":43.164689}},{"type":"Feature","id":5272,"geometry":{"type":"Point","coordinates":[-8235367.8389,5095997.5388]},"properties":{"OBJECTID":5272,"Company":"BUCKEYE TERMINALS LLC","Site":"ROSETON","City":"NEWBURGH","State":"NEW YORK","PADD":1,"Source":"Form EIA-815, Monthly Terminal Blenders Report","Period":"January 2025","Longitude":-73.979568,"Latitude":41.564717}},{"type":"Feature","id":5273,"geometry":{"type":"Point","coordinates":[-8211649.1063,5249168.8413]},"properties":{"OBJECTID":5273,"Company":"CITGO HOLDING TERMINALS LLC","Site":"ALBANY","City":"GLENMONT","State":"NEW YORK","PADD":1,"Source":"Form EIA-815, Monthly Terminal Blenders Report","Period":"January 2025","Longitude":-73.766499,"Latitude":42.586008}},{"type":"Feature","id":5274,"geometry":{"type":"Point","coordinates":[-8211938.537,5252431.7495]},"properties":{"OBJECTID":5274,"Company":"PETROLEUM FUEL & TERMINAL CO","Site":"GLENMONT","City":"GLENMONT","State":"NEW YORK","PADD":1,"Source":"Form EIA-815, Monthly Terminal Blenders Report","Period":"January 2025","Longitude":-73.769099,"Latitude":42.607585}},{"type":"Feature","id":5275,"geometry":{"type":"Point","coordinates":[-8459998.1035,5176446.0598]},"properties":{"OBJECTID":5275,"Company":"CITGO PETROLEUM CORP","Site":"VESTAL","City":"VESTAL","State":"NEW YORK","PADD":1,"Source":"Form EIA-815, Monthly Terminal Blenders Report","Period":"January 2025","Longitude":-75.997456,"Latitude":42.103168}},{"type":"Feature","id":5276,"geometry":{"type":"Point","coordinates":[-8647100.1188,5337072.5767]},"properties":{"OBJECTID":5276,"Company":"PETROLEUM FUEL & TERMINAL CO","Site":"GATES","City":"ROCHESTER","State":"NEW YORK","PADD":1,"Source":"Form EIA-815, Monthly Terminal Blenders Report","Period":"January 2025","Longitude":-77.678222,"Latitude":43.164687}},{"type":"Feature","id":5277,"geometry":{"type":"Point","coordinates":[-8600450.3503,5206774.0147]},"properties":{"OBJECTID":5277,"Company":"CRESTWOOD MIDSTREAM PARTNERS LP","Site":"SAVONA","City":"SAVONA","State":"NEW YORK","PADD":1,"Source":"Form EIA-815, Monthly Terminal Blenders Report","Period":"January 2025","Longitude":-77.25916,"Latitude":42.30498}},{"type":"Feature","id":5278,"geometry":{"type":"Point","coordinates":[-8136756.8038,5000008.1802]},"properties":{"OBJECTID":5278,"Company":"NORTHVILLE INDUSTRIES CORP","Site":"EAST SETAUKET","City":"EAST SETAUKET","State":"NEW YORK","PADD":1,"Source":"Form EIA-815, Monthly Terminal Blenders Report","Period":"January 2025","Longitude":-73.09373,"Latitude":40.91633}},{"type":"Feature","id":5279,"geometry":{"type":"Point","coordinates":[-8232250.4478,4973646.9932]},"properties":{"OBJECTID":5279,"Company":"SUNOCO MIDSTREAM LLC","Site":"BROOKLYN","City":"BROOKLYN","State":"NEW YORK","PADD":1,"Source":"Form EIA-815, Monthly Terminal Blenders Report","Period":"January 2025","Longitude":-73.951564,"Latitude":40.737141}},{"type":"Feature","id":5280,"geometry":{"type":"Point","coordinates":[-8133705.2026,4984849.838]},"properties":{"OBJECTID":5280,"Company":"NIC HOLDING CORP","Site":"NORTH HOLTSVILLE TERMINAL","City":"HOLTSVILLE","State":"NEW YORK","PADD":1,"Source":"Form EIA-815, Monthly Terminal Blenders Report","Period":"January 2025","Longitude":-73.066317,"Latitude":40.813351}},{"type":"Feature","id":5281,"geometry":{"type":"Point","coordinates":[-8787321.3776,5310309.7071]},"properties":{"OBJECTID":5281,"Company":"SUIT-KOTE CORP","Site":"TONAWANDA ASPHALT","City":"TONAWANDA","State":"NEW YORK","PADD":1,"Source":"Form EIA-815, Monthly Terminal Blenders Report","Period":"January 2025","Longitude":-78.937851,"Latitude":42.989079}},{"type":"Feature","id":5282,"geometry":{"type":"Point","coordinates":[-8208941.1483,5257909.2674]},"properties":{"OBJECTID":5282,"Company":"SUNOCO LLC","Site":"SUNOCO HUDSON TERMINAL","City":"RENSSELAER","State":"NEW YORK","PADD":1,"Source":"Form EIA-815, Monthly Terminal Blenders Report","Period":"January 2025","Longitude":-73.742173,"Latitude":42.64379}},{"type":"Feature","id":5283,"geometry":{"type":"Point","coordinates":[-8644398.7287,5331917.7383]},"properties":{"OBJECTID":5283,"Company":"BUCKEYE TERMINALS LLC","Site":"ROCHESTER SOUTH","City":"ROCHESTER","State":"NEW YORK","PADD":1,"Source":"Form EIA-815, Monthly Terminal Blenders Report","Period":"January 2025","Longitude":-77.653955,"Latitude":43.130902}},{"type":"Feature","id":5284,"geometry":{"type":"Point","coordinates":[-8376381.2472,5331724.9353]},"properties":{"OBJECTID":5284,"Company":"SUNOCO LLC","Site":"MARCY","City":"MARCY","State":"NEW YORK","PADD":1,"Source":"Form EIA-815, Monthly Terminal Blenders Report","Period":"January 2025","Longitude":-75.246313,"Latitude":43.129638}},{"type":"Feature","id":5285,"geometry":{"type":"Point","coordinates":[-8645924.0283,5335047.5305]},"properties":{"OBJECTID":5285,"Company":"SUNOCO LLC","Site":"ROCHESTER","City":"ROCHESTER","State":"NEW YORK","PADD":1,"Source":"Form EIA-815, Monthly Terminal Blenders Report","Period":"January 2025","Longitude":-77.667657,"Latitude":43.151417}},{"type":"Feature","id":5286,"geometry":{"type":"Point","coordinates":[-8775466.0745,5291570.3807]},"properties":{"OBJECTID":5286,"Company":"BUCKEYE TERMINALS LLC","Site":"BUFFALO","City":"BUFFALO","State":"NEW YORK","PADD":1,"Source":"Form EIA-815, Monthly Terminal Blenders Report","Period":"January 2025","Longitude":-78.831352999999993,"Latitude":42.865819}},{"type":"Feature","id":5287,"geometry":{"type":"Point","coordinates":[-8567209.0145,5180285.2733]},"properties":{"OBJECTID":5287,"Company":"SUNOCO LLC","Site":"BIG FLATS","City":"BIG FLATS","State":"NEW YORK","PADD":1,"Source":"Form EIA-815, Monthly Terminal Blenders Report","Period":"January 2025","Longitude":-76.960548,"Latitude":42.128751}},{"type":"Feature","id":5288,"geometry":{"type":"Point","coordinates":[-8460840.6807,5175935.1919]},"properties":{"OBJECTID":5288,"Company":"BUCKEYE TERMINALS LLC","Site":"VESTAL","City":"VESTAL","State":"NEW YORK","PADD":1,"Source":"Form EIA-815, Monthly Terminal Blenders Report","Period":"January 2025","Longitude":-76.005025,"Latitude":42.099763}},{"type":"Feature","id":5289,"geometry":{"type":"Point","coordinates":[-8373287.122,5328268.7333]},"properties":{"OBJECTID":5289,"Company":"BUCKEYE TERMINALS LLC","Site":"UTICA","City":"UTICA","State":"NEW YORK","PADD":1,"Source":"Form EIA-815, Monthly Terminal Blenders Report","Period":"January 2025","Longitude":-75.218518,"Latitude":43.106975}},{"type":"Feature","id":5290,"geometry":{"type":"Point","coordinates":[-8644639.1788,5331918.0434]},"properties":{"OBJECTID":5290,"Company":"BUCKEYE TERMINALS LLC","Site":"ROCHESTER NORTH","City":"ROCHESTER","State":"NEW YORK","PADD":1,"Source":"Form EIA-815, Monthly Terminal Blenders Report","Period":"January 2025","Longitude":-77.656115,"Latitude":43.130904}},{"type":"Feature","id":5291,"geometry":{"type":"Point","coordinates":[-8377168.7213,5332124.7314]},"properties":{"OBJECTID":5291,"Company":"BUCKEYE TERMINALS LLC","Site":"MARCY","City":"MARCY","State":"NEW YORK","PADD":1,"Source":"Form EIA-815, Monthly Terminal Blenders Report","Period":"January 2025","Longitude":-75.253387,"Latitude":43.132259}},{"type":"Feature","id":5292,"geometry":{"type":"Point","coordinates":[-8475923.5812,5348234.5525]},"properties":{"OBJECTID":5292,"Company":"BUCKEYE TERMINALS LLC","Site":"BREWERTON","City":"BREWERTON","State":"NEW YORK","PADD":1,"Source":"Form EIA-815, Monthly Terminal Blenders Report","Period":"January 2025","Longitude":-76.140517,"Latitude":43.237779}},{"type":"Feature","id":5293,"geometry":{"type":"Point","coordinates":[-8494123.0934,5326657.9641]},"properties":{"OBJECTID":5293,"Company":"SUNOCO LOGISTICS","Site":"SYRACUSE","City":"WARNERS","State":"NEW YORK","PADD":1,"Source":"Form EIA-815, Monthly Terminal Blenders Report","Period":"January 2025","Longitude":-76.304006,"Latitude":43.09641}},{"type":"Feature","id":5294,"geometry":{"type":"Point","coordinates":[-8209435.7408,4957290.1873]},"properties":{"OBJECTID":5294,"Company":"GLOBAL COMPANIES LLC","Site":"INWOOD","City":"INWOOD","State":"NEW YORK","PADD":1,"Source":"Form EIA-815, Monthly Terminal Blenders Report","Period":"January 2025","Longitude":-73.746616,"Latitude":40.625713}},{"type":"Feature","id":5295,"geometry":{"type":"Point","coordinates":[-8646786.0865,5337074.2555]},"properties":{"OBJECTID":5295,"Company":"SUNOCO LOGISTICS","Site":"ROCHESTER","City":"ROCHESTER","State":"NEW YORK","PADD":1,"Source":"Form EIA-815, Monthly Terminal Blenders Report","Period":"January 2025","Longitude":-77.675401,"Latitude":43.164698}},{"type":"Feature","id":5296,"geometry":{"type":"Point","coordinates":[-8209698.6775,5255416.3408]},"properties":{"OBJECTID":5296,"Company":"PETROLEUM FUEL AND TERMINAL COMPANY","Site":"ALBANY","City":"RENSSELAER","State":"NEW YORK","PADD":1,"Source":"Form EIA-815, Monthly Terminal Blenders Report","Period":"January 2025","Longitude":-73.748978,"Latitude":42.627315}},{"type":"Feature","id":5297,"geometry":{"type":"Point","coordinates":[-8925356.3217,4247555.5098]},"properties":{"OBJECTID":5297,"Company":"ECO-ENERGY DISTRIBUTION SERVICES LLC","Site":"ECO-ENERGY DISTRIBUTION - HIGH ROCK","City":"DENTON","State":"NORTH CAROLINA","PADD":1,"Source":"Form EIA-815, Monthly Terminal Blenders Report","Period":"January 2025","Longitude":-80.17784,"Latitude":35.613401}},{"type":"Feature","id":5298,"geometry":{"type":"Point","coordinates":[-8677406.1822,4053084.7777]},"properties":{"OBJECTID":5298,"Company":"APEX OIL COMPANY INC","Site":"WILMINGTON","City":"WILMINGTON","State":"NORTH CAROLINA","PADD":1,"Source":"Form EIA-815, Monthly Terminal Blenders Report","Period":"January 2025","Longitude":-77.950466,"Latitude":34.18065}},{"type":"Feature","id":5299,"geometry":{"type":"Point","coordinates":[-8677403.6219,4056793.116]},"properties":{"OBJECTID":5299,"Company":"KINDER MORGAN TMNLS WILMINGTON LLC","Site":"KM WILMINGTON WOODBINE ST TERMINAL","City":"WILMINGTON","State":"NORTH CAROLINA","PADD":1,"Source":"Form EIA-815, Monthly Terminal Blenders Report","Period":"January 2025","Longitude":-77.950443,"Latitude":34.208204}},{"type":"Feature","id":5300,"geometry":{"type":"Point","coordinates":[-8716386.7057,4239038.4689]},"properties":{"OBJECTID":5300,"Company":"KINDER MORGAN SOUTHEAST TERMINAL","Site":"SELMA 4","City":"SELMA","State":"NORTH CAROLINA","PADD":1,"Source":"Form EIA-815, Monthly Terminal Blenders Report","Period":"January 2025","Longitude":-78.300634,"Latitude":35.551177}},{"type":"Feature","id":5301,"geometry":{"type":"Point","coordinates":[-8716095.0486,4239537.0667]},"properties":{"OBJECTID":5301,"Company":"KINDER MORGAN SOUTHEAST TERMINAL","Site":"SELMA 3","City":"SELMA","State":"NORTH CAROLINA","PADD":1,"Source":"Form EIA-815, Monthly Terminal Blenders Report","Period":"January 2025","Longitude":-78.298014,"Latitude":35.554821}},{"type":"Feature","id":5302,"geometry":{"type":"Point","coordinates":[-9008823.7872,4201886.7018]},"properties":{"OBJECTID":5302,"Company":"KINDER MORGAN SOUTHEAST TERMINAL","Site":"CHARLOTTE 3","City":"CHARLOTTE","State":"NORTH CAROLINA","PADD":1,"Source":"Form EIA-815, Monthly Terminal Blenders Report","Period":"January 2025","Longitude":-80.927641,"Latitude":35.279188}},{"type":"Feature","id":5303,"geometry":{"type":"Point","coordinates":[-8716999.8534,4239151.6229]},"properties":{"OBJECTID":5303,"Company":"KINDER MORGAN SOUTHEAST TERMINAL","Site":"SELMA 1","City":"SELMA","State":"NORTH CAROLINA","PADD":1,"Source":"Form EIA-815, Monthly Terminal Blenders Report","Period":"January 2025","Longitude":-78.306142,"Latitude":35.552004}},{"type":"Feature","id":5304,"geometry":{"type":"Point","coordinates":[-8897368.598,4311504.8153]},"properties":{"OBJECTID":5304,"Company":"KINDER MORGAN SOUTHEAST TERMINAL","Site":"GREENSBORO # 1","City":"GREENSBORO","State":"NORTH CAROLINA","PADD":1,"Source":"Form EIA-815, Monthly Terminal Blenders Report","Period":"January 2025","Longitude":-79.926422,"Latitude":36.079056}},{"type":"Feature","id":5305,"geometry":{"type":"Point","coordinates":[-9010068.1165,4202403.2565]},"properties":{"OBJECTID":5305,"Company":"KINDER MORGAN SOUTHEAST TERMINAL","Site":"CHARLOTTE 1","City":"CHARLOTTE","State":"NORTH CAROLINA","PADD":1,"Source":"Form EIA-815, Monthly Terminal Blenders Report","Period":"January 2025","Longitude":-80.938819,"Latitude":35.282976}},{"type":"Feature","id":5306,"geometry":{"type":"Point","coordinates":[-9009917.9465,4201774.0666]},"properties":{"OBJECTID":5306,"Company":"KINDER MORGAN SOUTHEAST TERMINAL","Site":"CHARLOTTE 2","City":"CHARLOTTE","State":"NORTH CAROLINA","PADD":1,"Source":"Form EIA-815, Monthly Terminal Blenders Report","Period":"January 2025","Longitude":-80.93747,"Latitude":35.278362}},{"type":"Feature","id":5307,"geometry":{"type":"Point","coordinates":[-8898376.1507,4310908.1565]},"properties":{"OBJECTID":5307,"Company":"KINDER MORGAN SOUTHEAST TERMINAL","Site":"GREENSBORO # 2","City":"GREENSBORO","State":"NORTH CAROLINA","PADD":1,"Source":"Form EIA-815, Monthly Terminal Blenders Report","Period":"January 2025","Longitude":-79.935473,"Latitude":36.074724}},{"type":"Feature","id":5308,"geometry":{"type":"Point","coordinates":[-8716900.4451,4239083.2104]},"properties":{"OBJECTID":5308,"Company":"KINDER MORGAN SOUTHEAST TERMINAL","Site":"SELMA 2","City":"SELMA","State":"NORTH CAROLINA","PADD":1,"Source":"Form EIA-815, Monthly Terminal Blenders Report","Period":"January 2025","Longitude":-78.305249,"Latitude":35.551504}},{"type":"Feature","id":5309,"geometry":{"type":"Point","coordinates":[-8677056.973,4058644.9126]},"properties":{"OBJECTID":5309,"Company":"CTI OF NORTH CAROLINA INC","Site":"WILMINGTON","City":"WILMINGTON","State":"NORTH CAROLINA","PADD":1,"Source":"Form EIA-815, Monthly Terminal Blenders Report","Period":"January 2025","Longitude":-77.947329,"Latitude":34.22196}},{"type":"Feature","id":5310,"geometry":{"type":"Point","coordinates":[-8897228.558,4311444.2113]},"properties":{"OBJECTID":5310,"Company":"PETROLEUM FUEL & TERMINAL CO","Site":"GREENSBORO","City":"GREENSBORO","State":"NORTH CAROLINA","PADD":1,"Source":"Form EIA-815, Monthly Terminal Blenders Report","Period":"January 2025","Longitude":-79.925164,"Latitude":36.078616}},{"type":"Feature","id":5311,"geometry":{"type":"Point","coordinates":[-8899377.6921,4310454.4864]},"properties":{"OBJECTID":5311,"Company":"COLONIAL PIPELINE COMPANY","Site":"GREENSBORO","City":"GREENSBORO","State":"NORTH CAROLINA","PADD":1,"Source":"Form EIA-815, Monthly Terminal Blenders Report","Period":"January 2025","Longitude":-79.94447,"Latitude":36.07143}},{"type":"Feature","id":5312,"geometry":{"type":"Point","coordinates":[-9009670.7059,4201929.2471]},"properties":{"OBJECTID":5312,"Company":"COLONIAL TERMINALS OPERATING CO LLC","Site":"CHARLOTTE","City":"CHARLOTTE","State":"NORTH CAROLINA","PADD":1,"Source":"Form EIA-815, Monthly Terminal Blenders Report","Period":"January 2025","Longitude":-80.935249,"Latitude":35.2795}},{"type":"Feature","id":5313,"geometry":{"type":"Point","coordinates":[-9009953.5687,4201909.7472]},"properties":{"OBJECTID":5313,"Company":"GLOBAL CO LLC","Site":"CHARLOTTE SOUTH TERMINAL","City":"CHARLOTTE","State":"NORTH CAROLINA","PADD":1,"Source":"Form EIA-815, Monthly Terminal Blenders Report","Period":"January 2025","Longitude":-80.93779,"Latitude":35.279357}},{"type":"Feature","id":5314,"geometry":{"type":"Point","coordinates":[-8677436.6838,4053267.7841]},"properties":{"OBJECTID":5314,"Company":"BKEP MATERIALS LLC","Site":"WILMINGTON","City":"WILMINGTON","State":"NORTH CAROLINA","PADD":1,"Source":"Form EIA-815, Monthly Terminal Blenders Report","Period":"January 2025","Longitude":-77.95074,"Latitude":34.18201}},{"type":"Feature","id":5315,"geometry":{"type":"Point","coordinates":[-8716078.9073,4239579.621]},"properties":{"OBJECTID":5315,"Company":"BUCKEYE SE TERMINALS LP","Site":"SELMA","City":"SELMA","State":"NORTH CAROLINA","PADD":1,"Source":"Form EIA-815, Monthly Terminal Blenders Report","Period":"January 2025","Longitude":-78.297869,"Latitude":35.555132}},{"type":"Feature","id":5316,"geometry":{"type":"Point","coordinates":[-8785090.9803,4179513.5191]},"properties":{"OBJECTID":5316,"Company":"GLOBAL CO LLC","Site":"FAYETTEVILLE TERMINAL","City":"FAYETTEVILLE","State":"NORTH CAROLINA","PADD":1,"Source":"Form EIA-815, Monthly Terminal Blenders Report","Period":"January 2025","Longitude":-78.917815,"Latitude":35.114951}},{"type":"Feature","id":5317,"geometry":{"type":"Point","coordinates":[-8896515.1114,4311014.6216]},"properties":{"OBJECTID":5317,"Company":"GLOBAL CO LLC","Site":"GREENSBORO TERMINAL","City":"GREENSBORO","State":"NORTH CAROLINA","PADD":1,"Source":"Form EIA-815, Monthly Terminal Blenders Report","Period":"January 2025","Longitude":-79.918755,"Latitude":36.075497}},{"type":"Feature","id":5318,"geometry":{"type":"Point","coordinates":[-8896436.8538,4311205.3799]},"properties":{"OBJECTID":5318,"Company":"BUCKEYE SE TERMINALS LP","Site":"GREENSBORO 1","City":"GREENSBORO","State":"NORTH CAROLINA","PADD":1,"Source":"Form EIA-815, Monthly Terminal Blenders Report","Period":"January 2025","Longitude":-79.918052,"Latitude":36.076882}},{"type":"Feature","id":5319,"geometry":{"type":"Point","coordinates":[-8537873.1004,4126049.3265]},"properties":{"OBJECTID":5319,"Company":"ASPHALT EMULSIONS LLC","Site":"MOREHEAD CITY","City":"MOREHEAD CITY","State":"NORTH CAROLINA","PADD":1,"Source":"Form EIA-815, Monthly Terminal Blenders Report","Period":"January 2025","Longitude":-76.697019,"Latitude":34.721139}},{"type":"Feature","id":5320,"geometry":{"type":"Point","coordinates":[-9010182.9982,4202124.5212]},"properties":{"OBJECTID":5320,"Company":"BUCKEYE SE TERMINALS LP","Site":"CHARLOTTE 2","City":"CHARLOTTE","State":"NORTH CAROLINA","PADD":1,"Source":"Form EIA-815, Monthly Terminal Blenders Report","Period":"January 2025","Longitude":-80.939851,"Latitude":35.280932}},{"type":"Feature","id":5321,"geometry":{"type":"Point","coordinates":[-9008595.3596,4202145.1125]},"properties":{"OBJECTID":5321,"Company":"BUCKEYE SE TERMINALS LP","Site":"CHARLOTTE 1","City":"CHARLOTTE","State":"NORTH CAROLINA","PADD":1,"Source":"Form EIA-815, Monthly Terminal Blenders Report","Period":"January 2025","Longitude":-80.925589,"Latitude":35.281083}},{"type":"Feature","id":5322,"geometry":{"type":"Point","coordinates":[-8896684.2057,4311027.4305]},"properties":{"OBJECTID":5322,"Company":"ASSOCIATED ASPHALT GREENSBORO LLC","Site":"GREENSBORO","City":"GREENSBORO","State":"NORTH CAROLINA","PADD":1,"Source":"Form EIA-815, Monthly Terminal Blenders Report","Period":"January 2025","Longitude":-79.920274,"Latitude":36.07559}},{"type":"Feature","id":5323,"geometry":{"type":"Point","coordinates":[-8898207.0564,4311981.1191]},"properties":{"OBJECTID":5323,"Company":"BUCKEYE SE TERMINALS LP","Site":"GREENSBORO 2","City":"GREENSBORO","State":"NORTH CAROLINA","PADD":1,"Source":"Form EIA-815, Monthly Terminal Blenders Report","Period":"January 2025","Longitude":-79.933954,"Latitude":36.082514}},{"type":"Feature","id":5324,"geometry":{"type":"Point","coordinates":[-8962362.3713,4257524.1921]},"properties":{"OBJECTID":5324,"Company":"ASSOCIATED ASPHALT SALISBURY LLC","Site":"SALISBURY","City":"SALISBURY","State":"NORTH CAROLINA","PADD":1,"Source":"Form EIA-815, Monthly Terminal Blenders Report","Period":"January 2025","Longitude":-80.510271,"Latitude":35.686169}},{"type":"Feature","id":5325,"geometry":{"type":"Point","coordinates":[-9010188.6755,4181070.0606]},"properties":{"OBJECTID":5325,"Company":"ASSOCIATED ASPHALT CHARLOTTE LLC","Site":"CHARLOTTE","City":"CHARLOTTE","State":"NORTH CAROLINA","PADD":1,"Source":"Form EIA-815, Monthly Terminal Blenders Report","Period":"January 2025","Longitude":-80.939902,"Latitude":35.126388}},{"type":"Feature","id":5326,"geometry":{"type":"Point","coordinates":[-8717404.8337,4239416.1095]},"properties":{"OBJECTID":5326,"Company":"TRANSMONTAIGNE OPERATING COMPANY","Site":"SELMA - N","City":"SELMA","State":"NORTH CAROLINA","PADD":1,"Source":"Form EIA-815, Monthly Terminal Blenders Report","Period":"January 2025","Longitude":-78.30978,"Latitude":35.553937}},{"type":"Feature","id":5327,"geometry":{"type":"Point","coordinates":[-8896922.2068,4311301.3801]},"properties":{"OBJECTID":5327,"Company":"TRANSMONTAIGNE OPERATING COMPANY","Site":"GREENSBORO","City":"GREENSBORO","State":"NORTH CAROLINA","PADD":1,"Source":"Form EIA-815, Monthly Terminal Blenders Report","Period":"January 2025","Longitude":-79.922412,"Latitude":36.077579}},{"type":"Feature","id":5328,"geometry":{"type":"Point","coordinates":[-9009457.1951,4201830.3841]},"properties":{"OBJECTID":5328,"Company":"TRANSMONTAIGNE OPERATING COMPANY","Site":"CHARLOTTEPAW CREEK","City":"CHARLOTTE","State":"NORTH CAROLINA","PADD":1,"Source":"Form EIA-815, Monthly Terminal Blenders Report","Period":"January 2025","Longitude":-80.933331,"Latitude":35.278775}},{"type":"Feature","id":5329,"geometry":{"type":"Point","coordinates":[-8775922.1505,4260177.4896]},"properties":{"OBJECTID":5329,"Company":"ENT PROPANE TERMINALS & STORAGE LLC","Site":"APEX PROPANE STORAGE TERMINAL","City":"APEX","State":"NORTH CAROLINA","PADD":1,"Source":"Form EIA-815, Monthly Terminal Blenders Report","Period":"January 2025","Longitude":-78.83545,"Latitude":35.705526}},{"type":"Feature","id":5330,"geometry":{"type":"Point","coordinates":[-9263118.2471,4216536.8884]},"properties":{"OBJECTID":5330,"Company":"ENTERPRISE PRODUCTS OPERATING LLC","Site":"SYLVA -NGL","City":"SYLVA","State":"NORTH CAROLINA","PADD":1,"Source":"Form EIA-815, Monthly Terminal Blenders Report","Period":"January 2025","Longitude":-83.212007,"Latitude":35.386552}},{"type":"Feature","id":5331,"geometry":{"type":"Point","coordinates":[-9009534.1169,4201886.2927]},"properties":{"OBJECTID":5331,"Company":"CITGO PETROLEUM CORP","Site":"CHARLOTTE","City":"CHARLOTTE","State":"NORTH CAROLINA","PADD":1,"Source":"Form EIA-815, Monthly Terminal Blenders Report","Period":"January 2025","Longitude":-80.934022,"Latitude":35.279185}},{"type":"Feature","id":5332,"geometry":{"type":"Point","coordinates":[-8716379.5812,4239053.7932]},"properties":{"OBJECTID":5332,"Company":"CITGO PETROLEUM CORP","Site":"SELMA","City":"SELMA","State":"NORTH CAROLINA","PADD":1,"Source":"Form EIA-815, Monthly Terminal Blenders Report","Period":"January 2025","Longitude":-78.30057,"Latitude":35.551289}},{"type":"Feature","id":5333,"geometry":{"type":"Point","coordinates":[-9009970.9346,4202288.9796]},"properties":{"OBJECTID":5333,"Company":"GLOBAL CO LLC","Site":"CHARLOTTE NORTH TERMINAL","City":"CHARLOTTE","State":"NORTH CAROLINA","PADD":1,"Source":"Form EIA-815, Monthly Terminal Blenders Report","Period":"January 2025","Longitude":-80.937946,"Latitude":35.282138}},{"type":"Feature","id":5334,"geometry":{"type":"Point","coordinates":[-8717837.7552,4239590.2938]},"properties":{"OBJECTID":5334,"Company":"SUNOCO MIDSTREAM LLC","Site":"SELMA","City":"SELMA","State":"NORTH CAROLINA","PADD":1,"Source":"Form EIA-815, Monthly Terminal Blenders Report","Period":"January 2025","Longitude":-78.313669,"Latitude":35.55521}},{"type":"Feature","id":5335,"geometry":{"type":"Point","coordinates":[-9010349.5322,4202184.7951]},"properties":{"OBJECTID":5335,"Company":"MCK TERMINALS LLC","Site":"CHARLOTTE","City":"CHARLOTTE","State":"NORTH CAROLINA","PADD":1,"Source":"Form EIA-815, Monthly Terminal Blenders Report","Period":"January 2025","Longitude":-80.941347,"Latitude":35.281374}},{"type":"Feature","id":5336,"geometry":{"type":"Point","coordinates":[-8773780.9201,4262042.4619]},"properties":{"OBJECTID":5336,"Company":"GLOBAL CO LLC","Site":"RALEIGH TERMINAL","City":"APEX","State":"NORTH CAROLINA","PADD":1,"Source":"Form EIA-815, Monthly Terminal Blenders Report","Period":"January 2025","Longitude":-78.816215,"Latitude":35.719129}},{"type":"Feature","id":5337,"geometry":{"type":"Point","coordinates":[-9009111.6594,4201802.2935]},"properties":{"OBJECTID":5337,"Company":"MPLX TERMINALS LLC","Site":"CHARLOTTE","City":"CHARLOTTE","State":"NORTH CAROLINA","PADD":1,"Source":"Form EIA-815, Monthly Terminal Blenders Report","Period":"January 2025","Longitude":-80.930227,"Latitude":35.278569}},{"type":"Feature","id":5338,"geometry":{"type":"Point","coordinates":[-8716908.2375,4238491.1868]},"properties":{"OBJECTID":5338,"Company":"MPLX TERMINALS LLC","Site":"SELMA","City":"SELMA","State":"NORTH CAROLINA","PADD":1,"Source":"Form EIA-815, Monthly Terminal Blenders Report","Period":"January 2025","Longitude":-78.305319,"Latitude":35.547177}},{"type":"Feature","id":5339,"geometry":{"type":"Point","coordinates":[-8717359.972,4239383.5444]},"properties":{"OBJECTID":5339,"Company":"MPLX TERMINALS LLC","Site":"SELMA NC MOC 1","City":"SELMA","State":"NORTH CAROLINA","PADD":1,"Source":"Form EIA-815, Monthly Terminal Blenders Report","Period":"January 2025","Longitude":-78.309377,"Latitude":35.553699}},{"type":"Feature","id":5340,"geometry":{"type":"Point","coordinates":[-10786840.5128,5922933.2276]},"properties":{"OBJECTID":5340,"Company":"FLINT HILL RESOURCES LP","Site":"WEST FARGO","City":"WEST FARGO","State":"NORTH DAKOTA","PADD":2,"Source":"Form EIA-815, Monthly Terminal Blenders Report","Period":"January 2025","Longitude":-96.899837,"Latitude":46.882605}},{"type":"Feature","id":5341,"geometry":{"type":"Point","coordinates":[-11276810.9138,6145898.8333]},"properties":{"OBJECTID":5341,"Company":"CHS INC","Site":"MINOT","City":"MINOT","State":"NORTH DAKOTA","PADD":2,"Source":"Form EIA-815, Monthly Terminal Blenders Report","Period":"January 2025","Longitude":-101.301316,"Latitude":48.234156}},{"type":"Feature","id":5342,"geometry":{"type":"Point","coordinates":[-10784883.2935,5921975.2909]},"properties":{"OBJECTID":5342,"Company":"MAGELLAN PIPELINE CO LP","Site":"FARGO","City":"FARGO","State":"NORTH DAKOTA","PADD":2,"Source":"Form EIA-815, Monthly Terminal Blenders Report","Period":"January 2025","Longitude":-96.882255,"Latitude":46.876723}},{"type":"Feature","id":5343,"geometry":{"type":"Point","coordinates":[-11131526.5105,6168689.5245]},"properties":{"OBJECTID":5343,"Company":"PKM COCHIN LLC","Site":"MAXBASS","City":"MAXBASS","State":"NORTH DAKOTA","PADD":2,"Source":"Form EIA-815, Monthly Terminal Blenders Report","Period":"January 2025","Longitude":-99.996204,"Latitude":48.370344}},{"type":"Feature","id":5344,"geometry":{"type":"Point","coordinates":[-10988183.8532,5927409.9854]},"properties":{"OBJECTID":5344,"Company":"NUSTAR ENERGY LP","Site":"JAMESTOWN TERMINAL","City":"JAMESTOWN","State":"NORTH DAKOTA","PADD":2,"Source":"Form EIA-815, Monthly Terminal Blenders Report","Period":"January 2025","Longitude":-98.708535,"Latitude":46.910085}},{"type":"Feature","id":5345,"geometry":{"type":"Point","coordinates":[-10807588.9074,6095783.1081]},"properties":{"OBJECTID":5345,"Company":"MAGELLAN PIPELINE CO LP","Site":"GRAND FORKS","City":"GRAND FORKS","State":"NORTH DAKOTA","PADD":2,"Source":"Form EIA-815, Monthly Terminal Blenders Report","Period":"January 2025","Longitude":-97.086223,"Latitude":47.933406}},{"type":"Feature","id":5346,"geometry":{"type":"Point","coordinates":[-9091196.9821,5081585.1438]},"properties":{"OBJECTID":5346,"Company":"SUNOCO LOGISTICS","Site":"CLEVELAND","City":"CLEVELAND","State":"OHIO","PADD":2,"Source":"Form EIA-815, Monthly Terminal Blenders Report","Period":"January 2025","Longitude":-81.667612,"Latitude":41.467775}},{"type":"Feature","id":5347,"geometry":{"type":"Point","coordinates":[-9364599.544,4967804.4444]},"properties":{"OBJECTID":5347,"Company":"MPLX TERMINALS LLC","Site":"LIMA","City":"LIMA","State":"OHIO","PADD":2,"Source":"Form EIA-815, Monthly Terminal Blenders Report","Period":"January 2025","Longitude":-84.123629,"Latitude":40.697361}},{"type":"Feature","id":5348,"geometry":{"type":"Point","coordinates":[-9289787.2802,5108977.9859]},"properties":{"OBJECTID":5348,"Company":"MPLX TERMINALS LLC","Site":"OREGON","City":"OREGON","State":"OHIO","PADD":2,"Source":"Form EIA-815, Monthly Terminal Blenders Report","Period":"January 2025","Longitude":-83.451579,"Latitude":41.651903}},{"type":"Feature","id":5349,"geometry":{"type":"Point","coordinates":[-9369216.1859,4835038.9644]},"properties":{"OBJECTID":5349,"Company":"SUNOCO LOGISTICS","Site":"DAYTON","City":"DAYTON","State":"OHIO","PADD":2,"Source":"Form EIA-815, Monthly Terminal Blenders Report","Period":"January 2025","Longitude":-84.165101,"Latitude":39.787008}},{"type":"Feature","id":5350,"geometry":{"type":"Point","coordinates":[-9422510.0581,4734434.2559]},"properties":{"OBJECTID":5350,"Company":"BUCKEYE TERMINALS LLC","Site":"CINCINNATI","City":"CINCINNATI","State":"OHIO","PADD":2,"Source":"Form EIA-815, Monthly Terminal Blenders Report","Period":"January 2025","Longitude":-84.643848,"Latitude":39.089043}},{"type":"Feature","id":5351,"geometry":{"type":"Point","coordinates":[-8978786.6717,5017443.6923]},"properties":{"OBJECTID":5351,"Company":"SUNOCO LOGISTICS","Site":"YOUNGSTOWN","City":"YOUNGSTOWN","State":"OHIO","PADD":2,"Source":"Form EIA-815, Monthly Terminal Blenders Report","Period":"January 2025","Longitude":-80.657813,"Latitude":41.034581}},{"type":"Feature","id":5352,"geometry":{"type":"Point","coordinates":[-9440411.5681,4738648.4445]},"properties":{"OBJECTID":5352,"Company":"MARATHON PETROLEUM CO LLC","Site":"NORTH BEND OH ASPHALT","City":"NORTH BEND","State":"OHIO","PADD":2,"Source":"Form EIA-815, Monthly Terminal Blenders Report","Period":"January 2025","Longitude":-84.80466,"Latitude":39.11842}},{"type":"Feature","id":5353,"geometry":{"type":"Point","coordinates":[-9251002.2337,4861282.9031]},"properties":{"OBJECTID":5353,"Company":"SUNOCO LOGISTICS","Site":"COLUMBUS WEST","City":"COLUMBUS","State":"OHIO","PADD":2,"Source":"Form EIA-815, Monthly Terminal Blenders Report","Period":"January 2025","Longitude":-83.103167,"Latitude":39.967929}},{"type":"Feature","id":5354,"geometry":{"type":"Point","coordinates":[-9092248.7287,5084441.615]},"properties":{"OBJECTID":5354,"Company":"MARATHON PETROLEUM CO LLC","Site":"CLEVELAND - ASPHALT","City":"CLEVELAND","State":"OHIO","PADD":2,"Source":"Form EIA-815, Monthly Terminal Blenders Report","Period":"January 2025","Longitude":-81.67706,"Latitude":41.487}},{"type":"Feature","id":5355,"geometry":{"type":"Point","coordinates":[-9214249.7699,5058410.324]},"properties":{"OBJECTID":5355,"Company":"MARATHON PETROLEUM CO LLC","Site":"BELLEVUE","City":"BELLEVUE","State":"OHIO","PADD":2,"Source":"Form EIA-815, Monthly Terminal Blenders Report","Period":"January 2025","Longitude":-82.773014,"Latitude":41.31159}},{"type":"Feature","id":5356,"geometry":{"type":"Point","coordinates":[-8983502.9445,5025085.5905]},"properties":{"OBJECTID":5356,"Company":"MARATHON PETROLEUM CO LLC","Site":"YOUNGSTOWN","City":"YOUNGSTOWN","State":"OHIO","PADD":2,"Source":"Form EIA-815, Monthly Terminal Blenders Report","Period":"January 2025","Longitude":-80.70018,"Latitude":41.086343}},{"type":"Feature","id":5357,"geometry":{"type":"Point","coordinates":[-8974459.2378,4924898.4063]},"properties":{"OBJECTID":5357,"Company":"MARATHON PETROLEUM CO LLC","Site":"STEUBENVILLE","City":"STEUBENVILLE","State":"OHIO","PADD":2,"Source":"Form EIA-815, Monthly Terminal Blenders Report","Period":"January 2025","Longitude":-80.618939,"Latitude":40.4045}},{"type":"Feature","id":5358,"geometry":{"type":"Point","coordinates":[-8979095.9172,4952704.4491]},"properties":{"OBJECTID":5358,"Company":"MARATHON PETROLEUM CO LLC","Site":"WELLSVILLE - ASPHALT","City":"WELLSVILLE","State":"OHIO","PADD":2,"Source":"Form EIA-815, Monthly Terminal Blenders Report","Period":"January 2025","Longitude":-80.660591,"Latitude":40.59444}},{"type":"Feature","id":5359,"geometry":{"type":"Point","coordinates":[-9295720.8317,5110034.3329]},"properties":{"OBJECTID":5359,"Company":"TOLEDO TERMINAL HOLDINGS LLC","Site":"TOLEDO TERMINAL HOLDINGS LLC","City":"TOLEDO","State":"OHIO","PADD":2,"Source":"Form EIA-815, Monthly Terminal Blenders Report","Period":"January 2025","Longitude":-83.504881,"Latitude":41.658993}},{"type":"Feature","id":5360,"geometry":{"type":"Point","coordinates":[-9296081.6181,5105782.0896]},"properties":{"OBJECTID":5360,"Company":"PBF LOGISTICS PRODUCTS TERMINALS LLC","Site":"TOLEDO","City":"TOLEDO","State":"OHIO","PADD":2,"Source":"Form EIA-815, Monthly Terminal Blenders Report","Period":"January 2025","Longitude":-83.508122,"Latitude":41.630448}},{"type":"Feature","id":5361,"geometry":{"type":"Point","coordinates":[-9251910.6008,4860969.17]},"properties":{"OBJECTID":5361,"Company":"BENCHMARK BIODIESEL INC","Site":"BENCHMARK BIODIESEL","City":"COLUMBUS","State":"OHIO","PADD":2,"Source":"Form EIA-815, Monthly Terminal Blenders Report","Period":"January 2025","Longitude":-83.111327,"Latitude":39.965769}},{"type":"Feature","id":5362,"geometry":{"type":"Point","coordinates":[-9368679.292,4834838.1816]},"properties":{"OBJECTID":5362,"Company":"KINDER MORGAN LIQ TERMLS LLC","Site":"DAYTON","City":"DAYTON","State":"OHIO","PADD":2,"Source":"Form EIA-815, Monthly Terminal Blenders Report","Period":"January 2025","Longitude":-84.160278,"Latitude":39.785622}},{"type":"Feature","id":5363,"geometry":{"type":"Point","coordinates":[-9404529.6227,4745875.1964]},"properties":{"OBJECTID":5363,"Company":"KINDER MORGAN LIQ TERMLS LLC","Site":"CINCINNATI NORTH","City":"CINCINNATI","State":"OHIO","PADD":2,"Source":"Form EIA-815, Monthly Terminal Blenders Report","Period":"January 2025","Longitude":-84.482327,"Latitude":39.168769}},{"type":"Feature","id":5364,"geometry":{"type":"Point","coordinates":[-9239262.8142,4881544.1853]},"properties":{"OBJECTID":5364,"Company":"HERITAGE ASPHALT LLC","Site":"COLUMBUS","City":"COLUMBUS","State":"OHIO","PADD":2,"Source":"Form EIA-815, Monthly Terminal Blenders Report","Period":"January 2025","Longitude":-82.99771,"Latitude":40.10728}},{"type":"Feature","id":5365,"geometry":{"type":"Point","coordinates":[-9417838.2018,4732621.133]},"properties":{"OBJECTID":5365,"Company":"VALVOLINE","Site":"VALVOLINE CINCINNATI PLANT","City":"CINCINNATI","State":"OHIO","PADD":2,"Source":"Form EIA-815, Monthly Terminal Blenders Report","Period":"January 2025","Longitude":-84.60188,"Latitude":39.0764}},{"type":"Feature","id":5366,"geometry":{"type":"Point","coordinates":[-9116066.6469,5032440.1125]},"properties":{"OBJECTID":5366,"Company":"OWENS CORNING","Site":"ROOFING & ASPHALT DIV OF OWENS CORNI","City":"MEDINA","State":"OHIO","PADD":2,"Source":"Form EIA-815, Monthly Terminal Blenders Report","Period":"January 2025","Longitude":-81.89102,"Latitude":41.13612}},{"type":"Feature","id":5367,"geometry":{"type":"Point","coordinates":[-8967849.4204,4957283.1472]},"properties":{"OBJECTID":5367,"Company":"TRANSMONTAIGNE OPERATING COMPANY","Site":"EAST LIVERPOOL","City":"EAST LIVERPOOL","State":"OHIO","PADD":2,"Source":"Form EIA-815, Monthly Terminal Blenders Report","Period":"January 2025","Longitude":-80.559562,"Latitude":40.625665}},{"type":"Feature","id":5368,"geometry":{"type":"Point","coordinates":[-9376034.95,4790396.3107]},"properties":{"OBJECTID":5368,"Company":"ENTERPRISE REFINED PRODUCTS CO LLC","Site":"LEBANON RP TRUCK TERMINAL","City":"LEBANON","State":"OHIO","PADD":2,"Source":"Form EIA-815, Monthly Terminal Blenders Report","Period":"January 2025","Longitude":-84.226355,"Latitude":39.478154}},{"type":"Feature","id":5369,"geometry":{"type":"Point","coordinates":[-9395123.237,4787880.1129]},"properties":{"OBJECTID":5369,"Company":"ENTERPRISE TERMINALS & STORAGE LLC","Site":"TODHUNTER TERMINAL","City":"MIDDLETOWN","State":"OHIO","PADD":2,"Source":"Form EIA-815, Monthly Terminal Blenders Report","Period":"January 2025","Longitude":-84.397828,"Latitude":39.460705}},{"type":"Feature","id":5370,"geometry":{"type":"Point","coordinates":[-9110899.4188,4894518.6715]},"properties":{"OBJECTID":5370,"Company":"ENTERPRISE TERMINALS & STORAGE LLC","Site":"COSHOCTON TERMINAL","City":"COSHOCTON","State":"OHIO","PADD":2,"Source":"Form EIA-815, Monthly Terminal Blenders Report","Period":"January 2025","Longitude":-81.844602,"Latitude":40.196365}},{"type":"Feature","id":5371,"geometry":{"type":"Point","coordinates":[-9289924.7597,5114621.0322]},"properties":{"OBJECTID":5371,"Company":"CITGO HOLDING TERMINALS LLC","Site":"TOLEDO","City":"TOLEDO","State":"OHIO","PADD":2,"Source":"Form EIA-815, Monthly Terminal Blenders Report","Period":"January 2025","Longitude":-83.452814,"Latitude":41.689769}},{"type":"Feature","id":5372,"geometry":{"type":"Point","coordinates":[-9369197.3729,4835152.3954]},"properties":{"OBJECTID":5372,"Company":"CITGO HOLDING TERMINALS LLC","Site":"DAYTON","City":"DAYTON","State":"OHIO","PADD":2,"Source":"Form EIA-815, Monthly Terminal Blenders Report","Period":"January 2025","Longitude":-84.164932,"Latitude":39.787791}},{"type":"Feature","id":5373,"geometry":{"type":"Point","coordinates":[-8987119.7148,5041902.0609]},"properties":{"OBJECTID":5373,"Company":"BUCKEYE TERMINALS LLC","Site":"WARREN","City":"NILES","State":"OHIO","PADD":2,"Source":"Form EIA-815, Monthly Terminal Blenders Report","Period":"January 2025","Longitude":-80.73267,"Latitude":41.200105}},{"type":"Feature","id":5374,"geometry":{"type":"Point","coordinates":[-9260630.4791,4880656.9754]},"properties":{"OBJECTID":5374,"Company":"CITGO PETRO CORP","Site":"COLUMBUS","City":"COLUMBUS","State":"OHIO","PADD":2,"Source":"Form EIA-815, Monthly Terminal Blenders Report","Period":"January 2025","Longitude":-83.189659,"Latitude":40.101184}},{"type":"Feature","id":5375,"geometry":{"type":"Point","coordinates":[-9056486.1178,4981340.6026]},"properties":{"OBJECTID":5375,"Company":"BUCKEYE TERMINALS LLC","Site":"CANTON","City":"CANTON","State":"OHIO","PADD":2,"Source":"Form EIA-815, Monthly Terminal Blenders Report","Period":"January 2025","Longitude":-81.355799,"Latitude":40.789488}},{"type":"Feature","id":5376,"geometry":{"type":"Point","coordinates":[-9089744.4854,5076533.9753]},"properties":{"OBJECTID":5376,"Company":"BUCKEYE TERMINALS LLC","Site":"CUYAHOGA","City":"CLEVELAND","State":"OHIO","PADD":2,"Source":"Form EIA-815, Monthly Terminal Blenders Report","Period":"January 2025","Longitude":-81.654564,"Latitude":41.433765}},{"type":"Feature","id":5377,"geometry":{"type":"Point","coordinates":[-9249857.5354,4860184.5903]},"properties":{"OBJECTID":5377,"Company":"BUCKEYE TERMINALS LLC","Site":"COLUMBUS SOUTH","City":"COLUMBUS","State":"OHIO","PADD":2,"Source":"Form EIA-815, Monthly Terminal Blenders Report","Period":"January 2025","Longitude":-83.092884,"Latitude":39.960367}},{"type":"Feature","id":5378,"geometry":{"type":"Point","coordinates":[-9130515.9168,5057546.3416]},"properties":{"OBJECTID":5378,"Company":"BUCKEYE TERMINALS LLC","Site":"LORAIN","City":"GRAFTON","State":"OHIO","PADD":2,"Source":"Form EIA-815, Monthly Terminal Blenders Report","Period":"January 2025","Longitude":-82.02082,"Latitude":41.30576}},{"type":"Feature","id":5379,"geometry":{"type":"Point","coordinates":[-9298545.8977,5110899.462]},"properties":{"OBJECTID":5379,"Company":"BUCKEYE TERMINALS LLC","Site":"WEST TOLEDO","City":"TOLEDO","State":"OHIO","PADD":2,"Source":"Form EIA-815, Monthly Terminal Blenders Report","Period":"January 2025","Longitude":-83.530259,"Latitude":41.664799}},{"type":"Feature","id":5380,"geometry":{"type":"Point","coordinates":[-9055339.3044,5058910.5206]},"properties":{"OBJECTID":5380,"Company":"SUNOCO MIDSTREAM LLC","Site":"AURORA","City":"AURORA","State":"OHIO","PADD":2,"Source":"Form EIA-815, Monthly Terminal Blenders Report","Period":"January 2025","Longitude":-81.345497,"Latitude":41.314965}},{"type":"Feature","id":5381,"geometry":{"type":"Point","coordinates":[-9294948.831,5112799.7117]},"properties":{"OBJECTID":5381,"Company":"SUNOCO MIDSTREAM  LLC","Site":"TOLEDO","City":"TOLEDO","State":"OHIO","PADD":2,"Source":"Form EIA-815, Monthly Terminal Blenders Report","Period":"January 2025","Longitude":-83.497946,"Latitude":41.67755}},{"type":"Feature","id":5382,"geometry":{"type":"Point","coordinates":[-9092761.8002,5084251.8507]},"properties":{"OBJECTID":5382,"Company":"SUNOCO MIDSTREAM LLC","Site":"CLEVELAND","City":"CLEVELAND","State":"OHIO","PADD":2,"Source":"Form EIA-815, Monthly Terminal Blenders Report","Period":"January 2025","Longitude":-81.681669,"Latitude":41.485723}},{"type":"Feature","id":5383,"geometry":{"type":"Point","coordinates":[-9363794.2588,4972050.3]},"properties":{"OBJECTID":5383,"Company":"BUCKEYE TERMINALS LLC","Site":"LIMA NORTH","City":"LIMA","State":"OHIO","PADD":2,"Source":"Form EIA-815, Monthly Terminal Blenders Report","Period":"January 2025","Longitude":-84.116395,"Latitude":40.726272}},{"type":"Feature","id":5384,"geometry":{"type":"Point","coordinates":[-9250352.0166,4861129.5212]},"properties":{"OBJECTID":5384,"Company":"BUCKEYE TERMINALS LLC","Site":"COLUMBUS EAST","City":"COLUMBUS","State":"OHIO","PADD":2,"Source":"Form EIA-815, Monthly Terminal Blenders Report","Period":"January 2025","Longitude":-83.097326,"Latitude":39.966873}},{"type":"Feature","id":5385,"geometry":{"type":"Point","coordinates":[-9093149.6373,5084539.6935]},"properties":{"OBJECTID":5385,"Company":"BUCKEYE TERMINALS LLC","Site":"CLEVELAND","City":"CLEVELAND","State":"OHIO","PADD":2,"Source":"Form EIA-815, Monthly Terminal Blenders Report","Period":"January 2025","Longitude":-81.685153,"Latitude":41.48766}},{"type":"Feature","id":5386,"geometry":{"type":"Point","coordinates":[-9061023.5002,4775332.3341]},"properties":{"OBJECTID":5386,"Company":"MPLX TERMINALS LLC","Site":"MARIETTA","City":"MARIETTA","State":"OHIO","PADD":2,"Source":"Form EIA-815, Monthly Terminal Blenders Report","Period":"January 2025","Longitude":-81.396559,"Latitude":39.373625}},{"type":"Feature","id":5387,"geometry":{"type":"Point","coordinates":[-9368511.6448,4835169.345]},"properties":{"OBJECTID":5387,"Company":"BUCKEYE TERMINALS LLC","Site":"DAYTON","City":"DAYTON","State":"OHIO","PADD":2,"Source":"Form EIA-815, Monthly Terminal Blenders Report","Period":"January 2025","Longitude":-84.158772,"Latitude":39.787908}},{"type":"Feature","id":5388,"geometry":{"type":"Point","coordinates":[-9063087.4749,4978901.9541]},"properties":{"OBJECTID":5388,"Company":"MPLX TERMINALS LLC","Site":"CANTON","City":"CANTON","State":"OHIO","PADD":2,"Source":"Form EIA-815, Monthly Terminal Blenders Report","Period":"January 2025","Longitude":-81.4151,"Latitude":40.7729}},{"type":"Feature","id":5389,"geometry":{"type":"Point","coordinates":[-9365723.7595,4969451.9893]},"properties":{"OBJECTID":5389,"Company":"BUCKEYE TERMINALS LLC","Site":"LIMA SOUTH","City":"LIMA","State":"OHIO","PADD":2,"Source":"Form EIA-815, Monthly Terminal Blenders Report","Period":"January 2025","Longitude":-84.133728,"Latitude":40.708581}},{"type":"Feature","id":5390,"geometry":{"type":"Point","coordinates":[-9249965.6267,4859260.5156]},"properties":{"OBJECTID":5390,"Company":"SUNOCO LOGISTICS","Site":"COLUMBUS EAST","City":"COLUMBUS","State":"OHIO","PADD":2,"Source":"Form EIA-815, Monthly Terminal Blenders Report","Period":"January 2025","Longitude":-83.093855,"Latitude":39.954004}},{"type":"Feature","id":5391,"geometry":{"type":"Point","coordinates":[-9086703.0143,5053485.7699]},"properties":{"OBJECTID":5391,"Company":"MPLX TERMINALS LLC","Site":"BRECKSVILLE","City":"BRECKSVILLE","State":"OHIO","PADD":2,"Source":"Form EIA-815, Monthly Terminal Blenders Report","Period":"January 2025","Longitude":-81.627242,"Latitude":41.278353}},{"type":"Feature","id":5392,"geometry":{"type":"Point","coordinates":[-9418568.4576,4732640.9217]},"properties":{"OBJECTID":5392,"Company":"MPLX TERMINALS LLC","Site":"CINCINNATI","City":"CINCINNATI","State":"OHIO","PADD":2,"Source":"Form EIA-815, Monthly Terminal Blenders Report","Period":"January 2025","Longitude":-84.60844,"Latitude":39.076538}},{"type":"Feature","id":5393,"geometry":{"type":"Point","coordinates":[-9250903.9386,4861257.0488]},"properties":{"OBJECTID":5393,"Company":"MPLX TERMINALS LLC","Site":"COLUMBUS EAST","City":"COLUMBUS","State":"OHIO","PADD":2,"Source":"Form EIA-815, Monthly Terminal Blenders Report","Period":"January 2025","Longitude":-83.102284,"Latitude":39.967751}},{"type":"Feature","id":5394,"geometry":{"type":"Point","coordinates":[-9252173.9827,4861546.0979]},"properties":{"OBJECTID":5394,"Company":"MPLX TERMINALS LLC","Site":"COLUMBUS WEST","City":"COLUMBUS","State":"OHIO","PADD":2,"Source":"Form EIA-815, Monthly Terminal Blenders Report","Period":"January 2025","Longitude":-83.113693,"Latitude":39.969741}},{"type":"Feature","id":5395,"geometry":{"type":"Point","coordinates":[-9071242.1842,5026872.1068]},"properties":{"OBJECTID":5395,"Company":"SUNOCO LOGISTICS","Site":"AKRON","City":"AKRON","State":"OHIO","PADD":2,"Source":"Form EIA-815, Monthly Terminal Blenders Report","Period":"January 2025","Longitude":-81.488355,"Latitude":41.098438}},{"type":"Feature","id":5396,"geometry":{"type":"Point","coordinates":[-9180371.464,4869338.7802]},"properties":{"OBJECTID":5396,"Company":"MPLX TERMINALS LLC","Site":"HEATH","City":"HEATH","State":"OHIO","PADD":2,"Source":"Form EIA-815, Monthly Terminal Blenders Report","Period":"January 2025","Longitude":-82.46868,"Latitude":40.023369}},{"type":"Feature","id":5397,"geometry":{"type":"Point","coordinates":[-10771582.2841,4291107.856]},"properties":{"OBJECTID":5397,"Company":"KEYERA ENERGY","Site":"WILDHORSE TERMINAL","City":"CUSHING","State":"OKLAHOMA","PADD":2,"Source":"Form EIA-815, Monthly Terminal Blenders Report","Period":"January 2025","Longitude":-96.76277,"Latitude":35.93083}},{"type":"Feature","id":5398,"geometry":{"type":"Point","coordinates":[-10809647.8727,4394717.7368]},"properties":{"OBJECTID":5398,"Company":"PHILLIPS 66 COMPANY","Site":"PONCA CITY OK","City":"PONCA CITY","State":"OKLAHOMA","PADD":2,"Source":"Form EIA-815, Monthly Terminal Blenders Report","Period":"January 2025","Longitude":-97.104719,"Latitude":36.680875}},{"type":"Feature","id":5399,"geometry":{"type":"Point","coordinates":[-10879621.1895,4412225.2071]},"properties":{"OBJECTID":5399,"Company":"PHILLIPS 66 COMPANY","Site":"MEDFORD OK","City":"MEDFORD","State":"OKLAHOMA","PADD":2,"Source":"Form EIA-815, Monthly Terminal Blenders Report","Period":"January 2025","Longitude":-97.7333,"Latitude":36.8069}},{"type":"Feature","id":5400,"geometry":{"type":"Point","coordinates":[-10685991.1767,4301989.0493]},"properties":{"OBJECTID":5400,"Company":"PHILLIPS 66 COMPANY","Site":"GLENPOOL OK","City":"JENKS","State":"OKLAHOMA","PADD":2,"Source":"Form EIA-815, Monthly Terminal Blenders Report","Period":"January 2025","Longitude":-95.993892,"Latitude":36.009939}},{"type":"Feature","id":5401,"geometry":{"type":"Point","coordinates":[-10609201.9901,4265192.7848]},"properties":{"OBJECTID":5401,"Company":"BKEP MATERIALS LLC","Site":"MUSKOGEE","City":"MUSKOGEE","State":"OKLAHOMA","PADD":2,"Source":"Form EIA-815, Monthly Terminal Blenders Report","Period":"January 2025","Longitude":-95.304083,"Latitude":35.742102}},{"type":"Feature","id":5402,"geometry":{"type":"Point","coordinates":[-10609033.5637,4271198.6475]},"properties":{"OBJECTID":5402,"Company":"BKEP MATERIALS LLC","Site":"PORT OF MUSKOGEE","City":"MUSKOGEE","State":"OKLAHOMA","PADD":2,"Source":"Form EIA-815, Monthly Terminal Blenders Report","Period":"January 2025","Longitude":-95.30257,"Latitude":35.78588}},{"type":"Feature","id":5403,"geometry":{"type":"Point","coordinates":[-10657304.7005,4333891.1657]},"properties":{"OBJECTID":5403,"Company":"BKEP MATERIALS LLC","Site":"CATOOSA PORT 33","City":"CATOOSA","State":"OKLAHOMA","PADD":2,"Source":"Form EIA-815, Monthly Terminal Blenders Report","Period":"January 2025","Longitude":-95.736197,"Latitude":36.241418}},{"type":"Feature","id":5404,"geometry":{"type":"Point","coordinates":[-10846664.7203,4229121.1615]},"properties":{"OBJECTID":5404,"Company":"PHILLIPS 66 COMPANY","Site":"OKLAHOMA CITY OK","City":"OKLAHOMA CITY","State":"OKLAHOMA","PADD":2,"Source":"Form EIA-815, Monthly Terminal Blenders Report","Period":"January 2025","Longitude":-97.437247,"Latitude":35.478662}},{"type":"Feature","id":5405,"geometry":{"type":"Point","coordinates":[-10644511.8646,4324310.1904]},"properties":{"OBJECTID":5405,"Company":"BKEP MATERIALS LLC","Site":"CATOOSA AC","City":"CATOOSA","State":"OKLAHOMA","PADD":2,"Source":"Form EIA-815, Monthly Terminal Blenders Report","Period":"January 2025","Longitude":-95.621277,"Latitude":36.171971}},{"type":"Feature","id":5406,"geometry":{"type":"Point","coordinates":[-10848399.412,4228125.7541]},"properties":{"OBJECTID":5406,"Company":"OWENS CORNING","Site":"OKLAHOMA CITY ASPHALT PLANT","City":"OKLAHOMA CITY","State":"OKLAHOMA","PADD":2,"Source":"Form EIA-815, Monthly Terminal Blenders Report","Period":"January 2025","Longitude":-97.45283,"Latitude":35.47138}},{"type":"Feature","id":5407,"geometry":{"type":"Point","coordinates":[-10846168.792,4228910.0981]},"properties":{"OBJECTID":5407,"Company":"TRANSMONTAIGNE OPERATING COMPANY","Site":"OKLAHOMA CITY","City":"OKLAHOMA CITY","State":"OKLAHOMA","PADD":2,"Source":"Form EIA-815, Monthly Terminal Blenders Report","Period":"January 2025","Longitude":-97.432792,"Latitude":35.477118}},{"type":"Feature","id":5408,"geometry":{"type":"Point","coordinates":[-10851555.5422,4228904.7669]},"properties":{"OBJECTID":5408,"Company":"CITGO PETROLEUM CORP","Site":"OKLAHOMA CITY","City":"OKLAHOMA CITY","State":"OKLAHOMA","PADD":2,"Source":"Form EIA-815, Monthly Terminal Blenders Report","Period":"January 2025","Longitude":-97.481182,"Latitude":35.477079}},{"type":"Feature","id":5409,"geometry":{"type":"Point","coordinates":[-10657421.6973,4334175.3572]},"properties":{"OBJECTID":5409,"Company":"NUSTAR ENERGY LP","Site":"CATOOSA ASPHALT","City":"CATOOSA","State":"OKLAHOMA","PADD":2,"Source":"Form EIA-815, Monthly Terminal Blenders Report","Period":"January 2025","Longitude":-95.737248,"Latitude":36.243477}},{"type":"Feature","id":5410,"geometry":{"type":"Point","coordinates":[-10847156.0846,4227534.3209]},"properties":{"OBJECTID":5410,"Company":"MAGELLAN PIPELINE CO LP","Site":"OKLAHOMA CITY","City":"OKLAHOMA CITY","State":"OKLAHOMA","PADD":2,"Source":"Form EIA-815, Monthly Terminal Blenders Report","Period":"January 2025","Longitude":-97.441661,"Latitude":35.467053}},{"type":"Feature","id":5411,"geometry":{"type":"Point","coordinates":[-10891145.0946,4357172.7683]},"properties":{"OBJECTID":5411,"Company":"MAGELLAN PIPELINE CO LP","Site":"ENID","City":"ENID","State":"OKLAHOMA","PADD":2,"Source":"Form EIA-815, Monthly Terminal Blenders Report","Period":"January 2025","Longitude":-97.836821,"Latitude":36.409916}},{"type":"Feature","id":5412,"geometry":{"type":"Point","coordinates":[-10732557.0103,4147436.2914]},"properties":{"OBJECTID":5412,"Company":"MAGELLAN PIPELINE CO LP","Site":"ALLEN","City":"ALLEN","State":"OKLAHOMA","PADD":2,"Source":"Form EIA-815, Monthly Terminal Blenders Report","Period":"January 2025","Longitude":-96.4122,"Latitude":34.8789}},{"type":"Feature","id":5413,"geometry":{"type":"Point","coordinates":[-10689943.9092,4318748.33]},"properties":{"OBJECTID":5413,"Company":"MAGELLAN PIPELINE CO LP","Site":"TULSA","City":"TULSA","State":"OKLAHOMA","PADD":2,"Source":"Form EIA-815, Monthly Terminal Blenders Report","Period":"January 2025","Longitude":-96.0294,"Latitude":36.131628}},{"type":"Feature","id":5414,"geometry":{"type":"Point","coordinates":[-10965505.2899,4109973.9003]},"properties":{"OBJECTID":5414,"Company":"ERGON ASPHALT AND EMULSIONS","Site":"LAWTON PLANT","City":"LAWTON","State":"OKLAHOMA","PADD":2,"Source":"Form EIA-815, Monthly Terminal Blenders Report","Period":"January 2025","Longitude":-98.50481,"Latitude":34.60236}},{"type":"Feature","id":5415,"geometry":{"type":"Point","coordinates":[-10658163.6417,4333894.4783]},"properties":{"OBJECTID":5415,"Company":"ERGON ASPHALT & EMULSIONS","Site":"CATOOSA EM PLANT","City":"CATOOSA","State":"OKLAHOMA","PADD":2,"Source":"Form EIA-815, Monthly Terminal Blenders Report","Period":"January 2025","Longitude":-95.743913,"Latitude":36.241442}},{"type":"Feature","id":5416,"geometry":{"type":"Point","coordinates":[-13656188.553,5702456.2288]},"properties":{"OBJECTID":5416,"Company":"KINDER MORGAN PORTLAND LIQUIDS TERMI","Site":"WILLBRIDGE","City":"PORTLAND","State":"OREGON","PADD":5,"Source":"Form EIA-815, Monthly Terminal Blenders Report","Period":"January 2025","Longitude":-122.675629,"Latitude":45.511795}},{"type":"Feature","id":5417,"geometry":{"type":"Point","coordinates":[-13709890.4112,5479569.4023]},"properties":{"OBJECTID":5417,"Company":"SFPP LP","Site":"EUGENE","City":"EUGENE","State":"OREGON","PADD":5,"Source":"Form EIA-815, Monthly Terminal Blenders Report","Period":"January 2025","Longitude":-123.158041,"Latitude":44.091219}},{"type":"Feature","id":5418,"geometry":{"type":"Point","coordinates":[-13663446.6951,5710679.9538]},"properties":{"OBJECTID":5418,"Company":"PHILLIPS 66","Site":"PHILLIPS 66 PORTLAND LUBRICANTS","City":"PORTLAND","State":"OREGON","PADD":5,"Source":"Form EIA-815, Monthly Terminal Blenders Report","Period":"January 2025","Longitude":-122.74083,"Latitude":45.56354}},{"type":"Feature","id":5419,"geometry":{"type":"Point","coordinates":[-13665517.349,5713290.4969]},"properties":{"OBJECTID":5419,"Company":"PACIFIC TERMINAL SERVICES INC","Site":"PORTLAND","City":"PORTLAND","State":"OREGON","PADD":5,"Source":"Form EIA-815, Monthly Terminal Blenders Report","Period":"January 2025","Longitude":-122.759431,"Latitude":45.579956}},{"type":"Feature","id":5420,"geometry":{"type":"Point","coordinates":[-13663540.5375,5710517.2972]},"properties":{"OBJECTID":5420,"Company":"PHILLIPS 66 COMPANY","Site":"PORTLAND OR","City":"PORTLAND","State":"OREGON","PADD":5,"Source":"Form EIA-815, Monthly Terminal Blenders Report","Period":"January 2025","Longitude":-122.741673,"Latitude":45.562517}},{"type":"Feature","id":5421,"geometry":{"type":"Point","coordinates":[-13662955.5536,5710412.836]},"properties":{"OBJECTID":5421,"Company":"CHEVRON USA INC WILLBRIDGE","Site":"WILLBRIDGE TERMINAL","City":"PORTLAND","State":"OREGON","PADD":5,"Source":"Form EIA-815, Monthly Terminal Blenders Report","Period":"January 2025","Longitude":-122.736418,"Latitude":45.56186}},{"type":"Feature","id":5422,"geometry":{"type":"Point","coordinates":[-13710893.2885,5808503.4915]},"properties":{"OBJECTID":5422,"Company":"GLOBAL CO LLC","Site":"CLATSKANIE","City":"CLATSKANIE","State":"OREGON","PADD":5,"Source":"Form EIA-815, Monthly Terminal Blenders Report","Period":"January 2025","Longitude":-123.16705,"Latitude":46.17541}},{"type":"Feature","id":5423,"geometry":{"type":"Point","coordinates":[-13663402.5013,5710896.9929]},"properties":{"OBJECTID":5423,"Company":"ZENITH ENERGY TERMINALS HOLDINGS LLC","Site":"WILLBRIDGE","City":"PORTLAND","State":"OREGON","PADD":5,"Source":"Form EIA-815, Monthly Terminal Blenders Report","Period":"January 2025","Longitude":-122.740433,"Latitude":45.564905}},{"type":"Feature","id":5424,"geometry":{"type":"Point","coordinates":[-13660856.1793,5708317.5102]},"properties":{"OBJECTID":5424,"Company":"OWENS CORNING","Site":"ROOFING & ASPHALT DIV OF OWENS CORNI","City":"PORTLAND","State":"OREGON","PADD":5,"Source":"Form EIA-815, Monthly Terminal Blenders Report","Period":"January 2025","Longitude":-122.717559,"Latitude":45.54868}},{"type":"Feature","id":5425,"geometry":{"type":"Point","coordinates":[-13285094.0098,5767168.3018]},"properties":{"OBJECTID":5425,"Company":"TIDEWATER TERMINAL CO","Site":"UMATILLA","City":"UMATILLA","State":"OREGON","PADD":5,"Source":"Form EIA-815, Monthly Terminal Blenders Report","Period":"January 2025","Longitude":-119.34203,"Latitude":45.917687}},{"type":"Feature","id":5426,"geometry":{"type":"Point","coordinates":[-13656188.553,5702456.2288]},"properties":{"OBJECTID":5426,"Company":"EQUILON ENTERPRISES LLC","Site":"SHELL PORTLAND TERMINAL","City":"PORTLAND","State":"OREGON","PADD":5,"Source":"Form EIA-815, Monthly Terminal Blenders Report","Period":"January 2025","Longitude":-122.675629,"Latitude":45.511795}},{"type":"Feature","id":5427,"geometry":{"type":"Point","coordinates":[-13668014.4678,5715454.7602]},"properties":{"OBJECTID":5427,"Company":"TLP MANAGEMENT SERVICES LLC","Site":"PORTLAND","City":"PORTLAND","State":"OREGON","PADD":5,"Source":"Form EIA-815, Monthly Terminal Blenders Report","Period":"January 2025","Longitude":-122.781863,"Latitude":45.593562}},{"type":"Feature","id":5428,"geometry":{"type":"Point","coordinates":[-13656188.553,5702456.2288]},"properties":{"OBJECTID":5428,"Company":"NUSTAR ENERGY LP","Site":"PORTLAND","City":"PORTLAND","State":"OREGON","PADD":5,"Source":"Form EIA-815, Monthly Terminal Blenders Report","Period":"January 2025","Longitude":-122.675629,"Latitude":45.511795}},{"type":"Feature","id":5429,"geometry":{"type":"Point","coordinates":[-13662914.3653,5710366.4092]},"properties":{"OBJECTID":5429,"Company":"MCCALL OIL & CHEMICAL","Site":"MCCALL TERMINAL PORTLAND","City":"PORTLAND","State":"OREGON","PADD":5,"Source":"Form EIA-815, Monthly Terminal Blenders Report","Period":"January 2025","Longitude":-122.736048,"Latitude":45.561568}},{"type":"Feature","id":5430,"geometry":{"type":"Point","coordinates":[-8858110.2211,4927599.1416]},"properties":{"OBJECTID":5430,"Company":"SUNOCO LOGISTICS","Site":"DELMONT","City":"DELMONT","State":"PENNSYLVANIA","PADD":1,"Source":"Form EIA-815, Monthly Terminal Blenders Report","Period":"January 2025","Longitude":-79.573758,"Latitude":40.422972}},{"type":"Feature","id":5431,"geometry":{"type":"Point","coordinates":[-8899504.5964,4936738.7767]},"properties":{"OBJECTID":5431,"Company":"SUNOCO LOGISTICS","Site":"PITTSBURGH","City":"PITTSBURGH","State":"PENNSYLVANIA","PADD":1,"Source":"Form EIA-815, Monthly Terminal Blenders Report","Period":"January 2025","Longitude":-79.94561,"Latitude":40.485446}},{"type":"Feature","id":5432,"geometry":{"type":"Point","coordinates":[-8568829.6037,4897826.586]},"properties":{"OBJECTID":5432,"Company":"SUNOCO LOGISTICS","Site":"MECHANICSBURG","City":"MECHANICSBURG","State":"PENNSYLVANIA","PADD":1,"Source":"Form EIA-815, Monthly Terminal Blenders Report","Period":"January 2025","Longitude":-76.975106,"Latitude":40.219059}},{"type":"Feature","id":5433,"geometry":{"type":"Point","coordinates":[-8727529.7867,4940156.8026]},"properties":{"OBJECTID":5433,"Company":"SUNOCO LOGISTICS","Site":"ELDORADO  ALTOONA","City":"ALTOONA","State":"PENNSYLVANIA","PADD":1,"Source":"Form EIA-815, Monthly Terminal Blenders Report","Period":"January 2025","Longitude":-78.400734,"Latitude":40.508795}},{"type":"Feature","id":5434,"geometry":{"type":"Point","coordinates":[-8934814.0256,4967208.1954]},"properties":{"OBJECTID":5434,"Company":"VALVOLINE","Site":"EAST ROCHESTER","City":"EAST ROCHESTER","State":"PENNSYLVANIA","PADD":1,"Source":"Form EIA-815, Monthly Terminal Blenders Report","Period":"January 2025","Longitude":-80.2628,"Latitude":40.6933}},{"type":"Feature","id":5435,"geometry":{"type":"Point","coordinates":[-8896006.938,4903461.5118]},"properties":{"OBJECTID":5435,"Company":"MARATHON PETROLEUM CO LLC","Site":"FLOREFFE - ASPHALT","City":"FLOREFFE","State":"PENNSYLVANIA","PADD":1,"Source":"Form EIA-815, Monthly Terminal Blenders Report","Period":"January 2025","Longitude":-79.91419,"Latitude":40.2577}},{"type":"Feature","id":5436,"geometry":{"type":"Point","coordinates":[-8365664.5199,4851758.6951]},"properties":{"OBJECTID":5436,"Company":"ECO-ENERGY DSTR SERVICES LLC","Site":"ECO-ENERGY DISTRIBUTION PHILADELPHIA","City":"PHILADELPHIA","State":"PENNSYLVANIA","PADD":1,"Source":"Form EIA-815, Monthly Terminal Blenders Report","Period":"January 2025","Longitude":-75.150043,"Latitude":39.902326}},{"type":"Feature","id":5437,"geometry":{"type":"Point","coordinates":[-8957105.1971,4959802.2335]},"properties":{"OBJECTID":5437,"Company":"MARATHON PETROLEUM CO LLC","Site":"MIDLAND","City":"MIDLAND","State":"PENNSYLVANIA","PADD":1,"Source":"Form EIA-815, Monthly Terminal Blenders Report","Period":"January 2025","Longitude":-80.463045,"Latitude":40.642838}},{"type":"Feature","id":5438,"geometry":{"type":"Point","coordinates":[-8373831.5856,4852508.9417]},"properties":{"OBJECTID":5438,"Company":"PBF LOGISTICS PRODUCTS TERMINALS LLC","Site":"SOUTH PHILADELPHIA","City":"PHILADELPHIA","State":"PENNSYLVANIA","PADD":1,"Source":"Form EIA-815, Monthly Terminal Blenders Report","Period":"January 2025","Longitude":-75.223409,"Latitude":39.907496}},{"type":"Feature","id":5439,"geometry":{"type":"Point","coordinates":[-8373227.9,4853175.5042]},"properties":{"OBJECTID":5439,"Company":"PBF LOGISTICS PRODUCTS TERMINALS LLC","Site":"NORTH PHILADELPHIA","City":"PHILADELPHIA","State":"PENNSYLVANIA","PADD":1,"Source":"Form EIA-815, Monthly Terminal Blenders Report","Period":"January 2025","Longitude":-75.217986,"Latitude":39.912089}},{"type":"Feature","id":5440,"geometry":{"type":"Point","coordinates":[-8399184.711,4845243.0729]},"properties":{"OBJECTID":5440,"Company":"MONROE ENERGY LLC","Site":"CHELSEA","City":"CHELSEA","State":"PENNSYLVANIA","PADD":1,"Source":"Form EIA-815, Monthly Terminal Blenders Report","Period":"January 2025","Longitude":-75.45116,"Latitude":39.85741}},{"type":"Feature","id":5441,"geometry":{"type":"Point","coordinates":[-8361448.4055,4867702.2278]},"properties":{"OBJECTID":5441,"Company":"MONROE ENERGY LLC","Site":"PHILADELPHIA","City":"PHILADELPHIA","State":"PENNSYLVANIA","PADD":1,"Source":"Form EIA-815, Monthly Terminal Blenders Report","Period":"January 2025","Longitude":-75.112169,"Latitude":40.01211}},{"type":"Feature","id":5442,"geometry":{"type":"Point","coordinates":[-8359513.5614,4862899.8022]},"properties":{"OBJECTID":5442,"Company":"KINDER MORGAN LIQ TERMLS LLC","Site":"PHILADELPHIA","City":"PHILADELPHIA","State":"PENNSYLVANIA","PADD":1,"Source":"Form EIA-815, Monthly Terminal Blenders Report","Period":"January 2025","Longitude":-75.094788,"Latitude":39.97906}},{"type":"Feature","id":5443,"geometry":{"type":"Point","coordinates":[-8370904.6622,4854425.4474]},"properties":{"OBJECTID":5443,"Company":"PHILADELPHIA ENERGY SOLUTIONS","Site":"PHILADELPHIA","City":"PHILADELPHIA","State":"PENNSYLVANIA","PADD":1,"Source":"Form EIA-815, Monthly Terminal Blenders Report","Period":"January 2025","Longitude":-75.197116,"Latitude":39.920701}},{"type":"Feature","id":5444,"geometry":{"type":"Point","coordinates":[-8909516.6714,4934152.0037]},"properties":{"OBJECTID":5444,"Company":"GORDON TERMINAL SERVICE CO","Site":"MCKEES ROCKS","City":"MCKEES ROCKS","State":"PENNSYLVANIA","PADD":1,"Source":"Form EIA-815, Monthly Terminal Blenders Report","Period":"January 2025","Longitude":-80.03555,"Latitude":40.46777}},{"type":"Feature","id":5445,"geometry":{"type":"Point","coordinates":[-8410766.8361,4941144.4148]},"properties":{"OBJECTID":5445,"Company":"GLOBAL CO LLC","Site":"MACUNGIE","City":"MACUNGIE","State":"PENNSYLVANIA","PADD":1,"Source":"Form EIA-815, Monthly Terminal Blenders Report","Period":"January 2025","Longitude":-75.555204,"Latitude":40.51554}},{"type":"Feature","id":5446,"geometry":{"type":"Point","coordinates":[-8892130.1254,4917632.6753]},"properties":{"OBJECTID":5446,"Company":"WATCO TRANSLOADING LLC","Site":"DRAVOSBURG","City":"DRAVOSBURG","State":"PENNSYLVANIA","PADD":1,"Source":"Form EIA-815, Monthly Terminal Blenders Report","Period":"January 2025","Longitude":-79.879364,"Latitude":40.35478}},{"type":"Feature","id":5447,"geometry":{"type":"Point","coordinates":[-8881022.7779,4944307.6387]},"properties":{"OBJECTID":5447,"Company":"UNITED REFINING CO","Site":"SPRINGDALE","City":"SPRINGDALE","State":"PENNSYLVANIA","PADD":1,"Source":"Form EIA-815, Monthly Terminal Blenders Report","Period":"January 2025","Longitude":-79.779585,"Latitude":40.537139}},{"type":"Feature","id":5448,"geometry":{"type":"Point","coordinates":[-8461550.3425,4913604.6383]},"properties":{"OBJECTID":5448,"Company":"AMERIGAS PROPANE","Site":"SINKING SPRING","City":"SINKING SPRING","State":"PENNSYLVANIA","PADD":1,"Source":"Form EIA-815, Monthly Terminal Blenders Report","Period":"January 2025","Longitude":-76.0114,"Latitude":40.3272}},{"type":"Feature","id":5449,"geometry":{"type":"Point","coordinates":[-8452862.0789,4923776.3396]},"properties":{"OBJECTID":5449,"Company":"BUCKEYE ENERGY SERVICES","Site":"TUCKERTON TERMINAL","City":"READING","State":"PENNSYLVANIA","PADD":1,"Source":"Form EIA-815, Monthly Terminal Blenders Report","Period":"January 2025","Longitude":-75.933352,"Latitude":40.396824}},{"type":"Feature","id":5450,"geometry":{"type":"Point","coordinates":[-8567485.1982,5048001.1429]},"properties":{"OBJECTID":5450,"Company":"BUCKEYE TERMINALS LLC","Site":"SOUTH WILLIAMSPORT","City":"WILLIAMSPORT","State":"PENNSYLVANIA","PADD":1,"Source":"Form EIA-815, Monthly Terminal Blenders Report","Period":"January 2025","Longitude":-76.963029,"Latitude":41.241316}},{"type":"Feature","id":5451,"geometry":{"type":"Point","coordinates":[-8328481.3609,4886049.7199]},"properties":{"OBJECTID":5451,"Company":"MEENAN OIL CO LP","Site":"TULLYTOWN","City":"TULLYTOWN","State":"PENNSYLVANIA","PADD":1,"Source":"Form EIA-815, Monthly Terminal Blenders Report","Period":"January 2025","Longitude":-74.816021,"Latitude":40.138229}},{"type":"Feature","id":5452,"geometry":{"type":"Point","coordinates":[-8890174.9098,4949341.9898]},"properties":{"OBJECTID":5452,"Company":"BUCKEYE TERMINALS LLC","Site":"INDIANOLA","City":"INDIANOLA","State":"PENNSYLVANIA","PADD":1,"Source":"Form EIA-815, Monthly Terminal Blenders Report","Period":"January 2025","Longitude":-79.8618,"Latitude":40.5715}},{"type":"Feature","id":5453,"geometry":{"type":"Point","coordinates":[-8858693.7578,4908028.2763]},"properties":{"OBJECTID":5453,"Company":"ENTERPRISE TERMINALS & STORAGE LLC","Site":"GREENSBURG LPG TERMINAL","City":"GREENSBURG","State":"PENNSYLVANIA","PADD":1,"Source":"Form EIA-815, Monthly Terminal Blenders Report","Period":"January 2025","Longitude":-79.579,"Latitude":40.289}},{"type":"Feature","id":5454,"geometry":{"type":"Point","coordinates":[-8757978.1165,5017058.9661]},"properties":{"OBJECTID":5454,"Company":"ENTERPRISE TERMINALS & STORAGE LLC","Site":"DUBOIS LPG TERMINAL","City":"LUTHERSBURG","State":"PENNSYLVANIA","PADD":1,"Source":"Form EIA-815, Monthly Terminal Blenders Report","Period":"January 2025","Longitude":-78.674256,"Latitude":41.031974}},{"type":"Feature","id":5455,"geometry":{"type":"Point","coordinates":[-8410766.8361,4941144.4148]},"properties":{"OBJECTID":5455,"Company":"BUCKEYE TERMINALS LLC","Site":"MACUNGIE NORTH","City":"MACUNGIE","State":"PENNSYLVANIA","PADD":1,"Source":"Form EIA-815, Monthly Terminal Blenders Report","Period":"January 2025","Longitude":-75.555204,"Latitude":40.51554}},{"type":"Feature","id":5456,"geometry":{"type":"Point","coordinates":[-8915120.0492,4938743.4234]},"properties":{"OBJECTID":5456,"Company":"LUCKNOW - HIGHSPIRE TERMINALS","Site":"NEVILLE ISLAND EAST","City":"PITTSBURGH","State":"PENNSYLVANIA","PADD":1,"Source":"Form EIA-815, Monthly Terminal Blenders Report","Period":"January 2025","Longitude":-80.085886,"Latitude":40.499141}},{"type":"Feature","id":5457,"geometry":{"type":"Point","coordinates":[-8402659.7715,4960030.8067]},"properties":{"OBJECTID":5457,"Company":"LUCKNOW - HIGHSPIRE TERMINALS","Site":"FULLERTON","City":"FULLERTON","State":"PENNSYLVANIA","PADD":1,"Source":"Form EIA-815, Monthly Terminal Blenders Report","Period":"January 2025","Longitude":-75.482377,"Latitude":40.644396}},{"type":"Feature","id":5458,"geometry":{"type":"Point","coordinates":[-8857254.8421,4923963.2931]},"properties":{"OBJECTID":5458,"Company":"LUCKNOW - HIGHSPIRE TERMINALS","Site":"DELMONT","City":"DELMONT","State":"PENNSYLVANIA","PADD":1,"Source":"Form EIA-815, Monthly Terminal Blenders Report","Period":"January 2025","Longitude":-79.566074,"Latitude":40.398103}},{"type":"Feature","id":5459,"geometry":{"type":"Point","coordinates":[-8464087.8703,4912427.2085]},"properties":{"OBJECTID":5459,"Company":"LUCKNOW - HIGHSPIRE TERMINALS","Site":"SINKING SPRING","City":"SINKING SPRING","State":"PENNSYLVANIA","PADD":1,"Source":"Form EIA-815, Monthly Terminal Blenders Report","Period":"January 2025","Longitude":-76.034195,"Latitude":40.319136}},{"type":"Feature","id":5460,"geometry":{"type":"Point","coordinates":[-8543615.0711,5000136.3433]},"properties":{"OBJECTID":5460,"Company":"LUCKNOW - HIGHSPIRE TERMINALS","Site":"NORTHUMBERLAND","City":"NORTHUMBERLAND","State":"PENNSYLVANIA","PADD":1,"Source":"Form EIA-815, Monthly Terminal Blenders Report","Period":"January 2025","Longitude":-76.7486,"Latitude":40.9172}},{"type":"Feature","id":5461,"geometry":{"type":"Point","coordinates":[-8922234.4779,4939845.3849]},"properties":{"OBJECTID":5461,"Company":"BUCKEYE TERMINALS LLC","Site":"PITTSBURGH","City":"CORAOPOLIS","State":"PENNSYLVANIA","PADD":1,"Source":"Form EIA-815, Monthly Terminal Blenders Report","Period":"January 2025","Longitude":-80.149796,"Latitude":40.506668}},{"type":"Feature","id":5462,"geometry":{"type":"Point","coordinates":[-8576891.4725,4898362.0727]},"properties":{"OBJECTID":5462,"Company":"LUCKNOW - HIGHSPIRE TERMINALS","Site":"MECHANICSBURG","City":"MECHANICSBURG","State":"PENNSYLVANIA","PADD":1,"Source":"Form EIA-815, Monthly Terminal Blenders Report","Period":"January 2025","Longitude":-77.047527,"Latitude":40.222732}},{"type":"Feature","id":5463,"geometry":{"type":"Point","coordinates":[-8854703.956,4909523.5121]},"properties":{"OBJECTID":5463,"Company":"BUCKEYE TERMINALS LLC","Site":"GREENSBURG","City":"GREENSBURG","State":"PENNSYLVANIA","PADD":1,"Source":"Form EIA-815, Monthly Terminal Blenders Report","Period":"January 2025","Longitude":-79.543159,"Latitude":40.299245}},{"type":"Feature","id":5464,"geometry":{"type":"Point","coordinates":[-8493534.8812,4909466.7342]},"properties":{"OBJECTID":5464,"Company":"CRESTWOOD SERVICES LLC","Site":"SCHAEFFERSTOWN","City":"SCHAEFFERSTOWN","State":"PENNSYLVANIA","PADD":1,"Source":"Form EIA-815, Monthly Terminal Blenders Report","Period":"January 2025","Longitude":-76.298722,"Latitude":40.298856}},{"type":"Feature","id":5465,"geometry":{"type":"Point","coordinates":[-8916149.8659,4938755.1349]},"properties":{"OBJECTID":5465,"Company":"LUCKNOW - HIGHSPIRE TERMINALS","Site":"NEVILLE ISLAND WEST","City":"PITTSBURGH","State":"PENNSYLVANIA","PADD":1,"Source":"Form EIA-815, Monthly Terminal Blenders Report","Period":"January 2025","Longitude":-80.095137,"Latitude":40.499221}},{"type":"Feature","id":5466,"geometry":{"type":"Point","coordinates":[-8891886.2244,4884075.1206]},"properties":{"OBJECTID":5466,"Company":"SUNOCO MIDSTREAM LLC","Site":"BELLE VERNON","City":"BELLE VERNON","State":"PENNSYLVANIA","PADD":1,"Source":"Form EIA-815, Monthly Terminal Blenders Report","Period":"January 2025","Longitude":-79.877173,"Latitude":40.124667}},{"type":"Feature","id":5467,"geometry":{"type":"Point","coordinates":[-8548391.9018,4897979.2252]},"properties":{"OBJECTID":5467,"Company":"LUCKNOW - HIGHSPIRE TERMINALS","Site":"HIGHSPIRE","City":"MIDDLETOWN","State":"PENNSYLVANIA","PADD":1,"Source":"Form EIA-815, Monthly Terminal Blenders Report","Period":"January 2025","Longitude":-76.791511,"Latitude":40.220106}},{"type":"Feature","id":5468,"geometry":{"type":"Point","coordinates":[-8569996.0093,5047956.582]},"properties":{"OBJECTID":5468,"Company":"SUNOCO MIDSTREAM LLC","Site":"SOUTH WILLIAMSPORT","City":"SOUTH WILLIAMSPORT","State":"PENNSYLVANIA","PADD":1,"Source":"Form EIA-815, Monthly Terminal Blenders Report","Period":"January 2025","Longitude":-76.985584,"Latitude":41.241015}},{"type":"Feature","id":5469,"geometry":{"type":"Point","coordinates":[-8568747.7839,4897846.2672]},"properties":{"OBJECTID":5469,"Company":"SUNOCO MIDSTREAM LLC","Site":"MECHANICSBURG","City":"MECHANICSBURG","State":"PENNSYLVANIA","PADD":1,"Source":"Form EIA-815, Monthly Terminal Blenders Report","Period":"January 2025","Longitude":-76.974371,"Latitude":40.219194}},{"type":"Feature","id":5470,"geometry":{"type":"Point","coordinates":[-8431512.4477,5058635.2981]},"properties":{"OBJECTID":5470,"Company":"SUNOCO MIDSTREAM LLC","Site":"DUPONT","City":"DUPONT","State":"PENNSYLVANIA","PADD":1,"Source":"Form EIA-815, Monthly Terminal Blenders Report","Period":"January 2025","Longitude":-75.741565,"Latitude":41.313108}},{"type":"Feature","id":5471,"geometry":{"type":"Point","coordinates":[-8431720.5038,5061950.9394]},"properties":{"OBJECTID":5471,"Company":"LUCKNOW - HIGHSPIRE TERMINALS","Site":"DUPONT","City":"PITTSTON","State":"PENNSYLVANIA","PADD":1,"Source":"Form EIA-815, Monthly Terminal Blenders Report","Period":"January 2025","Longitude":-75.743434,"Latitude":41.335476}},{"type":"Feature","id":5472,"geometry":{"type":"Point","coordinates":[-8924770.0019,4942615.5481]},"properties":{"OBJECTID":5472,"Company":"LUCKNOW - HIGHSPIRE TERMINALS","Site":"CORAOPOLIS","City":"CORAOPOLIS","State":"PENNSYLVANIA","PADD":1,"Source":"Form EIA-815, Monthly Terminal Blenders Report","Period":"January 2025","Longitude":-80.172573,"Latitude":40.525586}},{"type":"Feature","id":5473,"geometry":{"type":"Point","coordinates":[-8730384.0184,4934060.6976]},"properties":{"OBJECTID":5473,"Company":"SUNOCO MIDSTREAM LLC","Site":"ALTOONA","City":"ALTOONA","State":"PENNSYLVANIA","PADD":1,"Source":"Form EIA-815, Monthly Terminal Blenders Report","Period":"January 2025","Longitude":-78.426374,"Latitude":40.467146}},{"type":"Feature","id":5474,"geometry":{"type":"Point","coordinates":[-8569996.0093,5047956.582]},"properties":{"OBJECTID":5474,"Company":"LUCKNOW - HIGHSPIRE TERMINALS","Site":"ALTOONA","City":"ALTOONA","State":"PENNSYLVANIA","PADD":1,"Source":"Form EIA-815, Monthly Terminal Blenders Report","Period":"January 2025","Longitude":-76.985584,"Latitude":41.241015}},{"type":"Feature","id":5475,"geometry":{"type":"Point","coordinates":[-8396959.657,4957732.2607]},"properties":{"OBJECTID":5475,"Company":"LUCKNOW - HIGHSPIRE TERMINAL","Site":"ALLENTOWN","City":"ALLENTOWN","State":"PENNSYLVANIA","PADD":1,"Source":"Form EIA-815, Monthly Terminal Blenders Report","Period":"January 2025","Longitude":-75.431172,"Latitude":40.628727}},{"type":"Feature","id":5476,"geometry":{"type":"Point","coordinates":[-8394987.5209,4838682.0061]},"properties":{"OBJECTID":5476,"Company":"SUNOCO LOGISTICS","Site":"MARCUS HOOK","City":"MARCUS HOOK","State":"PENNSYLVANIA","PADD":1,"Source":"Form EIA-815, Monthly Terminal Blenders Report","Period":"January 2025","Longitude":-75.413456,"Latitude":39.812151}},{"type":"Feature","id":5477,"geometry":{"type":"Point","coordinates":[-8394847.7036,4844378.8216]},"properties":{"OBJECTID":5477,"Company":"SUNOCO LOGISTICS","Site":"TWIN OAKS","City":"ASTON MILLS","State":"PENNSYLVANIA","PADD":1,"Source":"Form EIA-815, Monthly Terminal Blenders Report","Period":"January 2025","Longitude":-75.4122,"Latitude":39.85145}},{"type":"Feature","id":5478,"geometry":{"type":"Point","coordinates":[-8408859.3766,4941386.0252]},"properties":{"OBJECTID":5478,"Company":"BUCKEYE TERMINALS LLC","Site":"MACUNGIE SOUTH","City":"EMMAUS","State":"PENNSYLVANIA","PADD":1,"Source":"Form EIA-815, Monthly Terminal Blenders Report","Period":"January 2025","Longitude":-75.538069,"Latitude":40.51719}},{"type":"Feature","id":5479,"geometry":{"type":"Point","coordinates":[-8409092.257,4929953.3863]},"properties":{"OBJECTID":5479,"Company":"SUNOCO LOGISTICS","Site":"MALVERN","City":"MALVERN","State":"PENNSYLVANIA","PADD":1,"Source":"Form EIA-815, Monthly Terminal Blenders Report","Period":"January 2025","Longitude":-75.540161,"Latitude":40.43907}},{"type":"Feature","id":5480,"geometry":{"type":"Point","coordinates":[-8408974.5923,4871829.3757]},"properties":{"OBJECTID":5480,"Company":"BUCKEYE TERMINALS LLC","Site":"MALVERN","City":"MALVERN","State":"PENNSYLVANIA","PADD":1,"Source":"Form EIA-815, Monthly Terminal Blenders Report","Period":"January 2025","Longitude":-75.539104,"Latitude":40.0405}},{"type":"Feature","id":5481,"geometry":{"type":"Point","coordinates":[-8543488.1669,5000350.5414]},"properties":{"OBJECTID":5481,"Company":"SUNOCO LOGISTICS","Site":"NORTHUMBERLAND","City":"NORTHUMBERLAND","State":"PENNSYLVANIA","PADD":1,"Source":"Form EIA-815, Monthly Terminal Blenders Report","Period":"January 2025","Longitude":-76.74746,"Latitude":40.918654}},{"type":"Feature","id":5482,"geometry":{"type":"Point","coordinates":[-8889391.2206,4938576.3905]},"properties":{"OBJECTID":5482,"Company":"SUNOCO LOGISTICS","Site":"BLAWNOX","City":"BLAWNOX","State":"PENNSYLVANIA","PADD":1,"Source":"Form EIA-815, Monthly Terminal Blenders Report","Period":"January 2025","Longitude":-79.85476,"Latitude":40.498}},{"type":"Feature","id":5483,"geometry":{"type":"Point","coordinates":[-8450076.1973,5051882.131]},"properties":{"OBJECTID":5483,"Company":"SUNOCO LOGISTICS","Site":"KINGSTON","City":"KINGSTON","State":"PENNSYLVANIA","PADD":1,"Source":"Form EIA-815, Monthly Terminal Blenders Report","Period":"January 2025","Longitude":-75.908326,"Latitude":41.267526}},{"type":"Feature","id":5484,"geometry":{"type":"Point","coordinates":[-8402599.325,4960090.5183]},"properties":{"OBJECTID":5484,"Company":"SUNOCO LOGISTICS","Site":"FULLERTON","City":"FULLERTON","State":"PENNSYLVANIA","PADD":1,"Source":"Form EIA-815, Monthly Terminal Blenders Report","Period":"January 2025","Longitude":-75.481834,"Latitude":40.644803}},{"type":"Feature","id":5485,"geometry":{"type":"Point","coordinates":[-8463898.6271,4911817.6694]},"properties":{"OBJECTID":5485,"Company":"SUNOCO LOGISTICS","Site":"MONTELLO","City":"SINKING SPRING","State":"PENNSYLVANIA","PADD":1,"Source":"Form EIA-815, Monthly Terminal Blenders Report","Period":"January 2025","Longitude":-76.032495,"Latitude":40.314961}},{"type":"Feature","id":5486,"geometry":{"type":"Point","coordinates":[-7946523.2599,5129731.8506]},"properties":{"OBJECTID":5486,"Company":"SEA-3 PROVIDENCE LLC","Site":"PROVIDENCE","City":"PROVIDENCE","State":"RHODE ISLAND","PADD":1,"Source":"Form EIA-815, Monthly Terminal Blenders Report","Period":"January 2025","Longitude":-71.384833,"Latitude":41.791056}},{"type":"Feature","id":5487,"geometry":{"type":"Point","coordinates":[-7944859.3675,5135865.0622]},"properties":{"OBJECTID":5487,"Company":"SPRAGUE OPERATING RESOURCES LLC","Site":"EAST PROVIDENCE","City":"EAST PROVIDENCE","State":"RHODE ISLAND","PADD":1,"Source":"Form EIA-815, Monthly Terminal Blenders Report","Period":"January 2025","Longitude":-71.369886,"Latitude":41.832121}},{"type":"Feature","id":5488,"geometry":{"type":"Point","coordinates":[-7948717.4784,5132604.1804]},"properties":{"OBJECTID":5488,"Company":"SPRAGUE OPERATING RESOURCES LLC","Site":"PROVIDENCE","City":"PROVIDENCE","State":"RHODE ISLAND","PADD":1,"Source":"Form EIA-815, Monthly Terminal Blenders Report","Period":"January 2025","Longitude":-71.404544,"Latitude":41.810291}},{"type":"Feature","id":5489,"geometry":{"type":"Point","coordinates":[-7940864.8902,5128949.8183]},"properties":{"OBJECTID":5489,"Company":"GLOBAL COMPANIES LLC","Site":"GLOBAL EAST PROVIDENCE","City":"EAST PROVIDENCE","State":"RHODE ISLAND","PADD":1,"Source":"Form EIA-815, Monthly Terminal Blenders Report","Period":"January 2025","Longitude":-71.334003,"Latitude":41.785818}},{"type":"Feature","id":5490,"geometry":{"type":"Point","coordinates":[-7947032.9919,5130499.1643]},"properties":{"OBJECTID":5490,"Company":"WT TERMINAL PROVIDENCE LLC","Site":"WT TERMINAL SOUTH","City":"PROVIDENCE","State":"RHODE ISLAND","PADD":1,"Source":"Form EIA-815, Monthly Terminal Blenders Report","Period":"January 2025","Longitude":-71.389412,"Latitude":41.796195}},{"type":"Feature","id":5491,"geometry":{"type":"Point","coordinates":[-7947481.2755,5130530.8198]},"properties":{"OBJECTID":5491,"Company":"WT TERMINAL PROVIDENCE LLC","Site":"WT PROVIDENCE NORTH","City":"PROVIDENCE","State":"RHODE ISLAND","PADD":1,"Source":"Form EIA-815, Monthly Terminal Blenders Report","Period":"January 2025","Longitude":-71.393439,"Latitude":41.796407}},{"type":"Feature","id":5492,"geometry":{"type":"Point","coordinates":[-7925206.134,5112261.0881]},"properties":{"OBJECTID":5492,"Company":"INLAND FUEL TERMINALS","Site":"TIVERTON","City":"TIVERTON","State":"RHODE ISLAND","PADD":1,"Source":"Form EIA-815, Monthly Terminal Blenders Report","Period":"January 2025","Longitude":-71.193338,"Latitude":41.673936}},{"type":"Feature","id":5493,"geometry":{"type":"Point","coordinates":[-7948181.0298,5130960.269]},"properties":{"OBJECTID":5493,"Company":"SHELL OIL PRODUCTS US","Site":"PROVIDENCE BLENDING TERMINAL","City":"PROVIDENCE","State":"RHODE ISLAND","PADD":1,"Source":"Form EIA-815, Monthly Terminal Blenders Report","Period":"January 2025","Longitude":-71.399725,"Latitude":41.799283}},{"type":"Feature","id":5494,"geometry":{"type":"Point","coordinates":[-8902535.4921,3880555.8265]},"properties":{"OBJECTID":5494,"Company":"KINDER MORGAN","Site":"NORTH CHARLESTON","City":"NORTH CHARLESTON","State":"SOUTH CAROLINA","PADD":1,"Source":"Form EIA-815, Monthly Terminal Blenders Report","Period":"January 2025","Longitude":-79.972837,"Latitude":32.888819}},{"type":"Feature","id":5495,"geometry":{"type":"Point","coordinates":[-9115532.536,4153997.6057]},"properties":{"OBJECTID":5495,"Company":"KINDERMORGAN SOUTHEAST TERMINALS LLC","Site":"SPARTANBURG","City":"SPARTANBURG","State":"SOUTH CAROLINA","PADD":1,"Source":"Form EIA-815, Monthly Terminal Blenders Report","Period":"January 2025","Longitude":-81.886222,"Latitude":34.927239}},{"type":"Feature","id":5496,"geometry":{"type":"Point","coordinates":[-9122891.8676,3974420.6386]},"properties":{"OBJECTID":5496,"Company":"KINDER MORGAN SOUTHEAST TERMINAL","Site":"NORTH AUGUSTA 1","City":"NORTH AUGUSTA","State":"SOUTH CAROLINA","PADD":1,"Source":"Form EIA-815, Monthly Terminal Blenders Report","Period":"January 2025","Longitude":-81.952332,"Latitude":33.594038}},{"type":"Feature","id":5497,"geometry":{"type":"Point","coordinates":[-9120525.3265,3970874.7728]},"properties":{"OBJECTID":5497,"Company":"KINDER MORGAN SOUTHEAST TERMINAL","Site":"NORTH AUGUSTA 2","City":"NORTH AUGUSTA","State":"SOUTH CAROLINA","PADD":1,"Source":"Form EIA-815, Monthly Terminal Blenders Report","Period":"January 2025","Longitude":-81.931073,"Latitude":33.567501}},{"type":"Feature","id":5498,"geometry":{"type":"Point","coordinates":[-8899706.3073,3871716.4376]},"properties":{"OBJECTID":5498,"Company":"KINDER MORGAN SE TRMNLS LLC","Site":"CHARLESTON","City":"CHARLESTON","State":"SOUTH CAROLINA","PADD":1,"Source":"Form EIA-815, Monthly Terminal Blenders Report","Period":"January 2025","Longitude":-79.947422,"Latitude":32.822115}},{"type":"Feature","id":5499,"geometry":{"type":"Point","coordinates":[-8899580.2936,3872401.9734]},"properties":{"OBJECTID":5499,"Company":"CHEVRON USA INC CHARLESTON","Site":"CHARLESTON SC","City":"CHARLESTON","State":"SOUTH CAROLINA","PADD":1,"Source":"Form EIA-815, Monthly Terminal Blenders Report","Period":"January 2025","Longitude":-79.94629,"Latitude":32.82729}},{"type":"Feature","id":5500,"geometry":{"type":"Point","coordinates":[-9126468.2288,3986092.274]},"properties":{"OBJECTID":5500,"Company":"US VENTURE INC","Site":"NORTH AUGUSTA EAST","City":"NORTH AUGUSTA","State":"SOUTH CAROLINA","PADD":1,"Source":"Form EIA-815, Monthly Terminal Blenders Report","Period":"January 2025","Longitude":-81.984459,"Latitude":33.68133}},{"type":"Feature","id":5501,"geometry":{"type":"Point","coordinates":[-9123066.5278,3974719.1948]},"properties":{"OBJECTID":5501,"Company":"US VENTURE INC","Site":"NORTH AUGUSTA WEST","City":"NORTH AUGUSTA","State":"SOUTH CAROLINA","PADD":1,"Source":"Form EIA-815, Monthly Terminal Blenders Report","Period":"January 2025","Longitude":-81.953901,"Latitude":33.596272}},{"type":"Feature","id":5502,"geometry":{"type":"Point","coordinates":[-9121220.1828,4160004.1632]},"properties":{"OBJECTID":5502,"Company":"US VENTURE INC","Site":"SPARTANBURG WEST","City":"SPARTANBURG","State":"SOUTH CAROLINA","PADD":1,"Source":"Form EIA-815, Monthly Terminal Blenders Report","Period":"January 2025","Longitude":-81.937315,"Latitude":34.971466}},{"type":"Feature","id":5503,"geometry":{"type":"Point","coordinates":[-9112430.2845,4154684.7862]},"properties":{"OBJECTID":5503,"Company":"US VENTURE INC","Site":"SPARTANBURG EAST","City":"SPARTANBURG","State":"SOUTH CAROLINA","PADD":1,"Source":"Form EIA-815, Monthly Terminal Blenders Report","Period":"January 2025","Longitude":-81.858354,"Latitude":34.9323}},{"type":"Feature","id":5504,"geometry":{"type":"Point","coordinates":[-9114238.5583,4153455.7394]},"properties":{"OBJECTID":5504,"Company":"GLOBAL CO LLC","Site":"SPARTANBURG TERMINAL","City":"SPARTANBURG","State":"SOUTH CAROLINA","PADD":1,"Source":"Form EIA-815, Monthly Terminal Blenders Report","Period":"January 2025","Longitude":-81.874598,"Latitude":34.923248}},{"type":"Feature","id":5505,"geometry":{"type":"Point","coordinates":[-9134805.0568,4167220.7464]},"properties":{"OBJECTID":5505,"Company":"ASSOCIATED ASPHALT INMAN LLC","Site":"INMAN","City":"INMAN","State":"SOUTH CAROLINA","PADD":1,"Source":"Form EIA-815, Monthly Terminal Blenders Report","Period":"January 2025","Longitude":-82.05935,"Latitude":35.024571}},{"type":"Feature","id":5506,"geometry":{"type":"Point","coordinates":[-9120947.8953,4156851.4268]},"properties":{"OBJECTID":5506,"Company":"TRANSMONTAIGNE OPERATING COMPANY","Site":"SPARTANBURG","City":"SPARTANBURG","State":"SOUTH CAROLINA","PADD":1,"Source":"Form EIA-815, Monthly Terminal Blenders Report","Period":"January 2025","Longitude":-81.934869,"Latitude":34.948255}},{"type":"Feature","id":5507,"geometry":{"type":"Point","coordinates":[-9087175.6769,4130138.6169]},"properties":{"OBJECTID":5507,"Company":"SOUTHEAST EMULSIONS INC","Site":"SOUTHEAST EMULSIONS UNION ASPHAL","City":"UNION","State":"SOUTH CAROLINA","PADD":1,"Source":"Form EIA-815, Monthly Terminal Blenders Report","Period":"January 2025","Longitude":-81.631488,"Latitude":34.751327}},{"type":"Feature","id":5508,"geometry":{"type":"Point","coordinates":[-8906904.1142,4126166.3439]},"properties":{"OBJECTID":5508,"Company":"ENT PROPANE TERMINALS & STORAGE LLC","Site":"CHERAW PROPANE TERMINAL","City":"CHERAW","State":"SOUTH CAROLINA","PADD":1,"Source":"Form EIA-815, Monthly Terminal Blenders Report","Period":"January 2025","Longitude":-80.012081,"Latitude":34.722003}},{"type":"Feature","id":5509,"geometry":{"type":"Point","coordinates":[-9035976.5035,4025455.2957]},"properties":{"OBJECTID":5509,"Company":"ENT PROPANE TERMINALS & STORAGE LLC","Site":"LEXINGTON PROPANE TERMINAL","City":"LEXINGTON","State":"SOUTH CAROLINA","PADD":1,"Source":"Form EIA-815, Monthly Terminal Blenders Report","Period":"January 2025","Longitude":-81.171558,"Latitude":33.975072}},{"type":"Feature","id":5510,"geometry":{"type":"Point","coordinates":[-8902533.711,3880556.887]},"properties":{"OBJECTID":5510,"Company":"BUCKEYE TERMINALS LLC","Site":"CHARLESTON","City":"CHARLESTON","State":"SOUTH CAROLINA","PADD":1,"Source":"Form EIA-815, Monthly Terminal Blenders Report","Period":"January 2025","Longitude":-79.972821,"Latitude":32.888827}},{"type":"Feature","id":5511,"geometry":{"type":"Point","coordinates":[-9123105.267,3974760.2235]},"properties":{"OBJECTID":5511,"Company":"BUCKEYE TERMINALS LLC","Site":"NORTH AUGUSTA","City":"NORTH AUGUSTA","State":"SOUTH CAROLINA","PADD":1,"Source":"Form EIA-815, Monthly Terminal Blenders Report","Period":"January 2025","Longitude":-81.954249,"Latitude":33.596579}},{"type":"Feature","id":5512,"geometry":{"type":"Point","coordinates":[-9113771.0164,4153456.1467]},"properties":{"OBJECTID":5512,"Company":"CITGO PETROLEUM CORP","Site":"SPARTANBURG","City":"SPARTANBURG","State":"SOUTH CAROLINA","PADD":1,"Source":"Form EIA-815, Monthly Terminal Blenders Report","Period":"January 2025","Longitude":-81.870398,"Latitude":34.923251}},{"type":"Feature","id":5513,"geometry":{"type":"Point","coordinates":[-9182681.2321,4104572.2788]},"properties":{"OBJECTID":5513,"Company":"BUCKEYE TERMINALS LLC","Site":"BELTON","City":"BELTON","State":"SOUTH CAROLINA","PADD":1,"Source":"Form EIA-815, Monthly Terminal Blenders Report","Period":"January 2025","Longitude":-82.489429,"Latitude":34.56241}},{"type":"Feature","id":5514,"geometry":{"type":"Point","coordinates":[-9113251.8223,4153556.3445]},"properties":{"OBJECTID":5514,"Company":"BUCKEYE TERMINALS LLC","Site":"SPARTANBURG","City":"SPARTANBURG","State":"SOUTH CAROLINA","PADD":1,"Source":"Form EIA-815, Monthly Terminal Blenders Report","Period":"January 2025","Longitude":-81.865734,"Latitude":34.923989}},{"type":"Feature","id":5515,"geometry":{"type":"Point","coordinates":[-9043840.3349,4163092.9752]},"properties":{"OBJECTID":5515,"Company":"CRESTWOOD SERVICES LLC","Site":"TIRZAH","City":"YORK","State":"SOUTH CAROLINA","PADD":1,"Source":"Form EIA-815, Monthly Terminal Blenders Report","Period":"January 2025","Longitude":-81.2422,"Latitude":34.9942}},{"type":"Feature","id":5516,"geometry":{"type":"Point","coordinates":[-9183146.3249,4102524.3977]},"properties":{"OBJECTID":5516,"Company":"MPLX TERMINALS LLC","Site":"BELTON","City":"BELTON","State":"SOUTH CAROLINA","PADD":1,"Source":"Form EIA-815, Monthly Terminal Blenders Report","Period":"January 2025","Longitude":-82.493607,"Latitude":34.547259}},{"type":"Feature","id":5517,"geometry":{"type":"Point","coordinates":[-10751101.7242,5405581.0121]},"properties":{"OBJECTID":5517,"Company":"JEBRO INCORPORATED","Site":"CORSON","City":"CORSON","State":"SOUTH DAKOTA","PADD":2,"Source":"Form EIA-815, Monthly Terminal Blenders Report","Period":"January 2025","Longitude":-96.57879,"Latitude":43.61192}},{"type":"Feature","id":5518,"geometry":{"type":"Point","coordinates":[-10960248.1156,5522973.6545]},"properties":{"OBJECTID":5518,"Company":"NUSTAR ENERGY LP","Site":"WOLSEY","City":"WOLSEY","State":"SOUTH DAKOTA","PADD":2,"Source":"Form EIA-815, Monthly Terminal Blenders Report","Period":"January 2025","Longitude":-98.457584,"Latitude":44.3706}},{"type":"Feature","id":5519,"geometry":{"type":"Point","coordinates":[-10769157.4117,5389809.8526]},"properties":{"OBJECTID":5519,"Company":"NUSTAR ENERGY LP","Site":"SIOUX FALLS TERMINAL","City":"SIOUX FALLS","State":"SOUTH DAKOTA","PADD":2,"Source":"Form EIA-815, Monthly Terminal Blenders Report","Period":"January 2025","Longitude":-96.740987,"Latitude":43.509256}},{"type":"Feature","id":5520,"geometry":{"type":"Point","coordinates":[-10966689.618,5693058.5509]},"properties":{"OBJECTID":5520,"Company":"NUSTAR ENERGY LP","Site":"ABERDEEN","City":"ABERDEEN","State":"SOUTH DAKOTA","PADD":2,"Source":"Form EIA-815, Monthly Terminal Blenders Report","Period":"January 2025","Longitude":-98.515449,"Latitude":45.452605}},{"type":"Feature","id":5521,"geometry":{"type":"Point","coordinates":[-11159452.0067,5498395.6281]},"properties":{"OBJECTID":5521,"Company":"NUSTAR ENERGY LP","Site":"YANKTON TERMINAL","City":"YANKTON","State":"SOUTH DAKOTA","PADD":2,"Source":"Form EIA-815, Monthly Terminal Blenders Report","Period":"January 2025","Longitude":-100.247063,"Latitude":44.212561}},{"type":"Feature","id":5522,"geometry":{"type":"Point","coordinates":[-10909590.5115,5419472.7824]},"properties":{"OBJECTID":5522,"Company":"NUSTAR ENERGY LP","Site":"MITCHELL TERMINAL","City":"MITCHELL","State":"SOUTH DAKOTA","PADD":2,"Source":"Form EIA-815, Monthly Terminal Blenders Report","Period":"January 2025","Longitude":-98.002519,"Latitude":43.702205}},{"type":"Feature","id":5523,"geometry":{"type":"Point","coordinates":[-11484062.6475,5480484.0486]},"properties":{"OBJECTID":5523,"Company":"MAGELLAN PIPELINE CO LP","Site":"RAPID CITY","City":"RAPID CITY","State":"SOUTH DAKOTA","PADD":2,"Source":"Form EIA-815, Monthly Terminal Blenders Report","Period":"January 2025","Longitude":-103.16309,"Latitude":44.09712}},{"type":"Feature","id":5524,"geometry":{"type":"Point","coordinates":[-10807833.2537,5603992.5247]},"properties":{"OBJECTID":5524,"Company":"MAGELLAN PIPELINE CO LP","Site":"WATERTOWN","City":"WATERTOWN","State":"SOUTH DAKOTA","PADD":2,"Source":"Form EIA-815, Monthly Terminal Blenders Report","Period":"January 2025","Longitude":-97.088418,"Latitude":44.888547}},{"type":"Feature","id":5525,"geometry":{"type":"Point","coordinates":[-10774765.7989,5395131.2894]},"properties":{"OBJECTID":5525,"Company":"MAGELLAN PIPELINE CO LP","Site":"SIOUX FALLS","City":"SIOUX FALLS","State":"SOUTH DAKOTA","PADD":2,"Source":"Form EIA-815, Monthly Terminal Blenders Report","Period":"January 2025","Longitude":-96.791368,"Latitude":43.543916}},{"type":"Feature","id":5526,"geometry":{"type":"Point","coordinates":[-9663524.3254,4328807.625]},"properties":{"OBJECTID":5526,"Company":"MARATHON PETROLEUM CO LLC","Site":"NASHVILLE TN ASPHALT","City":"NASHVILLE","State":"TENNESSEE","PADD":2,"Source":"Form EIA-815, Monthly Terminal Blenders Report","Period":"January 2025","Longitude":-86.808916,"Latitude":36.204578}},{"type":"Feature","id":5527,"geometry":{"type":"Point","coordinates":[-9340732.3112,4294761.8099]},"properties":{"OBJECTID":5527,"Company":"MARATHON PETROLEUM CO LLC","Site":"KNOXVILLE - ASPHALT","City":"KNOXVILLE","State":"TENNESSEE","PADD":2,"Source":"Form EIA-815, Monthly Terminal Blenders Report","Period":"January 2025","Longitude":-83.909226,"Latitude":35.957404}},{"type":"Feature","id":5528,"geometry":{"type":"Point","coordinates":[-9666332.137,4325995.7331]},"properties":{"OBJECTID":5528,"Company":"MARATHON PETROLEUM CO LLC","Site":"BORDEAUX","City":"BORDEAUX","State":"TENNESSEE","PADD":2,"Source":"Form EIA-815, Monthly Terminal Blenders Report","Period":"January 2025","Longitude":-86.834139,"Latitude":36.184193}},{"type":"Feature","id":5529,"geometry":{"type":"Point","coordinates":[-9350562.3788,4295219.9128]},"properties":{"OBJECTID":5529,"Company":"KINDER MORGAN SOUTHEAST TERMINAL","Site":"KNOXVILLE","City":"KNOXVILLE","State":"TENNESSEE","PADD":2,"Source":"Form EIA-815, Monthly Terminal Blenders Report","Period":"January 2025","Longitude":-83.997531,"Latitude":35.960735}},{"type":"Feature","id":5530,"geometry":{"type":"Point","coordinates":[-9350604.1236,4295058.7288]},"properties":{"OBJECTID":5530,"Company":"PBF LOGISTICS PRODUCTS TERMINALS LLC","Site":"4715 KNOXVILLE","City":"KNOXVILLE","State":"TENNESSEE","PADD":2,"Source":"Form EIA-815, Monthly Terminal Blenders Report","Period":"January 2025","Longitude":-83.997906,"Latitude":35.959563}},{"type":"Feature","id":5531,"geometry":{"type":"Point","coordinates":[-9349681.5077,4295363.7701]},"properties":{"OBJECTID":5531,"Company":"PBF LOGISTICS PRODUCTS TERMINALS LLC","Site":"5100 KNOXVILLE","City":"KNOXVILLE","State":"TENNESSEE","PADD":2,"Source":"Form EIA-815, Monthly Terminal Blenders Report","Period":"January 2025","Longitude":-83.989618,"Latitude":35.961781}},{"type":"Feature","id":5532,"geometry":{"type":"Point","coordinates":[-9655228.2404,4322780.0247]},"properties":{"OBJECTID":5532,"Company":"ERGON ASPHALT & EMULSIONS INC","Site":"NASHVILLE","City":"NASHVILLE","State":"TENNESSEE","PADD":2,"Source":"Form EIA-815, Monthly Terminal Blenders Report","Period":"January 2025","Longitude":-86.734391,"Latitude":36.160874}},{"type":"Feature","id":5533,"geometry":{"type":"Point","coordinates":[-9483874.8161,4174003.21]},"properties":{"OBJECTID":5533,"Company":"KINDER MORGAN SOUTHEAST TERMINAL","Site":"CHATTANOOGA","City":"CHATTANOOGA","State":"TENNESSEE","PADD":2,"Source":"Form EIA-815, Monthly Terminal Blenders Report","Period":"January 2025","Longitude":-85.195097,"Latitude":35.07445}},{"type":"Feature","id":5534,"geometry":{"type":"Point","coordinates":[-10031121.7668,4176353.8824]},"properties":{"OBJECTID":5534,"Company":"ERGON ASPHALT & EMULSIONS INC","Site":"MEMPHIS","City":"MEMPHIS","State":"TENNESSEE","PADD":2,"Source":"Form EIA-815, Monthly Terminal Blenders Report","Period":"January 2025","Longitude":-90.1111,"Latitude":35.09173}},{"type":"Feature","id":5535,"geometry":{"type":"Point","coordinates":[-10027000.8306,4180247.327]},"properties":{"OBJECTID":5535,"Company":"LION OIL CO","Site":"MEMPHIS","City":"MEMPHIS","State":"TENNESSEE","PADD":2,"Source":"Form EIA-815, Monthly Terminal Blenders Report","Period":"January 2025","Longitude":-90.074081,"Latitude":35.120343}},{"type":"Feature","id":5536,"geometry":{"type":"Point","coordinates":[-9660871.3593,4325692.4484]},"properties":{"OBJECTID":5536,"Company":"LION OIL CO","Site":"NASHVILLE","City":"NASHVILLE","State":"TENNESSEE","PADD":2,"Source":"Form EIA-815, Monthly Terminal Blenders Report","Period":"January 2025","Longitude":-86.785084,"Latitude":36.181994}},{"type":"Feature","id":5537,"geometry":{"type":"Point","coordinates":[-9671202.0307,4325818.2299]},"properties":{"OBJECTID":5537,"Company":"CUMBERLAND TERMINALS INC","Site":"NASHVILLE","City":"NASHVILLE","State":"TENNESSEE","PADD":2,"Source":"Form EIA-815, Monthly Terminal Blenders Report","Period":"January 2025","Longitude":-86.877886,"Latitude":36.182906}},{"type":"Feature","id":5538,"geometry":{"type":"Point","coordinates":[-9484616.7605,4173007.8612]},"properties":{"OBJECTID":5538,"Company":"COLONIAL TERMINAL OPERATING CO LLC","Site":"CHATTANOOGA","City":"CHATTANOOGA","State":"TENNESSEE","PADD":2,"Source":"Form EIA-815, Monthly Terminal Blenders Report","Period":"January 2025","Longitude":-85.201762,"Latitude":35.067132}},{"type":"Feature","id":5539,"geometry":{"type":"Point","coordinates":[-10029491.6042,4178040.7424]},"properties":{"OBJECTID":5539,"Company":"BKEP MATERIALS LLC","Site":"MEMPHIS","City":"MEMPHIS","State":"TENNESSEE","PADD":2,"Source":"Form EIA-815, Monthly Terminal Blenders Report","Period":"January 2025","Longitude":-90.096456,"Latitude":35.104128}},{"type":"Feature","id":5540,"geometry":{"type":"Point","coordinates":[-10027130.4065,4180225.4154]},"properties":{"OBJECTID":5540,"Company":"EXXONMOBIL CORPORATION","Site":"MEMPHIS","City":"MEMPHIS","State":"TENNESSEE","PADD":2,"Source":"Form EIA-815, Monthly Terminal Blenders Report","Period":"January 2025","Longitude":-90.075245,"Latitude":35.120182}},{"type":"Feature","id":5541,"geometry":{"type":"Point","coordinates":[-10031759.6275,4175424.7088]},"properties":{"OBJECTID":5541,"Company":"OWENS CORNING","Site":"ROOFING & ASPHALT DIV OF OWENS CORNI","City":"MEMPHIS","State":"TENNESSEE","PADD":2,"Source":"Form EIA-815, Monthly Terminal Blenders Report","Period":"January 2025","Longitude":-90.11683,"Latitude":35.0849}},{"type":"Feature","id":5542,"geometry":{"type":"Point","coordinates":[-9483487.313,4173558.5699]},"properties":{"OBJECTID":5542,"Company":"BUCKEYE SE TERMINALS LP","Site":"CHATTANOOGA 2","City":"CHATTANOOGA","State":"TENNESSEE","PADD":2,"Source":"Form EIA-815, Monthly Terminal Blenders Report","Period":"January 2025","Longitude":-85.191616,"Latitude":35.071181}},{"type":"Feature","id":5543,"geometry":{"type":"Point","coordinates":[-9483716.1858,4173005.005]},"properties":{"OBJECTID":5543,"Company":"BUCKEYE SE TERMINALS LP","Site":"CHATTANOOGA 1","City":"CHATTANOOGA","State":"TENNESSEE","PADD":2,"Source":"Form EIA-815, Monthly Terminal Blenders Report","Period":"January 2025","Longitude":-85.193672,"Latitude":35.067111}},{"type":"Feature","id":5544,"geometry":{"type":"Point","coordinates":[-9350064.1128,4295314.5338]},"properties":{"OBJECTID":5544,"Company":"BUCKEYE SE TERMINALS","Site":"KNOXVILLE 2","City":"KNOXVILLE","State":"TENNESSEE","PADD":2,"Source":"Form EIA-815, Monthly Terminal Blenders Report","Period":"January 2025","Longitude":-83.993055,"Latitude":35.961423}},{"type":"Feature","id":5545,"geometry":{"type":"Point","coordinates":[-9350798.8214,4295034.1113]},"properties":{"OBJECTID":5545,"Company":"BUCKEYE SE TERMINALS LP","Site":"KNOXVILLE 1","City":"KNOXVILLE","State":"TENNESSEE","PADD":2,"Source":"Form EIA-815, Monthly Terminal Blenders Report","Period":"January 2025","Longitude":-83.999655,"Latitude":35.959384}},{"type":"Feature","id":5546,"geometry":{"type":"Point","coordinates":[-9668025.529,4323328.1127]},"properties":{"OBJECTID":5546,"Company":"BUCKEYE SE TERMINALS LP","Site":"NASHVILLE 2","City":"NASHVILLE","State":"TENNESSEE","PADD":2,"Source":"Form EIA-815, Monthly Terminal Blenders Report","Period":"January 2025","Longitude":-86.849351,"Latitude":36.164849}},{"type":"Feature","id":5547,"geometry":{"type":"Point","coordinates":[-9669512.2008,4323839.2728]},"properties":{"OBJECTID":5547,"Company":"BUCKEYE SE TERMINALS LP","Site":"NASHVILLE 1","City":"NASHVILLE","State":"TENNESSEE","PADD":2,"Source":"Form EIA-815, Monthly Terminal Blenders Report","Period":"January 2025","Longitude":-86.862706,"Latitude":36.168556}},{"type":"Feature","id":5548,"geometry":{"type":"Point","coordinates":[-9665236.8645,4325481.0231]},"properties":{"OBJECTID":5548,"Company":"EXXON MOBIL REFG & SPLY COMP","Site":"NASHVILLE - DF40","City":"NASHVILLE","State":"TENNESSEE","PADD":2,"Source":"Form EIA-815, Monthly Terminal Blenders Report","Period":"January 2025","Longitude":-86.8243,"Latitude":36.180461}},{"type":"Feature","id":5549,"geometry":{"type":"Point","coordinates":[-9714973.4111,4303373.8279]},"properties":{"OBJECTID":5549,"Company":"BUCKEYE TERMINALS LLC","Site":"DICKSON","City":"DICKSON","State":"TENNESSEE","PADD":2,"Source":"Form EIA-815, Monthly Terminal Blenders Report","Period":"January 2025","Longitude":-87.271091,"Latitude":36.020001}},{"type":"Feature","id":5550,"geometry":{"type":"Point","coordinates":[-9669087.6283,4323832.2403]},"properties":{"OBJECTID":5550,"Company":"SHELL OIL PRODUCTS US","Site":"NASHVILLE","City":"NASHVILLE","State":"TENNESSEE","PADD":2,"Source":"Form EIA-815, Monthly Terminal Blenders Report","Period":"January 2025","Longitude":-86.858892,"Latitude":36.168505}},{"type":"Feature","id":5551,"geometry":{"type":"Point","coordinates":[-9350546.0148,4295231.3278]},"properties":{"OBJECTID":5551,"Company":"SHELL OIL PRODUCTS US","Site":"KNOXVILLE BLENDING TERMINAL","City":"KNOXVILLE","State":"TENNESSEE","PADD":2,"Source":"Form EIA-815, Monthly Terminal Blenders Report","Period":"January 2025","Longitude":-83.997384,"Latitude":35.960818}},{"type":"Feature","id":5552,"geometry":{"type":"Point","coordinates":[-9658811.1695,4323005.4613]},"properties":{"OBJECTID":5552,"Company":"CITGO PETROLEUM CORP","Site":"NASHVILLE","City":"NASHVILLE","State":"TENNESSEE","PADD":2,"Source":"Form EIA-815, Monthly Terminal Blenders Report","Period":"January 2025","Longitude":-86.766577,"Latitude":36.162509}},{"type":"Feature","id":5553,"geometry":{"type":"Point","coordinates":[-9483717.633,4172997.2526]},"properties":{"OBJECTID":5553,"Company":"CITGO PETROLEUM CORP","Site":"CHATTANOOGA","City":"CHATTANOOGA","State":"TENNESSEE","PADD":2,"Source":"Form EIA-815, Monthly Terminal Blenders Report","Period":"January 2025","Longitude":-85.193685,"Latitude":35.067054}},{"type":"Feature","id":5554,"geometry":{"type":"Point","coordinates":[-9350721.4544,4295197.6329]},"properties":{"OBJECTID":5554,"Company":"CITGO PETROLEUM CORP","Site":"KNOXVILLE","City":"KNOXVILLE","State":"TENNESSEE","PADD":2,"Source":"Form EIA-815, Monthly Terminal Blenders Report","Period":"January 2025","Longitude":-83.99896,"Latitude":35.960573}},{"type":"Feature","id":5555,"geometry":{"type":"Point","coordinates":[-9800073.7109,4249587.6072]},"properties":{"OBJECTID":5555,"Company":"ERGON ASPHALT AND EMULSIONS","Site":"PARSONS PLANT","City":"PARSONS","State":"TENNESSEE","PADD":2,"Source":"Form EIA-815, Monthly Terminal Blenders Report","Period":"January 2025","Longitude":-88.03556,"Latitude":35.62824}},{"type":"Feature","id":5556,"geometry":{"type":"Point","coordinates":[-10027019.4209,4179461.5338]},"properties":{"OBJECTID":5556,"Company":"MUSKET CORP","Site":"MEMPHIS","City":"MEMPHIS","State":"TENNESSEE","PADD":2,"Source":"Form EIA-815, Monthly Terminal Blenders Report","Period":"January 2025","Longitude":-90.074248,"Latitude":35.114569}},{"type":"Feature","id":5557,"geometry":{"type":"Point","coordinates":[-9498916.751,4172960.8026]},"properties":{"OBJECTID":5557,"Company":"BRIGHT STAR ENERGY INC","Site":"CHATTANOOGA","City":"CHATTANOOGA","State":"TENNESSEE","PADD":2,"Source":"Form EIA-815, Monthly Terminal Blenders Report","Period":"January 2025","Longitude":-85.330221,"Latitude":35.066786}},{"type":"Feature","id":5558,"geometry":{"type":"Point","coordinates":[-9668004.267,4323084.8823]},"properties":{"OBJECTID":5558,"Company":"MPLX TERMINALS LLC","Site":"NASHVILLE","City":"NASHVILLE","State":"TENNESSEE","PADD":2,"Source":"Form EIA-815, Monthly Terminal Blenders Report","Period":"January 2025","Longitude":-86.84916,"Latitude":36.163085}},{"type":"Feature","id":5559,"geometry":{"type":"Point","coordinates":[-9659643.1714,4324001.8508]},"properties":{"OBJECTID":5559,"Company":"MPLX TERMINALS LLC","Site":"NASHVILLE","City":"NASHVILLE","State":"TENNESSEE","PADD":2,"Source":"Form EIA-815, Monthly Terminal Blenders Report","Period":"January 2025","Longitude":-86.774051,"Latitude":36.169735}},{"type":"Feature","id":5560,"geometry":{"type":"Point","coordinates":[-9351042.3885,4295601.7028]},"properties":{"OBJECTID":5560,"Company":"MPLX TERMINALS LLC","Site":"KNOXVILLE","City":"KNOXVILLE","State":"TENNESSEE","PADD":2,"Source":"Form EIA-815, Monthly Terminal Blenders Report","Period":"January 2025","Longitude":-84.001843,"Latitude":35.963511}},{"type":"Feature","id":5561,"geometry":{"type":"Point","coordinates":[-10962623.3396,3371437.0017]},"properties":{"OBJECTID":5561,"Company":"ERGON ASPHALT & EMULSIONS INC","Site":"PLEASANTON","City":"PLEASANTON","State":"TEXAS","PADD":3,"Source":"Form EIA-815, Monthly Terminal Blenders Report","Period":"January 2025","Longitude":-98.478921,"Latitude":28.966925}},{"type":"Feature","id":5562,"geometry":{"type":"Point","coordinates":[-10953080.9215,3430042.7337]},"properties":{"OBJECTID":5562,"Company":"FLINT HILLS RESOURCES LP","Site":"SAN ANTONIO NORTH","City":"SAN ANTONIO","State":"TEXAS","PADD":3,"Source":"Form EIA-815, Monthly Terminal Blenders Report","Period":"January 2025","Longitude":-98.3932,"Latitude":29.4265}},{"type":"Feature","id":5563,"geometry":{"type":"Point","coordinates":[-10873434.4975,3508289.8906]},"properties":{"OBJECTID":5563,"Company":"FLINT HILLS RESOURCES LP","Site":"MUSTANG RIDGE FUELS TRMNL","City":"BUDA","State":"TEXAS","PADD":3,"Source":"Form EIA-815, Monthly Terminal Blenders Report","Period":"January 2025","Longitude":-97.677724,"Latitude":30.036869}},{"type":"Feature","id":5564,"geometry":{"type":"Point","coordinates":[-10572452.8658,3912736.8627]},"properties":{"OBJECTID":5564,"Company":"ERGON ASPHALT & EMULSIONS INC","Site":"MT PLEASANT","City":"MOUNT PLEASANT","State":"TEXAS","PADD":3,"Source":"Form EIA-815, Monthly Terminal Blenders Report","Period":"January 2025","Longitude":-94.97396,"Latitude":33.13124}},{"type":"Feature","id":5565,"geometry":{"type":"Point","coordinates":[-10464506.5782,3502096.2598]},"properties":{"OBJECTID":5565,"Company":"SUNOCO LOGISTICS","Site":"NEDERLAND TERMINAL","City":"NEDERLAND","State":"TEXAS","PADD":3,"Source":"Form EIA-815, Monthly Terminal Blenders Report","Period":"January 2025","Longitude":-94.004262,"Latitude":29.988691}},{"type":"Feature","id":5566,"geometry":{"type":"Point","coordinates":[-10820858.1907,3226976.3651]},"properties":{"OBJECTID":5566,"Company":"ENBRIDGE INGLESIDE ENERGY CENTER LLC","Site":"ENBRIDGE INGLESIDE ENERGY CENTER","City":"INGLESIDE","State":"TEXAS","PADD":3,"Source":"Form EIA-815, Monthly Terminal Blenders Report","Period":"January 2025","Longitude":-97.205423,"Latitude":27.825383}},{"type":"Feature","id":5567,"geometry":{"type":"Point","coordinates":[-10613942.4193,3382754.2458]},"properties":{"OBJECTID":5567,"Company":"INEOS USA LLC","Site":"STRATTON RIDGE","City":"RICHWOOD","State":"TEXAS","PADD":3,"Source":"Form EIA-815, Monthly Terminal Blenders Report","Period":"January 2025","Longitude":-95.346667,"Latitude":29.055833}},{"type":"Feature","id":5568,"geometry":{"type":"Point","coordinates":[-10604913.1841,3811794.4035]},"properties":{"OBJECTID":5568,"Company":"TEXAS EASTMAN DIV EASTMAN CHEM CO","Site":"TYLER TERMINAL STORAGE FACILITY","City":"TYLER","State":"TEXAS","PADD":3,"Source":"Form EIA-815, Monthly Terminal Blenders Report","Period":"January 2025","Longitude":-95.265556,"Latitude":32.368611}},{"type":"Feature","id":5569,"geometry":{"type":"Point","coordinates":[-10617263.525,3373316.0431]},"properties":{"OBJECTID":5569,"Company":"DOW HYDROCARBONS & RESRCS LLC","Site":"FREEPORT","City":"FREEPORT","State":"TEXAS","PADD":3,"Source":"Form EIA-815, Monthly Terminal Blenders Report","Period":"January 2025","Longitude":-95.376501,"Latitude":28.981692}},{"type":"Feature","id":5570,"geometry":{"type":"Point","coordinates":[-10593013.3531,3468810.4828]},"properties":{"OBJECTID":5570,"Company":"MVP TERMINALLING LLC","Site":"PASADENA","City":"PASADENA","State":"TEXAS","PADD":3,"Source":"Form EIA-815, Monthly Terminal Blenders Report","Period":"January 2025","Longitude":-95.158658,"Latitude":29.729373}},{"type":"Feature","id":5571,"geometry":{"type":"Point","coordinates":[-10703569.4149,3375928.5942]},"properties":{"OBJECTID":5571,"Company":"DOW HYDROCARBONS & RESRCS LLC","Site":"MARKHAM","City":"MARKHAM","State":"TEXAS","PADD":3,"Source":"Form EIA-815, Monthly Terminal Blenders Report","Period":"January 2025","Longitude":-96.1518,"Latitude":29.00222}},{"type":"Feature","id":5572,"geometry":{"type":"Point","coordinates":[-10599034.2904,3472591.308]},"properties":{"OBJECTID":5572,"Company":"GREENS PORT CRUDE BY RAIL","Site":"GREENS PORT CRUDE BY RAIL","City":"HOUSTON","State":"TEXAS","PADD":3,"Source":"Form EIA-815, Monthly Terminal Blenders Report","Period":"January 2025","Longitude":-95.212745,"Latitude":29.758862}},{"type":"Feature","id":5573,"geometry":{"type":"Point","coordinates":[-10601547.5506,3469203.9117]},"properties":{"OBJECTID":5573,"Company":"KINDER MORGAN GALENA PARK WEST LLC","Site":"GP WEST CHEMICAL","City":"GALENA PARK","State":"TEXAS","PADD":3,"Source":"Form EIA-815, Monthly Terminal Blenders Report","Period":"January 2025","Longitude":-95.235322,"Latitude":29.732442}},{"type":"Feature","id":5574,"geometry":{"type":"Point","coordinates":[-10582813.1482,3466466.8242]},"properties":{"OBJECTID":5574,"Company":"BATTLEGROUND OIL SPECIALTY TERMINAL","Site":"BOSTCO","City":"LA PORTE","State":"TEXAS","PADD":3,"Source":"Form EIA-815, Monthly Terminal Blenders Report","Period":"January 2025","Longitude":-95.067028,"Latitude":29.711089}},{"type":"Feature","id":5575,"geometry":{"type":"Point","coordinates":[-10598757.5502,3470360.0392]},"properties":{"OBJECTID":5575,"Company":"CHEVRON USA INC GALENA PARK","Site":"GALENA PARK TERMINAL","City":"GALENA PARK","State":"TEXAS","PADD":3,"Source":"Form EIA-815, Monthly Terminal Blenders Report","Period":"January 2025","Longitude":-95.210259,"Latitude":29.74146}},{"type":"Feature","id":5576,"geometry":{"type":"Point","coordinates":[-10808808.0785,3870232.6377]},"properties":{"OBJECTID":5576,"Company":"KINDER MORGAN","Site":"EULESS LOADING FACILITY","City":"EULESS","State":"TEXAS","PADD":3,"Source":"Form EIA-815, Monthly Terminal Blenders Report","Period":"January 2025","Longitude":-97.097174999999993,"Latitude":32.810913}},{"type":"Feature","id":5577,"geometry":{"type":"Point","coordinates":[-10840369.6031,2994244.7418]},"properties":{"OBJECTID":5577,"Company":"BLUEWING ROYAL LLC","Site":"BLUEWING ROYAL BROWNSVILLE","City":"BROWNSVILLE","State":"TEXAS","PADD":3,"Source":"Form EIA-815, Monthly Terminal Blenders Report","Period":"January 2025","Longitude":-97.380697,"Latitude":25.960946}},{"type":"Feature","id":5578,"geometry":{"type":"Point","coordinates":[-10840612.3909,2994574.0885]},"properties":{"OBJECTID":5578,"Company":"BLUEWING ONE LLC","Site":"BLUEWING ONE LLC","City":"BROWNSVILLE","State":"TEXAS","PADD":3,"Source":"Form EIA-815, Monthly Terminal Blenders Report","Period":"January 2025","Longitude":-97.382878,"Latitude":25.963606}},{"type":"Feature","id":5579,"geometry":{"type":"Point","coordinates":[-10639288.9768,3614572.2354]},"properties":{"OBJECTID":5579,"Company":"V-TEX LOGISTICS LLC","Site":"HEARNE TERMINAL","City":"HEARNE","State":"TEXAS","PADD":3,"Source":"Form EIA-815, Monthly Terminal Blenders Report","Period":"January 2025","Longitude":-95.574359,"Latitude":30.859934}},{"type":"Feature","id":5580,"geometry":{"type":"Point","coordinates":[-10573540.1233,3916183.4843]},"properties":{"OBJECTID":5580,"Company":"DELEK MARKETING & SUPPLY LP","Site":"MT PLEASANT","City":"MOUNT PLEASANT","State":"TEXAS","PADD":3,"Source":"Form EIA-815, Monthly Terminal Blenders Report","Period":"January 2025","Longitude":-94.983727,"Latitude":33.157164}},{"type":"Feature","id":5581,"geometry":{"type":"Point","coordinates":[-11173801.2004,3697152.8148]},"properties":{"OBJECTID":5581,"Company":"DELEK MARKETING & SUPPLY LP","Site":"SAN ANGELO","City":"SAN ANGELO","State":"TEXAS","PADD":3,"Source":"Form EIA-815, Monthly Terminal Blenders Report","Period":"January 2025","Longitude":-100.375964,"Latitude":31.494619}},{"type":"Feature","id":5582,"geometry":{"type":"Point","coordinates":[-10850291.9546,3581763.4948]},"properties":{"OBJECTID":5582,"Company":"V-TEX LOGISTICS LLC","Site":"TAYLOR TERMINAL","City":"TAYLOR","State":"TEXAS","PADD":3,"Source":"Form EIA-815, Monthly Terminal Blenders Report","Period":"January 2025","Longitude":-97.469831,"Latitude":30.606601}},{"type":"Feature","id":5583,"geometry":{"type":"Point","coordinates":[-11104397.9506,3831586.3715]},"properties":{"OBJECTID":5583,"Company":"DELEK MARKETING & SUPPLY LP","Site":"ABILENE","City":"ABILENE","State":"TEXAS","PADD":3,"Source":"Form EIA-815, Monthly Terminal Blenders Report","Period":"January 2025","Longitude":-99.752504,"Latitude":32.518655}},{"type":"Feature","id":5584,"geometry":{"type":"Point","coordinates":[-10578469.1277,3849536.5437]},"properties":{"OBJECTID":5584,"Company":"DELEK MARKETING - BIG SANDY LLC","Site":"BIG SANDY","City":"BIG SANDY","State":"TEXAS","PADD":3,"Source":"Form EIA-815, Monthly Terminal Blenders Report","Period":"January 2025","Longitude":-95.028005,"Latitude":32.65452}},{"type":"Feature","id":5585,"geometry":{"type":"Point","coordinates":[-10595690.8095,3467384.2919]},"properties":{"OBJECTID":5585,"Company":"KM LIQUIDS TERMINALS LP","Site":"PASADENA TRUCK RACK","City":"PASADENA","State":"TEXAS","PADD":3,"Source":"Form EIA-815, Monthly Terminal Blenders Report","Period":"January 2025","Longitude":-95.18271,"Latitude":29.718247}},{"type":"Feature","id":5586,"geometry":{"type":"Point","coordinates":[-10968087.2342,3433844.1871]},"properties":{"OBJECTID":5586,"Company":"FLINT HILLS RESOURCES LP","Site":"FLINT HILLS RESOURCES LP- SAN ANTONI","City":"SAN ANTONIO","State":"TEXAS","PADD":3,"Source":"Form EIA-815, Monthly Terminal Blenders Report","Period":"January 2025","Longitude":-98.528004,"Latitude":29.456239}},{"type":"Feature","id":5587,"geometry":{"type":"Point","coordinates":[-10620635.281,3458102.7856]},"properties":{"OBJECTID":5587,"Company":"VALERO TERMINALING & DIST CO","Site":"HOUSTON TX ASPHALT","City":"HOUSTON","State":"TEXAS","PADD":3,"Source":"Form EIA-815, Monthly Terminal Blenders Report","Period":"January 2025","Longitude":-95.40679,"Latitude":29.64581}},{"type":"Feature","id":5588,"geometry":{"type":"Point","coordinates":[-10600671.1322,3469204.9373]},"properties":{"OBJECTID":5588,"Company":"KM LIQUIDS TERMINALS LP","Site":"GALENA PARK","City":"GALENA PARK","State":"TEXAS","PADD":3,"Source":"Form EIA-815, Monthly Terminal Blenders Report","Period":"January 2025","Longitude":-95.227448999999993,"Latitude":29.73245}},{"type":"Feature","id":5589,"geometry":{"type":"Point","coordinates":[-10851708.0499,3226015.6046]},"properties":{"OBJECTID":5589,"Company":"VALERO TERMINALING & DIST CO","Site":"CORPUS CHRISTI TX ASPHALT","City":"CORPUS CHRISTI","State":"TEXAS","PADD":3,"Source":"Form EIA-815, Monthly Terminal Blenders Report","Period":"January 2025","Longitude":-97.482552,"Latitude":27.81775}},{"type":"Feature","id":5590,"geometry":{"type":"Point","coordinates":[-10809366.5684,3706606.9382]},"properties":{"OBJECTID":5590,"Company":"FLINT HILLS RESOURCES LP","Site":"FLINT HILLS RESOURCES LP- WACO","City":"WACO","State":"TEXAS","PADD":3,"Source":"Form EIA-815, Monthly Terminal Blenders Report","Period":"January 2025","Longitude":-97.102192,"Latitude":31.567008}},{"type":"Feature","id":5591,"geometry":{"type":"Point","coordinates":[-10597994.1211,3467665.1336]},"properties":{"OBJECTID":5591,"Company":"KINDER MORGAN LIQ TRMNLS LLC","Site":"PASADENA","City":"PASADENA","State":"TEXAS","PADD":3,"Source":"Form EIA-815, Monthly Terminal Blenders Report","Period":"January 2025","Longitude":-95.203401,"Latitude":29.720438}},{"type":"Feature","id":5592,"geometry":{"type":"Point","coordinates":[-10844719.1896,3517585.8579]},"properties":{"OBJECTID":5592,"Company":"FLINT HILLS RESOURCES LP","Site":"FLINT HILLS RESOURCES LP-BASTROP","City":"CEDAR CREEK","State":"TEXAS","PADD":3,"Source":"Form EIA-815, Monthly Terminal Blenders Report","Period":"January 2025","Longitude":-97.41977,"Latitude":30.109135}},{"type":"Feature","id":5593,"geometry":{"type":"Point","coordinates":[-10868031.1608,3545289.8825]},"properties":{"OBJECTID":5593,"Company":"FLINT HILLS RESOURCES LP","Site":"FLINT HILLS RESOURCES LP- AUSTIN","City":"AUSTIN","State":"TEXAS","PADD":3,"Source":"Form EIA-815, Monthly Terminal Blenders Report","Period":"January 2025","Longitude":-97.629185,"Latitude":30.32419}},{"type":"Feature","id":5594,"geometry":{"type":"Point","coordinates":[-10470525.7344,3500336.7312]},"properties":{"OBJECTID":5594,"Company":"PREMCOR REFINING GROUP INC","Site":"FANNETT","City":"BEAUMONT","State":"TEXAS","PADD":3,"Source":"Form EIA-815, Monthly Terminal Blenders Report","Period":"January 2025","Longitude":-94.058333,"Latitude":29.975}},{"type":"Feature","id":5595,"geometry":{"type":"Point","coordinates":[-10865169.1367,3023630.2889]},"properties":{"OBJECTID":5595,"Company":"KEY PETROL LLC","Site":"KEY PETROL LLC","City":"HARLINGEN","State":"TEXAS","PADD":3,"Source":"Form EIA-815, Monthly Terminal Blenders Report","Period":"January 2025","Longitude":-97.603475,"Latitude":26.198044}},{"type":"Feature","id":5596,"geometry":{"type":"Point","coordinates":[-10809077.9169,3870984.5811]},"properties":{"OBJECTID":5596,"Company":"FLINT HILLS RESOURCES LP","Site":"FT WORTH","City":"EULESS","State":"TEXAS","PADD":3,"Source":"Form EIA-815, Monthly Terminal Blenders Report","Period":"January 2025","Longitude":-97.099599,"Latitude":32.81659}},{"type":"Feature","id":5597,"geometry":{"type":"Point","coordinates":[-10462954.7845,3501998.7089]},"properties":{"OBJECTID":5597,"Company":"PHILLIPS 66 GULF COAST PROPERTIES LL","Site":"BEAUMONT TERMINAL","City":"NEDERLAND","State":"TEXAS","PADD":3,"Source":"Form EIA-815, Monthly Terminal Blenders Report","Period":"January 2025","Longitude":-93.990322,"Latitude":29.987932}},{"type":"Feature","id":5598,"geometry":{"type":"Point","coordinates":[-10808122.907,3704914.7164]},"properties":{"OBJECTID":5598,"Company":"JEBRO INCORPORATED","Site":"WACO","City":"WACO","State":"TEXAS","PADD":3,"Source":"Form EIA-815, Monthly Terminal Blenders Report","Period":"January 2025","Longitude":-97.09102,"Latitude":31.554055}},{"type":"Feature","id":5599,"geometry":{"type":"Point","coordinates":[-10595718.5281,3469649.7867]},"properties":{"OBJECTID":5599,"Company":"PHILLIPS 66 CARRIER LLC","Site":"PASADENA TX","City":"HOUSTON","State":"TEXAS","PADD":3,"Source":"Form EIA-815, Monthly Terminal Blenders Report","Period":"January 2025","Longitude":-95.182959,"Latitude":29.73592}},{"type":"Feature","id":5600,"geometry":{"type":"Point","coordinates":[-10637319.5123,3373807.7658]},"properties":{"OBJECTID":5600,"Company":"PHILLIPS 66 PIPELINE LLC","Site":"CLEMENS CAVERNS - BRAZORIA TX","City":"BRAZORIA","State":"TEXAS","PADD":3,"Source":"Form EIA-815, Monthly Terminal Blenders Report","Period":"January 2025","Longitude":-95.556667,"Latitude":28.985556}},{"type":"Feature","id":5601,"geometry":{"type":"Point","coordinates":[-11342083.9878,4199926.5229]},"properties":{"OBJECTID":5601,"Company":"PHILLIPS 66 PIPELINE LLC","Site":"AMARILLO TX","City":"AMARILLO","State":"TEXAS","PADD":3,"Source":"Form EIA-815, Monthly Terminal Blenders Report","Period":"January 2025","Longitude":-101.887674,"Latitude":35.264812}},{"type":"Feature","id":5602,"geometry":{"type":"Point","coordinates":[-10580609.6902,3466012.9852]},"properties":{"OBJECTID":5602,"Company":"INTERGULF CORPORATION","Site":"INTERGULF MARINE LLC","City":"LA PORTE","State":"TEXAS","PADD":3,"Source":"Form EIA-815, Monthly Terminal Blenders Report","Period":"January 2025","Longitude":-95.047234,"Latitude":29.707548}},{"type":"Feature","id":5603,"geometry":{"type":"Point","coordinates":[-10593782.0253,3466860.4634]},"properties":{"OBJECTID":5603,"Company":"INTERCONTINENTAL TERMINALS COMPANY","Site":"ITC PASADENA","City":"PASADENA","State":"TEXAS","PADD":3,"Source":"Form EIA-815, Monthly Terminal Blenders Report","Period":"January 2025","Longitude":-95.1655631,"Latitude":29.7141602}},{"type":"Feature","id":5604,"geometry":{"type":"Point","coordinates":[-10585348.1156,3468712.2877]},"properties":{"OBJECTID":5604,"Company":"INTERCONTINENTAL TERMINALS CO","Site":"DEER PARK","City":"DEER PARK","State":"TEXAS","PADD":3,"Source":"Form EIA-815, Monthly Terminal Blenders Report","Period":"January 2025","Longitude":-95.0898,"Latitude":29.728607}},{"type":"Feature","id":5605,"geometry":{"type":"Point","coordinates":[-11341461.1552,3976758.5108]},"properties":{"OBJECTID":5605,"Company":"PHILLIPS 66 COMPANY","Site":"LUBBOCK TX","City":"LUBBOCK","State":"TEXAS","PADD":3,"Source":"Form EIA-815, Monthly Terminal Blenders Report","Period":"January 2025","Longitude":-101.882079,"Latitude":33.61153}},{"type":"Feature","id":5606,"geometry":{"type":"Point","coordinates":[-10744180.9915,3936172.287]},"properties":{"OBJECTID":5606,"Company":"US VENTURE INC","Site":"MELISSA TERMINAL","City":"MELISSA","State":"TEXAS","PADD":3,"Source":"Form EIA-815, Monthly Terminal Blenders Report","Period":"January 2025","Longitude":-96.51662,"Latitude":33.30736}},{"type":"Feature","id":5607,"geometry":{"type":"Point","coordinates":[-10834308.3682,3867218.7234]},"properties":{"OBJECTID":5607,"Company":"US VENTURE INC","Site":"FORT WORTH SOUTH TERMINAL","City":"FORT WORTH","State":"TEXAS","PADD":3,"Source":"Form EIA-815, Monthly Terminal Blenders Report","Period":"January 2025","Longitude":-97.326248,"Latitude":32.788155}},{"type":"Feature","id":5608,"geometry":{"type":"Point","coordinates":[-10658251.5841,3384848.6251]},"properties":{"OBJECTID":5608,"Company":"PHILLIPS 66","Site":"FREEPORT","City":"FREEPORT","State":"TEXAS","PADD":3,"Source":"Form EIA-815, Monthly Terminal Blenders Report","Period":"January 2025","Longitude":-95.744703,"Latitude":29.072278}},{"type":"Feature","id":5609,"geometry":{"type":"Point","coordinates":[-10460149.1994,3481968.7458]},"properties":{"OBJECTID":5609,"Company":"GT GULFWAY LLC","Site":"GT GULFWAY","City":"PORT ARTHUR","State":"TEXAS","PADD":3,"Source":"Form EIA-815, Monthly Terminal Blenders Report","Period":"January 2025","Longitude":-93.965119,"Latitude":29.831965}},{"type":"Feature","id":5610,"geometry":{"type":"Point","coordinates":[-10847979.5148,3226947.9176]},"properties":{"OBJECTID":5610,"Company":"MAVERICK TERMINALS CORPUS LLC","Site":"MAVERICK TERMINALS CORPUS LLC","City":"CORPUS CHRISTI","State":"TEXAS","PADD":3,"Source":"Form EIA-815, Monthly Terminal Blenders Report","Period":"January 2025","Longitude":-97.449058,"Latitude":27.825157}},{"type":"Feature","id":5611,"geometry":{"type":"Point","coordinates":[-10463690.7177,3486426.8534]},"properties":{"OBJECTID":5611,"Company":"GT LOGISTICS LLC","Site":"GT OMNIPORT","City":"PORT ARTHUR","State":"TEXAS","PADD":3,"Source":"Form EIA-815, Monthly Terminal Blenders Report","Period":"January 2025","Longitude":-93.996933,"Latitude":29.8667}},{"type":"Feature","id":5612,"geometry":{"type":"Point","coordinates":[-10621755.1551,3496811.7207]},"properties":{"OBJECTID":5612,"Company":"US VENTURE INC","Site":"HOUSTON","City":"HOUSTON","State":"TEXAS","PADD":3,"Source":"Form EIA-815, Monthly Terminal Blenders Report","Period":"January 2025","Longitude":-95.41685,"Latitude":29.947566}},{"type":"Feature","id":5613,"geometry":{"type":"Point","coordinates":[-10836962.0022,3871004.8473]},"properties":{"OBJECTID":5613,"Company":"US VENTURE INC","Site":"FORT WORTH","City":"FORT WORTH","State":"TEXAS","PADD":3,"Source":"Form EIA-815, Monthly Terminal Blenders Report","Period":"January 2025","Longitude":-97.350086,"Latitude":32.816743}},{"type":"Feature","id":5614,"geometry":{"type":"Point","coordinates":[-10728472.9208,3587916.7332]},"properties":{"OBJECTID":5614,"Company":"US VENTURE INC","Site":"BRYAN","City":"BRYAN","State":"TEXAS","PADD":3,"Source":"Form EIA-815, Monthly Terminal Blenders Report","Period":"January 2025","Longitude":-96.375512,"Latitude":30.654164}},{"type":"Feature","id":5615,"geometry":{"type":"Point","coordinates":[-10839106.9061,2994219.7316]},"properties":{"OBJECTID":5615,"Company":"ABC GULF COAST TERMINAL","Site":"ABC GULF COAST TERMINAL","City":"BROWNSVILLE","State":"TEXAS","PADD":3,"Source":"Form EIA-815, Monthly Terminal Blenders Report","Period":"January 2025","Longitude":-97.369354,"Latitude":25.960744}},{"type":"Feature","id":5616,"geometry":{"type":"Point","coordinates":[-11566918.969,3740522.4283]},"properties":{"OBJECTID":5616,"Company":"HOLLY ENERGY PARTNERS","Site":"ORLA TX","City":"ORLA","State":"TEXAS","PADD":3,"Source":"Form EIA-815, Monthly Terminal Blenders Report","Period":"January 2025","Longitude":-103.907401,"Latitude":31.826232}},{"type":"Feature","id":5617,"geometry":{"type":"Point","coordinates":[-11115933.9895,3823724.1537]},"properties":{"OBJECTID":5617,"Company":"HOLLY ENERGY PARTNERS","Site":"ABILENE TX","City":"ABILENE","State":"TEXAS","PADD":3,"Source":"Form EIA-815, Monthly Terminal Blenders Report","Period":"January 2025","Longitude":-99.856134,"Latitude":32.459081}},{"type":"Feature","id":5618,"geometry":{"type":"Point","coordinates":[-10964086.4117,4020411.6798]},"properties":{"OBJECTID":5618,"Company":"HOLLY ENERGY PARTNERS","Site":"WICHITA FALLS","City":"WICHITA FALLS","State":"TEXAS","PADD":3,"Source":"Form EIA-815, Monthly Terminal Blenders Report","Period":"January 2025","Longitude":-98.492064,"Latitude":33.937491}},{"type":"Feature","id":5619,"geometry":{"type":"Point","coordinates":[-11843145.7063,3733247.4912]},"properties":{"OBJECTID":5619,"Company":"HOLLY ENERGY PARTNERS","Site":"EL PASO TX","City":"EL PASO","State":"TEXAS","PADD":3,"Source":"Form EIA-815, Monthly Terminal Blenders Report","Period":"January 2025","Longitude":-106.388788,"Latitude":31.770689}},{"type":"Feature","id":5620,"geometry":{"type":"Point","coordinates":[-10810101.6109,3712863.5243]},"properties":{"OBJECTID":5620,"Company":"GLOBAL CO LLC","Site":"WACO TERMINAL","City":"WACO","State":"TEXAS","PADD":3,"Source":"Form EIA-815, Monthly Terminal Blenders Report","Period":"January 2025","Longitude":-97.108795,"Latitude":31.614883}},{"type":"Feature","id":5621,"geometry":{"type":"Point","coordinates":[-10471777.5221,3503340.581]},"properties":{"OBJECTID":5621,"Company":"GLOBAL CO LLC","Site":"BEAUMONT TERMINAL","City":"BEAUMONT","State":"TEXAS","PADD":3,"Source":"Form EIA-815, Monthly Terminal Blenders Report","Period":"January 2025","Longitude":-94.069578,"Latitude":29.998372}},{"type":"Feature","id":5622,"geometry":{"type":"Point","coordinates":[-11285033.4167,4257379.5999]},"properties":{"OBJECTID":5622,"Company":"CHEVRON PHILLIPS CHEMICAL CO","Site":"CLEMENS","City":"BRAZORIA","State":"TEXAS","PADD":3,"Source":"Form EIA-815, Monthly Terminal Blenders Report","Period":"January 2025","Longitude":-101.37518,"Latitude":35.685114}},{"type":"Feature","id":5623,"geometry":{"type":"Point","coordinates":[-10600404.856,3466643.9552]},"properties":{"OBJECTID":5623,"Company":"GLOBAL CO LLC","Site":"PASADENA TERMINAL","City":"PASADENA","State":"TEXAS","PADD":3,"Source":"Form EIA-815, Monthly Terminal Blenders Report","Period":"January 2025","Longitude":-95.225057,"Latitude":29.712471}},{"type":"Feature","id":5624,"geometry":{"type":"Point","coordinates":[-10832326.5473,3869044.8848]},"properties":{"OBJECTID":5624,"Company":"GLOBAL CO LLC","Site":"FORT WORTH TERMINAL","City":"FORT WORTH","State":"TEXAS","PADD":3,"Source":"Form EIA-815, Monthly Terminal Blenders Report","Period":"January 2025","Longitude":-97.308445,"Latitude":32.801945}},{"type":"Feature","id":5625,"geometry":{"type":"Point","coordinates":[-10785177.9562,3865984.2715]},"properties":{"OBJECTID":5625,"Company":"GLOBAL CO LLC","Site":"DALLAS TERMINAL","City":"DALLAS","State":"TEXAS","PADD":3,"Source":"Form EIA-815, Monthly Terminal Blenders Report","Period":"January 2025","Longitude":-96.884902,"Latitude":32.778832}},{"type":"Feature","id":5626,"geometry":{"type":"Point","coordinates":[-10564070.5082,3423523.9641]},"properties":{"OBJECTID":5626,"Company":"BWC TEXAS CITY TERMINALS INC","Site":"TEXAS CITY TERMINAL","City":"TEXAS CITY","State":"TEXAS","PADD":3,"Source":"Form EIA-815, Monthly Terminal Blenders Report","Period":"January 2025","Longitude":-94.89866,"Latitude":29.375483}},{"type":"Feature","id":5627,"geometry":{"type":"Point","coordinates":[-10587839.4458,3470943.3987]},"properties":{"OBJECTID":5627,"Company":"BWC TERMINALS LLC","Site":"BWC JACINTOPORT TERMINAL","City":"HOUSTON","State":"TEXAS","PADD":3,"Source":"Form EIA-815, Monthly Terminal Blenders Report","Period":"January 2025","Longitude":-95.11218,"Latitude":29.74601}},{"type":"Feature","id":5628,"geometry":{"type":"Point","coordinates":[-10615941.3834,3500581.1564]},"properties":{"OBJECTID":5628,"Company":"GULF COAST ENERGY LLC","Site":"NORTH HOUSTON","City":"HOUSTON","State":"TEXAS","PADD":3,"Source":"Form EIA-815, Monthly Terminal Blenders Report","Period":"January 2025","Longitude":-95.364624,"Latitude":29.976902}},{"type":"Feature","id":5629,"geometry":{"type":"Point","coordinates":[-10603058.49,3456734.5157]},"properties":{"OBJECTID":5629,"Company":"BWC TERMINALS LLC","Site":"MANCHESTER TERMINAL","City":"HOUSTON","State":"TEXAS","PADD":3,"Source":"Form EIA-815, Monthly Terminal Blenders Report","Period":"January 2025","Longitude":-95.248895,"Latitude":29.635127}},{"type":"Feature","id":5630,"geometry":{"type":"Point","coordinates":[-10809331.2801,3705962.7087]},"properties":{"OBJECTID":5630,"Company":"FIKES WHOLESALE INC","Site":"WACO","City":"WACO","State":"TEXAS","PADD":3,"Source":"Form EIA-815, Monthly Terminal Blenders Report","Period":"January 2025","Longitude":-97.101875,"Latitude":31.562077}},{"type":"Feature","id":5631,"geometry":{"type":"Point","coordinates":[-10604539.5958,3468134.5414]},"properties":{"OBJECTID":5631,"Company":"BWC TERMINALS LLC","Site":"MAGNOLIA PARK TERMINAL","City":"HOUSTON","State":"TEXAS","PADD":3,"Source":"Form EIA-815, Monthly Terminal Blenders Report","Period":"January 2025","Longitude":-95.2622,"Latitude":29.7241}},{"type":"Feature","id":5632,"geometry":{"type":"Point","coordinates":[-10585362.5872,3470136.19]},"properties":{"OBJECTID":5632,"Company":"VOPAK TERMINALS NORTH AMER INC","Site":"DEER PARK","City":"DEER PARK","State":"TEXAS","PADD":3,"Source":"Form EIA-815, Monthly Terminal Blenders Report","Period":"January 2025","Longitude":-95.08993,"Latitude":29.739714}},{"type":"Feature","id":5633,"geometry":{"type":"Point","coordinates":[-10473132.5029,3610838.8204]},"properties":{"OBJECTID":5633,"Company":"JEFFERSON GULF COAST ENERGY PARTNERS","Site":"JEFFERSON ENERGY TERMINAL","City":"VIDOR","State":"TEXAS","PADD":3,"Source":"Form EIA-815, Monthly Terminal Blenders Report","Period":"January 2025","Longitude":-94.08175,"Latitude":30.83114}},{"type":"Feature","id":5634,"geometry":{"type":"Point","coordinates":[-10533544.9227,3521486.692]},"properties":{"OBJECTID":5634,"Company":"EXXONMOBIL PL CO","Site":"HULL UG STORAGE","City":"HULL","State":"TEXAS","PADD":3,"Source":"Form EIA-815, Monthly Terminal Blenders Report","Period":"January 2025","Longitude":-94.624444,"Latitude":30.139444}},{"type":"Feature","id":5635,"geometry":{"type":"Point","coordinates":[-10790466.7452,3873725.2037]},"properties":{"OBJECTID":5635,"Company":"EXXONMOBIL CORPORATION","Site":"IRVING","City":"IRVING","State":"TEXAS","PADD":3,"Source":"Form EIA-815, Monthly Terminal Blenders Report","Period":"January 2025","Longitude":-96.932412,"Latitude":32.837278}},{"type":"Feature","id":5636,"geometry":{"type":"Point","coordinates":[-10621173.0655,3488927.3326]},"properties":{"OBJECTID":5636,"Company":"EXXONMOBIL CORPORATION","Site":"NORTH HOUSTON","City":"HOUSTON","State":"TEXAS","PADD":3,"Source":"Form EIA-815, Monthly Terminal Blenders Report","Period":"January 2025","Longitude":-95.411621,"Latitude":29.886177}},{"type":"Feature","id":5637,"geometry":{"type":"Point","coordinates":[-10619510.8428,3461152.7455]},"properties":{"OBJECTID":5637,"Company":"EXXONMOBIL P L CO","Site":"SOUTH HOUSTON","City":"HOUSTON","State":"TEXAS","PADD":3,"Source":"Form EIA-815, Monthly Terminal Blenders Report","Period":"January 2025","Longitude":-95.396689,"Latitude":29.669619}},{"type":"Feature","id":5638,"geometry":{"type":"Point","coordinates":[-10790681.3692,3870828.8108]},"properties":{"OBJECTID":5638,"Company":"OWENS CORNING","Site":"IRVING ASPHALT PLANT","City":"IRVING","State":"TEXAS","PADD":3,"Source":"Form EIA-815, Monthly Terminal Blenders Report","Period":"January 2025","Longitude":-96.93434,"Latitude":32.815414}},{"type":"Feature","id":5639,"geometry":{"type":"Point","coordinates":[-10471979.0104,3512014.8718]},"properties":{"OBJECTID":5639,"Company":"EXXON MOBIL REFG & SPLY COMP","Site":"BEAUMONT","City":"BEAUMONT","State":"TEXAS","PADD":3,"Source":"Form EIA-815, Monthly Terminal Blenders Report","Period":"January 2025","Longitude":-94.071388,"Latitude":30.065833}},{"type":"Feature","id":5640,"geometry":{"type":"Point","coordinates":[-10957919.6458,3432059.8362]},"properties":{"OBJECTID":5640,"Company":"EXXON MOBIL REFG & SPLY COMP","Site":"SAN ANTONIO","City":"SAN ANTONIO","State":"TEXAS","PADD":3,"Source":"Form EIA-815, Monthly Terminal Blenders Report","Period":"January 2025","Longitude":-98.436667,"Latitude":29.442281}},{"type":"Feature","id":5641,"geometry":{"type":"Point","coordinates":[-10841213.7388,2994070.6616]},"properties":{"OBJECTID":5641,"Company":"TRANSMONTAIGNE OPERATING COMPANY","Site":"BROWNSVILLE - RIO","City":"BROWNSVILLE","State":"TEXAS","PADD":3,"Source":"Form EIA-815, Monthly Terminal Blenders Report","Period":"January 2025","Longitude":-97.38828,"Latitude":25.95954}},{"type":"Feature","id":5642,"geometry":{"type":"Point","coordinates":[-10843932.0495,2993631.1368]},"properties":{"OBJECTID":5642,"Company":"TRANSMONTAIGNE OPERATING COMPANY","Site":"TEJANO","City":"BROWNSVILLE","State":"TEXAS","PADD":3,"Source":"Form EIA-815, Monthly Terminal Blenders Report","Period":"January 2025","Longitude":-97.412699,"Latitude":25.95599}},{"type":"Feature","id":5643,"geometry":{"type":"Point","coordinates":[-10840707.9031,2993413.9793]},"properties":{"OBJECTID":5643,"Company":"TRANSMONTAIGNE OPERATING COMPANY","Site":"INTERCOASTAL","City":"BROWNSVILLE","State":"TEXAS","PADD":3,"Source":"Form EIA-815, Monthly Terminal Blenders Report","Period":"January 2025","Longitude":-97.383736,"Latitude":25.954236}},{"type":"Feature","id":5644,"geometry":{"type":"Point","coordinates":[-10837718.1955,2994475.4076]},"properties":{"OBJECTID":5644,"Company":"TRANSMONTAIGNE OPERATING COMPANY","Site":"BROWNSVILLE","City":"BROWNSVILLE","State":"TEXAS","PADD":3,"Source":"Form EIA-815, Monthly Terminal Blenders Report","Period":"January 2025","Longitude":-97.356879,"Latitude":25.962809}},{"type":"Feature","id":5645,"geometry":{"type":"Point","coordinates":[-10845072.0724,2992451.9139]},"properties":{"OBJECTID":5645,"Company":"TRANSMONTAIGNE OPERATING COMPANY","Site":"BORDER","City":"BROWNSVILLE","State":"TEXAS","PADD":3,"Source":"Form EIA-815, Monthly Terminal Blenders Report","Period":"January 2025","Longitude":-97.42294,"Latitude":25.946465}},{"type":"Feature","id":5646,"geometry":{"type":"Point","coordinates":[-11427741.6643,3864742.1381]},"properties":{"OBJECTID":5646,"Company":"ENTERPRISE REFINED PRODUCTS CO LLC","Site":"PERMIAN","City":"SEMINOLE","State":"TEXAS","PADD":3,"Source":"Form EIA-815, Monthly Terminal Blenders Report","Period":"January 2025","Longitude":-102.65715,"Latitude":32.76945}},{"type":"Feature","id":5647,"geometry":{"type":"Point","coordinates":[-10469473.6539,3506310.6819]},"properties":{"OBJECTID":5647,"Company":"ENT BEAUMONT MARINE WEST LP","Site":"BEAUMONT RP WEST TERMINAL","City":"BEAUMONT","State":"TEXAS","PADD":3,"Source":"Form EIA-815, Monthly Terminal Blenders Report","Period":"January 2025","Longitude":-94.048882,"Latitude":30.021476}},{"type":"Feature","id":5648,"geometry":{"type":"Point","coordinates":[-10467586.5659,3508799.2397]},"properties":{"OBJECTID":5648,"Company":"ENTERPRISE REFINED PRODUCTS CO LLC","Site":"BEAUMONT MARINE RP EAST TERMINAL","City":"VIDOR","State":"TEXAS","PADD":3,"Source":"Form EIA-815, Monthly Terminal Blenders Report","Period":"January 2025","Longitude":-94.03193,"Latitude":30.04083}},{"type":"Feature","id":5649,"geometry":{"type":"Point","coordinates":[-10621956.0868,3479596.8971]},"properties":{"OBJECTID":5649,"Company":"ENTERPRISE REFINED PRODUCTS CO LLC","Site":"NORTH HOUSTON RP TRUCK TERMINAL","City":"HOUSTON","State":"TEXAS","PADD":3,"Source":"Form EIA-815, Monthly Terminal Blenders Report","Period":"January 2025","Longitude":-95.418655,"Latitude":29.81348}},{"type":"Feature","id":5650,"geometry":{"type":"Point","coordinates":[-10464549.1023,3495217.3436]},"properties":{"OBJECTID":5650,"Company":"ENTERPRISE REFINED PRODUCTS CO LLC","Site":"PORT ARTHUR RP STORAGE TERMINAL","City":"PORT ARTHUR","State":"TEXAS","PADD":3,"Source":"Form EIA-815, Monthly Terminal Blenders Report","Period":"January 2025","Longitude":-94.004644,"Latitude":29.935155}},{"type":"Feature","id":5651,"geometry":{"type":"Point","coordinates":[-10584928.4412,3476551.9245]},"properties":{"OBJECTID":5651,"Company":"ASPHALT INC","Site":"PELICAN REFINING CO","City":"CHANNELVIEW","State":"TEXAS","PADD":3,"Source":"Form EIA-815, Monthly Terminal Blenders Report","Period":"January 2025","Longitude":-95.08603,"Latitude":29.789744}},{"type":"Feature","id":5652,"geometry":{"type":"Point","coordinates":[-10693382.7909,3377879.1826]},"properties":{"OBJECTID":5652,"Company":"ENTERPRISE GC LLC","Site":"MARKHAM STORAGE","City":"MARKHAM","State":"TEXAS","PADD":3,"Source":"Form EIA-815, Monthly Terminal Blenders Report","Period":"January 2025","Longitude":-96.060292,"Latitude":29.017544}},{"type":"Feature","id":5653,"geometry":{"type":"Point","coordinates":[-10864710.2777,3024134.4945]},"properties":{"OBJECTID":5653,"Company":"TITAN MARINE FUEL LLC","Site":"TITAN FUEL TERMINAL","City":"HARLINGEN","State":"TEXAS","PADD":3,"Source":"Form EIA-815, Monthly Terminal Blenders Report","Period":"January 2025","Longitude":-97.599353,"Latitude":26.202108}},{"type":"Feature","id":5654,"geometry":{"type":"Point","coordinates":[-10846054.4669,3225221.5462]},"properties":{"OBJECTID":5654,"Company":"ENTERPRISE GC LLC","Site":"S TX-ORIGIN STATION","City":"CORPUS CHRISTI","State":"TEXAS","PADD":3,"Source":"Form EIA-815, Monthly Terminal Blenders Report","Period":"January 2025","Longitude":-97.431765,"Latitude":27.811441}},{"type":"Feature","id":5655,"geometry":{"type":"Point","coordinates":[-10565815.9978,3423762.465]},"properties":{"OBJECTID":5655,"Company":"ENTERPRISE GC LLC","Site":"HO NGL-TEXAS CITY TERMINAL","City":"TEXAS CITY","State":"TEXAS","PADD":3,"Source":"Form EIA-815, Monthly Terminal Blenders Report","Period":"January 2025","Longitude":-94.91434,"Latitude":29.37735}},{"type":"Feature","id":5656,"geometry":{"type":"Point","coordinates":[-10589111.8276,3471376.7686]},"properties":{"OBJECTID":5656,"Company":"ENTERPRISE GC LLC","Site":"HO NGL-ALMEDA TERMINAL 1","City":"HOUSTON","State":"TEXAS","PADD":3,"Source":"Form EIA-815, Monthly Terminal Blenders Report","Period":"January 2025","Longitude":-95.12361,"Latitude":29.749389999999998}},{"type":"Feature","id":5657,"geometry":{"type":"Point","coordinates":[-10598984.7533,3470298.4995]},"properties":{"OBJECTID":5657,"Company":"TARGA MIDSTREAM SERVICES LLC","Site":"GALENA PARK","City":"GALENA PARK","State":"TEXAS","PADD":3,"Source":"Form EIA-815, Monthly Terminal Blenders Report","Period":"January 2025","Longitude":-95.2123,"Latitude":29.74098}},{"type":"Feature","id":5658,"geometry":{"type":"Point","coordinates":[-11821524.3442,3707542.706]},"properties":{"OBJECTID":5658,"Company":"ENTERPRISE TERMLS & STGE LLC","Site":"EL PASO","City":"CLINT","State":"TEXAS","PADD":3,"Source":"Form EIA-815, Monthly Terminal Blenders Report","Period":"January 2025","Longitude":-106.19456,"Latitude":31.57417}},{"type":"Feature","id":5659,"geometry":{"type":"Point","coordinates":[-10563694.0256,3483392.0657]},"properties":{"OBJECTID":5659,"Company":"TARGA MIDSTREAM SERVICES LLC","Site":"MT BELVIEU","City":"MONT BELVIEU","State":"TEXAS","PADD":3,"Source":"Form EIA-815, Monthly Terminal Blenders Report","Period":"January 2025","Longitude":-94.895278,"Latitude":29.843056}},{"type":"Feature","id":5660,"geometry":{"type":"Point","coordinates":[-10595372.4358,3471181.8786]},"properties":{"OBJECTID":5660,"Company":"STOLTHAVEN HOUSTON LLC","Site":"HOUSTON","City":"HOUSTON","State":"TEXAS","PADD":3,"Source":"Form EIA-815, Monthly Terminal Blenders Report","Period":"January 2025","Longitude":-95.17985,"Latitude":29.74787}},{"type":"Feature","id":5661,"geometry":{"type":"Point","coordinates":[-10457063.5344,3501390.5429]},"properties":{"OBJECTID":5661,"Company":"MOTIVA ENTERPRISES LLC PORT NECHES","Site":"PORT NECHES","City":"PORT NECHES","State":"TEXAS","PADD":3,"Source":"Form EIA-815, Monthly Terminal Blenders Report","Period":"January 2025","Longitude":-93.9374,"Latitude":29.9832}},{"type":"Feature","id":5662,"geometry":{"type":"Point","coordinates":[-11341339.2604,3976680.7167]},"properties":{"OBJECTID":5662,"Company":"PRO PETROLEUM INC","Site":"LUBBOCK","City":"LUBBOCK","State":"TEXAS","PADD":3,"Source":"Form EIA-815, Monthly Terminal Blenders Report","Period":"January 2025","Longitude":-101.880984,"Latitude":33.610948}},{"type":"Feature","id":5663,"geometry":{"type":"Point","coordinates":[-11460710.7126,3865336.1798]},"properties":{"OBJECTID":5663,"Company":"ENTERPRISE TERMINALS & STORAGE LLC","Site":"HOBBS STATION & TERMINAL","City":"HIGGINBOTHAM","State":"TEXAS","PADD":3,"Source":"Form EIA-815, Monthly Terminal Blenders Report","Period":"January 2025","Longitude":-102.953316,"Latitude":32.773937}},{"type":"Feature","id":5664,"geometry":{"type":"Point","coordinates":[-10748136.0617,3612071.1098]},"properties":{"OBJECTID":5664,"Company":"MOTIVA ENTERPRISES LLC","Site":"HEARNE BLENDING TERMINAL","City":"HEARNE","State":"TEXAS","PADD":3,"Source":"Form EIA-815, Monthly Terminal Blenders Report","Period":"January 2025","Longitude":-96.552149,"Latitude":30.840645}},{"type":"Feature","id":5665,"geometry":{"type":"Point","coordinates":[-10954675.1279,3434249.0815]},"properties":{"OBJECTID":5665,"Company":"GLOBAL CO LLC","Site":"SAN ANTONIO TERMINAL","City":"SAN ANTONIO","State":"TEXAS","PADD":3,"Source":"Form EIA-815, Monthly Terminal Blenders Report","Period":"January 2025","Longitude":-98.407521,"Latitude":29.459406}},{"type":"Feature","id":5666,"geometry":{"type":"Point","coordinates":[-10600955.1082,3469313.9047]},"properties":{"OBJECTID":5666,"Company":"SHELL OIL PRODUCTS US","Site":"HOUSTON LUBRICANT PLANT","City":"GALENA PARK","State":"TEXAS","PADD":3,"Source":"Form EIA-815, Monthly Terminal Blenders Report","Period":"January 2025","Longitude":-95.23,"Latitude":29.7333}},{"type":"Feature","id":5667,"geometry":{"type":"Point","coordinates":[-11338446.7347,3972250.7926]},"properties":{"OBJECTID":5667,"Company":"ERGON ASPHALT & EMULSIONS INC","Site":"LUBBOCK","City":"LUBBOCK","State":"TEXAS","PADD":3,"Source":"Form EIA-815, Monthly Terminal Blenders Report","Period":"January 2025","Longitude":-101.855,"Latitude":33.5778}},{"type":"Feature","id":5668,"geometry":{"type":"Point","coordinates":[-10565021.1766,3485281.8566]},"properties":{"OBJECTID":5668,"Company":"MONT BELVIEU CAVERNS LLC","Site":"MONT BELVIEU CAVERNS LLC","City":"MONT BELVIEU","State":"TEXAS","PADD":3,"Source":"Form EIA-815, Monthly Terminal Blenders Report","Period":"January 2025","Longitude":-94.9072,"Latitude":29.85778}},{"type":"Feature","id":5669,"geometry":{"type":"Point","coordinates":[-10576619.443,3462660.7625]},"properties":{"OBJECTID":5669,"Company":"ENTERPRISE PRODUCTS OPERATING LLC","Site":"MORGANS PT COMPLEX NGLS","City":"MORGANS POINT","State":"TEXAS","PADD":3,"Source":"Form EIA-815, Monthly Terminal Blenders Report","Period":"January 2025","Longitude":-95.011389,"Latitude":29.681389}},{"type":"Feature","id":5670,"geometry":{"type":"Point","coordinates":[-10821730.1563,3007030.3502]},"properties":{"OBJECTID":5670,"Company":"ARGUINDEGUI OIL CO II LTD","Site":"PORT ISABEL","City":"PORT ISABEL","State":"TEXAS","PADD":3,"Source":"Form EIA-815, Monthly Terminal Blenders Report","Period":"January 2025","Longitude":-97.213256,"Latitude":26.064166}},{"type":"Feature","id":5671,"geometry":{"type":"Point","coordinates":[-10838682.5563,3878226.0692]},"properties":{"OBJECTID":5671,"Company":"ERGON ASPHALT & EMULSIONS INC","Site":"SAGINAW","City":"SAGINAW","State":"TEXAS","PADD":3,"Source":"Form EIA-815, Monthly Terminal Blenders Report","Period":"January 2025","Longitude":-97.365542,"Latitude":32.871243}},{"type":"Feature","id":5672,"geometry":{"type":"Point","coordinates":[-10856502.803,3227212.758]},"properties":{"OBJECTID":5672,"Company":"POTAC LLC","Site":"POTAC LLC","City":"CORPUS CHRISTI","State":"TEXAS","PADD":3,"Source":"Form EIA-815, Monthly Terminal Blenders Report","Period":"January 2025","Longitude":-97.525624,"Latitude":27.827261}},{"type":"Feature","id":5673,"geometry":{"type":"Point","coordinates":[-10534624.0538,3521897.4503]},"properties":{"OBJECTID":5673,"Company":"PHOENIX PARK ENERGY MARKETING LLC","Site":"PHOENIX PARK HULL TERMINAL","City":"HULL","State":"TEXAS","PADD":3,"Source":"Form EIA-815, Monthly Terminal Blenders Report","Period":"January 2025","Longitude":-94.634138,"Latitude":30.142635}},{"type":"Feature","id":5674,"geometry":{"type":"Point","coordinates":[-10578526.7912,3452732.3619]},"properties":{"OBJECTID":5674,"Company":"LBC HOUSTON LP","Site":"SEABROOK","City":"SEABROOK","State":"TEXAS","PADD":3,"Source":"Form EIA-815, Monthly Terminal Blenders Report","Period":"January 2025","Longitude":-95.028523,"Latitude":29.603873}},{"type":"Feature","id":5675,"geometry":{"type":"Point","coordinates":[-10614290.5153,3477046.1574]},"properties":{"OBJECTID":5675,"Company":"PETROLEUM WHOLESALE LP","Site":"LIGHT PRODUCTS TERMINAL","City":"HOUSTON","State":"TEXAS","PADD":3,"Source":"Form EIA-815, Monthly Terminal Blenders Report","Period":"January 2025","Longitude":-95.349794,"Latitude":29.793597}},{"type":"Feature","id":5676,"geometry":{"type":"Point","coordinates":[-10589119.5087,3471377.6662]},"properties":{"OBJECTID":5676,"Company":"ENT HOUSTON SHIP CHANNEL LP","Site":"HSC REFINED TERMINAL","City":"HOUSTON","State":"TEXAS","PADD":3,"Source":"Form EIA-815, Monthly Terminal Blenders Report","Period":"January 2025","Longitude":-95.123679,"Latitude":29.749397}},{"type":"Feature","id":5677,"geometry":{"type":"Point","coordinates":[-10846005.2637,3224512.1054]},"properties":{"OBJECTID":5677,"Company":"CITGO PETRO CORP","Site":"OAK PARK AVE TRUCK RACK","City":"CORPUS CHRISTI","State":"TEXAS","PADD":3,"Source":"Form EIA-815, Monthly Terminal Blenders Report","Period":"January 2025","Longitude":-97.431323,"Latitude":27.805804}},{"type":"Feature","id":5678,"geometry":{"type":"Point","coordinates":[-10554767.8723,3416179.203]},"properties":{"OBJECTID":5678,"Company":"PELICAN ISLAND STORAGE TERMLS","Site":"GALVESTON","City":"GALVESTON","State":"TEXAS","PADD":3,"Source":"Form EIA-815, Monthly Terminal Blenders Report","Period":"January 2025","Longitude":-94.815093,"Latitude":29.317971}},{"type":"Feature","id":5679,"geometry":{"type":"Point","coordinates":[-10841943.1041,3226287.4755]},"properties":{"OBJECTID":5679,"Company":"NUSTAR ENERGY LP","Site":"CORPUS CHRISTI EAST","City":"CORPUS CHRISTI","State":"TEXAS","PADD":3,"Source":"Form EIA-815, Monthly Terminal Blenders Report","Period":"January 2025","Longitude":-97.394832,"Latitude":27.81991}},{"type":"Feature","id":5680,"geometry":{"type":"Point","coordinates":[-10953571.0612,3430989.0623]},"properties":{"OBJECTID":5680,"Company":"CITGO PETROLEUM CORP","Site":"SAN ANTONIO","City":"SAN ANTONIO","State":"TEXAS","PADD":3,"Source":"Form EIA-815, Monthly Terminal Blenders Report","Period":"January 2025","Longitude":-98.397603,"Latitude":29.433904}},{"type":"Feature","id":5681,"geometry":{"type":"Point","coordinates":[-10796037.2838,3351119.0547]},"properties":{"OBJECTID":5681,"Company":"CITGO PETROLEUM CORP","Site":"VICTORIA","City":"VICTORIA","State":"TEXAS","PADD":3,"Source":"Form EIA-815, Monthly Terminal Blenders Report","Period":"January 2025","Longitude":-96.982453,"Latitude":28.807116}},{"type":"Feature","id":5682,"geometry":{"type":"Point","coordinates":[-10840416.1347,2993528.9956]},"properties":{"OBJECTID":5682,"Company":"CITGO PETROLEUM CORP","Site":"BROWNSVILLE","City":"BROWNSVILLE","State":"TEXAS","PADD":3,"Source":"Form EIA-815, Monthly Terminal Blenders Report","Period":"January 2025","Longitude":-97.381115,"Latitude":25.955165}},{"type":"Feature","id":5683,"geometry":{"type":"Point","coordinates":[-10853294.0187,3225988.9213]},"properties":{"OBJECTID":5683,"Company":"ERGON ASPHALT AND EMULSIONS","Site":"CORP CHRISTI PLANT","City":"CORPUS CHRISTI","State":"TEXAS","PADD":3,"Source":"Form EIA-815, Monthly Terminal Blenders Report","Period":"January 2025","Longitude":-97.496799,"Latitude":27.817538}},{"type":"Feature","id":5684,"geometry":{"type":"Point","coordinates":[-10962110.7133,3415295.9959]},"properties":{"OBJECTID":5684,"Company":"NUSTAR ENERGY LP","Site":"SAN ANTONIO SOUTH","City":"SAN ANTONIO","State":"TEXAS","PADD":3,"Source":"Form EIA-815, Monthly Terminal Blenders Report","Period":"January 2025","Longitude":-98.474316,"Latitude":29.311053}},{"type":"Feature","id":5685,"geometry":{"type":"Point","coordinates":[-10953962.9058,3432934.5952]},"properties":{"OBJECTID":5685,"Company":"NUSTAR ENERGY LP","Site":"SAN ANTONIO EAST","City":"SAN ANTONIO","State":"TEXAS","PADD":3,"Source":"Form EIA-815, Monthly Terminal Blenders Report","Period":"January 2025","Longitude":-98.401123,"Latitude":29.449124}},{"type":"Feature","id":5686,"geometry":{"type":"Point","coordinates":[-11072001.5298,3208688.8135]},"properties":{"OBJECTID":5686,"Company":"NUSTAR ENERGY LP","Site":"LAREDO","City":"LAREDO","State":"TEXAS","PADD":3,"Source":"Form EIA-815, Monthly Terminal Blenders Report","Period":"January 2025","Longitude":-99.461482,"Latitude":27.680001}},{"type":"Feature","id":5687,"geometry":{"type":"Point","coordinates":[-10607978.9228,3471081.8704]},"properties":{"OBJECTID":5687,"Company":"NUSTAR ENERGY LP","Site":"HOUSTON ASPHALT","City":"HOUSTON","State":"TEXAS","PADD":3,"Source":"Form EIA-815, Monthly Terminal Blenders Report","Period":"January 2025","Longitude":-95.293096,"Latitude":29.74709}},{"type":"Feature","id":5688,"geometry":{"type":"Point","coordinates":[-10866534.3589,3022937.5311]},"properties":{"OBJECTID":5688,"Company":"NUSTAR ENERGY LP","Site":"HARLINGEN","City":"HARLINGEN","State":"TEXAS","PADD":3,"Source":"Form EIA-815, Monthly Terminal Blenders Report","Period":"January 2025","Longitude":-97.615739,"Latitude":26.19246}},{"type":"Feature","id":5689,"geometry":{"type":"Point","coordinates":[-10925476.0255,3046252.7707]},"properties":{"OBJECTID":5689,"Company":"NUSTAR ENERGY LP","Site":"EDINBURG","City":"EDINBURG","State":"TEXAS","PADD":3,"Source":"Form EIA-815, Monthly Terminal Blenders Report","Period":"January 2025","Longitude":-98.145221,"Latitude":26.380246}},{"type":"Feature","id":5690,"geometry":{"type":"Point","coordinates":[-10590944.0351,3467674.3627]},"properties":{"OBJECTID":5690,"Company":"DEER PARK REFINING LP","Site":"DEER PARK","City":"DEER PARK","State":"TEXAS","PADD":3,"Source":"Form EIA-815, Monthly Terminal Blenders Report","Period":"January 2025","Longitude":-95.140069,"Latitude":29.72051}},{"type":"Feature","id":5691,"geometry":{"type":"Point","coordinates":[-10842535.5465,3226053.49]},"properties":{"OBJECTID":5691,"Company":"NUSTAR ENERGY LP","Site":"CORPUS CHRISTI","City":"CORPUS CHRISTI","State":"TEXAS","PADD":3,"Source":"Form EIA-815, Monthly Terminal Blenders Report","Period":"January 2025","Longitude":-97.400154,"Latitude":27.818051}},{"type":"Feature","id":5692,"geometry":{"type":"Point","coordinates":[-11342002.0566,4199925.8412]},"properties":{"OBJECTID":5692,"Company":"NUSTAR ENERGY LP","Site":"AMARILLO","City":"AMARILLO","State":"TEXAS","PADD":3,"Source":"Form EIA-815, Monthly Terminal Blenders Report","Period":"January 2025","Longitude":-101.886938,"Latitude":35.264807}},{"type":"Feature","id":5693,"geometry":{"type":"Point","coordinates":[-10864062.0643,3026024.926]},"properties":{"OBJECTID":5693,"Company":"TITAN MARINE FUEL LLC","Site":"TITAN FUEL TERMINALS GAS","City":"HARLINGEN","State":"TEXAS","PADD":3,"Source":"Form EIA-815, Monthly Terminal Blenders Report","Period":"January 2025","Longitude":-97.59353,"Latitude":26.217344}},{"type":"Feature","id":5694,"geometry":{"type":"Point","coordinates":[-11361616.6622,4012113.0334]},"properties":{"OBJECTID":5694,"Company":"NUSTAR ENERGY LP","Site":"ABERNATHY","City":"ABERNATHY","State":"TEXAS","PADD":3,"Source":"Form EIA-815, Monthly Terminal Blenders Report","Period":"January 2025","Longitude":-102.063139,"Latitude":33.87562}},{"type":"Feature","id":5695,"geometry":{"type":"Point","coordinates":[-10846054.4669,3225221.5462]},"properties":{"OBJECTID":5695,"Company":"MAGELLAN TERMINAL HOLDINGS LP","Site":"CORPUS CHRISTI","City":"CORPUS CHRISTI","State":"TEXAS","PADD":3,"Source":"Form EIA-815, Monthly Terminal Blenders Report","Period":"January 2025","Longitude":-97.431765,"Latitude":27.811441}},{"type":"Feature","id":5696,"geometry":{"type":"Point","coordinates":[-10598757.5502,3470360.0392]},"properties":{"OBJECTID":5696,"Company":"MAGELLAN TRMNLS HOLDINGS LP","Site":"GALENA PARK","City":"GALENA PARK","State":"TEXAS","PADD":3,"Source":"Form EIA-815, Monthly Terminal Blenders Report","Period":"January 2025","Longitude":-95.210259,"Latitude":29.74146}},{"type":"Feature","id":5697,"geometry":{"type":"Point","coordinates":[-11823895.2267,3738855.9961]},"properties":{"OBJECTID":5697,"Company":"MAGELLAN PIPELINE CO LP","Site":"EL PASO","City":"EL PASO","State":"TEXAS","PADD":3,"Source":"Form EIA-815, Monthly Terminal Blenders Report","Period":"January 2025","Longitude":-106.215858,"Latitude":31.813512}},{"type":"Feature","id":5698,"geometry":{"type":"Point","coordinates":[-10785587.278,3771341.5077]},"properties":{"OBJECTID":5698,"Company":"MAGELLAN PIPELINE CO LP","Site":"FROST","City":"MERTENS","State":"TEXAS","PADD":3,"Source":"Form EIA-815, Monthly Terminal Blenders Report","Period":"January 2025","Longitude":-96.888578999999993,"Latitude":32.06116}},{"type":"Feature","id":5699,"geometry":{"type":"Point","coordinates":[-10785627.2417,3865984.2715]},"properties":{"OBJECTID":5699,"Company":"MAGELLAN PIPELINE CO LP","Site":"DALLAS","City":"DALLAS","State":"TEXAS","PADD":3,"Source":"Form EIA-815, Monthly Terminal Blenders Report","Period":"January 2025","Longitude":-96.888938,"Latitude":32.778832}},{"type":"Feature","id":5700,"geometry":{"type":"Point","coordinates":[-11351576.8687,3753830.4239]},"properties":{"OBJECTID":5700,"Company":"MAGELLAN PIPELINE CO LP","Site":"MIDLAND TERMINAL","City":"MIDLAND","State":"TEXAS","PADD":3,"Source":"Form EIA-815, Monthly Terminal Blenders Report","Period":"January 2025","Longitude":-101.97295,"Latitude":31.92775}},{"type":"Feature","id":5701,"geometry":{"type":"Point","coordinates":[-10867939.5448,3859897.4535]},"properties":{"OBJECTID":5701,"Company":"MAGELLAN PIPELINE CO LP","Site":"ALEDO WEST FORT WORTH","City":"ALEDO","State":"TEXAS","PADD":3,"Source":"Form EIA-815, Monthly Terminal Blenders Report","Period":"January 2025","Longitude":-97.628362,"Latitude":32.732848}},{"type":"Feature","id":5702,"geometry":{"type":"Point","coordinates":[-10607209.3712,3476404.4151]},"properties":{"OBJECTID":5702,"Company":"MAGELLAN PIPELINE CO LP","Site":"EAST HOUSTON","City":"HOUSTON","State":"TEXAS","PADD":3,"Source":"Form EIA-815, Monthly Terminal Blenders Report","Period":"January 2025","Longitude":-95.286183,"Latitude":29.788594}},{"type":"Feature","id":5703,"geometry":{"type":"Point","coordinates":[-11391279.1877,3740201.5699]},"properties":{"OBJECTID":5703,"Company":"MAGELLAN PIPELINE CO LP","Site":"ODESSA","City":"ODESSA","State":"TEXAS","PADD":3,"Source":"Form EIA-815, Monthly Terminal Blenders Report","Period":"January 2025","Longitude":-102.329602,"Latitude":31.823783}},{"type":"Feature","id":5704,"geometry":{"type":"Point","coordinates":[-11828829.2405,3739499.7462]},"properties":{"OBJECTID":5704,"Company":"NUSTAR ENERGY LP","Site":"EL PASO","City":"EL PASO","State":"TEXAS","PADD":3,"Source":"Form EIA-815, Monthly Terminal Blenders Report","Period":"January 2025","Longitude":-106.260181,"Latitude":31.818426}},{"type":"Feature","id":5705,"geometry":{"type":"Point","coordinates":[-10803273.496,3889436.1005]},"properties":{"OBJECTID":5705,"Company":"NUSTAR ENERGY LP","Site":"SOUTHLAKE","City":"SOUTHLAKE","State":"TEXAS","PADD":3,"Source":"Form EIA-815, Monthly Terminal Blenders Report","Period":"January 2025","Longitude":-97.047457,"Latitude":32.955781}},{"type":"Feature","id":5706,"geometry":{"type":"Point","coordinates":[-10563418.5099,3484596.9613]},"properties":{"OBJECTID":5706,"Company":"ONEOK HYDROCARBON LP","Site":"ONEOK MONT BELVIEU STORAGE","City":"MONT BELVIEU","State":"TEXAS","PADD":3,"Source":"Form EIA-815, Monthly Terminal Blenders Report","Period":"January 2025","Longitude":-94.892803,"Latitude":29.852444}},{"type":"Feature","id":5707,"geometry":{"type":"Point","coordinates":[-10565978.4129,3484892.9405]},"properties":{"OBJECTID":5707,"Company":"ENERGY TRANSFER GC NGLS LLS","Site":"MONT BELVIEU","City":"MONT BELVIEU","State":"TEXAS","PADD":3,"Source":"Form EIA-815, Monthly Terminal Blenders Report","Period":"January 2025","Longitude":-94.915799,"Latitude":29.85475}},{"type":"Feature","id":5708,"geometry":{"type":"Point","coordinates":[-10462926.9547,3503382.2276]},"properties":{"OBJECTID":5708,"Company":"ORBIT GULF COAST NG EXPORTS LLC","Site":"ORBIT ETHANE EXPORT","City":"NEDERLAND","State":"TEXAS","PADD":3,"Source":"Form EIA-815, Monthly Terminal Blenders Report","Period":"January 2025","Longitude":-93.990072,"Latitude":29.998696}},{"type":"Feature","id":5709,"geometry":{"type":"Point","coordinates":[-10587006.776,3472189.6972]},"properties":{"OBJECTID":5709,"Company":"HFOTCO LLC","Site":"HFOTCO LLC","City":"HOUSTON","State":"TEXAS","PADD":3,"Source":"Form EIA-815, Monthly Terminal Blenders Report","Period":"January 2025","Longitude":-95.1047,"Latitude":29.75573}},{"type":"Feature","id":5710,"geometry":{"type":"Point","coordinates":[-10840303.1454,2994752.8799]},"properties":{"OBJECTID":5710,"Company":"SUNOCO LLC","Site":"BROWNSVILLE","City":"BROWNSVILLE","State":"TEXAS","PADD":3,"Source":"Form EIA-815, Monthly Terminal Blenders Report","Period":"January 2025","Longitude":-97.3801,"Latitude":25.96505}},{"type":"Feature","id":5711,"geometry":{"type":"Point","coordinates":[-10834743.9613,3872275.9908]},"properties":{"OBJECTID":5711,"Company":"MUSKET CORP","Site":"FORT WORTH MEACHAM FACILITY DFW","City":"FORT WORTH","State":"TEXAS","PADD":3,"Source":"Form EIA-815, Monthly Terminal Blenders Report","Period":"January 2025","Longitude":-97.330161,"Latitude":32.826339}},{"type":"Feature","id":5712,"geometry":{"type":"Point","coordinates":[-10834126.5835,3872837.1604]},"properties":{"OBJECTID":5712,"Company":"MUSKET CORP","Site":"FORT WORTH ETHANOL TERMINAL","City":"FORT WORTH","State":"TEXAS","PADD":3,"Source":"Form EIA-815, Monthly Terminal Blenders Report","Period":"January 2025","Longitude":-97.324615,"Latitude":32.830575}},{"type":"Feature","id":5713,"geometry":{"type":"Point","coordinates":[-10758187.2098,3810178.0094]},"properties":{"OBJECTID":5713,"Company":"ERGON ASPHALT AND EMULSIONS","Site":"ENNIS PLANT","City":"ENNIS","State":"TEXAS","PADD":3,"Source":"Form EIA-815, Monthly Terminal Blenders Report","Period":"January 2025","Longitude":-96.64244,"Latitude":32.356346}},{"type":"Feature","id":5714,"geometry":{"type":"Point","coordinates":[-10839331.9942,2993795.9261]},"properties":{"OBJECTID":5714,"Company":"MOTUS T2 LLC","Site":"MOTUS T2 LLC","City":"BROWNSVILLE","State":"TEXAS","PADD":3,"Source":"Form EIA-815, Monthly Terminal Blenders Report","Period":"January 2025","Longitude":-97.371376,"Latitude":25.957321}},{"type":"Feature","id":5715,"geometry":{"type":"Point","coordinates":[-10839540.3842,2993966.5363]},"properties":{"OBJECTID":5715,"Company":"MOTUS T1 LLC","Site":"MOTUS T1 LLC","City":"BROWNSVILLE","State":"TEXAS","PADD":3,"Source":"Form EIA-815, Monthly Terminal Blenders Report","Period":"January 2025","Longitude":-97.373248,"Latitude":25.958699}},{"type":"Feature","id":5716,"geometry":{"type":"Point","coordinates":[-10818084.8882,3232075.2029]},"properties":{"OBJECTID":5716,"Company":"MIDSTREAM TEXAS INGLESIDE LLC","Site":"INGLESIDE FACILITY","City":"INGLESIDE","State":"TEXAS","PADD":3,"Source":"Form EIA-815, Monthly Terminal Blenders Report","Period":"January 2025","Longitude":-97.18051,"Latitude":27.865883}},{"type":"Feature","id":5717,"geometry":{"type":"Point","coordinates":[-10808442.9505,3870233.1675]},"properties":{"OBJECTID":5717,"Company":"SUNOCO LLC","Site":"EULESS","City":"EULESS","State":"TEXAS","PADD":3,"Source":"Form EIA-815, Monthly Terminal Blenders Report","Period":"January 2025","Longitude":-97.093895,"Latitude":32.810917}},{"type":"Feature","id":5718,"geometry":{"type":"Point","coordinates":[-10708865.7736,3899916.6896]},"properties":{"OBJECTID":5718,"Company":"SUNOCO LLC","Site":"SUNOCO CADDO LLC","City":"CADDO MILLS","State":"TEXAS","PADD":3,"Source":"Form EIA-815, Monthly Terminal Blenders Report","Period":"January 2025","Longitude":-96.199378,"Latitude":33.034745}},{"type":"Feature","id":5719,"geometry":{"type":"Point","coordinates":[-10458884.4987,3478725.6399]},"properties":{"OBJECTID":5719,"Company":"MARTIN ENERGY SERVICES LLC","Site":"PORT ARTHUR DOCK","City":"PORT ARTHUR","State":"TEXAS","PADD":3,"Source":"Form EIA-815, Monthly Terminal Blenders Report","Period":"January 2025","Longitude":-93.953758,"Latitude":29.806689}},{"type":"Feature","id":5720,"geometry":{"type":"Point","coordinates":[-10813176.144,3217616.7029]},"properties":{"OBJECTID":5720,"Company":"MARTIN ENERGY SERVICES LLC","Site":"HARBOR ISLAND TERMINAL","City":"ARANSAS PASS","State":"TEXAS","PADD":3,"Source":"Form EIA-815, Monthly Terminal Blenders Report","Period":"January 2025","Longitude":-97.136414,"Latitude":27.751}},{"type":"Feature","id":5721,"geometry":{"type":"Point","coordinates":[-10551662.8377,3417054.9367]},"properties":{"OBJECTID":5721,"Company":"MARTIN ENERGY SERVICES LLC","Site":"GALVESTON - PELICAN ISLAND TERMINAL","City":"GALVESTON","State":"TEXAS","PADD":3,"Source":"Form EIA-815, Monthly Terminal Blenders Report","Period":"January 2025","Longitude":-94.7872,"Latitude":29.32483}},{"type":"Feature","id":5722,"geometry":{"type":"Point","coordinates":[-10468082.9395,3511085.968]},"properties":{"OBJECTID":5722,"Company":"MARTIN OPERATING PARTNERSHIP LP","Site":"NECHES","City":"BEAUMONT","State":"TEXAS","PADD":3,"Source":"Form EIA-815, Monthly Terminal Blenders Report","Period":"January 2025","Longitude":-94.036389,"Latitude":30.058611}},{"type":"Feature","id":5723,"geometry":{"type":"Point","coordinates":[-10853600.1473,3227295.7105]},"properties":{"OBJECTID":5723,"Company":"BUCKEYE TEXAS HUB LLC","Site":"CORPUS CHRISTI","City":"CORPUS CHRISTI","State":"TEXAS","PADD":3,"Source":"Form EIA-815, Monthly Terminal Blenders Report","Period":"January 2025","Longitude":-97.499549,"Latitude":27.82792}},{"type":"Feature","id":5724,"geometry":{"type":"Point","coordinates":[-10462877.9741,3504661.6403]},"properties":{"OBJECTID":5724,"Company":"SUNOCO PARTNERS NGL FACILITIES LLC","Site":"NEDERLAND NGLS","City":"NEDERLAND","State":"TEXAS","PADD":3,"Source":"Form EIA-815, Monthly Terminal Blenders Report","Period":"January 2025","Longitude":-93.989632,"Latitude":30.008649}},{"type":"Feature","id":5725,"geometry":{"type":"Point","coordinates":[-10469133.9068,3507834.8241]},"properties":{"OBJECTID":5725,"Company":"MARTIN OPERATING PARTNERSHIP LP","Site":"STANOLIND","City":"BEAUMONT","State":"TEXAS","PADD":3,"Source":"Form EIA-815, Monthly Terminal Blenders Report","Period":"January 2025","Longitude":-94.04583,"Latitude":30.03333}},{"type":"Feature","id":5726,"geometry":{"type":"Point","coordinates":[-10566342.4277,3422137.6282]},"properties":{"OBJECTID":5726,"Company":"ADVARIO TEXAS CITY LP","Site":"TEXAS CITY","City":"TEXAS CITY","State":"TEXAS","PADD":3,"Source":"Form EIA-815, Monthly Terminal Blenders Report","Period":"January 2025","Longitude":-94.919069,"Latitude":29.36463}},{"type":"Feature","id":5727,"geometry":{"type":"Point","coordinates":[-11844217.9356,3734533.7745]},"properties":{"OBJECTID":5727,"Company":"ANDEAVOR LOGISTICS LP","Site":"EL PASO TERMINAL","City":"EL PASO","State":"TEXAS","PADD":3,"Source":"Form EIA-815, Monthly Terminal Blenders Report","Period":"January 2025","Longitude":-106.39842,"Latitude":31.780512}},{"type":"Feature","id":5728,"geometry":{"type":"Point","coordinates":[-10470708.6323,3501362.5258]},"properties":{"OBJECTID":5728,"Company":"SUNOCO LOGISTICS","Site":"HEBERT","City":"BEAUMONT","State":"TEXAS","PADD":3,"Source":"Form EIA-815, Monthly Terminal Blenders Report","Period":"January 2025","Longitude":-94.059976,"Latitude":29.982982}},{"type":"Feature","id":5729,"geometry":{"type":"Point","coordinates":[-10880066.3562,3552130.1819]},"properties":{"OBJECTID":5729,"Company":"ERGON ASPHALT AND EMULSIONS","Site":"AUSTIN PLANT","City":"AUSTIN","State":"TEXAS","PADD":3,"Source":"Form EIA-815, Monthly Terminal Blenders Report","Period":"January 2025","Longitude":-97.737299,"Latitude":30.377216}},{"type":"Feature","id":5730,"geometry":{"type":"Point","coordinates":[-10471649.616,3826411.6142]},"properties":{"OBJECTID":5730,"Company":"SUNOCO LOGISTICS","Site":"WASKOM","City":"WASKOM","State":"TEXAS","PADD":3,"Source":"Form EIA-815, Monthly Terminal Blenders Report","Period":"January 2025","Longitude":-94.068429,"Latitude":32.479449}},{"type":"Feature","id":5731,"geometry":{"type":"Point","coordinates":[-10751152.9312,3614375.9031]},"properties":{"OBJECTID":5731,"Company":"SUNOCO LOGISTICS","Site":"HEARNE","City":"HEARNE","State":"TEXAS","PADD":3,"Source":"Form EIA-815, Monthly Terminal Blenders Report","Period":"January 2025","Longitude":-96.57925,"Latitude":30.85842}},{"type":"Feature","id":5732,"geometry":{"type":"Point","coordinates":[-10820097.5446,3227176.1282]},"properties":{"OBJECTID":5732,"Company":"FLINT HILLS RESOURCES LP","Site":"DELMITA","City":"DELMITA","State":"TEXAS","PADD":3,"Source":"Form EIA-815, Monthly Terminal Blenders Report","Period":"January 2025","Longitude":-97.19859,"Latitude":27.82697}},{"type":"Feature","id":5733,"geometry":{"type":"Point","coordinates":[-10480456.7688,3736595.5437]},"properties":{"OBJECTID":5733,"Company":"SUNOCO LOGISTICS","Site":"CENTER","City":"CENTER","State":"TEXAS","PADD":3,"Source":"Form EIA-815, Monthly Terminal Blenders Report","Period":"January 2025","Longitude":-94.147545,"Latitude":31.796255}},{"type":"Feature","id":5734,"geometry":{"type":"Point","coordinates":[-10851531.7198,3582317.2051]},"properties":{"OBJECTID":5734,"Company":"FLINT HILLS RESOURCES LP","Site":"TAYLOR","City":"TAYLOR","State":"TEXAS","PADD":3,"Source":"Form EIA-815, Monthly Terminal Blenders Report","Period":"January 2025","Longitude":-97.480968,"Latitude":30.610882}},{"type":"Feature","id":5735,"geometry":{"type":"Point","coordinates":[-12470457.8649,5045672.7051]},"properties":{"OBJECTID":5735,"Company":"STAKER PARSON COMPANIES","Site":"OGDEN PLANT","City":"OGDEN","State":"UTAH","PADD":4,"Source":"Form EIA-815, Monthly Terminal Blenders Report","Period":"January 2025","Longitude":-112.024029,"Latitude":41.225586}},{"type":"Feature","id":5736,"geometry":{"type":"Point","coordinates":[-12452650.9765,4979197.4175]},"properties":{"OBJECTID":5736,"Company":"PHILLIPS 66 PIPELINE LLC","Site":"N SALT LAKE CITY UT","City":"NORTH SALT LAKE","State":"UTAH","PADD":4,"Source":"Form EIA-815, Monthly Terminal Blenders Report","Period":"January 2025","Longitude":-111.864067,"Latitude":40.77491}},{"type":"Feature","id":5737,"geometry":{"type":"Point","coordinates":[-12457436.6014,4993878.945]},"properties":{"OBJECTID":5737,"Company":"WESTERN EMULSIONS INC","Site":"WEI WOODS CROSS","City":"WOODS CROSS","State":"UTAH","PADD":4,"Source":"Form EIA-815, Monthly Terminal Blenders Report","Period":"January 2025","Longitude":-111.907057,"Latitude":40.87471}},{"type":"Feature","id":5738,"geometry":{"type":"Point","coordinates":[-12458248.4545,4991950.5502]},"properties":{"OBJECTID":5738,"Company":"WESTERN EMULSIONS INC","Site":"WEI NORTH SALT LAKE","City":"NORTH SALT LAKE","State":"UTAH","PADD":4,"Source":"Form EIA-815, Monthly Terminal Blenders Report","Period":"January 2025","Longitude":-111.91435,"Latitude":40.86161}},{"type":"Feature","id":5739,"geometry":{"type":"Point","coordinates":[-12585977.9967,4534030.314]},"properties":{"OBJECTID":5739,"Company":"HOLLY ENERGY PARTNERS","Site":"CEDAR CITY","City":"CEDAR CITY","State":"UTAH","PADD":4,"Source":"Form EIA-815, Monthly Terminal Blenders Report","Period":"January 2025","Longitude":-113.061764,"Latitude":37.67795}},{"type":"Feature","id":5740,"geometry":{"type":"Point","coordinates":[-12154044.5688,4737705.8125]},"properties":{"OBJECTID":5740,"Company":"ENTERPRISE REFINED PRODUCTS CO","Site":"GRAND JUNCTION","City":"MOAB","State":"UTAH","PADD":4,"Source":"Form EIA-815, Monthly Terminal Blenders Report","Period":"January 2025","Longitude":-109.18164,"Latitude":39.11185}},{"type":"Feature","id":5741,"geometry":{"type":"Point","coordinates":[-12533329.2209,4794663.8546]},"properties":{"OBJECTID":5741,"Company":"SAWTOOTH NGL CAVERNS LLC","Site":"SAWTOOTH","City":"DELTA","State":"UTAH","PADD":4,"Source":"Form EIA-815, Monthly Terminal Blenders Report","Period":"January 2025","Longitude":-112.588812,"Latitude":39.507738}},{"type":"Feature","id":5742,"geometry":{"type":"Point","coordinates":[-12500956.1771,4943379.1717]},"properties":{"OBJECTID":5742,"Company":"MOUNTAIN STATES ASPHALT INC","Site":"TOOELE","City":"TOOELE","State":"UTAH","PADD":4,"Source":"Form EIA-815, Monthly Terminal Blenders Report","Period":"January 2025","Longitude":-112.298,"Latitude":40.5308}},{"type":"Feature","id":5743,"geometry":{"type":"Point","coordinates":[-8151021.2833,5536254.4873]},"properties":{"OBJECTID":5743,"Company":"GLOBAL CO LLC","Site":"BURLINGTON","City":"BURLINGTON","State":"VERMONT","PADD":1,"Source":"Form EIA-815, Monthly Terminal Blenders Report","Period":"January 2025","Longitude":-73.22187,"Latitude":44.45582}},{"type":"Feature","id":5744,"geometry":{"type":"Point","coordinates":[-8492324.1704,4410311.2871]},"properties":{"OBJECTID":5744,"Company":"KINDER MORGAN VA LIQ TERMINALS LLC","Site":"SOUTH HILL","City":"CHESAPEAKE","State":"VIRGINIA","PADD":1,"Source":"Form EIA-815, Monthly Terminal Blenders Report","Period":"January 2025","Longitude":-76.287846,"Latitude":36.793133}},{"type":"Feature","id":5745,"geometry":{"type":"Point","coordinates":[-8592844.0008,4683607.6969]},"properties":{"OBJECTID":5745,"Company":"KINDER MORGAN SOUTHEAST TERMINAL","Site":"NEWINGTON 2","City":"LORTON","State":"VIRGINIA","PADD":1,"Source":"Form EIA-815, Monthly Terminal Blenders Report","Period":"January 2025","Longitude":-77.190831,"Latitude":38.733769}},{"type":"Feature","id":5746,"geometry":{"type":"Point","coordinates":[-8904409.8897,4468872.7777]},"properties":{"OBJECTID":5746,"Company":"KINDER MORGAN SOUTHEAST TERMINAL","Site":"ROANOKE 2","City":"ROANOKE","State":"VIRGINIA","PADD":1,"Source":"Form EIA-815, Monthly Terminal Blenders Report","Period":"January 2025","Longitude":-79.989675,"Latitude":37.213249}},{"type":"Feature","id":5747,"geometry":{"type":"Point","coordinates":[-8897037.0885,4478034.8713]},"properties":{"OBJECTID":5747,"Company":"KINDER MORGAN SOUTHEAST TERMINAL","Site":"ROANOKE 1","City":"ROANOKE","State":"VIRGINIA","PADD":1,"Source":"Form EIA-815, Monthly Terminal Blenders Report","Period":"January 2025","Longitude":-79.923444,"Latitude":37.278767}},{"type":"Feature","id":5748,"geometry":{"type":"Point","coordinates":[-8619242.8615,4505131.4981]},"properties":{"OBJECTID":5748,"Company":"KINDER MORGAN SOUTHEAST TERMINAL","Site":"RICHMOND 2","City":"RICHMOND","State":"VIRGINIA","PADD":1,"Source":"Form EIA-815, Monthly Terminal Blenders Report","Period":"January 2025","Longitude":-77.427976,"Latitude":37.472201}},{"type":"Feature","id":5749,"geometry":{"type":"Point","coordinates":[-8620066.1804,4503566.1402]},"properties":{"OBJECTID":5749,"Company":"KINDER MORGAN SOUTHEAST TERMINAL","Site":"RICHMOND 1","City":"RICHMOND","State":"VIRGINIA","PADD":1,"Source":"Form EIA-815, Monthly Terminal Blenders Report","Period":"January 2025","Longitude":-77.435372,"Latitude":37.46104}},{"type":"Feature","id":5750,"geometry":{"type":"Point","coordinates":[-8592078.6793,4684161.6966]},"properties":{"OBJECTID":5750,"Company":"KINDER MORGAN SOUTHEAST TERMINAL","Site":"NEWINGTON","City":"NEWINGTON","State":"VIRGINIA","PADD":1,"Source":"Form EIA-815, Monthly Terminal Blenders Report","Period":"January 2025","Longitude":-77.183956,"Latitude":38.737651}},{"type":"Feature","id":5751,"geometry":{"type":"Point","coordinates":[-8493462.8575,4409055.4076]},"properties":{"OBJECTID":5751,"Company":"KINDERMORGAN SOUTHEAST TERMINALS LLC","Site":"CHESAPEAKE","City":"CHESAPEAKE","State":"VIRGINIA","PADD":1,"Source":"Form EIA-815, Monthly Terminal Blenders Report","Period":"January 2025","Longitude":-76.298075,"Latitude":36.784098}},{"type":"Feature","id":5752,"geometry":{"type":"Point","coordinates":[-8619419.3029,4506131.9011]},"properties":{"OBJECTID":5752,"Company":"KINDER MORGAN TRANSMIX LLC","Site":"DEEPWATER","City":"RICHMOND","State":"VIRGINIA","PADD":1,"Source":"Form EIA-815, Monthly Terminal Blenders Report","Period":"January 2025","Longitude":-77.429561,"Latitude":37.479333}},{"type":"Feature","id":5753,"geometry":{"type":"Point","coordinates":[-8617688.0621,4511461.9334]},"properties":{"OBJECTID":5753,"Company":"INTL MATEX TANK TERMINALS","Site":"RICHMOND","City":"RICHMOND","State":"VIRGINIA","PADD":1,"Source":"Form EIA-815, Monthly Terminal Blenders Report","Period":"January 2025","Longitude":-77.414009,"Latitude":37.51732}},{"type":"Feature","id":5754,"geometry":{"type":"Point","coordinates":[-8494690.1549,4407564.2516]},"properties":{"OBJECTID":5754,"Company":"INTL MATEX TANK TERMINALS","Site":"CHESAPEAKE","City":"CHESAPEAKE","State":"VIRGINIA","PADD":1,"Source":"Form EIA-815, Monthly Terminal Blenders Report","Period":"January 2025","Longitude":-76.3091,"Latitude":36.773369}},{"type":"Feature","id":5755,"geometry":{"type":"Point","coordinates":[-8621913.3047,4619662.2546]},"properties":{"OBJECTID":5755,"Company":"COLONIAL TERMINALS OPERATING CO LLC","Site":"FREDERICKSBURG","City":"FREDERICKSBURG","State":"VIRGINIA","PADD":1,"Source":"Form EIA-815, Monthly Terminal Blenders Report","Period":"January 2025","Longitude":-77.451965,"Latitude":38.284273}},{"type":"Feature","id":5756,"geometry":{"type":"Point","coordinates":[-8620632.908,4501454.7289]},"properties":{"OBJECTID":5756,"Company":"GLOBAL CO LLC","Site":"RICHMOND TERMINAL","City":"RICHMOND","State":"VIRGINIA","PADD":1,"Source":"Form EIA-815, Monthly Terminal Blenders Report","Period":"January 2025","Longitude":-77.440463,"Latitude":37.445983}},{"type":"Feature","id":5757,"geometry":{"type":"Point","coordinates":[-8601105.6882,4658776.5448]},"properties":{"OBJECTID":5757,"Company":"BKEP MATERIALS LLC","Site":"DUMFRIES","City":"DUMFRIES","State":"VIRGINIA","PADD":1,"Source":"Form EIA-815, Monthly Terminal Blenders Report","Period":"January 2025","Longitude":-77.265047,"Latitude":38.559555}},{"type":"Feature","id":5758,"geometry":{"type":"Point","coordinates":[-8601991.7913,4699891.9026]},"properties":{"OBJECTID":5758,"Company":"GLOBAL CO LLC","Site":"FAIRFAX  TERMINAL","City":"FAIRFAX","State":"VIRGINIA","PADD":1,"Source":"Form EIA-815, Monthly Terminal Blenders Report","Period":"January 2025","Longitude":-77.273007,"Latitude":38.847788}},{"type":"Feature","id":5759,"geometry":{"type":"Point","coordinates":[-8506746.501,4434918.7534]},"properties":{"OBJECTID":5759,"Company":"BKEP MATERIALS LLC","Site":"NEWPORT NEWS VA","City":"NEWPORT NEWS","State":"VIRGINIA","PADD":1,"Source":"Form EIA-815, Monthly Terminal Blenders Report","Period":"January 2025","Longitude":-76.417404,"Latitude":36.969948}},{"type":"Feature","id":5760,"geometry":{"type":"Point","coordinates":[-8601782.5107,4482648.4406]},"properties":{"OBJECTID":5760,"Company":"ASSOCIATED ASPHALT HOPEWELL LLC","Site":"HOPEWELL","City":"HOPEWELL","State":"VIRGINIA","PADD":1,"Source":"Form EIA-815, Monthly Terminal Blenders Report","Period":"January 2025","Longitude":-77.271127,"Latitude":37.311737}},{"type":"Feature","id":5761,"geometry":{"type":"Point","coordinates":[-8506156.953,4434489.2014]},"properties":{"OBJECTID":5761,"Company":"WORLD FUEL SERVICES","Site":"NEWPORT NEWS","City":"NEWPORT NEWS","State":"VIRGINIA","PADD":1,"Source":"Form EIA-815, Monthly Terminal Blenders Report","Period":"January 2025","Longitude":-76.412108,"Latitude":36.966865}},{"type":"Feature","id":5762,"geometry":{"type":"Point","coordinates":[-8904394.9729,4468862.9931]},"properties":{"OBJECTID":5762,"Company":"BUCKEYE SE TERMINALS LP","Site":"ROANOKE","City":"ROANOKE","State":"VIRGINIA","PADD":1,"Source":"Form EIA-815, Monthly Terminal Blenders Report","Period":"January 2025","Longitude":-79.989541,"Latitude":37.213179}},{"type":"Feature","id":5763,"geometry":{"type":"Point","coordinates":[-8904136.4891,4476933.3431]},"properties":{"OBJECTID":5763,"Company":"ASSOCIATED ASPHALT ROANOKE LLC","Site":"ROANOKE","City":"ROANOKE","State":"VIRGINIA","PADD":1,"Source":"Form EIA-815, Monthly Terminal Blenders Report","Period":"January 2025","Longitude":-79.987219,"Latitude":37.270893}},{"type":"Feature","id":5764,"geometry":{"type":"Point","coordinates":[-9149873.1518,4384379.9774]},"properties":{"OBJECTID":5764,"Company":"ASSOCIATED ASPHALT BRISTOL LLC","Site":"BRISTOL","City":"BRISTOL","State":"VIRGINIA","PADD":1,"Source":"Form EIA-815, Monthly Terminal Blenders Report","Period":"January 2025","Longitude":-82.194709,"Latitude":36.606363}},{"type":"Feature","id":5765,"geometry":{"type":"Point","coordinates":[-8619288.0572,4510550.134]},"properties":{"OBJECTID":5765,"Company":"TRANSMONTAIGNE OPERATING COMPANY","Site":"RICHMOND-ATL","City":"RICHMOND","State":"VIRGINIA","PADD":1,"Source":"Form EIA-815, Monthly Terminal Blenders Report","Period":"January 2025","Longitude":-77.428382,"Latitude":37.510823}},{"type":"Feature","id":5766,"geometry":{"type":"Point","coordinates":[-8602011.1609,4699985.2392]},"properties":{"OBJECTID":5766,"Company":"TRANSMONTAIGNE OPERATING COMPANY","Site":"FAIRFAX","City":"FAIRFAX","State":"VIRGINIA","PADD":1,"Source":"Form EIA-815, Monthly Terminal Blenders Report","Period":"January 2025","Longitude":-77.273181,"Latitude":38.848441}},{"type":"Feature","id":5767,"geometry":{"type":"Point","coordinates":[-8619657.6379,4510612.1625]},"properties":{"OBJECTID":5767,"Company":"TRANSMONTAIGNE OPERATING COMPANY","Site":"RICHMOND","City":"RICHMOND","State":"VIRGINIA","PADD":1,"Source":"Form EIA-815, Monthly Terminal Blenders Report","Period":"January 2025","Longitude":-77.431702,"Latitude":37.511265}},{"type":"Feature","id":5768,"geometry":{"type":"Point","coordinates":[-8619854.4508,4512497.1892]},"properties":{"OBJECTID":5768,"Company":"BUCKEYE SE TERMINALS LP","Site":"RICHMOND","City":"RICHMOND","State":"VIRGINIA","PADD":1,"Source":"Form EIA-815, Monthly Terminal Blenders Report","Period":"January 2025","Longitude":-77.43347,"Latitude":37.524696}},{"type":"Feature","id":5769,"geometry":{"type":"Point","coordinates":[-8875203.8855,4493281.0658]},"properties":{"OBJECTID":5769,"Company":"TRANSMONTAIGNE OPERATING COMPANY","Site":"MONTVALE","City":"MONTVALE","State":"VIRGINIA","PADD":1,"Source":"Form EIA-815, Monthly Terminal Blenders Report","Period":"January 2025","Longitude":-79.727313,"Latitude":37.387666}},{"type":"Feature","id":5770,"geometry":{"type":"Point","coordinates":[-8875681.0008,4492833.3009]},"properties":{"OBJECTID":5770,"Company":"TRANSMONTAIGNE OPERATING COMPANY","Site":"MONTVALE PIEDMONT","City":"MONTVALE","State":"VIRGINIA","PADD":1,"Source":"Form EIA-815, Monthly Terminal Blenders Report","Period":"January 2025","Longitude":-79.731599,"Latitude":37.38447}},{"type":"Feature","id":5771,"geometry":{"type":"Point","coordinates":[-8491957.9293,4413373.1403]},"properties":{"OBJECTID":5771,"Company":"TRANSMONTAIGNE OPERATING COMPANY","Site":"NORFOLK","City":"NORFOLK","State":"VIRGINIA","PADD":1,"Source":"Form EIA-815, Monthly Terminal Blenders Report","Period":"January 2025","Longitude":-76.284556,"Latitude":36.815156}},{"type":"Feature","id":5772,"geometry":{"type":"Point","coordinates":[-8493469.5367,4409183.8383]},"properties":{"OBJECTID":5772,"Company":"BUCKEYE TERMINALS LLC","Site":"CHESAPEAKE","City":"CHESAPEAKE","State":"VIRGINIA","PADD":1,"Source":"Form EIA-815, Monthly Terminal Blenders Report","Period":"January 2025","Longitude":-76.298135,"Latitude":36.785022}},{"type":"Feature","id":5773,"geometry":{"type":"Point","coordinates":[-8517291.1285,4471951.3247]},"properties":{"OBJECTID":5773,"Company":"PLAINS MARKETING LP - YORKTOWN TRML","Site":"YORKTOWN","City":"YORKTOWN","State":"VIRGINIA","PADD":1,"Source":"Form EIA-815, Monthly Terminal Blenders Report","Period":"January 2025","Longitude":-76.512128,"Latitude":37.23527}},{"type":"Feature","id":5774,"geometry":{"type":"Point","coordinates":[-8619865.4714,4512138.4312]},"properties":{"OBJECTID":5774,"Company":"CITGO PETRO CORP","Site":"RICHMOND","City":"RICHMOND","State":"VIRGINIA","PADD":1,"Source":"Form EIA-815, Monthly Terminal Blenders Report","Period":"January 2025","Longitude":-77.433569,"Latitude":37.52214}},{"type":"Feature","id":5775,"geometry":{"type":"Point","coordinates":[-8602278.8843,4699924.4917]},"properties":{"OBJECTID":5775,"Company":"CITGO PETRO CORP","Site":"FAIRFAX","City":"FAIRFAX","State":"VIRGINIA","PADD":1,"Source":"Form EIA-815, Monthly Terminal Blenders Report","Period":"January 2025","Longitude":-77.275586,"Latitude":38.848016}},{"type":"Feature","id":5776,"geometry":{"type":"Point","coordinates":[-8493436.0295,4409392.611]},"properties":{"OBJECTID":5776,"Company":"CITGO PETRO CORP","Site":"CHESAPEAKE","City":"CHESAPEAKE","State":"VIRGINIA","PADD":1,"Source":"Form EIA-815, Monthly Terminal Blenders Report","Period":"January 2025","Longitude":-76.297834,"Latitude":36.786524}},{"type":"Feature","id":5777,"geometry":{"type":"Point","coordinates":[-8619774.1894,4512211.4169]},"properties":{"OBJECTID":5777,"Company":"FIRST ENERGY CORP","Site":"RICHMOND","City":"RICHMOND","State":"VIRGINIA","PADD":1,"Source":"Form EIA-815, Monthly Terminal Blenders Report","Period":"January 2025","Longitude":-77.432749,"Latitude":37.52266}},{"type":"Feature","id":5778,"geometry":{"type":"Point","coordinates":[-8619512.2546,4509571.3397]},"properties":{"OBJECTID":5778,"Company":"BUCKEYE TERMINALS LLC","Site":"RICHMOND","City":"RICHMOND","State":"VIRGINIA","PADD":1,"Source":"Form EIA-815, Monthly Terminal Blenders Report","Period":"January 2025","Longitude":-77.430396,"Latitude":37.503848}},{"type":"Feature","id":5779,"geometry":{"type":"Point","coordinates":[-8602277.1032,4699922.2048]},"properties":{"OBJECTID":5779,"Company":"BUCKEYE TERMINALS LLC","Site":"FAIRFAX","City":"FAIRFAX","State":"VIRGINIA","PADD":1,"Source":"Form EIA-815, Monthly Terminal Blenders Report","Period":"January 2025","Longitude":-77.27557,"Latitude":38.848}},{"type":"Feature","id":5780,"geometry":{"type":"Point","coordinates":[-8492044.0906,4411934.2113]},"properties":{"OBJECTID":5780,"Company":"PETROLEUM FUEL & TERMINAL CO","Site":"CHESAPEAKE","City":"CHESAPEAKE","State":"VIRGINIA","PADD":1,"Source":"Form EIA-815, Monthly Terminal Blenders Report","Period":"January 2025","Longitude":-76.28533,"Latitude":36.804807}},{"type":"Feature","id":5781,"geometry":{"type":"Point","coordinates":[-8491412.7978,4414186.1954]},"properties":{"OBJECTID":5781,"Company":"SUNOCO MIDSTREAM LLC","Site":"NORFOLK","City":"NORFOLK","State":"VIRGINIA","PADD":1,"Source":"Form EIA-815, Monthly Terminal Blenders Report","Period":"January 2025","Longitude":-76.279659,"Latitude":36.821003}},{"type":"Feature","id":5782,"geometry":{"type":"Point","coordinates":[-8495308.312,4407529.9251]},"properties":{"OBJECTID":5782,"Company":"NGL ENERGY PARTNERS LP","Site":"CHESAPEAKE LPG TERMINAL","City":"CHESAPEAKE","State":"VIRGINIA","PADD":1,"Source":"Form EIA-815, Monthly Terminal Blenders Report","Period":"January 2025","Longitude":-76.314653,"Latitude":36.773122}},{"type":"Feature","id":5783,"geometry":{"type":"Point","coordinates":[-8470647.9279,4399759.4138]},"properties":{"OBJECTID":5783,"Company":"SUNOCO LLC","Site":"VIRGINIA BEACH","City":"VIRGINIA BEACH","State":"VIRGINIA","PADD":1,"Source":"Form EIA-815, Monthly Terminal Blenders Report","Period":"January 2025","Longitude":-76.093125,"Latitude":36.717188}},{"type":"Feature","id":5784,"geometry":{"type":"Point","coordinates":[-8627938.8061,4693383.8933]},"properties":{"OBJECTID":5784,"Company":"SUNOCO LOGISTICS","Site":"MANASSAS","City":"MANASSAS","State":"VIRGINIA","PADD":1,"Source":"Form EIA-815, Monthly Terminal Blenders Report","Period":"January 2025","Longitude":-77.506093,"Latitude":38.802242}},{"type":"Feature","id":5785,"geometry":{"type":"Point","coordinates":[-13787349.9638,5937270.2015]},"properties":{"OBJECTID":5785,"Company":"REG GRAYS HARBOR LLC","Site":"HOQUIAM","City":"HOQUIAM","State":"WASHINGTON","PADD":5,"Source":"Form EIA-815, Monthly Terminal Blenders Report","Period":"January 2025","Longitude":-123.853872,"Latitude":46.970560999999996}},{"type":"Feature","id":5786,"geometry":{"type":"Point","coordinates":[-13620185.826,6037207.7985]},"properties":{"OBJECTID":5786,"Company":"KINDER MORGAN ENERGY PARTNER LP","Site":"HARBOR ISLAND","City":"SEATTLE","State":"WASHINGTON","PADD":5,"Source":"Form EIA-815, Monthly Terminal Blenders Report","Period":"January 2025","Longitude":-122.352211,"Latitude":47.579659}},{"type":"Feature","id":5787,"geometry":{"type":"Point","coordinates":[-13605851.2151,6017246.2612]},"properties":{"OBJECTID":5787,"Company":"PHILLIPS 66 COMPANY","Site":"RENTON WA","City":"RENTON","State":"WASHINGTON","PADD":5,"Source":"Form EIA-815, Monthly Terminal Blenders Report","Period":"January 2025","Longitude":-122.223441,"Latitude":47.458558}},{"type":"Feature","id":5788,"geometry":{"type":"Point","coordinates":[-13629192.686,5984300.8524]},"properties":{"OBJECTID":5788,"Company":"PHILLIPS 66 COMPANY","Site":"TACOMA WA","City":"TACOMA","State":"WASHINGTON","PADD":5,"Source":"Form EIA-815, Monthly Terminal Blenders Report","Period":"January 2025","Longitude":-122.433121,"Latitude":47.258076}},{"type":"Feature","id":5789,"geometry":{"type":"Point","coordinates":[-13277872.4918,5963636.6924]},"properties":{"OBJECTID":5789,"Company":"PHILLIPS 66 COMPANY","Site":"MOSES LAKE WA","City":"MOSES LAKE","State":"WASHINGTON","PADD":5,"Source":"Form EIA-815, Monthly Terminal Blenders Report","Period":"January 2025","Longitude":-119.277158,"Latitude":47.13194}},{"type":"Feature","id":5790,"geometry":{"type":"Point","coordinates":[-13059938.4285,6051869.604]},"properties":{"OBJECTID":5790,"Company":"PHILLIPS 66 COMPANY","Site":"SPOKANE WA","City":"SPOKANE","State":"WASHINGTON","PADD":5,"Source":"Form EIA-815, Monthly Terminal Blenders Report","Period":"January 2025","Longitude":-117.319423,"Latitude":47.66843}},{"type":"Feature","id":5791,"geometry":{"type":"Point","coordinates":[-13064543.8272,6061915.399]},"properties":{"OBJECTID":5791,"Company":"HOLLY ENERGY PARTNERS","Site":"SPOKANE","City":"SPOKANE","State":"WASHINGTON","PADD":5,"Source":"Form EIA-815, Monthly Terminal Blenders Report","Period":"January 2025","Longitude":-117.360794,"Latitude":47.729166}},{"type":"Feature","id":5792,"geometry":{"type":"Point","coordinates":[-13044234.254,6054242.0528]},"properties":{"OBJECTID":5792,"Company":"ERGON ASPHALT & EMULSIONS INC","Site":"SPOKANE VALLEY","City":"SPOKANE","State":"WASHINGTON","PADD":5,"Source":"Form EIA-815, Monthly Terminal Blenders Report","Period":"January 2025","Longitude":-117.17835,"Latitude":47.68278}},{"type":"Feature","id":5793,"geometry":{"type":"Point","coordinates":[-13064581.5645,6056673.5391]},"properties":{"OBJECTID":5793,"Company":"ERGON ASPHALT 7 EMULSIONS INC","Site":"HILLYARD","City":"SPOKANE","State":"WASHINGTON","PADD":5,"Source":"Form EIA-815, Monthly Terminal Blenders Report","Period":"January 2025","Longitude":-117.361133,"Latitude":47.697483}},{"type":"Feature","id":5794,"geometry":{"type":"Point","coordinates":[-13662728.6844,5724945.7915]},"properties":{"OBJECTID":5794,"Company":"TIDEWATER TERMINAL CO","Site":"VANCOUVER","City":"VANCOUVER","State":"WASHINGTON","PADD":5,"Source":"Form EIA-815, Monthly Terminal Blenders Report","Period":"January 2025","Longitude":-122.73438,"Latitude":45.65319}},{"type":"Feature","id":5795,"geometry":{"type":"Point","coordinates":[-13257545.6641,5818117.4102]},"properties":{"OBJECTID":5795,"Company":"TIDEWATER TERMINAL CO","Site":"PASCO","City":"PASCO","State":"WASHINGTON","PADD":5,"Source":"Form EIA-815, Monthly Terminal Blenders Report","Period":"January 2025","Longitude":-119.094559,"Latitude":46.23518}},{"type":"Feature","id":5796,"geometry":{"type":"Point","coordinates":[-13260384.4225,5832998.0288]},"properties":{"OBJECTID":5796,"Company":"ERGON ASPHALT & EMULSIONS INC","Site":"PASCO","City":"PASCO","State":"WASHINGTON","PADD":5,"Source":"Form EIA-815, Monthly Terminal Blenders Report","Period":"January 2025","Longitude":-119.12006,"Latitude":46.327565}},{"type":"Feature","id":5797,"geometry":{"type":"Point","coordinates":[-13620187.0505,6037592.6436]},"properties":{"OBJECTID":5797,"Company":"EQUILON ENTERPRISES LLC","Site":"SHELL SEATTLE TERMINAL","City":"SEATTLE","State":"WASHINGTON","PADD":5,"Source":"Form EIA-815, Monthly Terminal Blenders Report","Period":"January 2025","Longitude":-122.352222,"Latitude":47.581991}},{"type":"Feature","id":5798,"geometry":{"type":"Point","coordinates":[-13657843.5399,5726150.1622]},"properties":{"OBJECTID":5798,"Company":"NUSTAR ENERGY LP","Site":"VANCOVER STOP","City":"VANCOUVER","State":"WASHINGTON","PADD":5,"Source":"Form EIA-815, Monthly Terminal Blenders Report","Period":"January 2025","Longitude":-122.690496,"Latitude":45.660752}},{"type":"Feature","id":5799,"geometry":{"type":"Point","coordinates":[-13629314.1355,5984562.1391]},"properties":{"OBJECTID":5799,"Company":"NUSTAR ENERGY LP","Site":"TACOMA","City":"TACOMA","State":"WASHINGTON","PADD":5,"Source":"Form EIA-815, Monthly Terminal Blenders Report","Period":"January 2025","Longitude":-122.434212,"Latitude":47.259669}},{"type":"Feature","id":5800,"geometry":{"type":"Point","coordinates":[-13658812.7987,6246737.7418]},"properties":{"OBJECTID":5800,"Company":"PETROGAS WEST LLC","Site":"FERNDALE","City":"FERNDALE","State":"WASHINGTON","PADD":5,"Source":"Form EIA-815, Monthly Terminal Blenders Report","Period":"January 2025","Longitude":-122.699203,"Latitude":48.833978}},{"type":"Feature","id":5801,"geometry":{"type":"Point","coordinates":[-13623899.5555,5987558.5599]},"properties":{"OBJECTID":5801,"Company":"SEAPORT SOUND TERMINAL LLC","Site":"SOUND","City":"TACOMA","State":"WASHINGTON","PADD":5,"Source":"Form EIA-815, Monthly Terminal Blenders Report","Period":"January 2025","Longitude":-122.385572,"Latitude":47.277934}},{"type":"Feature","id":5802,"geometry":{"type":"Point","coordinates":[-13620661.9394,6037345.5949]},"properties":{"OBJECTID":5802,"Company":"TLP MANAGEMENT SERVICES LLC","Site":"SEATTLE","City":"SEATTLE","State":"WASHINGTON","PADD":5,"Source":"Form EIA-815, Monthly Terminal Blenders Report","Period":"January 2025","Longitude":-122.356488,"Latitude":47.580494}},{"type":"Feature","id":5803,"geometry":{"type":"Point","coordinates":[-13059944.7737,6051869.9346]},"properties":{"OBJECTID":5803,"Company":"PAR MONTANA LLC","Site":"SPOKANE DSTR TERMINAL","City":"SPOKANE","State":"WASHINGTON","PADD":5,"Source":"Form EIA-815, Monthly Terminal Blenders Report","Period":"January 2025","Longitude":-117.31948,"Latitude":47.668432}},{"type":"Feature","id":5804,"geometry":{"type":"Point","coordinates":[-13252152.2348,5814088.0063]},"properties":{"OBJECTID":5804,"Company":"ANDEAVOR LOGISTICS LP","Site":"PASCO","City":"PASCO","State":"WASHINGTON","PADD":5,"Source":"Form EIA-815, Monthly Terminal Blenders Report","Period":"January 2025","Longitude":-119.046109,"Latitude":46.210137}},{"type":"Feature","id":5805,"geometry":{"type":"Point","coordinates":[-13659236.3694,5722467.6439]},"properties":{"OBJECTID":5805,"Company":"ANDEAVOR LOGISTICS LP","Site":"VANCOUVER","City":"VANCOUVER","State":"WASHINGTON","PADD":5,"Source":"Form EIA-815, Monthly Terminal Blenders Report","Period":"January 2025","Longitude":-122.703008,"Latitude":45.637627}},{"type":"Feature","id":5806,"geometry":{"type":"Point","coordinates":[-13741598.5437,6130450.2809]},"properties":{"OBJECTID":5806,"Company":"TESORO REFINING & MARKETING","Site":"PORT ANGELES","City":"PORT ANGELES","State":"WASHINGTON","PADD":5,"Source":"Form EIA-815, Monthly Terminal Blenders Report","Period":"January 2025","Longitude":-123.44288,"Latitude":48.141635}},{"type":"Feature","id":5807,"geometry":{"type":"Point","coordinates":[-9058570.2413,4609218.4053]},"properties":{"OBJECTID":5807,"Company":"ERGON WEST VIRGINIA INC","Site":"WV FUEL TERMINAL HUGHESTON WV","City":"HUGHESTON","State":"WEST VIRGINIA","PADD":1,"Source":"Form EIA-815, Monthly Terminal Blenders Report","Period":"January 2025","Longitude":-81.374521,"Latitude":38.210593}},{"type":"Feature","id":5808,"geometry":{"type":"Point","coordinates":[-8925784.1225,4710182.1004]},"properties":{"OBJECTID":5808,"Company":"GO-MART INC","Site":"ST MARYS REFINING CO","City":"SAINT MARYS","State":"WEST VIRGINIA","PADD":1,"Source":"Form EIA-815, Monthly Terminal Blenders Report","Period":"January 2025","Longitude":-80.181683,"Latitude":38.919744}},{"type":"Feature","id":5809,"geometry":{"type":"Point","coordinates":[-9108528.9816,4634402.4472]},"properties":{"OBJECTID":5809,"Company":"GO-MART INC","Site":"AMANDAVILLE RIVER TERM","City":"SAINT ALBANS","State":"WEST VIRGINIA","PADD":1,"Source":"Form EIA-815, Monthly Terminal Blenders Report","Period":"January 2025","Longitude":-81.823308,"Latitude":38.388136}},{"type":"Feature","id":5810,"geometry":{"type":"Point","coordinates":[-8975572.9893,4922879.0413]},"properties":{"OBJECTID":5810,"Company":"PETROLEUM FUEL & TERMINAL CO","Site":"WEIRTON","City":"WEIRTON","State":"WEST VIRGINIA","PADD":1,"Source":"Form EIA-815, Monthly Terminal Blenders Report","Period":"January 2025","Longitude":-80.628944,"Latitude":40.390685}},{"type":"Feature","id":5811,"geometry":{"type":"Point","coordinates":[-8685812.5849,4777203.9961]},"properties":{"OBJECTID":5811,"Company":"ASSOCIATED ASPHALT MARTINSBURG LLC","Site":"MARTINSBURG","City":"MARTINSBURG","State":"WEST VIRGINIA","PADD":1,"Source":"Form EIA-815, Monthly Terminal Blenders Report","Period":"January 2025","Longitude":-78.025982,"Latitude":39.386621}},{"type":"Feature","id":5812,"geometry":{"type":"Point","coordinates":[-8975246.9345,4955431.6145]},"properties":{"OBJECTID":5812,"Company":"SHELL OIL PRODUCTS US","Site":"QS - CONGO","City":"NEWELL","State":"WEST VIRGINIA","PADD":1,"Source":"Form EIA-815, Monthly Terminal Blenders Report","Period":"January 2025","Longitude":-80.626015,"Latitude":40.61304}},{"type":"Feature","id":5813,"geometry":{"type":"Point","coordinates":[-8904377.6071,4816744.7815]},"properties":{"OBJECTID":5813,"Company":"SUNOCO MIDSTREAM LLC","Site":"STAR CITY","City":"STAR CITY","State":"WEST VIRGINIA","PADD":1,"Source":"Form EIA-815, Monthly Terminal Blenders Report","Period":"January 2025","Longitude":-79.989385,"Latitude":39.660609}},{"type":"Feature","id":5814,"geometry":{"type":"Point","coordinates":[-9087427.1476,4633398.2632]},"properties":{"OBJECTID":5814,"Company":"MPLX TERMINALS LLC","Site":"CHARLESTON","City":"CHARLESTON","State":"WEST VIRGINIA","PADD":1,"Source":"Form EIA-815, Monthly Terminal Blenders Report","Period":"January 2025","Longitude":-81.633747,"Latitude":38.381065}},{"type":"Feature","id":5815,"geometry":{"type":"Point","coordinates":[-9971909.0372,5544891.3362]},"properties":{"OBJECTID":5815,"Company":"FLINT HILL RESOURCES LP","Site":"STEVENS POINT","City":"STEVENS POINT","State":"WISCONSIN","PADD":2,"Source":"Form EIA-815, Monthly Terminal Blenders Report","Period":"January 2025","Longitude":-89.579183,"Latitude":44.511174}},{"type":"Feature","id":5816,"geometry":{"type":"Point","coordinates":[-9797595.2938,5549465.5357]},"properties":{"OBJECTID":5816,"Company":"FLINT HILL RESOURCES LP","Site":"GREEN BAY","City":"GREEN BAY","State":"WISCONSIN","PADD":2,"Source":"Form EIA-815, Monthly Terminal Blenders Report","Period":"January 2025","Longitude":-88.013296,"Latitude":44.540469}},{"type":"Feature","id":5817,"geometry":{"type":"Point","coordinates":[-10120944.5734,5558201.7084]},"properties":{"OBJECTID":5817,"Company":"FLINT HILLS RESOURCES LP","Site":"FLINT HILLS RESOURCES LP-JUNCTI","City":"JUNCTION CITY","State":"WISCONSIN","PADD":2,"Source":"Form EIA-815, Monthly Terminal Blenders Report","Period":"January 2025","Longitude":-90.917992,"Latitude":44.596378}},{"type":"Feature","id":5818,"geometry":{"type":"Point","coordinates":[-9941146.5639,5317028.2668]},"properties":{"OBJECTID":5818,"Company":"FLINT HILLS RESOURCES LP","Site":"FLINT HILLS RESOURCES LP-MADISON","City":"MCFARLAND","State":"WISCONSIN","PADD":2,"Source":"Form EIA-815, Monthly Terminal Blenders Report","Period":"January 2025","Longitude":-89.302839,"Latitude":43.033211}},{"type":"Feature","id":5819,"geometry":{"type":"Point","coordinates":[-9801005.5664,5340541.204]},"properties":{"OBJECTID":5819,"Company":"FLINT HILLS RESOURCES LP","Site":"FLINT HILLS RESOURCES LP-MILWAUKEE","City":"MILWAUKEE","State":"WISCONSIN","PADD":2,"Source":"Form EIA-815, Monthly Terminal Blenders Report","Period":"January 2025","Longitude":-88.043931,"Latitude":43.18741}},{"type":"Feature","id":5820,"geometry":{"type":"Point","coordinates":[-9877836.9431,5408847.2427]},"properties":{"OBJECTID":5820,"Company":"FLINT HILLS RESOURCES LP","Site":"FLINT HILLS RESOURCES LP-WAUPUN","City":"WAUPUN","State":"WISCONSIN","PADD":2,"Source":"Form EIA-815, Monthly Terminal Blenders Report","Period":"January 2025","Longitude":-88.734119,"Latitude":43.63316}},{"type":"Feature","id":5821,"geometry":{"type":"Point","coordinates":[-9798144.5441,5549022.146]},"properties":{"OBJECTID":5821,"Company":"US VENTURE INC","Site":"BYLSBY GREEN BAY TERMINAL","City":"GREEN BAY","State":"WISCONSIN","PADD":2,"Source":"Form EIA-815, Monthly Terminal Blenders Report","Period":"January 2025","Longitude":-88.01823,"Latitude":44.53763}},{"type":"Feature","id":5822,"geometry":{"type":"Point","coordinates":[-9798683.3305,5549992.0403]},"properties":{"OBJECTID":5822,"Company":"US VENTURE INC","Site":"GREEN BAY HURLBUT NORTH","City":"GREEN BAY","State":"WISCONSIN","PADD":2,"Source":"Form EIA-815, Monthly Terminal Blenders Report","Period":"January 2025","Longitude":-88.02307,"Latitude":44.54384}},{"type":"Feature","id":5823,"geometry":{"type":"Point","coordinates":[-9801018.9247,5339920.8992]},"properties":{"OBJECTID":5823,"Company":"US VENTURE INC","Site":"MILWAUKEE WEST","City":"MILWAUKEE","State":"WISCONSIN","PADD":2,"Source":"Form EIA-815, Monthly Terminal Blenders Report","Period":"January 2025","Longitude":-88.044051,"Latitude":43.183347}},{"type":"Feature","id":5824,"geometry":{"type":"Point","coordinates":[-9795648.2045,5547965.0634]},"properties":{"OBJECTID":5824,"Company":"US VENTURE INC","Site":"GREEN BAY QUINCY","City":"GREEN BAY","State":"WISCONSIN","PADD":2,"Source":"Form EIA-815, Monthly Terminal Blenders Report","Period":"January 2025","Longitude":-87.995805,"Latitude":44.530861}},{"type":"Feature","id":5825,"geometry":{"type":"Point","coordinates":[-9784710.6193,5314075.7807]},"properties":{"OBJECTID":5825,"Company":"US VENTURE INC","Site":"JONES ISLAND","City":"MILWAUKEE","State":"WISCONSIN","PADD":2,"Source":"Form EIA-815, Monthly Terminal Blenders Report","Period":"January 2025","Longitude":-87.897551,"Latitude":43.013821}},{"type":"Feature","id":5826,"geometry":{"type":"Point","coordinates":[-9939428.3475,5314006.3575]},"properties":{"OBJECTID":5826,"Company":"US VENTURE INC","Site":"MADISON BUCKEYE","City":"MADISON","State":"WISCONSIN","PADD":2,"Source":"Form EIA-815, Monthly Terminal Blenders Report","Period":"January 2025","Longitude":-89.287404,"Latitude":43.013365}},{"type":"Feature","id":5827,"geometry":{"type":"Point","coordinates":[-9797599.8579,5547646.0419]},"properties":{"OBJECTID":5827,"Company":"US VENTURE INC","Site":"GREEN BAY FOX TERMINAL","City":"GREEN BAY","State":"WISCONSIN","PADD":2,"Source":"Form EIA-815, Monthly Terminal Blenders Report","Period":"January 2025","Longitude":-88.013337,"Latitude":44.528818}},{"type":"Feature","id":5828,"geometry":{"type":"Point","coordinates":[-9941100.9229,5318057.6687]},"properties":{"OBJECTID":5828,"Company":"US VENTURE INC","Site":"MADISON NORTHSOUTH","City":"MADISON","State":"WISCONSIN","PADD":2,"Source":"Form EIA-815, Monthly Terminal Blenders Report","Period":"January 2025","Longitude":-89.302429,"Latitude":43.03997}},{"type":"Feature","id":5829,"geometry":{"type":"Point","coordinates":[-9797580.4883,5548196.3336]},"properties":{"OBJECTID":5829,"Company":"US VENTURE INC","Site":"GREEN BAY BUCKEYE","City":"GREEN BAY","State":"WISCONSIN","PADD":2,"Source":"Form EIA-815, Monthly Terminal Blenders Report","Period":"January 2025","Longitude":-88.013163,"Latitude":44.532342}},{"type":"Feature","id":5830,"geometry":{"type":"Point","coordinates":[-9798744.2222,5549810.0796]},"properties":{"OBJECTID":5830,"Company":"US VENTURE INC","Site":"GREEN BAY PRODUCTS","City":"GREEN BAY","State":"WISCONSIN","PADD":2,"Source":"Form EIA-815, Monthly Terminal Blenders Report","Period":"January 2025","Longitude":-88.023617,"Latitude":44.542675}},{"type":"Feature","id":5831,"geometry":{"type":"Point","coordinates":[-10176364.4253,5605176.3758]},"properties":{"OBJECTID":5831,"Company":"US VENTURE INC","Site":"CHIPPEWA FALLS US OIL","City":"CHIPPEWA FALLS","State":"WISCONSIN","PADD":2,"Source":"Form EIA-815, Monthly Terminal Blenders Report","Period":"January 2025","Longitude":-91.415837,"Latitude":44.896081}},{"type":"Feature","id":5832,"geometry":{"type":"Point","coordinates":[-9800999.7777,5340780.9095]},"properties":{"OBJECTID":5832,"Company":"US VENTURE INC","Site":"MILWAUKEE CENTRAL","City":"MILWAUKEE","State":"WISCONSIN","PADD":2,"Source":"Form EIA-815, Monthly Terminal Blenders Report","Period":"January 2025","Longitude":-88.043879,"Latitude":43.18898}},{"type":"Feature","id":5833,"geometry":{"type":"Point","coordinates":[-9801018.5907,5339943.0358]},"properties":{"OBJECTID":5833,"Company":"US VENTURE INC","Site":"MILWAUKEE SOUTH","City":"MILWAUKEE","State":"WISCONSIN","PADD":2,"Source":"Form EIA-815, Monthly Terminal Blenders Report","Period":"January 2025","Longitude":-88.044048,"Latitude":43.183492}},{"type":"Feature","id":5834,"geometry":{"type":"Point","coordinates":[-10248906.8847,5891744.3138]},"properties":{"OBJECTID":5834,"Company":"HUSKY ENERGY","Site":"SUPERIOR","City":"SUPERIOR","State":"WISCONSIN","PADD":2,"Source":"Form EIA-815, Monthly Terminal Blenders Report","Period":"January 2025","Longitude":-92.067497,"Latitude":46.690765}},{"type":"Feature","id":5835,"geometry":{"type":"Point","coordinates":[-9950006.5935,5726029.1126]},"properties":{"OBJECTID":5835,"Company":"HUSKY ENERGY","Site":"RHINELANDER","City":"RHINELANDER","State":"WISCONSIN","PADD":2,"Source":"Form EIA-815, Monthly Terminal Blenders Report","Period":"January 2025","Longitude":-89.38243,"Latitude":45.659992}},{"type":"Feature","id":5836,"geometry":{"type":"Point","coordinates":[-9800993.7665,5341034.5155]},"properties":{"OBJECTID":5836,"Company":"US VENTURE INC","Site":"MILWAUKEE NORTH","City":"MILWAUKEE","State":"WISCONSIN","PADD":2,"Source":"Form EIA-815, Monthly Terminal Blenders Report","Period":"January 2025","Longitude":-88.043825,"Latitude":43.190641}},{"type":"Feature","id":5837,"geometry":{"type":"Point","coordinates":[-9941144.6714,5318263.7455]},"properties":{"OBJECTID":5837,"Company":"US VENTURE INC","Site":"MADISON TERMINAL OIL GROUP","City":"MADISON","State":"WISCONSIN","PADD":2,"Source":"Form EIA-815, Monthly Terminal Blenders Report","Period":"January 2025","Longitude":-89.302822,"Latitude":43.041323}},{"type":"Feature","id":5838,"geometry":{"type":"Point","coordinates":[-10176483.7598,5604894.9339]},"properties":{"OBJECTID":5838,"Company":"CHS INC","Site":"CHIPPEWA FALLS","City":"CHIPPEWA FALLS","State":"WISCONSIN","PADD":2,"Source":"Form EIA-815, Monthly Terminal Blenders Report","Period":"January 2025","Longitude":-91.416909,"Latitude":44.89429}},{"type":"Feature","id":5839,"geometry":{"type":"Point","coordinates":[-9940777.985,5317864.9994]},"properties":{"OBJECTID":5839,"Company":"CHS INC","Site":"MCFARLAND","City":"MCFARLAND","State":"WISCONSIN","PADD":2,"Source":"Form EIA-815, Monthly Terminal Blenders Report","Period":"January 2025","Longitude":-89.299528,"Latitude":43.038705}},{"type":"Feature","id":5840,"geometry":{"type":"Point","coordinates":[-9921060.8542,5271095.155]},"properties":{"OBJECTID":5840,"Company":"ENTERPRISE TERMINALS & STORAGE LLC","Site":"JANESVILLE TERMINAL","City":"JANESVILLE","State":"WISCONSIN","PADD":2,"Source":"Form EIA-815, Monthly Terminal Blenders Report","Period":"January 2025","Longitude":-89.122406,"Latitude":42.730859}},{"type":"Feature","id":5841,"geometry":{"type":"Point","coordinates":[-9941151.2393,5316830.8977]},"properties":{"OBJECTID":5841,"Company":"CITGO PETRO CORP","Site":"MADISON","City":"MADISON","State":"WISCONSIN","PADD":2,"Source":"Form EIA-815, Monthly Terminal Blenders Report","Period":"January 2025","Longitude":-89.302881,"Latitude":43.031915}},{"type":"Feature","id":5842,"geometry":{"type":"Point","coordinates":[-9801012.8021,5340163.9475]},"properties":{"OBJECTID":5842,"Company":"CITGO PETRO CORP","Site":"MILWAUKEE","City":"MILWAUKEE","State":"WISCONSIN","PADD":2,"Source":"Form EIA-815, Monthly Terminal Blenders Report","Period":"January 2025","Longitude":-88.043996,"Latitude":43.184939}},{"type":"Feature","id":5843,"geometry":{"type":"Point","coordinates":[-10158268.8855,5439846.5426]},"properties":{"OBJECTID":5843,"Company":"MIDWEST INDUSTRIAL ASPHALT INC","Site":"LACROSSE","City":"LA CROSSE","State":"WISCONSIN","PADD":2,"Source":"Form EIA-815, Monthly Terminal Blenders Report","Period":"January 2025","Longitude":-91.253282,"Latitude":43.834372}},{"type":"Feature","id":5844,"geometry":{"type":"Point","coordinates":[-9801019.8153,5339867.924]},"properties":{"OBJECTID":5844,"Company":"BUCKEYE TERMINALS LLC","Site":"GRANVILLE","City":"MILWAUKEE","State":"WISCONSIN","PADD":2,"Source":"Form EIA-815, Monthly Terminal Blenders Report","Period":"January 2025","Longitude":-88.044059,"Latitude":43.183}},{"type":"Feature","id":5845,"geometry":{"type":"Point","coordinates":[-9941375.882,5313317.4819]},"properties":{"OBJECTID":5845,"Company":"SUNOCO MIDSTREAM LLC","Site":"MCFARLAND","City":"MCFARLAND","State":"WISCONSIN","PADD":2,"Source":"Form EIA-815, Monthly Terminal Blenders Report","Period":"January 2025","Longitude":-89.304899,"Latitude":43.00884}},{"type":"Feature","id":5846,"geometry":{"type":"Point","coordinates":[-9920974.9155,5271040.1432]},"properties":{"OBJECTID":5846,"Company":"NGL SUPPLY WHOLESALE LLC","Site":"JANESVILLE","City":"JANESVILLE","State":"WISCONSIN","PADD":2,"Source":"Form EIA-815, Monthly Terminal Blenders Report","Period":"January 2025","Longitude":-89.121634,"Latitude":42.730496}},{"type":"Feature","id":5847,"geometry":{"type":"Point","coordinates":[-11668528.3945,5033051.0116]},"properties":{"OBJECTID":5847,"Company":"JEBRO INCORPORATED","Site":"CHEYENNE","City":"CHEYENNE","State":"WYOMING","PADD":4,"Source":"Form EIA-815, Monthly Terminal Blenders Report","Period":"January 2025","Longitude":-104.820174,"Latitude":41.140253}},{"type":"Feature","id":5848,"geometry":{"type":"Point","coordinates":[-11828202.4005,5289893.9391]},"properties":{"OBJECTID":5848,"Company":"PHILLIPS 66 PIPELINE LLC","Site":"CASPER WY","City":"EVANSVILLE","State":"WYOMING","PADD":4,"Source":"Form EIA-815, Monthly Terminal Blenders Report","Period":"January 2025","Longitude":-106.25455,"Latitude":42.85478}},{"type":"Feature","id":5849,"geometry":{"type":"Point","coordinates":[-11900202.1773,5568871.3892]},"properties":{"OBJECTID":5849,"Company":"PHILLIPS 66 COMPANY","Site":"SHERIDAN WY","City":"SHERIDAN","State":"WYOMING","PADD":4,"Source":"Form EIA-815, Monthly Terminal Blenders Report","Period":"January 2025","Longitude":-106.901335,"Latitude":44.664588}},{"type":"Feature","id":5850,"geometry":{"type":"Point","coordinates":[-12168247.6,5095192.9609]},"properties":{"OBJECTID":5850,"Company":"PHILLIPS 66 COMPANY","Site":"ROCK SPRINGS WY","City":"ROCK SPRINGS","State":"WYOMING","PADD":4,"Source":"Form EIA-815, Monthly Terminal Blenders Report","Period":"January 2025","Longitude":-109.309228,"Latitude":41.559309}},{"type":"Feature","id":5851,"geometry":{"type":"Point","coordinates":[-11924160.9147,5127940.9447]},"properties":{"OBJECTID":5851,"Company":"HOLLY ENERGY PARTNERS","Site":"SINCLAIR","City":"SINCLAIR","State":"WYOMING","PADD":4,"Source":"Form EIA-815, Monthly Terminal Blenders Report","Period":"January 2025","Longitude":-107.11656,"Latitude":41.77906}},{"type":"Feature","id":5852,"geometry":{"type":"Point","coordinates":[-11827246.166,5290926.5881]},"properties":{"OBJECTID":5852,"Company":"HOLLY ENERGY PARTNERS","Site":"CASPER","City":"CASPER","State":"WYOMING","PADD":4,"Source":"Form EIA-815, Monthly Terminal Blenders Report","Period":"January 2025","Longitude":-106.24596,"Latitude":42.86158}},{"type":"Feature","id":5853,"geometry":{"type":"Point","coordinates":[-11741108.4799,5470692.2634]},"properties":{"OBJECTID":5853,"Company":"EQUITABLE OIL PURCHASING CO","Site":"CASPER","City":"CASPER","State":"WYOMING","PADD":4,"Source":"Form EIA-815, Monthly Terminal Blenders Report","Period":"January 2025","Longitude":-105.472172,"Latitude":44.033916}},{"type":"Feature","id":5854,"geometry":{"type":"Point","coordinates":[-11661284.39,5030505.5324]},"properties":{"OBJECTID":5854,"Company":"ERGON ASPHALT & EMULSIONS INC","Site":"CHEYENNE","City":"CHEYENNE","State":"WYOMING","PADD":4,"Source":"Form EIA-815, Monthly Terminal Blenders Report","Period":"January 2025","Longitude":-104.7551,"Latitude":41.12303}},{"type":"Feature","id":5855,"geometry":{"type":"Point","coordinates":[-11669495.7609,5028274.2244]},"properties":{"OBJECTID":5855,"Company":"MAGELLAN PIPELINE CO LP","Site":"CHEYENNE","City":"CHEYENNE","State":"WYOMING","PADD":4,"Source":"Form EIA-815, Monthly Terminal Blenders Report","Period":"January 2025","Longitude":-104.828864,"Latitude":41.107929}},{"type":"Feature","id":5856,"geometry":{"type":"Point","coordinates":[16106834.4887,1507734.7046]},"properties":{"OBJECTID":5856,"Company":"TRISTAR TERMINALS GUAM INC","Site":"AGAT","City":"AGAT","State":"GUAM","PADD":7,"Source":"Form EIA-815, Monthly Terminal Blenders Report","Period":"January 2025","Longitude":144.690156,"Latitude":13.419802}},{"type":"Feature","id":5857,"geometry":{"type":"Point","coordinates":[-7430283.1289,2037209.4588]},"properties":{"OBJECTID":5857,"Company":"PEERLESS OIL & CHEMICALS INC","Site":"PENUELAS","City":"PENUELAS","State":"PUERTO RICO","PADD":6,"Source":"Form EIA-815, Monthly Terminal Blenders Report","Period":"January 2025","Longitude":-66.747369,"Latitude":17.997103}},{"type":"Feature","id":5858,"geometry":{"type":"Point","coordinates":[-7329454.9435,2042805.7341]},"properties":{"OBJECTID":5858,"Company":"BUCKEYE CARRIBEAN TERMINALS LLC","Site":"YABUCOA","City":"YABUCOA","State":"PUERTO RICO","PADD":6,"Source":"Form EIA-815, Monthly Terminal Blenders Report","Period":"January 2025","Longitude":-65.841614,"Latitude":18.044909}},{"type":"Feature","id":5859,"geometry":{"type":"Point","coordinates":[-7358948.0407,2087380.9476]},"properties":{"OBJECTID":5859,"Company":"TOTAL PETRO OF PUERTO RICO CORP","Site":"GUAYNABO","City":"GUAYNABO","State":"PUERTO RICO","PADD":6,"Source":"Form EIA-815, Monthly Terminal Blenders Report","Period":"January 2025","Longitude":-66.106555,"Latitude":18.425225}},{"type":"Feature","id":5860,"geometry":{"type":"Point","coordinates":[-7430451.11,2037856.9692]},"properties":{"OBJECTID":5860,"Company":"PUERTO RICAN OIL TERMINAL CO","Site":"PENUELAS","City":"PENUELAS VALLEY","State":"PUERTO RICO","PADD":6,"Source":"Form EIA-815, Monthly Terminal Blenders Report","Period":"January 2025","Longitude":-66.748878,"Latitude":18.002635}},{"type":"Feature","id":5861,"geometry":{"type":"Point","coordinates":[-7228096.9886,2077840.9788]},"properties":{"OBJECTID":5861,"Company":"TOTAL PETRO OF PUERTO RICO CORP","Site":"ST THOMAS","City":"CHARLOTTE AMALIE","State":"VIRGIN ISLANDS","PADD":6,"Source":"Form EIA-815, Monthly Terminal Blenders Report","Period":"January 2025","Longitude":-64.9311,"Latitude":18.3439}}]}