OBJECTID,State,Facility_ID,Tank_ID,Tank_Status,Installation_Date,Removal_Date,Capacity,Substances,Tank_Wall_Type,QA
44784,Alaska,AK3105,AK3105_1,Closed,8/11/1997 4:00:00 AM,,20000,Gasoline,,
44818,Alaska,AK49,AK49_3,Closed,8/1/1997 4:00:00 AM,,17000,Gasoline,,
44883,Alaska,AK49,AK49_4,Closed,8/1/1997 4:00:00 AM,,5000,Diesel,,
44886,Alaska,AK3044,AK3044_2,Open,7/15/1997 4:00:00 AM,,15000,Gasoline,,
44888,Alaska,AK2969,AK2969_2,Open,7/6/1997 4:00:00 AM,,4000,Diesel,,
44890,Alaska,AK1505,AK1505_4,Open,7/1/1997 4:00:00 AM,,20000,Gasoline,,
44892,Alaska,AK1505,AK1505_5,Open,7/1/1997 4:00:00 AM,,15000,Gasoline,,
44894,Alaska,AK1505,AK1505_6,Open,7/1/1997 4:00:00 AM,,10000,Diesel,,
44896,Alaska,AK1602,AK1602_2,Open,7/1/1997 4:00:00 AM,,10000,Diesel,,
44898,Alaska,AK1697,AK1697_5,Open,7/1/1997 4:00:00 AM,,500,Diesel,,
44902,Alaska,AK1982,AK1982_4,Closed,7/1/1997 4:00:00 AM,,26000,Gasoline,,
44906,Alaska,AK2131,AK2131_4,Open,7/1/1997 4:00:00 AM,,10000,Gasoline,,
44909,Alaska,AK3043,AK3043_1,Open,7/1/1997 4:00:00 AM,,20000,Gasoline,,
44913,Alaska,AK3043,AK3043_2,Open,7/1/1997 4:00:00 AM,,15000,Gasoline,,
44915,Alaska,AK3043,AK3043_3,Open,7/1/1997 4:00:00 AM,,10000,Diesel,,
44934,Alaska,AK3044,AK3044_1,Open,7/1/1997 4:00:00 AM,,20000,Gasoline,,
45013,Alaska,AK31,AK31_9,Open,5/5/1998 4:00:00 AM,,26000,Gasoline,,
45015,Alaska,AK1469,AK1469_1,Closed,7/10/1986 4:00:00 AM,,15000,Gasoline,,
45396,Alaska,AK3044,AK3044_3,Open,7/1/1997 4:00:00 AM,,10000,Diesel,,
45646,Alaska,AK323,AK323_1,Closed,7/4/1986 4:00:00 AM,,500,Gasoline,,
45647,Alaska,AK1956,AK1956_15,Open,5/1/1998 4:00:00 AM,,1000,Diesel,,
45648,Alaska,AK1956,AK1956_16,Open,5/1/1998 4:00:00 AM,,2500,Diesel,,
45652,Alaska,AK1048,AK1048_2,Closed,7/1/1986 4:00:00 AM,,3000,Gasoline,,
45656,Alaska,AK1048,AK1048_3,Closed,7/1/1986 4:00:00 AM,,5000,Gasoline,,
45657,Alaska,AK2559,AK2559_6,Open,5/1/1998 4:00:00 AM,,12000,Gasoline,,
45660,Alaska,AK1403,AK1403_1,Closed,7/1/1986 4:00:00 AM,,12000,Gasoline,,
45661,Alaska,AK3136,AK3136_4,Open,5/1/1998 4:00:00 AM,,12000,Diesel,,
45664,Alaska,AK1403,AK1403_2,Closed,7/1/1986 4:00:00 AM,,1500,Used Oil,,
45668,Alaska,AK2426,AK2426_1,Closed,7/1/1986 4:00:00 AM,,5000,Gasoline,,
45669,Alaska,AK3136,AK3136_5,Open,5/1/1998 4:00:00 AM,,12000,Gasoline,,
45672,Alaska,AK2574,AK2574_1,Closed,7/1/1986 4:00:00 AM,,10000,Gasoline,,
45676,Alaska,AK268,AK268_2,Closed,7/1/1986 4:00:00 AM,,650,Diesel,,
45677,Alaska,AK3136,AK3136_6,Open,5/1/1998 4:00:00 AM,,15000,Diesel,,
45680,Alaska,AK518,AK518_9,Closed,7/1/1986 4:00:00 AM,,1500,Diesel,,
45990,Alaska,AK3616,AK3616_1,Open,8/2/2018 4:00:00 AM,,30000,Gasoline,,
45993,Alaska,AK3616,AK3616_2,Open,8/2/2018 4:00:00 AM,,30000,Gasoline,,
45996,Alaska,AK3616,AK3616_3,Open,8/2/2018 4:00:00 AM,,30000,Gasoline,,
45999,Alaska,AK3249,AK3249_3,Open,4/9/2018 4:00:00 AM,,10000,Gasoline,,
46002,Alaska,AK3249,AK3249_4,Open,4/9/2018 4:00:00 AM,,12000,Gasoline,,
46006,Alaska,AK3606,AK3606_1,Open,12/18/2017 5:00:00 AM,,20000,Gasoline,,
46010,Alaska,AK3606,AK3606_2,Open,12/18/2017 5:00:00 AM,,18000,Diesel,,
46013,Alaska,AK3610,AK3610_1,Open,12/15/2017 5:00:00 AM,,20000,Gasoline,,
46017,Alaska,AK3610,AK3610_2,Open,12/15/2017 5:00:00 AM,,16000,Diesel,,
46020,Alaska,AK1607,AK1607_5,Open,8/10/2017 4:00:00 AM,,15000,Gasoline,,
46023,Alaska,AK1607,AK1607_6,Open,8/10/2017 4:00:00 AM,,15000,Diesel,,
46026,Alaska,AK2871,AK2871_3,Open,10/27/2016 4:00:00 AM,,12000,Gasoline,,
46029,Alaska,AK2871,AK2871_4,Open,10/27/2016 4:00:00 AM,,10000,Diesel,,
46032,Alaska,AK1106,AK1106_3,Open,10/6/2016 4:00:00 AM,,4000,Diesel,,
46036,Alaska,AK3602,AK3602_1,Open,8/12/2016 4:00:00 AM,,12000,Gasoline,,
46037,Alaska,AK3602,AK3602_2,Open,8/12/2016 4:00:00 AM,,12000,Gasoline,,
46039,Alaska,AK3601,AK3601_1,Open,5/31/2016 4:00:00 AM,,15000,Gasoline,,
46041,Alaska,AK3601,AK3601_2,Open,5/31/2016 4:00:00 AM,,15000,Diesel,,
46044,Alaska,AK345,AK345_6,Open,10/27/2015 4:00:00 AM,,10000,Diesel,,
46048,Alaska,AK1318,AK1318_4,Open,9/1/2015 4:00:00 AM,,2500,Diesel,,
46051,Alaska,AK1342,AK1342_2,Open,9/1/2015 4:00:00 AM,,2500,Diesel,,
46054,Alaska,AK3514,AK3514_2,Open,8/24/2015 4:00:00 AM,,2000,Diesel,,
46057,Alaska,AK3430,AK3430_4,Open,5/22/2015 4:00:00 AM,,15000,Diesel,,
46060,Alaska,AK2986,AK2986_3,Open,1/29/2015 5:00:00 AM,,15000,Gasoline,,
46063,Alaska,AK2986,AK2986_4,Open,1/29/2015 5:00:00 AM,,15000,Gasoline,,
46066,Alaska,AK588,AK588_4,Open,10/24/2014 4:00:00 AM,,12000,Gasoline,,
46069,Alaska,AK588,AK588_5,Open,10/24/2014 4:00:00 AM,,12000,Gasoline,,
46072,Alaska,AK3591,AK3591_1,Open,9/25/2014 4:00:00 AM,,15000,Gasoline,,
46075,Alaska,AK3591,AK3591_2,Open,9/25/2014 4:00:00 AM,,15000,Gasoline,,
46078,Alaska,AK1602,AK1602_3,Open,9/17/2014 4:00:00 AM,,10000,Gasoline,,
46081,Alaska,AK357,AK357_3,Open,9/15/2014 4:00:00 AM,,12000,Gasoline,,
46084,Alaska,AK357,AK357_4,Open,9/15/2014 4:00:00 AM,,12000,Gasoline,,
46087,Alaska,AK3588,AK3588_1,Open,8/12/2014 4:00:00 AM,,15000,Gasoline,,
46090,Alaska,AK3588,AK3588_2,Open,8/12/2014 4:00:00 AM,,15000,Diesel,,
46093,Alaska,AK727,AK727_12,Open,7/14/2014 4:00:00 AM,,15000,Gasoline,,
46096,Alaska,AK727,AK727_13,Open,7/14/2014 4:00:00 AM,,15000,Gasoline,,
46099,Alaska,AK3585,AK3585_1,Open,4/30/2014 4:00:00 AM,,15000,Gasoline,,
46101,Alaska,AK3585,AK3585_2,Open,4/30/2014 4:00:00 AM,,15000,Diesel,,
46103,Alaska,AK2713,AK2713_3,Open,12/15/2013 5:00:00 AM,,8000,Diesel,,
46105,Alaska,AK585,AK585_14,Open,10/2/2013 4:00:00 AM,,2500,Diesel,,
46107,Alaska,AK581,AK581_4,Open,5/17/2013 4:00:00 AM,,12000,Gasoline,,
46109,Alaska,AK581,AK581_5,Open,5/17/2013 4:00:00 AM,,12000,Gasoline,,
46111,Alaska,AK3579,AK3579_1,Open,12/10/2012 5:00:00 AM,,20000,Gasoline,,
46113,Alaska,AK3579,AK3579_2,Open,12/10/2012 5:00:00 AM,,20000,Gasoline,,
46115,Alaska,AK3579,AK3579_3,Open,12/10/2012 5:00:00 AM,,20000,Diesel,,
46117,Alaska,AK1329,AK1329_3,Open,10/9/2012 4:00:00 AM,,2500,Diesel,,
46119,Alaska,AK3581,AK3581_1,Temporarily out of Service,9/15/2012 4:00:00 AM,,20000,Gasoline,,
46121,Alaska,AK3581,AK3581_2,Temporarily out of Service,9/15/2012 4:00:00 AM,,20000,Gasoline,,
46123,Alaska,AK3581,AK3581_3,Temporarily out of Service,9/15/2012 4:00:00 AM,,20000,Gasoline,,
46125,Alaska,AK3578,AK3578_1,Open,9/1/2012 4:00:00 AM,,31000,Diesel,,
46127,Alaska,AK3578,AK3578_2,Open,9/1/2012 4:00:00 AM,,30000,Gasoline,,
46129,Alaska,AK3578,AK3578_3,Open,9/1/2012 4:00:00 AM,,30000,Diesel,,
46131,Alaska,AK3578,AK3578_4,Open,9/1/2012 4:00:00 AM,,30000,Diesel,,
46133,Alaska,AK1320,AK1320_3,Open,8/10/2012 4:00:00 AM,,4000,Diesel,,
46136,Alaska,AK2980,AK2980_2,Open,7/12/2012 4:00:00 AM,,15000,Gasoline,,
46138,Alaska,AK1112,AK1112_7,Open,6/17/2012 4:00:00 AM,,15000,Gasoline,,
46140,Alaska,AK1112,AK1112_8,Open,6/17/2012 4:00:00 AM,,15000,Diesel,,
46143,Alaska,AK1981,AK1981_5,Open,12/1/2011 5:00:00 AM,,15000,Gasoline,,
46145,Alaska,AK1981,AK1981_6,Open,12/1/2011 5:00:00 AM,,15000,Gasoline,,
46147,Alaska,AK3575,AK3575_1,Temporarily out of Service,11/7/2011 5:00:00 AM,,8000,Diesel,,
46149,Alaska,AK3575,AK3575_2,Temporarily out of Service,11/7/2011 5:00:00 AM,,8000,Gasoline,,
46151,Alaska,AK3575,AK3575_3,Temporarily out of Service,11/7/2011 5:00:00 AM,,8000,Gasoline,,
46154,Alaska,AK726,AK726_9,Open,10/5/2011 4:00:00 AM,,1500,Diesel,,
46156,Alaska,AK2630,AK2630_3,Open,8/25/2011 4:00:00 AM,,10000,Diesel,,
46160,Alaska,AK3570,AK3570_1,Open,8/15/2011 4:00:00 AM,,20000,Gasoline,,
46161,Alaska,AK3570,AK3570_2,Open,8/15/2011 4:00:00 AM,,20000,Gasoline,,
46163,Alaska,AK3571,AK3571_1,Open,8/15/2011 4:00:00 AM,,20000,Gasoline,,
46165,Alaska,AK3571,AK3571_2,Open,8/15/2011 4:00:00 AM,,20000,Gasoline,,
46168,Alaska,AK1253,AK1253_3,Open,8/12/2011 4:00:00 AM,,5000,Diesel,,
46170,Alaska,AK3569,AK3569_1,Open,6/25/2011 4:00:00 AM,,26000,Gasoline,,
46172,Alaska,AK3495,AK3495_2,Open,12/1/2010 5:00:00 AM,,7000,Diesel,,
46174,Alaska,AK561,AK561_2,Open,10/4/2010 4:00:00 AM,,20000,Gasoline,,
46176,Alaska,AK2598,AK2598_5,Open,10/1/2010 4:00:00 AM,,4000,Diesel,,
46178,Alaska,AK936,AK936_8,Open,9/20/2010 4:00:00 AM,,5000,Diesel,,
46180,Alaska,AK561,AK561_3,Open,8/30/2010 4:00:00 AM,,18000,Diesel,,
46183,Alaska,AK3510,AK3510_2,Open,7/19/2010 4:00:00 AM,,4000,Diesel,,
46186,Alaska,AK3505,AK3505_2,Open,7/12/2010 4:00:00 AM,,2000,Diesel,,
46189,Alaska,AK2569,AK2569_3,Open,7/7/2010 4:00:00 AM,,8000,Diesel,,
46192,Alaska,AK3498,AK3498_2,Open,7/5/2010 4:00:00 AM,,4000,Diesel,,
46195,Alaska,AK3507,AK3507_2,Open,6/25/2010 4:00:00 AM,,4000,Diesel,,
46198,Alaska,AK3508,AK3508_2,Open,6/17/2010 4:00:00 AM,,2000,Diesel,,
46202,Alaska,AK3556,AK3556_1,Open,2/2/2010 5:00:00 AM,,20000,Gasoline,,
46205,Alaska,AK3549,AK3549_1,Open,10/23/2009 4:00:00 AM,,20000,Gasoline,,
46209,Alaska,AK3549,AK3549_2,Open,10/23/2009 4:00:00 AM,,28000,Diesel,,
46212,Alaska,AK3500,AK3500_3,Open,10/1/2009 4:00:00 AM,,500,Diesel,,
46216,Alaska,AK3503,AK3503_2,Open,10/1/2009 4:00:00 AM,,4000,Diesel,,
46220,Alaska,AK3509,AK3509_2,Open,10/1/2009 4:00:00 AM,,4000,Diesel,,
46223,Alaska,AK3511,AK3511_2,Open,8/20/2009 4:00:00 AM,,6000,Diesel,,
46225,Alaska,AK3501,AK3501_2,Open,7/20/2009 4:00:00 AM,,4000,Diesel,,
46227,Alaska,AK2296,AK2296_3,Open,2/15/2009 5:00:00 AM,,25000,Diesel,,
46229,Alaska,AK2296,AK2296_4,Open,2/15/2009 5:00:00 AM,,25000,Diesel,,
46231,Alaska,AK2296,AK2296_5,Open,2/15/2009 5:00:00 AM,,25000,Diesel,,
46233,Alaska,AK2296,AK2296_6,Open,2/15/2009 5:00:00 AM,,25000,Gasoline,,
46235,Alaska,AK3539,AK3539_1,Open,11/15/2008 5:00:00 AM,,20000,Gasoline,,
46237,Alaska,AK3541,AK3541_1,Open,10/15/2008 4:00:00 AM,,20000,Gasoline,,
46239,Alaska,AK3541,AK3541_2,Open,10/15/2008 4:00:00 AM,,20000,Gasoline,,
46241,Alaska,AK3542,AK3542_4,Open,10/9/2008 4:00:00 AM,,2000,Diesel,,
46243,Alaska,AK3494,AK3494_2,Open,10/3/2008 4:00:00 AM,,3000,Diesel,,
46245,Alaska,AK3544,AK3544_1,Open,10/1/2008 4:00:00 AM,,15000,Gasoline,,
46247,Alaska,AK3544,AK3544_2,Open,10/1/2008 4:00:00 AM,,15000,Gasoline,,
46249,Alaska,AK3548,AK3548_1,Open,10/1/2008 4:00:00 AM,,10000,Diesel,,
46251,Alaska,AK3574,AK3574_1,Closed,9/24/2008 4:00:00 AM,,300,Diesel,,
46253,Alaska,AK206,AK206_4,Open,9/10/2008 4:00:00 AM,,5500,Gasoline,,
46256,Alaska,AK1473,AK1473_4,Open,7/22/2008 4:00:00 AM,,15000,Gasoline,,
46259,Alaska,AK1473,AK1473_5,Open,7/22/2008 4:00:00 AM,,12000,Diesel,,
46262,Alaska,AK3538,AK3538_1,Open,7/10/2008 4:00:00 AM,,20000,Gasoline,,
46265,Alaska,AK3538,AK3538_2,Open,7/10/2008 4:00:00 AM,,12000,Gasoline,,
46269,Alaska,AK3538,AK3538_3,Open,7/10/2008 4:00:00 AM,,12000,Diesel,,
46272,Alaska,AK834,AK834_4,Open,10/15/2007 4:00:00 AM,,15000,Gasoline,,
46275,Alaska,AK834,AK834_5,Open,10/15/2007 4:00:00 AM,,15000,Gasoline,,
46279,Alaska,AK3517,AK3517_1,Open,9/24/2007 4:00:00 AM,,1000,Diesel,,
46282,Alaska,AK3515,AK3515_1,Open,8/20/2007 4:00:00 AM,,20000,Diesel,,
46285,Alaska,AK3515,AK3515_2,Open,8/20/2007 4:00:00 AM,,20000,Diesel,,
46288,Alaska,AK3515,AK3515_4,Open,8/20/2007 4:00:00 AM,,20000,Gasoline,,
46293,Alaska,AK3515,AK3515_5,Open,8/20/2007 4:00:00 AM,,20000,Gasoline,,
46295,Alaska,AK3515,AK3515_3,Open,8/1/2007 4:00:00 AM,,20000,Diesel,,
46297,Alaska,AK3516,AK3516_1,Open,7/24/2007 4:00:00 AM,,5000,Diesel,,
46298,Alaska,AK3513,AK3513_1,Open,7/9/2007 4:00:00 AM,,20000,Kerosene,,
46300,Alaska,AK2839,AK2839_3,Open,6/28/2007 4:00:00 AM,,18000,Gasoline,,
46302,Alaska,AK3462,AK3462_4,Open,1/25/2007 5:00:00 AM,,10000,Diesel,,
46304,Alaska,AK3488,AK3488_1,Open,10/3/2006 4:00:00 AM,,12000,Gasoline,,
46306,Alaska,AK3488,AK3488_2,Open,10/3/2006 4:00:00 AM,,12000,Gasoline,,
46307,Alaska,AK3209,AK3209_5,Open,9/22/2006 4:00:00 AM,,12000,Diesel,,
46308,Alaska,AK523,AK523_6,Open,12/2/2005 5:00:00 AM,,15000,Gasoline,,
46309,Alaska,AK523,AK523_7,Open,12/2/2005 5:00:00 AM,,15000,Gasoline,,
46311,Alaska,AK3071,AK3071_3,Open,9/1/2005 4:00:00 AM,,12000,Diesel,,
46313,Alaska,AK1587,AK1587_6,Open,8/1/2005 4:00:00 AM,,20000,Diesel,,
46315,Alaska,AK1985,AK1985_4,Open,7/25/2005 4:00:00 AM,,12000,Gasoline,,
46317,Alaska,AK1985,AK1985_5,Open,7/25/2005 4:00:00 AM,,15000,Gasoline,,
46319,Alaska,AK1778,AK1778_12,Open,5/15/2005 4:00:00 AM,,12000,Diesel,,
46321,Alaska,AK3481,AK3481_1,Open,5/1/2005 4:00:00 AM,,25000,Gasoline,,
46323,Alaska,AK3612,AK3612_1,Open,5/1/2005 4:00:00 AM,,10000,Diesel,,
46325,Alaska,AK1982,AK1982_5,Open,4/25/2005 4:00:00 AM,,20000,Gasoline,,
46326,Alaska,AK1982,AK1982_6,Open,4/25/2005 4:00:00 AM,,20000,Diesel,,
46327,Alaska,AK3478,AK3478_1,Open,10/8/2004 4:00:00 AM,,15000,Diesel,,
46328,Alaska,AK3520,AK3520_1,Open,9/1/2004 4:00:00 AM,,15000,Diesel,,
46329,Alaska,AK3475,AK3475_1,Open,6/30/2004 4:00:00 AM,,20000,Gasoline,,
46330,Alaska,AK3475,AK3475_2,Open,6/30/2004 4:00:00 AM,,16000,Gasoline,,
46331,Alaska,AK3206,AK3206_3,Open,5/3/2004 4:00:00 AM,,1000,Diesel,,
46332,Alaska,AK3468,AK3468_1,Open,1/25/2004 5:00:00 AM,,30000,Diesel,,
46333,Alaska,AK2214,AK2214_3,Open,1/1/2004 5:00:00 AM,,5000,Diesel,,
46334,Alaska,AK3479,AK3479_1,Open,11/10/2003 5:00:00 AM,,600,Diesel,,
46335,Alaska,AK3466,AK3466_1,Open,8/28/2003 4:00:00 AM,,23000,Gasoline,,
46336,Alaska,AK3467,AK3467_1,Open,8/11/2003 4:00:00 AM,,20000,Gasoline,,
46337,Alaska,AK3467,AK3467_2,Open,8/11/2003 4:00:00 AM,,20000,Gasoline,,
46338,Alaska,AK3460,AK3460_1,Open,7/7/2003 4:00:00 AM,,26000,Gasoline,,
46339,Alaska,AK2982,AK2982_3,Open,6/25/2003 4:00:00 AM,,20000,Gasoline,,
46340,Alaska,AK1956,AK1956_19,Open,6/13/2003 4:00:00 AM,,15000,Diesel,,
46341,Alaska,AK3462,AK3462_1,Closed,6/5/2003 4:00:00 AM,,20000,Diesel,,
46342,Alaska,AK3462,AK3462_2,Closed,6/5/2003 4:00:00 AM,,20000,Gasoline,,
46343,Alaska,AK3462,AK3462_3,Closed,6/5/2003 4:00:00 AM,,20000,Gasoline,,
46344,Alaska,AK1956,AK1956_20,Open,6/3/2003 4:00:00 AM,,15000,Diesel,,
46345,Alaska,AK1956,AK1956_21,Open,6/3/2003 4:00:00 AM,,8000,Gasoline,,
46346,Alaska,AK3455,AK3455_1,Open,4/25/2003 4:00:00 AM,,20000,Gasoline,,
46347,Alaska,AK3455,AK3455_2,Open,4/25/2003 4:00:00 AM,,20000,Gasoline,,
46348,Alaska,AK3442,AK3442_1,Open,1/28/2003 5:00:00 AM,,20000,Gasoline,,
46349,Alaska,AK3442,AK3442_2,Open,1/28/2003 5:00:00 AM,,20000,Gasoline,,
46350,Alaska,AK3457,AK3457_1,Open,8/20/2002 4:00:00 AM,,20000,Gasoline,,
46351,Alaska,AK3457,AK3457_2,Open,8/20/2002 4:00:00 AM,,20000,Gasoline,,
46352,Alaska,AK3452,AK3452_1,Open,8/12/2002 4:00:00 AM,,20000,Gasoline,,
46353,Alaska,AK3452,AK3452_2,Open,8/12/2002 4:00:00 AM,,16000,Diesel,,
46354,Alaska,AK3458,AK3458_1,Open,8/9/2002 4:00:00 AM,,20000,Gasoline,,
46355,Alaska,AK3458,AK3458_2,Open,8/9/2002 4:00:00 AM,,20000,Gasoline,,
46356,Alaska,AK3450,AK3450_1,Open,8/1/2002 4:00:00 AM,,20000,Gasoline,,
46357,Alaska,AK3450,AK3450_2,Open,8/1/2002 4:00:00 AM,,20000,Diesel,,
46358,Alaska,AK3450,AK3450_3,Open,8/1/2002 4:00:00 AM,,20000,Diesel,,
46359,Alaska,AK3450,AK3450_4,Open,8/1/2002 4:00:00 AM,,20000,Diesel,,
46360,Alaska,AK60,AK60_6,Open,6/24/2002 4:00:00 AM,,15000,Gasoline,,
46361,Alaska,AK716,AK716_2,Open,6/18/2002 4:00:00 AM,,20000,Gasoline,,
46362,Alaska,AK3489,AK3489_1,Open,6/8/2002 4:00:00 AM,,1000,Diesel,,
46363,Alaska,AK60,AK60_5,Open,6/2/2002 4:00:00 AM,,15000,Gasoline,,
46364,Alaska,AK716,AK716_3,Open,6/2/2002 4:00:00 AM,,16000,Gasoline,,
46365,Alaska,AK2508,AK2508_5,Closed,3/15/2002 5:00:00 AM,,12400,Gasoline,,
46366,Alaska,AK936,AK936_7,Closed,12/1/2001 5:00:00 AM,,5000,Diesel,,
46367,Alaska,AK3429,AK3429_3,Open,11/8/2001 5:00:00 AM,,20000,Gasoline,,
46368,Alaska,AK3438,AK3438_1,Open,10/1/2001 4:00:00 AM,,15000,Gasoline,,
46370,Alaska,AK3438,AK3438_2,Open,10/1/2001 4:00:00 AM,,10000,Diesel,,
46372,Alaska,AK3438,AK3438_3,Open,10/1/2001 4:00:00 AM,,15000,Gasoline,,
46374,Alaska,AK3438,AK3438_4,Open,10/1/2001 4:00:00 AM,,10000,Gasoline,,
46376,Alaska,AK350,AK350_4,Open,9/23/2001 4:00:00 AM,,15000,Gasoline,,
46379,Alaska,AK350,AK350_5,Open,9/23/2001 4:00:00 AM,,15000,Gasoline,,
46380,Alaska,AK1391,AK1391_5,Open,9/17/2001 4:00:00 AM,,20000,Gasoline,,
46382,Alaska,AK1391,AK1391_6,Open,9/17/2001 4:00:00 AM,,15000,Gasoline,,
46384,Alaska,AK3441,AK3441_1,Open,9/8/2001 4:00:00 AM,,15000,Gasoline,,
46386,Alaska,AK3441,AK3441_2,Open,9/8/2001 4:00:00 AM,,15000,Gasoline,,
46387,Alaska,AK3426,AK3426_1,Open,8/24/2001 4:00:00 AM,,20000,Gasoline,,
46389,Alaska,AK3426,AK3426_2,Open,8/24/2001 4:00:00 AM,,20000,Diesel,,
46391,Alaska,AK3429,AK3429_1,Open,8/1/2001 4:00:00 AM,,20000,Gasoline,,
46393,Alaska,AK3429,AK3429_2,Open,8/1/2001 4:00:00 AM,,20000,Gasoline,,
46394,Alaska,AK3430,AK3430_1,Open,8/1/2001 4:00:00 AM,,20000,Gasoline,,
46396,Alaska,AK3430,AK3430_2,Open,8/1/2001 4:00:00 AM,,20000,Gasoline,,
46398,Alaska,AK3430,AK3430_3,Open,8/1/2001 4:00:00 AM,,20000,Gasoline,,
46400,Alaska,AK84,AK84_10,Open,6/19/2001 4:00:00 AM,,20000,Diesel,,
46402,Alaska,AK84,AK84_11,Open,6/1/2001 4:00:00 AM,,20000,Gasoline,,
46404,Alaska,AK781,AK781_5,Open,5/16/2001 4:00:00 AM,,550,Used Oil,,
46406,Alaska,AK3291,AK3291_6,Open,11/24/2000 5:00:00 AM,,15000,Gasoline,,
46407,Alaska,AK3291,AK3291_7,Open,11/24/2000 5:00:00 AM,,15000,Gasoline,,
46409,Alaska,AK585,AK585_13,Open,11/3/2000 5:00:00 AM,,20000,Diesel,,
46411,Alaska,AK3385,AK3385_1,Open,10/27/2000 4:00:00 AM,,21000,Gasoline,,
46412,Alaska,AK3385,AK3385_2,Open,10/27/2000 4:00:00 AM,,21000,Diesel,,
46414,Alaska,AK3372,AK3372_1,Open,8/25/2000 4:00:00 AM,,5000,Gasoline,,
46416,Alaska,AK3372,AK3372_2,Open,8/25/2000 4:00:00 AM,,5000,Kerosene,,
46418,Alaska,AK3367,AK3367_1,Open,8/11/2000 4:00:00 AM,,20000,Gasoline,,
46420,Alaska,AK3367,AK3367_2,Open,8/11/2000 4:00:00 AM,,20000,Diesel,,
46422,Alaska,AK3193,AK3193_4,Closed,8/1/2000 4:00:00 AM,,1000,Diesel,,
46480,Alaska,AK3365,AK3365_1,Open,7/26/2000 4:00:00 AM,,20000,Gasoline,,
46482,Alaska,AK3365,AK3365_2,Open,7/26/2000 4:00:00 AM,,20000,Diesel,,
46484,Alaska,AK3213,AK3213_2,Closed,7/13/2000 4:00:00 AM,,550,Diesel,,
46486,Alaska,AK3217,AK3217_2,Closed,6/28/2000 4:00:00 AM,,550,Diesel,,
46488,Alaska,AK3211,AK3211_2,Closed,6/16/2000 4:00:00 AM,,550,Diesel,,
46490,Alaska,AK3366,AK3366_1,Open,6/16/2000 4:00:00 AM,,20000,Gasoline,,
46492,Alaska,AK3366,AK3366_2,Open,6/16/2000 4:00:00 AM,,20000,Gasoline,,
46494,Alaska,AK2715,AK2715_4,Open,5/22/2000 4:00:00 AM,,15000,Gasoline,,
46496,Alaska,AK3219,AK3219_2,Closed,5/2/2000 4:00:00 AM,,550,Diesel,,
46498,Alaska,AK2205,AK2205_2,Open,5/1/2000 4:00:00 AM,,1000,Gasoline,,
46500,Alaska,AK2598,AK2598_3,Open,5/1/2000 4:00:00 AM,,20000,Gasoline,,
46502,Alaska,AK2598,AK2598_4,Open,5/1/2000 4:00:00 AM,,20000,Diesel,,
46504,Alaska,AK3364,AK3364_1,Open,5/1/2000 4:00:00 AM,,20000,Gasoline,,
46506,Alaska,AK3364,AK3364_2,Open,5/1/2000 4:00:00 AM,,20000,Gasoline,,
46508,Alaska,AK3206,AK3206_2,Closed,4/17/2000 4:00:00 AM,,500,Diesel,,
46510,Alaska,AK3214,AK3214_2,Closed,4/15/2000 4:00:00 AM,,550,Diesel,,
46512,Alaska,AK3218,AK3218_2,Closed,3/4/2000 5:00:00 AM,,550,Diesel,,
46514,Alaska,AK3363,AK3363_1,Open,2/20/2000 5:00:00 AM,,5000,Gasoline,,
46516,Alaska,AK3363,AK3363_2,Open,2/20/2000 5:00:00 AM,,5000,Gasoline,,
46518,Alaska,AK3212,AK3212_2,Closed,1/17/2000 5:00:00 AM,,550,Diesel,,
46520,Alaska,AK2300,AK2300_2,Open,12/9/1999 5:00:00 AM,,1000,Diesel,,
46522,Alaska,AK1298,AK1298_4,Open,11/15/1999 5:00:00 AM,,12000,Gasoline,,
46524,Alaska,AK3200,AK3200_3,Open,11/10/1999 5:00:00 AM,,2000,Diesel,,
46526,Alaska,AK936,AK936_6,Open,11/9/1999 5:00:00 AM,,10000,Diesel,,
46528,Alaska,AK1116,AK1116_5,Open,10/1/1999 4:00:00 AM,,15000,Gasoline,,
46530,Alaska,AK1116,AK1116_6,Open,10/1/1999 4:00:00 AM,,12000,Gasoline,,
46531,Alaska,AK1260,AK1260_7,Open,10/1/1999 4:00:00 AM,,2500,Gasoline,,
46533,Alaska,AK1771,AK1771_5,Open,10/1/1999 4:00:00 AM,,5000,Gasoline,,
46535,Alaska,AK1771,AK1771_6,Open,10/1/1999 4:00:00 AM,,2000,Diesel,,
46537,Alaska,AK3320,AK3320_1,Open,10/1/1999 4:00:00 AM,,24000,Gasoline,,
46539,Alaska,AK10,AK10_5,Open,9/21/1999 4:00:00 AM,,20000,Gasoline,,
46541,Alaska,AK1248,AK1248_4,Open,9/1/1999 4:00:00 AM,,2000,Gasoline,,
46543,Alaska,AK2213,AK2213_3,Open,9/1/1999 4:00:00 AM,,500,Diesel,,
46552,Alaska,AK3317,AK3317_1,Open,9/1/1999 4:00:00 AM,,12000,Gasoline,,
46555,Alaska,AK3307,AK3307_1,Open,8/13/1999 4:00:00 AM,,15000,Gasoline,,
46557,Alaska,AK3307,AK3307_2,Open,8/13/1999 4:00:00 AM,,16000,Gasoline,,
46559,Alaska,AK3299,AK3299_2,Open,8/1/1999 4:00:00 AM,,8000,Diesel,,
46561,Alaska,AK3302,AK3302_1,Open,8/1/1999 4:00:00 AM,,15000,Gasoline,,
46562,Alaska,AK3302,AK3302_2,Open,8/1/1999 4:00:00 AM,,20000,Gasoline,,
46564,Alaska,AK2703,AK2703_4,Open,7/31/1999 4:00:00 AM,,15000,Gasoline,,
46566,Alaska,AK2703,AK2703_5,Open,7/31/1999 4:00:00 AM,,20000,Gasoline,,
46568,Alaska,AK3108,AK3108_3,Closed,7/21/1999 4:00:00 AM,,1000,Diesel,,
46570,Alaska,AK1298,AK1298_3,Open,7/15/1999 4:00:00 AM,,4000,Diesel,,
46572,Alaska,AK794,AK794_3,Open,7/1/1999 4:00:00 AM,,18000,Gasoline,,
46574,Alaska,AK2872,AK2872_2,Open,6/8/1999 4:00:00 AM,,26000,Diesel,,
46576,Alaska,AK2159,AK2159_4,Open,6/1/1999 4:00:00 AM,,550,Diesel,,
46578,Alaska,AK218,AK218_25,Open,6/1/1999 4:00:00 AM,,15000,Gasoline,,
46580,Alaska,AK218,AK218_26,Open,6/1/1999 4:00:00 AM,,20000,Diesel,,
46582,Alaska,AK218,AK218_27,Open,6/1/1999 4:00:00 AM,,20000,Diesel,,
46584,Alaska,AK218,AK218_28,Open,6/1/1999 4:00:00 AM,,20000,Diesel,,
46586,Alaska,AK218,AK218_29,Open,6/1/1999 4:00:00 AM,,20000,Diesel,,
46588,Alaska,AK218,AK218_30,Open,6/1/1999 4:00:00 AM,,20000,Diesel,,
46590,Alaska,AK2437,AK2437_3,Open,5/1/1999 4:00:00 AM,,3000,Gasoline,,
46591,Alaska,AK2437,AK2437_4,Open,5/1/1999 4:00:00 AM,,3000,Gasoline,,
46593,Alaska,AK3497,AK3497_1,Open,5/1/1999 4:00:00 AM,,10000,Diesel,,
46595,Alaska,AK3504,AK3504_1,Open,5/1/1999 4:00:00 AM,,10000,Diesel,,
46597,Alaska,AK2554,AK2554_5,Open,4/25/1999 4:00:00 AM,,3000,Diesel,,
46599,Alaska,AK386,AK386_6,Open,4/1/1999 5:00:00 AM,,3000,Gasoline,,
46601,Alaska,AK386,AK386_7,Open,4/1/1999 5:00:00 AM,,6000,Gasoline,,
46603,Alaska,AK1762,AK1762_7,Open,3/10/1999 5:00:00 AM,,5500,Gasoline,,
46605,Alaska,AK302,AK302_2,Open,1/27/1999 5:00:00 AM,,4000,Diesel,,
46615,Alaska,AK138,AK138_4,Open,12/21/1998 5:00:00 AM,,26000,Gasoline,,
46616,Alaska,AK384,AK384_6,Open,12/15/1998 5:00:00 AM,,3000,Gasoline,,
46617,Alaska,AK1942,AK1942_3,Closed,12/14/1998 5:00:00 AM,,600,Diesel,,
46618,Alaska,AK1106,AK1106_2,Closed,12/1/1998 5:00:00 AM,,4000,Diesel,,
46619,Alaska,AK19,AK19_10,Open,12/1/1998 5:00:00 AM,,15000,Diesel,,
46620,Alaska,AK19,AK19_9,Open,12/1/1998 5:00:00 AM,,15000,Gasoline,,
46621,Alaska,AK1585,AK1585_3,Closed,11/1/1998 5:00:00 AM,,2000,Diesel,,
46622,Alaska,AK284,AK284_5,Open,11/1/1998 5:00:00 AM,,12000,Diesel,,
46623,Alaska,AK284,AK284_6,Open,11/1/1998 5:00:00 AM,,12000,Gasoline,,
46624,Alaska,AK284,AK284_7,Open,11/1/1998 5:00:00 AM,,8000,Gasoline,,
46625,Alaska,AK2871,AK2871_1,Closed,11/1/1998 5:00:00 AM,,10000,Gasoline,,
46626,Alaska,AK2871,AK2871_2,Closed,11/1/1998 5:00:00 AM,,10000,Gasoline,,
46627,Alaska,AK520,AK520_5,Open,11/1/1998 5:00:00 AM,,2000,Gasoline,,
46628,Alaska,AK520,AK520_6,Open,11/1/1998 5:00:00 AM,,2000,Diesel,,
46629,Alaska,AK496,AK496_2,Closed,10/22/1998 4:00:00 AM,,5000,Diesel,,
46630,Alaska,AK2489,AK2489_2,Open,10/10/1998 4:00:00 AM,,500,Diesel,,
46631,Alaska,AK3240,AK3240_2,Open,10/1/1998 4:00:00 AM,,1500,Diesel,,
46632,Alaska,AK563,AK563_6,Open,10/1/1998 4:00:00 AM,,5000,Kerosene,,
46633,Alaska,AK1310,AK1310_5,Closed,9/25/1998 4:00:00 AM,,600,Diesel,,
46634,Alaska,AK1476,AK1476_13,Open,9/1/1998 4:00:00 AM,,1000,Diesel,,
46635,Alaska,AK1476,AK1476_14,Open,9/1/1998 4:00:00 AM,,500,Used Oil,,
46636,Alaska,AK2210,AK2210_2,Open,9/1/1998 4:00:00 AM,,10000,Diesel,,
46637,Alaska,AK2847,AK2847_3,Closed,9/1/1998 4:00:00 AM,,1000,Diesel,,
46638,Alaska,AK2847,AK2847_4,Closed,9/1/1998 4:00:00 AM,,500,Gasoline,,
46639,Alaska,AK3235,AK3235_1,Closed,9/1/1998 4:00:00 AM,,500,Diesel,,
46640,Alaska,AK3291,AK3291_1,Open,9/1/1998 4:00:00 AM,,8000,Gasoline,,
46641,Alaska,AK3291,AK3291_2,Open,9/1/1998 4:00:00 AM,,8000,Gasoline,,
46642,Alaska,AK3291,AK3291_3,Open,9/1/1998 4:00:00 AM,,15000,Diesel,,
46643,Alaska,AK3291,AK3291_4,Open,9/1/1998 4:00:00 AM,,25000,Diesel,,
46644,Alaska,AK3291,AK3291_5,Open,9/1/1998 4:00:00 AM,,25000,Diesel,,
46645,Alaska,AK1778,AK1778_10,Open,8/26/1998 4:00:00 AM,,20000,Gasoline,,
46646,Alaska,AK1778,AK1778_11,Open,8/26/1998 4:00:00 AM,,15000,Gasoline,,
46647,Alaska,AK2552,AK2552_2,Open,8/18/1998 4:00:00 AM,,10000,Diesel,,
46648,Alaska,AK1065,AK1065_3,Open,8/1/1998 4:00:00 AM,,10000,Gasoline,,
46649,Alaska,AK112,AK112_4,Open,8/1/1998 4:00:00 AM,,26000,Gasoline,,
46650,Alaska,AK3249,AK3249_1,Open,8/1/1998 4:00:00 AM,,15000,Gasoline,,
46651,Alaska,AK3249,AK3249_2,Open,8/1/1998 4:00:00 AM,,12000,Gasoline,,
46652,Alaska,AK1116,AK1116_4,Closed,7/27/1998 4:00:00 AM,,26000,Gasoline,,
46653,Alaska,AK3226,AK3226_1,Open,7/17/1998 4:00:00 AM,,8000,Diesel,,
46654,Alaska,AK3226,AK3226_2,Open,7/17/1998 4:00:00 AM,,8000,Gasoline,,
46655,Alaska,AK3226,AK3226_3,Open,7/17/1998 4:00:00 AM,,8000,Gasoline,,
46656,Alaska,AK2707,AK2707_2,Open,7/11/1998 4:00:00 AM,,300,Diesel,,
46657,Alaska,AK1452,AK1452_6,Open,7/1/1998 4:00:00 AM,,15000,Gasoline,,
46658,Alaska,AK1452,AK1452_7,Open,7/1/1998 4:00:00 AM,,15000,Gasoline,,
46659,Alaska,AK2839,AK2839_2,Closed,7/1/1998 4:00:00 AM,,10000,Gasoline,,
46660,Alaska,AK3209,AK3209_1,Open,7/1/1998 4:00:00 AM,,24000,Heating Oil,,
46661,Alaska,AK3209,AK3209_2,Open,7/1/1998 4:00:00 AM,,24000,Diesel,,
46662,Alaska,AK3209,AK3209_3,Open,7/1/1998 4:00:00 AM,,24000,Gasoline,,
46663,Alaska,AK3209,AK3209_4,Open,7/1/1998 4:00:00 AM,,24000,Gasoline,,
46664,Alaska,AK3605,AK3605_1,Open,7/1/1998 4:00:00 AM,,2000,Used Oil,,
46665,Alaska,AK7,AK7_10,Open,6/15/1998 4:00:00 AM,,15000,Diesel,,
46666,Alaska,AK7,AK7_8,Open,6/15/1998 4:00:00 AM,,15000,Gasoline,,
46667,Alaska,AK7,AK7_9,Open,6/15/1998 4:00:00 AM,,15000,Gasoline,,
46668,Alaska,AK1936,AK1936_3,Open,5/13/1998 4:00:00 AM,,6000,Gasoline,,
46670,Alaska,AK3194,AK3194_1,Open,5/1/1998 4:00:00 AM,,6000,Gasoline,,
46671,Alaska,AK542,AK542_1,Closed,7/1/1986 4:00:00 AM,,10000,Diesel,,
46673,Alaska,AK292,AK292_4,Closed,6/30/1986 4:00:00 AM,,10000,Gasoline,,
46675,Alaska,AK1101,AK1101_1,Closed,6/24/1986 4:00:00 AM,,10000,Gasoline,,
46678,Alaska,AK1101,AK1101_2,Closed,6/24/1986 4:00:00 AM,,10000,Gasoline,,
46679,Alaska,AK3237,AK3237_1,Open,5/1/1998 4:00:00 AM,,25000,Gasoline,,
46681,Alaska,AK3608,AK3608_1,Open,6/23/1986 4:00:00 AM,,3000,Diesel,,
46684,Alaska,AK1582,AK1582_10,Closed,6/10/1986 4:00:00 AM,,1000,Unknown,,
46685,Alaska,AK3237,AK3237_2,Open,5/1/1998 4:00:00 AM,,20000,Diesel,,
46687,Alaska,AK1582,AK1582_8,Closed,6/10/1986 4:00:00 AM,,1000,Gasoline,,
46690,Alaska,AK816,AK816_1,Closed,6/10/1986 4:00:00 AM,,550,Used Oil,,
46691,Alaska,AK3262,AK3262_1,Open,5/1/1998 4:00:00 AM,,8000,Gasoline,,
46693,Alaska,AK816,AK816_2,Open,6/10/1986 4:00:00 AM,,12000,Gasoline,,
46696,Alaska,AK816,AK816_3,Open,6/10/1986 4:00:00 AM,,12000,Gasoline,,
46697,Alaska,AK2373,AK2373_4,Open,4/20/1998 4:00:00 AM,,15000,Gasoline,,
46699,Alaska,AK2299,AK2299_1,Closed,6/1/1986 4:00:00 AM,,500,Diesel,,
46702,Alaska,AK2386,AK2386_1,Closed,6/1/1986 4:00:00 AM,,1000,Gasoline,,
46703,Alaska,AK2373,AK2373_5,Open,4/20/1998 4:00:00 AM,,10000,Diesel,,
46705,Alaska,AK2388,AK2388_1,Closed,6/1/1986 4:00:00 AM,,300,Gasoline,,
46709,Alaska,AK2373,AK2373_6,Open,4/20/1998 4:00:00 AM,,10000,Gasoline,,
46715,Alaska,AK203,AK203_3,Open,3/18/1998 5:00:00 AM,,2000,Gasoline,,
46720,Alaska,AK2519,AK2519_3,Closed,6/1/1986 4:00:00 AM,,10000,Gasoline,,
46721,Alaska,AK2212,AK2212_3,Open,2/1/1998 5:00:00 AM,,10000,Diesel,,
46726,Alaska,AK271,AK271_2,Closed,6/1/1986 4:00:00 AM,,3000,Gasoline,,
46727,Alaska,AK424,AK424_4,Open,2/1/1998 5:00:00 AM,,10000,Gasoline,,
46732,Alaska,AK2730,AK2730_2,Closed,6/1/1986 4:00:00 AM,,500,Gasoline,,
46733,Alaska,AK3073,AK3073_2,Closed,1/1/1998 5:00:00 AM,,500,Diesel,,
46735,Alaska,AK3074,AK3074_3,Closed,1/1/1998 5:00:00 AM,,300,Diesel,,
46736,Alaska,AK3081,AK3081_2,Closed,1/1/1998 5:00:00 AM,,300,Diesel,,
46738,Alaska,AK3127,AK3127_2,Open,1/1/1998 5:00:00 AM,,5000,Diesel,,
46740,Alaska,AK3281,AK3281_1,Closed,1/1/1998 5:00:00 AM,,550,Used Oil,,
46741,Alaska,AK2519,AK2519_1,Closed,6/1/1986 4:00:00 AM,,10000,Gasoline,,
46743,Alaska,AK3461,AK3461_1,Closed,1/1/1998 5:00:00 AM,,500,Diesel,,
46745,Alaska,AK2519,AK2519_2,Closed,6/1/1986 4:00:00 AM,,10000,Gasoline,,
46747,Alaska,AK3464,AK3464_1,Open,1/1/1998 5:00:00 AM,,4000,Diesel,,
46748,Alaska,AK3491,AK3491_1,Closed,1/1/1998 5:00:00 AM,,5000,Diesel,,
46749,Alaska,AK1517,AK1517_7,Open,12/12/1997 5:00:00 AM,,10000,Gasoline,,
46750,Alaska,AK2545,AK2545_2,Open,12/12/1997 5:00:00 AM,,10000,Gasoline,,
46751,Alaska,AK2545,AK2545_3,Open,12/12/1997 5:00:00 AM,,10000,Diesel,,
46752,Alaska,AK2461,AK2461_4,Open,12/5/1997 5:00:00 AM,,3000,Gasoline,,
46753,Alaska,AK2461,AK2461_5,Open,12/5/1997 5:00:00 AM,,3000,Gasoline,,
46754,Alaska,AK2461,AK2461_6,Open,12/5/1997 5:00:00 AM,,3000,Gasoline,,
46755,Alaska,AK3077,AK3077_2,Closed,12/1/1997 5:00:00 AM,,1000,Diesel,,
46756,Alaska,AK3125,AK3125_1,Open,12/1/1997 5:00:00 AM,,15000,Gasoline,,
46757,Alaska,AK3125,AK3125_2,Open,12/1/1997 5:00:00 AM,,15000,Gasoline,,
46758,Alaska,AK3084,AK3084_2,Closed,11/15/1997 5:00:00 AM,,1000,Diesel,,
46759,Alaska,AK1891,AK1891_10,Open,11/1/1997 5:00:00 AM,,12000,Diesel,,
46760,Alaska,AK1891,AK1891_11,Open,11/1/1997 5:00:00 AM,,12000,Diesel,,
46761,Alaska,AK112,AK112_3,Closed,10/10/1997 4:00:00 AM,,18000,Gasoline,,
46762,Alaska,AK1504,AK1504_1,Closed,10/8/1997 4:00:00 AM,,10000,Gasoline,,
46763,Alaska,AK1504,AK1504_2,Closed,10/8/1997 4:00:00 AM,,10000,Diesel,,
46764,Alaska,AK1050,AK1050_2,Open,10/1/1997 4:00:00 AM,,5000,Diesel,,
46765,Alaska,AK1223,AK1223_3,Open,10/1/1997 4:00:00 AM,,3000,Gasoline,,
46766,Alaska,AK1891,AK1891_9,Closed,10/1/1997 4:00:00 AM,,8000,Diesel,,
46767,Alaska,AK1907,AK1907_7,Closed,10/1/1997 4:00:00 AM,,10000,Diesel,,
46768,Alaska,AK2457,AK2457_2,Open,10/1/1997 4:00:00 AM,,10000,Gasoline,,
46769,Alaska,AK2457,AK2457_3,Open,10/1/1997 4:00:00 AM,,10000,Gasoline,,
46770,Alaska,AK2457,AK2457_4,Open,10/1/1997 4:00:00 AM,,10000,Gasoline,,
46771,Alaska,AK2570,AK2570_4,Closed,10/1/1997 4:00:00 AM,,15000,Gasoline,,
46772,Alaska,AK3104,AK3104_1,Open,10/1/1997 4:00:00 AM,,10000,Gasoline,,
46773,Alaska,AK2909,AK2909_2,Closed,9/11/1997 4:00:00 AM,,550,Diesel,,
46774,Alaska,AK3072,AK3072_2,Closed,9/1/1997 4:00:00 AM,,300,Diesel,,
46775,Alaska,AK3078,AK3078_2,Closed,9/1/1997 4:00:00 AM,,1000,Diesel,,
46776,Alaska,AK651,AK651_3,Open,8/29/1997 4:00:00 AM,,26000,Gasoline,,
46777,Alaska,AK3107,AK3107_1,Open,8/15/1997 4:00:00 AM,,20000,Gasoline,,
46778,Alaska,AK3107,AK3107_2,Open,8/15/1997 4:00:00 AM,,15000,Gasoline,,
46779,Alaska,AK3107,AK3107_3,Open,8/15/1997 4:00:00 AM,,10000,Diesel,,
46780,Alaska,AK3071,AK3071_1,Open,7/1/1997 4:00:00 AM,,15000,Gasoline,,
46781,Alaska,AK3071,AK3071_2,Open,7/1/1997 4:00:00 AM,,20000,Gasoline,,
46782,Alaska,AK3093,AK3093_1,Open,6/11/1997 4:00:00 AM,,12000,Gasoline,,
46783,Alaska,AK3093,AK3093_2,Open,6/11/1997 4:00:00 AM,,12000,Diesel,,
46784,Alaska,AK3067,AK3067_1,Closed,6/2/1997 4:00:00 AM,,12000,Gasoline,,
46785,Alaska,AK3067,AK3067_2,Closed,6/2/1997 4:00:00 AM,,12000,Gasoline,,
46786,Alaska,AK3069,AK3069_1,Closed,6/2/1997 4:00:00 AM,,12000,Gasoline,,
46787,Alaska,AK3069,AK3069_2,Closed,6/2/1997 4:00:00 AM,,12000,Gasoline,,
46788,Alaska,AK3070,AK3070_1,Open,6/2/1997 4:00:00 AM,,10000,Gasoline,,
46789,Alaska,AK3070,AK3070_2,Open,6/2/1997 4:00:00 AM,,15000,Gasoline,,
46790,Alaska,AK3070,AK3070_3,Open,6/2/1997 4:00:00 AM,,10000,Diesel,,
46791,Alaska,AK3070,AK3070_4,Open,6/2/1997 4:00:00 AM,,15000,Diesel,,
46792,Alaska,AK674,AK674_7,Open,6/1/1997 4:00:00 AM,,7000,Kerosene,,
46793,Alaska,AK1473,AK1473_1,Closed,5/1/1997 4:00:00 AM,,5000,Gasoline,,
46794,Alaska,AK1473,AK1473_2,Closed,5/1/1997 4:00:00 AM,,10000,Gasoline,,
46795,Alaska,AK1473,AK1473_3,Closed,5/1/1997 4:00:00 AM,,15000,Gasoline,,
46796,Alaska,AK2483,AK2483_5,Open,5/1/1997 4:00:00 AM,,15000,Gasoline,,
46797,Alaska,AK2483,AK2483_6,Open,5/1/1997 4:00:00 AM,,20000,Gasoline,,
46798,Alaska,AK534,AK534_4,Open,5/1/1997 4:00:00 AM,,10000,Gasoline,,
46799,Alaska,AK534,AK534_5,Open,5/1/1997 4:00:00 AM,,5000,Gasoline,,
46800,Alaska,AK534,AK534_6,Open,5/1/1997 4:00:00 AM,,2500,Diesel,,
46801,Alaska,AK3045,AK3045_1,Open,4/15/1997 4:00:00 AM,,12000,Gasoline,,
46802,Alaska,AK3045,AK3045_2,Open,4/15/1997 4:00:00 AM,,12000,Gasoline,,
46803,Alaska,AK1956,AK1956_14,Open,4/1/1997 5:00:00 AM,,1000,Diesel,,
46804,Alaska,AK1054,AK1054_5,Open,1/1/1997 5:00:00 AM,,12000,Gasoline,,
46805,Alaska,AK1231,AK1231_4,Open,1/1/1997 5:00:00 AM,,10000,Gasoline,,
46806,Alaska,AK1231,AK1231_5,Open,1/1/1997 5:00:00 AM,,11000,Gasoline,,
46807,Alaska,AK3234,AK3234_1,Closed,1/1/1997 5:00:00 AM,,300,Diesel,,
46808,Alaska,AK540,AK540_31,Closed,1/1/1997 5:00:00 AM,,1000,Used Oil,,
46809,Alaska,AK1315,AK1315_2,Open,12/1/1996 5:00:00 AM,,6000,Diesel,,
46810,Alaska,AK2301,AK2301_2,Open,12/1/1996 5:00:00 AM,,600,Diesel,,
46811,Alaska,AK3004,AK3004_1,Closed,12/1/1996 5:00:00 AM,,1000,Diesel,,
46812,Alaska,AK605,AK605_6,Temporarily out of Service,11/11/1996 5:00:00 AM,,12000,Gasoline,,
46813,Alaska,AK1267,AK1267_2,Open,11/1/1996 5:00:00 AM,,1000,Diesel,,
46814,Alaska,AK1278,AK1278_3,Closed,11/1/1996 5:00:00 AM,,2500,Diesel,,
46815,Alaska,AK864,AK864_2,Open,11/1/1996 5:00:00 AM,,6000,Kerosene,,
46816,Alaska,AK2894,AK2894_2,Closed,10/21/1996 4:00:00 AM,,2000,Diesel,,
46817,Alaska,AK3001,AK3001_2,Closed,10/21/1996 4:00:00 AM,,1500,Diesel,,
46818,Alaska,AK1961,AK1961_4,Open,10/1/1996 4:00:00 AM,,15000,Diesel,,
46819,Alaska,AK1961,AK1961_5,Open,10/1/1996 4:00:00 AM,,15000,Gasoline,,
46820,Alaska,AK1961,AK1961_6,Open,10/1/1996 4:00:00 AM,,15000,Gasoline,,
46821,Alaska,AK2883,AK2883_4,Open,10/1/1996 4:00:00 AM,,10000,Diesel,,
46822,Alaska,AK3052,AK3052_1,Closed,10/1/1996 4:00:00 AM,,10000,Diesel,,
46823,Alaska,AK492,AK492_4,Open,10/1/1996 4:00:00 AM,,15000,Gasoline,,
46824,Alaska,AK492,AK492_5,Open,10/1/1996 4:00:00 AM,,12600,Diesel,,
46825,Alaska,AK536,AK536_3,Open,10/1/1996 4:00:00 AM,,4000,Gasoline,,
46826,Alaska,AK3052,AK3052_2,Open,9/12/1996 4:00:00 AM,,10000,Diesel,,
46827,Alaska,AK3033,AK3033_1,Open,9/1/1996 4:00:00 AM,,15000,Gasoline,,
46828,Alaska,AK3033,AK3033_2,Open,9/1/1996 4:00:00 AM,,15000,Diesel,,
46829,Alaska,AK3033,AK3033_3,Open,9/1/1996 4:00:00 AM,,15000,Diesel,,
46830,Alaska,AK3033,AK3033_4,Open,9/1/1996 4:00:00 AM,,11000,Diesel,,
46831,Alaska,AK3049,AK3049_1,Open,9/1/1996 4:00:00 AM,,12000,Gasoline,,
46832,Alaska,AK3049,AK3049_2,Open,9/1/1996 4:00:00 AM,,12000,Gasoline,,
46833,Alaska,AK3049,AK3049_3,Open,9/1/1996 4:00:00 AM,,12000,Diesel,,
46834,Alaska,AK2285,AK2285_5,Open,8/12/1996 4:00:00 AM,,15000,Gasoline,,
46835,Alaska,AK2285,AK2285_6,Open,8/12/1996 4:00:00 AM,,10000,Gasoline,,
46836,Alaska,AK2285,AK2285_7,Open,8/12/1996 4:00:00 AM,,10000,Diesel,,
46837,Alaska,AK2295,AK2295_3,Open,8/6/1996 4:00:00 AM,,12000,Gasoline,,
46838,Alaska,AK1623,AK1623_6,Open,8/1/1996 4:00:00 AM,,6000,Gasoline,,
46839,Alaska,AK1650,AK1650_4,Open,8/1/1996 4:00:00 AM,,6000,Gasoline,,
46840,Alaska,AK1650,AK1650_5,Open,8/1/1996 4:00:00 AM,,3000,Gasoline,,
46841,Alaska,AK1650,AK1650_6,Open,8/1/1996 4:00:00 AM,,3000,Gasoline,,
46842,Alaska,AK1650,AK1650_7,Open,8/1/1996 4:00:00 AM,,3000,Diesel,,
46843,Alaska,AK3037,AK3037_1,Open,8/1/1996 4:00:00 AM,,30000,Diesel,,
46844,Alaska,AK3037,AK3037_2,Open,8/1/1996 4:00:00 AM,,30000,Diesel,,
46845,Alaska,AK857,AK857_29,Closed,8/1/1996 4:00:00 AM,,1000,Diesel,,
46846,Alaska,AK857,AK857_30,Open,8/1/1996 4:00:00 AM,,500,Diesel,,
46847,Alaska,AK1611,AK1611_6,Open,7/16/1996 4:00:00 AM,,12000,Gasoline,,
46848,Alaska,AK1107,AK1107_13,Open,7/1/1996 4:00:00 AM,,1000,Diesel,,
46849,Alaska,AK2448,AK2448_4,Open,7/1/1996 4:00:00 AM,,10000,Gasoline,,
46850,Alaska,AK2448,AK2448_5,Open,7/1/1996 4:00:00 AM,,10000,Gasoline,,
46851,Alaska,AK2999,AK2999_1,Temporarily out of Service,7/1/1996 4:00:00 AM,,15000,Gasoline,,
46852,Alaska,AK12,AK12_9,Closed,6/1/1996 4:00:00 AM,,15000,Gasoline,,
46853,Alaska,AK1206,AK1206_5,Open,6/1/1996 4:00:00 AM,,6000,Diesel,,
46854,Alaska,AK1206,AK1206_6,Open,6/1/1996 4:00:00 AM,,10000,Diesel,,
46855,Alaska,AK1206,AK1206_7,Open,6/1/1996 4:00:00 AM,,10000,Gasoline,,
46856,Alaska,AK1206,AK1206_8,Open,6/1/1996 4:00:00 AM,,6000,Gasoline,,
46857,Alaska,AK2340,AK2340_3,Closed,6/1/1996 4:00:00 AM,,12000,Gasoline,,
46858,Alaska,AK2928,AK2928_2,Closed,5/15/1996 4:00:00 AM,,20000,Diesel,,
46859,Alaska,AK2928,AK2928_3,Closed,5/15/1996 4:00:00 AM,,20000,Diesel,,
46860,Alaska,AK2987,AK2987_2,Open,5/15/1996 4:00:00 AM,,12000,Gasoline,,
46861,Alaska,AK2987,AK2987_1,Open,5/13/1996 4:00:00 AM,,15000,Gasoline,,
46862,Alaska,AK1781,AK1781_10,Open,5/1/1996 4:00:00 AM,,15000,Gasoline,,
46863,Alaska,AK1781,AK1781_11,Open,5/1/1996 4:00:00 AM,,15000,Gasoline,,
46864,Alaska,AK1781,AK1781_9,Open,5/1/1996 4:00:00 AM,,15000,Diesel,,
46865,Alaska,AK2551,AK2551_5,Closed,5/1/1996 4:00:00 AM,,11800,Gasoline,,
46866,Alaska,AK2551,AK2551_6,Closed,5/1/1996 4:00:00 AM,,11800,Gasoline,,
46867,Alaska,AK2982,AK2982_1,Open,5/1/1996 4:00:00 AM,,10000,Diesel,,
46868,Alaska,AK2982,AK2982_2,Open,5/1/1996 4:00:00 AM,,15000,Gasoline,,
46869,Alaska,AK3051,AK3051_1,Open,5/1/1996 4:00:00 AM,,18000,Gasoline,,
46870,Alaska,AK2372,AK2372_5,Open,4/10/1996 4:00:00 AM,,20000,Gasoline,,
46871,Alaska,AK2372,AK2372_6,Open,4/1/1996 5:00:00 AM,,10000,Gasoline,,
46872,Alaska,AK2372,AK2372_7,Open,4/1/1996 5:00:00 AM,,10000,Diesel,,
46874,Alaska,AK2983,AK2983_1,Open,3/1/1996 5:00:00 AM,,10000,Diesel,,
46875,Alaska,AK2983,AK2983_2,Open,3/1/1996 5:00:00 AM,,15000,Gasoline,,
46876,Alaska,AK2983,AK2983_3,Open,3/1/1996 5:00:00 AM,,20000,Gasoline,,
46877,Alaska,AK139,AK139_3,Closed,2/1/1996 5:00:00 AM,,500,Used Oil,,
46878,Alaska,AK139,AK139_4,Closed,2/1/1996 5:00:00 AM,,500,Used Oil,,
46879,Alaska,AK648,AK648_4,Open,2/1/1996 5:00:00 AM,,26000,Gasoline,,
46880,Alaska,AK1339,AK1339_7,Open,11/1/1995 5:00:00 AM,,25000,Gasoline,,
46881,Alaska,AK3309,AK3309_1,Open,10/2/1995 4:00:00 AM,,4000,Diesel,,
46882,Alaska,AK3309,AK3309_2,Open,10/2/1995 4:00:00 AM,,4000,Gasoline,,
46883,Alaska,AK3309,AK3309_3,Open,10/2/1995 4:00:00 AM,,4000,Gasoline,,
46884,Alaska,AK1478,AK1478_6,Open,10/1/1995 4:00:00 AM,,25000,Gasoline,,
46885,Alaska,AK1494,AK1494_6,Open,10/1/1995 4:00:00 AM,,1500,Gasoline,,
46886,Alaska,AK1776,AK1776_4,Open,10/1/1995 4:00:00 AM,,12000,Gasoline,,
46887,Alaska,AK1776,AK1776_5,Open,10/1/1995 4:00:00 AM,,12000,Gasoline,,
46888,Alaska,AK1962,AK1962_4,Open,10/1/1995 4:00:00 AM,,15000,Diesel,,
46889,Alaska,AK1962,AK1962_5,Open,10/1/1995 4:00:00 AM,,15000,Gasoline,,
46890,Alaska,AK1962,AK1962_6,Open,10/1/1995 4:00:00 AM,,15000,Gasoline,,
46891,Alaska,AK2497,AK2497_3,Closed,10/1/1995 4:00:00 AM,,1000,Gasoline,,
46892,Alaska,AK2497,AK2497_4,Closed,10/1/1995 4:00:00 AM,,1000,Gasoline,,
46893,Alaska,AK2497,AK2497_5,Closed,10/1/1995 4:00:00 AM,,1000,Diesel,,
46894,Alaska,AK2980,AK2980_1,Open,10/1/1995 4:00:00 AM,,12000,Gasoline,,
46895,Alaska,AK563,AK563_5,Open,10/1/1995 4:00:00 AM,,5000,Diesel,,
46896,Alaska,AK727,AK727_1,Closed,10/1/1995 4:00:00 AM,,12000,Gasoline,,
46897,Alaska,AK727,AK727_2,Closed,10/1/1995 4:00:00 AM,,12000,Gasoline,,
46898,Alaska,AK857,AK857_17,Open,10/1/1995 4:00:00 AM,,500,Diesel,,
46899,Alaska,AK857,AK857_21,Open,10/1/1995 4:00:00 AM,,3000,Diesel,,
46900,Alaska,AK857,AK857_27,Closed,10/1/1995 4:00:00 AM,,500,Diesel,,
46901,Alaska,AK857,AK857_7,Open,10/1/1995 4:00:00 AM,,500,Diesel,,
46902,Alaska,AK1054,AK1054_4,Open,9/1/1995 4:00:00 AM,,15000,Diesel,,
46903,Alaska,AK189,AK189_6,Open,9/1/1995 4:00:00 AM,,12000,Gasoline,,
46904,Alaska,AK189,AK189_7,Open,9/1/1995 4:00:00 AM,,12000,Gasoline,,
46905,Alaska,AK2986,AK2986_1,Closed,9/1/1995 4:00:00 AM,,15000,Gasoline,,
46906,Alaska,AK2986,AK2986_2,Closed,9/1/1995 4:00:00 AM,,15000,Gasoline,,
46907,Alaska,AK3121,AK3121_1,Open,9/1/1995 4:00:00 AM,,12000,Gasoline,,
46908,Alaska,AK789,AK789_3,Open,9/1/1995 4:00:00 AM,,25000,Gasoline,,
46909,Alaska,AK2924,AK2924_3,Closed,8/9/1995 4:00:00 AM,,20000,Gasoline,,
46910,Alaska,AK1128,AK1128_3,Open,8/1/1995 4:00:00 AM,,10000,Diesel,,
46911,Alaska,AK1128,AK1128_4,Open,8/1/1995 4:00:00 AM,,500,Diesel,,
46912,Alaska,AK1232,AK1232_6,Open,8/1/1995 4:00:00 AM,,6000,Diesel,,
46913,Alaska,AK1232,AK1232_7,Open,8/1/1995 4:00:00 AM,,500,Diesel,,
46914,Alaska,AK1232,AK1232_8,Closed,8/1/1995 4:00:00 AM,,5000,Diesel,,
46915,Alaska,AK3546,AK3546_4,Closed,8/1/1995 4:00:00 AM,,5000,Diesel,,
46916,Alaska,AK47,AK47_7,Open,8/1/1995 4:00:00 AM,,15000,Diesel,,
46917,Alaska,AK47,AK47_8,Open,8/1/1995 4:00:00 AM,,15000,Gasoline,,
46918,Alaska,AK47,AK47_9,Open,8/1/1995 4:00:00 AM,,15000,Gasoline,,
46919,Alaska,AK856,AK856_5,Open,8/1/1995 4:00:00 AM,,15000,Diesel,,
46920,Alaska,AK3246,AK3246_1,Open,7/21/1995 4:00:00 AM,,6000,Diesel,,
46921,Alaska,AK350,AK350_3,Closed,7/14/1995 4:00:00 AM,,5000,Diesel,,
46922,Alaska,AK1569,AK1569_8,Open,7/7/1995 4:00:00 AM,,10000,Diesel,,
46923,Alaska,AK857,AK857_26,Open,7/5/1995 4:00:00 AM,,500,Diesel,,
46924,Alaska,AK440,AK440_4,Open,7/1/1995 4:00:00 AM,,12000,Gasoline,,
46925,Alaska,AK440,AK440_5,Open,7/1/1995 4:00:00 AM,,12000,Gasoline,,
46926,Alaska,AK819,AK819_1,Open,7/1/1995 4:00:00 AM,,15000,Gasoline,,
46927,Alaska,AK819,AK819_2,Open,7/1/1995 4:00:00 AM,,12000,Gasoline,,
46928,Alaska,AK819,AK819_3,Closed,7/1/1995 4:00:00 AM,,550,Used Oil,,
46929,Alaska,AK12,AK12_7,Closed,6/1/1995 4:00:00 AM,,15000,Gasoline,,
46930,Alaska,AK12,AK12_8,Closed,6/1/1995 4:00:00 AM,,15000,Gasoline,,
46931,Alaska,AK1245,AK1245_2,Closed,6/1/1995 4:00:00 AM,,10000,Diesel,,
46932,Alaska,AK1387,AK1387_4,Open,6/1/1995 4:00:00 AM,,500,Diesel,,
46933,Alaska,AK1387,AK1387_8,Closed,6/1/1995 4:00:00 AM,,500,Diesel,,
46934,Alaska,AK2351,AK2351_2,Open,6/1/1995 4:00:00 AM,,1000,Diesel,,
46935,Alaska,AK125,AK125_5,Open,5/1/1995 4:00:00 AM,,12000,Gasoline,,
46936,Alaska,AK125,AK125_6,Open,5/1/1995 4:00:00 AM,,10000,Diesel,,
46937,Alaska,AK125,AK125_7,Open,5/1/1995 4:00:00 AM,,10000,Diesel,,
46938,Alaska,AK125,AK125_8,Open,5/1/1995 4:00:00 AM,,5000,Diesel,,
46939,Alaska,AK125,AK125_9,Open,5/1/1995 4:00:00 AM,,5000,Gasoline,,
46940,Alaska,AK1296,AK1296_4,Open,5/1/1995 4:00:00 AM,,2000,Diesel,,
46941,Alaska,AK2548,AK2548_4,Open,5/1/1995 4:00:00 AM,,2000,Diesel,,
46942,Alaska,AK2548,AK2548_5,Open,5/1/1995 4:00:00 AM,,3000,Gasoline,,
46943,Alaska,AK2548,AK2548_6,Open,5/1/1995 4:00:00 AM,,4000,Gasoline,,
46944,Alaska,AK1907,AK1907_4,Closed,4/1/1995 5:00:00 AM,,15000,Gasoline,,
46945,Alaska,AK1907,AK1907_5,Closed,4/1/1995 5:00:00 AM,,10000,Gasoline,,
46946,Alaska,AK1907,AK1907_6,Closed,4/1/1995 5:00:00 AM,,10000,Gasoline,,
46947,Alaska,AK1320,AK1320_2,Closed,1/1/1995 5:00:00 AM,,5000,Diesel,,
46948,Alaska,AK1036,AK1036_3,Closed,12/1/1994 5:00:00 AM,,500,Used Oil,,
46949,Alaska,AK2326,AK2326_3,Open,12/1/1994 5:00:00 AM,,20000,Gasoline,,
46950,Alaska,AK2326,AK2326_4,Open,12/1/1994 5:00:00 AM,,10000,Gasoline,,
46951,Alaska,AK2326,AK2326_5,Open,12/1/1994 5:00:00 AM,,10000,Gasoline,,
46952,Alaska,AK2559,AK2559_3,Open,11/1/1994 5:00:00 AM,,5000,Diesel,,
46953,Alaska,AK2559,AK2559_4,Open,11/1/1994 5:00:00 AM,,3000,Diesel,,
46954,Alaska,AK2559,AK2559_5,Open,11/1/1994 5:00:00 AM,,3000,Gasoline,,
46955,Alaska,AK956,AK956_6,Open,10/20/1994 4:00:00 AM,,20000,Gasoline,,
46956,Alaska,AK1309,AK1309_2,Open,10/1/1994 4:00:00 AM,,1000,Gasoline,,
46957,Alaska,AK1309,AK1309_3,Open,10/1/1994 4:00:00 AM,,1000,Diesel,,
46958,Alaska,AK2956,AK2956_2,Closed,10/1/1994 4:00:00 AM,,500,Diesel,,
46959,Alaska,AK3232,AK3232_1,Closed,10/1/1994 4:00:00 AM,,1100,Diesel,,
46960,Alaska,AK2379,AK2379_6,Open,9/1/1994 4:00:00 AM,,12000,Gasoline,,
46961,Alaska,AK599,AK599_2,Open,9/1/1994 4:00:00 AM,,20000,Gasoline,,
46962,Alaska,AK599,AK599_3,Open,9/1/1994 4:00:00 AM,,20000,Gasoline,,
46963,Alaska,AK2865,AK2865_2,Closed,8/26/1994 4:00:00 AM,,1000,Gasoline,,
46964,Alaska,AK210,AK210_4,Open,8/10/1994 4:00:00 AM,,12000,Gasoline,,
46965,Alaska,AK123,AK123_3,Open,8/1/1994 4:00:00 AM,,20000,Gasoline,,
46966,Alaska,AK1779,AK1779_10,Closed,8/1/1994 4:00:00 AM,,5000,Gasoline,,
46967,Alaska,AK1779,AK1779_20,Open,8/1/1994 4:00:00 AM,,3000,Gasoline,,
46968,Alaska,AK1779,AK1779_21,Open,8/1/1994 4:00:00 AM,,5000,Diesel,,
46969,Alaska,AK1981,AK1981_4,Closed,8/1/1994 4:00:00 AM,,26000,Gasoline,,
46970,Alaska,AK2052,AK2052_1,Open,8/1/1994 4:00:00 AM,,1000,Diesel,,
46971,Alaska,AK2052,AK2052_3,Open,8/1/1994 4:00:00 AM,,500,Diesel,,
46972,Alaska,AK2052,AK2052_5,Open,8/1/1994 4:00:00 AM,,2000,Diesel,,
46973,Alaska,AK2186,AK2186_5,Closed,8/1/1994 4:00:00 AM,,10000,Gasoline,,
46974,Alaska,AK2186,AK2186_6,Closed,8/1/1994 4:00:00 AM,,10000,Diesel,,
46975,Alaska,AK2506,AK2506_2,Closed,8/1/1994 4:00:00 AM,,4000,Gasoline,,
46976,Alaska,AK358,AK358_2,Open,8/1/1994 4:00:00 AM,,20000,Diesel,,
46977,Alaska,AK1230,AK1230_1,Open,7/1/1994 4:00:00 AM,,6000,Diesel,,
46978,Alaska,AK1230,AK1230_2,Open,7/1/1994 4:00:00 AM,,6000,Diesel,,
46979,Alaska,AK1988,AK1988_4,Open,7/1/1994 4:00:00 AM,,18000,Gasoline,,
46980,Alaska,AK674,AK674_6,Open,7/1/1994 4:00:00 AM,,12000,Gasoline,,
46981,Alaska,AK1281,AK1281_4,Open,6/1/1994 4:00:00 AM,,4000,Gasoline,,
46983,Alaska,AK15,AK15_10,Open,6/1/1994 4:00:00 AM,,15000,Gasoline,,
46984,Alaska,AK15,AK15_11,Closed,6/1/1994 4:00:00 AM,,1000,Gasoline,,
46985,Alaska,AK15,AK15_8,Open,6/1/1994 4:00:00 AM,,15000,Diesel,,
46986,Alaska,AK15,AK15_9,Open,6/1/1994 4:00:00 AM,,15000,Gasoline,,
46987,Alaska,AK2270,AK2270_3,Open,6/1/1994 4:00:00 AM,,6000,Gasoline,,
46988,Alaska,AK2945,AK2945_1,Open,6/1/1994 4:00:00 AM,,12000,Gasoline,,
46989,Alaska,AK2945,AK2945_2,Open,6/1/1994 4:00:00 AM,,12000,Gasoline,,
46990,Alaska,AK2945,AK2945_3,Open,6/1/1994 4:00:00 AM,,12000,Diesel,,
46991,Alaska,AK583,AK583_5,Closed,6/1/1994 4:00:00 AM,,16000,Gasoline,,
46992,Alaska,AK1934,AK1934_6,Closed,5/28/1994 4:00:00 AM,,1000,Diesel,,
46993,Alaska,AK969,AK969_1,Open,5/4/1994 4:00:00 AM,,15000,Gasoline,,
46994,Alaska,AK969,AK969_11,Open,5/4/1994 4:00:00 AM,,15000,Diesel,,
46995,Alaska,AK969,AK969_12,Open,5/4/1994 4:00:00 AM,,15000,Gasoline,,
46996,Alaska,AK969,AK969_2,Open,5/4/1994 4:00:00 AM,,6000,Diesel,,
46997,Alaska,AK969,AK969_3,Closed,5/4/1994 4:00:00 AM,,1000,Used Oil,,
46998,Alaska,AK1302,AK1302_1,Closed,5/1/1994 4:00:00 AM,,1000,Diesel,,
46999,Alaska,AK1521,AK1521_4,Open,5/1/1994 4:00:00 AM,,20000,Gasoline,,
47000,Alaska,AK1521,AK1521_5,Open,5/1/1994 4:00:00 AM,,10000,Gasoline,,
47001,Alaska,AK1521,AK1521_6,Open,5/1/1994 4:00:00 AM,,10000,Gasoline,,
47002,Alaska,AK2561,AK2561_4,Open,5/1/1994 4:00:00 AM,,5000,Gasoline,,
47003,Alaska,AK2966,AK2966_1,Open,5/1/1994 4:00:00 AM,,20000,Gasoline,,
47004,Alaska,AK2966,AK2966_2,Open,5/1/1994 4:00:00 AM,,10000,Diesel,,
47005,Alaska,AK2966,AK2966_3,Open,5/1/1994 4:00:00 AM,,10000,Gasoline,,
47006,Alaska,AK2540,AK2540_5,Closed,4/27/1994 4:00:00 AM,,12000,Gasoline,,
47007,Alaska,AK2540,AK2540_6,Closed,4/27/1994 4:00:00 AM,,10000,Gasoline,,
47008,Alaska,AK2939,AK2939_2,Open,4/1/1994 5:00:00 AM,,6000,Diesel,,
47009,Alaska,AK1111,AK1111_3,Open,1/1/1994 5:00:00 AM,,15000,Diesel,,
47010,Alaska,AK2187,AK2187_5,Open,1/1/1994 5:00:00 AM,,12000,Gasoline,,
47011,Alaska,AK2375,AK2375_6,Closed,1/1/1994 5:00:00 AM,,19800,Gasoline,,
47012,Alaska,AK3592,AK3592_6,Open,1/1/1994 5:00:00 AM,,12000,Diesel,,
47013,Alaska,AK3592,AK3592_7,Open,1/1/1994 5:00:00 AM,,12000,Gasoline,,
47014,Alaska,AK1302,AK1302_6,Closed,11/10/1993 5:00:00 AM,,1000,Diesel,,
47015,Alaska,AK1302,AK1302_4,Closed,11/3/1993 5:00:00 AM,,2000,Gasoline,,
47016,Alaska,AK1302,AK1302_7,Closed,11/3/1993 5:00:00 AM,,1000,Diesel,,
47017,Alaska,AK1530,AK1530_3,Open,11/1/1993 5:00:00 AM,,5000,Gasoline,,
47018,Alaska,AK1896,AK1896_10,Open,11/1/1993 5:00:00 AM,,12000,Diesel,,
47019,Alaska,AK2626,AK2626_4,Open,10/8/1993 4:00:00 AM,,8000,Gasoline,,
47020,Alaska,AK1068,AK1068_3,Open,10/1/1993 4:00:00 AM,,6000,Gasoline,,
47021,Alaska,AK1623,AK1623_4,Open,10/1/1993 4:00:00 AM,,8000,Diesel,,
47022,Alaska,AK1623,AK1623_5,Open,10/1/1993 4:00:00 AM,,8000,Gasoline,,
47023,Alaska,AK556,AK556_5,Open,10/1/1993 4:00:00 AM,,10000,Gasoline,,
47024,Alaska,AK556,AK556_6,Open,10/1/1993 4:00:00 AM,,10000,Gasoline,,
47025,Alaska,AK556,AK556_7,Open,10/1/1993 4:00:00 AM,,6000,Diesel,,
47026,Alaska,AK901,AK901_41,Closed,10/1/1993 4:00:00 AM,,1000,Used Oil,,
47027,Alaska,AK2890,AK2890_3,Closed,9/23/1993 4:00:00 AM,,20000,Gasoline,,
47028,Alaska,AK2292,AK2292_6,Open,9/15/1993 4:00:00 AM,,8000,Gasoline,,
47029,Alaska,AK2292,AK2292_7,Open,9/15/1993 4:00:00 AM,,12000,Gasoline,,
47030,Alaska,AK2917,AK2917_2,Open,9/15/1993 4:00:00 AM,,6000,Gasoline,,
47031,Alaska,AK2917,AK2917_1,Open,9/13/1993 4:00:00 AM,,4000,Gasoline,,
47032,Alaska,AK1535,AK1535_5,Open,9/1/1993 4:00:00 AM,,5000,Gasoline,,
47033,Alaska,AK1535,AK1535_6,Open,9/1/1993 4:00:00 AM,,5000,Gasoline,,
47034,Alaska,AK1535,AK1535_7,Open,9/1/1993 4:00:00 AM,,5000,Diesel,,
47035,Alaska,AK1779,AK1779_18,Open,9/1/1993 4:00:00 AM,,30000,Diesel,,
47036,Alaska,AK1779,AK1779_19,Open,9/1/1993 4:00:00 AM,,30000,Diesel,,
47037,Alaska,AK1896,AK1896_8,Open,9/1/1993 4:00:00 AM,,12000,Gasoline,,
47038,Alaska,AK1896,AK1896_9,Open,9/1/1993 4:00:00 AM,,12000,Gasoline,,
47039,Alaska,AK2442,AK2442_2,Open,9/1/1993 4:00:00 AM,,15000,Gasoline,,
47040,Alaska,AK2442,AK2442_3,Open,9/1/1993 4:00:00 AM,,10000,Diesel,,
47041,Alaska,AK2442,AK2442_4,Open,9/1/1993 4:00:00 AM,,10000,Diesel,,
47042,Alaska,AK2442,AK2442_5,Open,9/1/1993 4:00:00 AM,,10000,Diesel,,
47043,Alaska,AK2890,AK2890_1,Closed,9/1/1993 4:00:00 AM,,20000,Gasoline,,
47044,Alaska,AK2890,AK2890_2,Closed,9/1/1993 4:00:00 AM,,20000,Gasoline,,
47045,Alaska,AK2890,AK2890_4,Closed,9/1/1993 4:00:00 AM,,15000,Diesel,,
47046,Alaska,AK363,AK363_4,Open,9/1/1993 4:00:00 AM,,8000,Gasoline,,
47047,Alaska,AK727,AK727_10,Closed,9/1/1993 4:00:00 AM,,10000,Gasoline,,
47048,Alaska,AK727,AK727_11,Closed,9/1/1993 4:00:00 AM,,10000,Diesel,,
47049,Alaska,AK727,AK727_8,Closed,9/1/1993 4:00:00 AM,,15000,Gasoline,,
47050,Alaska,AK727,AK727_9,Closed,9/1/1993 4:00:00 AM,,10000,Gasoline,,
47051,Alaska,AK1107,AK1107_1,Open,8/28/1993 4:00:00 AM,,1500,Gasoline,,
47052,Alaska,AK1107,AK1107_2,Open,8/28/1993 4:00:00 AM,,1500,Gasoline,,
47053,Alaska,AK1107,AK1107_6,Closed,8/19/1993 4:00:00 AM,,500,Gasoline,,
47054,Alaska,AK1107,AK1107_12,Open,8/17/1993 4:00:00 AM,,500,Diesel,,
47055,Alaska,AK1107,AK1107_10,Closed,8/14/1993 4:00:00 AM,,500,Gasoline,,
47056,Alaska,AK1107,AK1107_8,Open,8/12/1993 4:00:00 AM,,500,Diesel,,
47057,Alaska,AK1155,AK1155_4,Open,8/1/1993 4:00:00 AM,,5000,Diesel,,
47058,Alaska,AK234,AK234_5,Open,8/1/1993 4:00:00 AM,,25000,Gasoline,,
47059,Alaska,AK2629,AK2629_2,Open,8/1/1993 4:00:00 AM,,5000,Diesel,,
47060,Alaska,AK2754,AK2754_3,Temporarily out of Service,8/1/1993 4:00:00 AM,,5000,Gasoline,,
47061,Alaska,AK2873,AK2873_4,Open,8/1/1993 4:00:00 AM,,12000,Gasoline,,
47062,Alaska,AK2926,AK2926_3,Open,8/1/1993 4:00:00 AM,,12000,Gasoline,,
47063,Alaska,AK2926,AK2926_4,Open,8/1/1993 4:00:00 AM,,12000,Gasoline,,
47064,Alaska,AK2926,AK2926_5,Open,8/1/1993 4:00:00 AM,,12000,Diesel,,
47065,Alaska,AK762,AK762_4,Open,8/1/1993 4:00:00 AM,,20000,Gasoline,,
47066,Alaska,AK793,AK793_4,Temporarily out of Service,8/1/1993 4:00:00 AM,,6000,Gasoline,,
47067,Alaska,AK1949,AK1949_4,Open,7/1/1993 4:00:00 AM,,4000,Gasoline,,
47068,Alaska,AK741,AK741_8,Closed,6/26/1993 4:00:00 AM,,11000,Gasoline,,
47069,Alaska,AK1938,AK1938_5,Closed,6/13/1993 4:00:00 AM,,12000,Gasoline,,
47070,Alaska,AK158,AK158_4,Open,6/1/1993 4:00:00 AM,,12000,Gasoline,,
47071,Alaska,AK2199,AK2199_6,Open,6/1/1993 4:00:00 AM,,10000,Gasoline,,
47072,Alaska,AK3347,AK3347_1,Closed,6/1/1993 4:00:00 AM,,12000,Diesel,,
47073,Alaska,AK1039,AK1039_4,Open,5/1/1993 4:00:00 AM,,18000,Gasoline,,
47074,Alaska,AK2279,AK2279_4,Open,5/1/1993 4:00:00 AM,,15000,Gasoline,,
47075,Alaska,AK94,AK94_11,Open,5/1/1993 4:00:00 AM,,500,Used Oil,,
47076,Alaska,AK94,AK94_12,Open,5/1/1993 4:00:00 AM,,10000,Diesel,,
47077,Alaska,AK3131,AK3131_1,Open,2/10/1993 5:00:00 AM,,10000,Gasoline,,
47078,Alaska,AK3131,AK3131_2,Open,2/10/1993 5:00:00 AM,,6000,Diesel,,
47079,Alaska,AK605,AK605_5,Open,2/1/1993 5:00:00 AM,,30000,Gasoline,,
47080,Alaska,AK104,AK104_89,Closed,1/1/1993 5:00:00 AM,,23800,Gasoline,,
47081,Alaska,AK1222,AK1222_4,Open,1/1/1993 5:00:00 AM,,3000,Gasoline,,
47082,Alaska,AK14,AK14_1,Closed,1/1/1993 5:00:00 AM,,15000,Gasoline,,
47083,Alaska,AK14,AK14_2,Closed,1/1/1993 5:00:00 AM,,10000,Gasoline,,
47084,Alaska,AK14,AK14_3,Closed,1/1/1993 5:00:00 AM,,10000,Gasoline,,
47085,Alaska,AK1496,AK1496_4,Open,1/1/1993 5:00:00 AM,,15000,Gasoline,,
47086,Alaska,AK1496,AK1496_5,Open,1/1/1993 5:00:00 AM,,10000,Gasoline,,
47087,Alaska,AK1496,AK1496_6,Open,1/1/1993 5:00:00 AM,,10000,Gasoline,,
47088,Alaska,AK2344,AK2344_7,Open,1/1/1993 5:00:00 AM,,1000,Gasoline,,
47089,Alaska,AK2715,AK2715_3,Open,1/1/1993 5:00:00 AM,,12000,Gasoline,,
47090,Alaska,AK3603,AK3603_1,Closed,1/1/1993 5:00:00 AM,,1500,Diesel,,
47091,Alaska,AK696,AK696_1,Open,12/15/1992 5:00:00 AM,,20000,Diesel,,
47092,Alaska,AK696,AK696_2,Open,12/15/1992 5:00:00 AM,,20000,Gasoline,,
47093,Alaska,AK3617,AK3617_1,Open,12/11/1992 5:00:00 AM,,10000,Diesel,,
47094,Alaska,AK2269,AK2269_5,Open,11/20/1992 5:00:00 AM,,20000,Gasoline,,
47095,Alaska,AK2269,AK2269_6,Open,11/20/1992 5:00:00 AM,,20000,Gasoline,,
47096,Alaska,AK680,AK680_10,Closed,11/1/1992 5:00:00 AM,,12000,Diesel,,
47097,Alaska,AK680,AK680_6,Closed,11/1/1992 5:00:00 AM,,610,Diesel,,
47098,Alaska,AK680,AK680_9,Closed,11/1/1992 5:00:00 AM,,610,Diesel,,
47099,Alaska,AK1110,AK1110_1,Open,10/1/1992 4:00:00 AM,,4000,Gasoline,,
47100,Alaska,AK1139,AK1139_4,Closed,10/1/1992 4:00:00 AM,,10000,Diesel,,
47101,Alaska,AK1947,AK1947_1,Closed,10/1/1992 4:00:00 AM,,20000,Diesel,,
47102,Alaska,AK1947,AK1947_2,Closed,10/1/1992 4:00:00 AM,,8000,Diesel,,
47103,Alaska,AK2853,AK2853_1,Closed,10/1/1992 4:00:00 AM,,10000,Diesel,,
47104,Alaska,AK2853,AK2853_2,Closed,10/1/1992 4:00:00 AM,,10000,Diesel,,
47105,Alaska,AK2853,AK2853_3,Closed,10/1/1992 4:00:00 AM,,10000,Gasoline,,
47106,Alaska,AK2881,AK2881_1,Closed,10/1/1992 4:00:00 AM,,8000,Gasoline,,
47108,Alaska,AK2885,AK2885_1,Open,10/1/1992 4:00:00 AM,,10000,Gasoline,,
47109,Alaska,AK2885,AK2885_2,Open,10/1/1992 4:00:00 AM,,10000,Gasoline,,
47110,Alaska,AK2885,AK2885_3,Open,10/1/1992 4:00:00 AM,,10000,Gasoline,,
47111,Alaska,AK2885,AK2885_4,Open,10/1/1992 4:00:00 AM,,10000,Gasoline,,
47112,Alaska,AK2885,AK2885_5,Open,10/1/1992 4:00:00 AM,,15000,Diesel,,
47113,Alaska,AK34,AK34_4,Closed,10/1/1992 4:00:00 AM,,10000,Diesel,,
47114,Alaska,AK680,AK680_7,Closed,10/1/1992 4:00:00 AM,,610,Gasoline,,
47115,Alaska,AK680,AK680_8,Open,10/1/1992 4:00:00 AM,,610,Used Oil,,
47116,Alaska,AK2530,AK2530_6,Open,9/30/1992 4:00:00 AM,,12000,Diesel,,
47117,Alaska,AK2530,AK2530_7,Open,9/30/1992 4:00:00 AM,,12000,Gasoline,,
47118,Alaska,AK2530,AK2530_8,Open,9/30/1992 4:00:00 AM,,8000,Gasoline,,
47119,Alaska,AK2530,AK2530_9,Open,9/30/1992 4:00:00 AM,,6000,Gasoline,,
47120,Alaska,AK1112,AK1112_4,Closed,9/1/1992 4:00:00 AM,,10000,Gasoline,,
47121,Alaska,AK1112,AK1112_5,Closed,9/1/1992 4:00:00 AM,,10000,Gasoline,,
47122,Alaska,AK1112,AK1112_6,Closed,9/1/1992 4:00:00 AM,,10000,Diesel,,
47123,Alaska,AK1133,AK1133_7,Temporarily out of Service,9/1/1992 4:00:00 AM,,1000,Diesel,,
47124,Alaska,AK1367,AK1367_4,Closed,9/1/1992 4:00:00 AM,,10000,Diesel,,
47125,Alaska,AK1769,AK1769_10,Closed,9/1/1992 4:00:00 AM,,12000,Gasoline,,
47126,Alaska,AK1769,AK1769_11,Closed,9/1/1992 4:00:00 AM,,1000,Used Oil,,
47127,Alaska,AK1769,AK1769_8,Closed,9/1/1992 4:00:00 AM,,12000,Gasoline,,
47128,Alaska,AK1769,AK1769_9,Closed,9/1/1992 4:00:00 AM,,12000,Gasoline,,
47129,Alaska,AK2527,AK2527_4,Open,9/1/1992 4:00:00 AM,,12000,Diesel,,
47130,Alaska,AK2527,AK2527_5,Open,9/1/1992 4:00:00 AM,,12000,Gasoline,,
47131,Alaska,AK2527,AK2527_6,Open,9/1/1992 4:00:00 AM,,12000,Gasoline,,
47132,Alaska,AK2540,AK2540_3,Closed,9/1/1992 4:00:00 AM,,6000,Gasoline,,
47133,Alaska,AK2872,AK2872_1,Open,9/1/1992 4:00:00 AM,,15000,Gasoline,,
47134,Alaska,AK3546,AK3546_2,Open,9/1/1992 4:00:00 AM,,35000,Diesel,,
47135,Alaska,AK901,AK901_43,Closed,9/1/1992 4:00:00 AM,,550,Used Oil,,
47136,Alaska,AK901,AK901_49,Open,9/1/1992 4:00:00 AM,,20000,Diesel,,
47137,Alaska,AK901,AK901_50,Open,9/1/1992 4:00:00 AM,,20000,Diesel,,
47138,Alaska,AK2883,AK2883_1,Open,8/1/1992 4:00:00 AM,,10000,Gasoline,,
47139,Alaska,AK2883,AK2883_2,Open,8/1/1992 4:00:00 AM,,10000,Gasoline,,
47140,Alaska,AK2883,AK2883_3,Open,8/1/1992 4:00:00 AM,,15000,Gasoline,,
47141,Alaska,AK2884,AK2884_1,Open,8/1/1992 4:00:00 AM,,10000,Gasoline,,
47142,Alaska,AK2884,AK2884_2,Open,8/1/1992 4:00:00 AM,,10000,Gasoline,,
47143,Alaska,AK2884,AK2884_3,Open,8/1/1992 4:00:00 AM,,10000,Gasoline,,
47144,Alaska,AK2884,AK2884_4,Open,8/1/1992 4:00:00 AM,,10000,Gasoline,,
47145,Alaska,AK3546,AK3546_1,Open,8/1/1992 4:00:00 AM,,35000,Diesel,,
47146,Alaska,AK90,AK90_10,Open,8/1/1992 4:00:00 AM,,10000,Diesel,,
47147,Alaska,AK90,AK90_7,Open,8/1/1992 4:00:00 AM,,10000,Gasoline,,
47148,Alaska,AK90,AK90_8,Open,8/1/1992 4:00:00 AM,,10000,Diesel,,
47149,Alaska,AK90,AK90_9,Open,8/1/1992 4:00:00 AM,,15000,Gasoline,,
47150,Alaska,AK2882,AK2882_1,Open,7/1/1992 4:00:00 AM,,10000,Gasoline,,
47151,Alaska,AK2882,AK2882_2,Open,7/1/1992 4:00:00 AM,,10000,Gasoline,,
47152,Alaska,AK2882,AK2882_3,Open,7/1/1992 4:00:00 AM,,15000,Gasoline,,
47153,Alaska,AK2734,AK2734_3,Open,6/6/1992 4:00:00 AM,,1100,Diesel,,
47154,Alaska,AK2863,AK2863_1,Closed,6/1/1992 4:00:00 AM,,1100,Gasoline,,
47155,Alaska,AK375,AK375_4,Closed,6/1/1992 4:00:00 AM,,10000,Gasoline,,
47156,Alaska,AK901,AK901_5,Open,6/1/1992 4:00:00 AM,,2000,Diesel,,
47157,Alaska,AK98,AK98_5,Open,6/1/1992 4:00:00 AM,,4000,Diesel,,
47158,Alaska,AK98,AK98_6,Open,6/1/1992 4:00:00 AM,,4000,Diesel,,
47159,Alaska,AK1235,AK1235_6,Open,5/18/1992 4:00:00 AM,,6000,Gasoline,,
47160,Alaska,AK1737,AK1737_4,Closed,5/1/1992 4:00:00 AM,,5000,Gasoline,,
47161,Alaska,AK2286,AK2286_5,Open,3/30/1992 5:00:00 AM,,12000,Gasoline,,
47162,Alaska,AK2286,AK2286_6,Open,3/30/1992 5:00:00 AM,,8000,Gasoline,,
47163,Alaska,AK2286,AK2286_7,Open,3/30/1992 5:00:00 AM,,6000,Diesel,,
47164,Alaska,AK3140,AK3140_2,Open,3/27/1992 5:00:00 AM,,5000,Diesel,,
47165,Alaska,AK3139,AK3139_1,Closed,3/20/1992 5:00:00 AM,,500,Diesel,,
47166,Alaska,AK3139,AK3139_2,Closed,3/20/1992 5:00:00 AM,,500,Diesel,,
47167,Alaska,AK3139,AK3139_3,Closed,3/20/1992 5:00:00 AM,,500,Used Oil,,
47168,Alaska,AK3139,AK3139_4,Closed,3/20/1992 5:00:00 AM,,500,Used Oil,,
47169,Alaska,AK2748,AK2748_1,Closed,3/11/1992 5:00:00 AM,,2000,Gasoline,,
47170,Alaska,AK2748,AK2748_2,Closed,3/11/1992 5:00:00 AM,,1000,Diesel,,
47171,Alaska,AK1306,AK1306_6,Open,2/1/1992 5:00:00 AM,,8000,Diesel,,
47172,Alaska,AK107,AK107_4,Open,1/1/1992 5:00:00 AM,,15000,Gasoline,,
47173,Alaska,AK3077,AK3077_1,Closed,1/1/1992 5:00:00 AM,,1000,Diesel,,
47174,Alaska,AK540,AK540_37,Open,1/1/1992 5:00:00 AM,,10000,Diesel,,
47175,Alaska,AK727,AK727_6,Closed,1/1/1992 5:00:00 AM,,6000,Gasoline,,
47176,Alaska,AK2563,AK2563_1,Closed,12/1/1991 5:00:00 AM,,12000,Diesel,,
47177,Alaska,AK3255,AK3255_1,Open,12/1/1991 5:00:00 AM,,4000,Diesel,,
47178,Alaska,AK326,AK326_10,Open,11/11/1991 5:00:00 AM,,5000,Diesel,,
47179,Alaska,AK2508,AK2508_4,Closed,11/1/1991 5:00:00 AM,,4000,Gasoline,,
47180,Alaska,AK2600,AK2600_4,Closed,11/1/1991 5:00:00 AM,,1100,Diesel,,
47181,Alaska,AK715,AK715_2,Open,11/1/1991 5:00:00 AM,,2000,Diesel,,
47182,Alaska,AK2203,AK2203_2,Open,10/14/1991 4:00:00 AM,,2000,Gasoline,,
47183,Alaska,AK3370,AK3370_1,Closed,10/4/1991 4:00:00 AM,,2000,Diesel,,
47184,Alaska,AK1735,AK1735_2,Closed,10/1/1991 4:00:00 AM,,4000,Gasoline,,
47185,Alaska,AK1947,AK1947_3,Open,10/1/1991 4:00:00 AM,,2000,Diesel,,
47186,Alaska,AK2587,AK2587_1,Open,10/1/1991 4:00:00 AM,,10000,Gasoline,,
47187,Alaska,AK2587,AK2587_2,Open,10/1/1991 4:00:00 AM,,12000,Gasoline,,
47188,Alaska,AK359,AK359_3,Open,10/1/1991 4:00:00 AM,,1500,Gasoline,,
47189,Alaska,AK477,AK477_6,Open,10/1/1991 4:00:00 AM,,12000,Diesel,,
47190,Alaska,AK94,AK94_8,Open,10/1/1991 4:00:00 AM,,1000,Diesel,,
47191,Alaska,AK2292,AK2292_5,Temporarily out of Service,9/1/1991 4:00:00 AM,,10000,Gasoline,,
47192,Alaska,AK2648,AK2648_1,Open,9/1/1991 4:00:00 AM,,2000,Diesel,,
47193,Alaska,AK837,AK837_4,Closed,9/1/1991 4:00:00 AM,,3000,Diesel,,
47194,Alaska,AK1290,AK1290_3,Open,8/1/1991 4:00:00 AM,,500,Diesel,,
47195,Alaska,AK1290,AK1290_4,Open,8/1/1991 4:00:00 AM,,500,Gasoline,,
47196,Alaska,AK1300,AK1300_3,Open,8/1/1991 4:00:00 AM,,500,Gasoline,,
47197,Alaska,AK1300,AK1300_4,Open,8/1/1991 4:00:00 AM,,500,Diesel,,
47198,Alaska,AK1410,AK1410_2,Open,8/1/1991 4:00:00 AM,,500,Diesel,,
47199,Alaska,AK1410,AK1410_3,Closed,8/1/1991 4:00:00 AM,,1000,Diesel,,
47200,Alaska,AK1410,AK1410_8,Closed,8/1/1991 4:00:00 AM,,1000,Gasoline,,
47201,Alaska,AK1410,AK1410_9,Closed,8/1/1991 4:00:00 AM,,1000,Diesel,,
47202,Alaska,AK1812,AK1812_3,Open,8/1/1991 4:00:00 AM,,2000,Gasoline,,
47203,Alaska,AK1812,AK1812_4,Open,8/1/1991 4:00:00 AM,,2000,Diesel,,
47204,Alaska,AK278,AK278_3,Open,8/1/1991 4:00:00 AM,,1000,Gasoline,,
47205,Alaska,AK278,AK278_4,Open,8/1/1991 4:00:00 AM,,1000,Diesel,,
47206,Alaska,AK281,AK281_3,Closed,8/1/1991 4:00:00 AM,,500,Diesel,,
47207,Alaska,AK354,AK354_4,Closed,8/1/1991 4:00:00 AM,,1500,Diesel,,
47208,Alaska,AK1155,AK1155_3,Open,7/1/1991 4:00:00 AM,,2500,Diesel,,
47209,Alaska,AK1355,AK1355_4,Open,7/1/1991 4:00:00 AM,,10000,Gasoline,,
47210,Alaska,AK1355,AK1355_5,Open,7/1/1991 4:00:00 AM,,10000,Diesel,,
47211,Alaska,AK3242,AK3242_1,Closed,7/1/1991 4:00:00 AM,,8000,Diesel,,
47212,Alaska,AK3242,AK3242_2,Closed,7/1/1991 4:00:00 AM,,1000,Gasoline,,
47213,Alaska,AK3242,AK3242_3,Closed,7/1/1991 4:00:00 AM,,2000,Diesel,,
47214,Alaska,AK1605,AK1605_3,Open,6/1/1991 4:00:00 AM,,20000,Gasoline,,
47215,Alaska,AK1607,AK1607_4,Closed,6/1/1991 4:00:00 AM,,20000,Gasoline,,
47216,Alaska,AK1763,AK1763_3,Open,6/1/1991 4:00:00 AM,,5000,Kerosene,,
47217,Alaska,AK1763,AK1763_4,Open,6/1/1991 4:00:00 AM,,5000,Kerosene,,
47218,Alaska,AK2598,AK2598_1,Closed,6/1/1991 4:00:00 AM,,10000,Diesel,,
47219,Alaska,AK2603,AK2603_1,Open,6/1/1991 4:00:00 AM,,12000,Kerosene,,
47220,Alaska,AK2603,AK2603_2,Open,6/1/1991 4:00:00 AM,,12000,Gasoline,,
47221,Alaska,AK2603,AK2603_3,Open,6/1/1991 4:00:00 AM,,12000,Gasoline,,
47222,Alaska,AK326,AK326_2,Open,6/1/1991 4:00:00 AM,,1000,Diesel,,
47223,Alaska,AK326,AK326_6,Closed,6/1/1991 4:00:00 AM,,2000,Diesel,,
47224,Alaska,AK326,AK326_7,Open,6/1/1991 4:00:00 AM,,500,Diesel,,
47225,Alaska,AK364,AK364_3,Open,6/1/1991 4:00:00 AM,,5000,Diesel,,
47226,Alaska,AK878,AK878_5,Open,6/1/1991 4:00:00 AM,,10000,Gasoline,,
47227,Alaska,AK878,AK878_6,Open,6/1/1991 4:00:00 AM,,12000,Gasoline,,
47228,Alaska,AK878,AK878_7,Closed,6/1/1991 4:00:00 AM,,550,Used Oil,,
47229,Alaska,AK878,AK878_8,Open,6/1/1991 4:00:00 AM,,10000,Gasoline,,
47230,Alaska,AK53,AK53_5,Closed,5/6/1991 4:00:00 AM,,1000,Used Oil,,
47231,Alaska,AK1564,AK1564_2,Open,5/1/1991 4:00:00 AM,,1000,Diesel,,
47232,Alaska,AK2731,AK2731_1,Open,5/1/1991 4:00:00 AM,,3000,Gasoline,,
47233,Alaska,AK304,AK304_3,Closed,5/1/1991 4:00:00 AM,,5000,Diesel,,
47234,Alaska,AK53,AK53_1,Open,5/1/1991 4:00:00 AM,,12000,Gasoline,,
47235,Alaska,AK53,AK53_2,Open,5/1/1991 4:00:00 AM,,12000,Gasoline,,
47236,Alaska,AK53,AK53_3,Open,5/1/1991 4:00:00 AM,,12000,Diesel,,
47237,Alaska,AK1934,AK1934_5,Closed,4/26/1991 4:00:00 AM,,3000,Gasoline,,
47238,Alaska,AK1536,AK1536_1,Closed,4/4/1991 5:00:00 AM,,5000,Gasoline,,
47239,Alaska,AK1889,AK1889_5,Open,4/1/1991 5:00:00 AM,,5000,Gasoline,,
47240,Alaska,AK1889,AK1889_6,Open,4/1/1991 5:00:00 AM,,10000,Diesel,,
47241,Alaska,AK2522,AK2522_9,Closed,4/1/1991 5:00:00 AM,,1100,Diesel,,
47242,Alaska,AK41,AK41_6,Closed,4/1/1991 5:00:00 AM,,12000,Diesel,,
47243,Alaska,AK1954,AK1954_5,Open,3/1/1991 5:00:00 AM,,12000,Diesel,,
47244,Alaska,AK1954,AK1954_6,Open,3/1/1991 5:00:00 AM,,2000,Diesel,,
47245,Alaska,AK104,AK104_168,Closed,1/1/1991 5:00:00 AM,,2000,Not Listed,,
47246,Alaska,AK104,AK104_8,Closed,1/1/1991 5:00:00 AM,,550,Used Oil,,
47247,Alaska,AK1063,AK1063_24,Closed,1/1/1991 5:00:00 AM,,10000,Diesel,,
47248,Alaska,AK1517,AK1517_5,Open,1/1/1991 5:00:00 AM,,10000,Gasoline,,
47249,Alaska,AK1517,AK1517_6,Open,1/1/1991 5:00:00 AM,,10000,Gasoline,,
47250,Alaska,AK3219,AK3219_1,Closed,1/1/1991 5:00:00 AM,,300,Gasoline,,
47251,Alaska,AK3518,AK3518_1,Open,1/1/1991 5:00:00 AM,,500,Diesel,,
47252,Alaska,AK901,AK901_10,Closed,1/1/1991 5:00:00 AM,,300,Used Oil,,
47253,Alaska,AK901,AK901_11,Closed,1/1/1991 5:00:00 AM,,300,Used Oil,,
47254,Alaska,AK901,AK901_12,Closed,1/1/1991 5:00:00 AM,,300,Used Oil,,
47255,Alaska,AK901,AK901_13,Closed,1/1/1991 5:00:00 AM,,300,Diesel,,
47256,Alaska,AK901,AK901_14,Closed,1/1/1991 5:00:00 AM,,300,Diesel,,
47257,Alaska,AK901,AK901_15,Closed,1/1/1991 5:00:00 AM,,300,Used Oil,,
47258,Alaska,AK901,AK901_16,Closed,1/1/1991 5:00:00 AM,,5000,Diesel,,
47259,Alaska,AK901,AK901_17,Closed,1/1/1991 5:00:00 AM,,5000,Diesel,,
47260,Alaska,AK901,AK901_20,Closed,1/1/1991 5:00:00 AM,,5000,Diesel,,
47261,Alaska,AK901,AK901_22,Closed,1/1/1991 5:00:00 AM,,1500,Gasoline,,
47262,Alaska,AK1768,AK1768_10,Open,12/12/1990 5:00:00 AM,,10000,Gasoline,,
47263,Alaska,AK1768,AK1768_11,Open,12/12/1990 5:00:00 AM,,10000,Gasoline,,
47264,Alaska,AK1156,AK1156_3,Closed,11/1/1990 5:00:00 AM,,550,Diesel,,
47265,Alaska,AK1156,AK1156_4,Closed,11/1/1990 5:00:00 AM,,550,Gasoline,,
47266,Alaska,AK1883,AK1883_1,Closed,11/1/1990 5:00:00 AM,,500,Diesel,,
47267,Alaska,AK455,AK455_1,Open,11/1/1990 5:00:00 AM,,12000,Gasoline,,
47268,Alaska,AK455,AK455_10,Open,11/1/1990 5:00:00 AM,,6000,Gasoline,,
47269,Alaska,AK455,AK455_11,Open,11/1/1990 5:00:00 AM,,6000,Gasoline,,
47270,Alaska,AK455,AK455_2,Open,11/1/1990 5:00:00 AM,,12000,Gasoline,,
47271,Alaska,AK455,AK455_9,Open,11/1/1990 5:00:00 AM,,6000,Diesel,,
47272,Alaska,AK2188,AK2188_1,Open,10/10/1990 4:00:00 AM,,2000,Gasoline,,
47273,Alaska,AK367,AK367_1,Open,9/24/1990 4:00:00 AM,,5000,Diesel,,
47274,Alaska,AK2283,AK2283_1,Open,9/13/1990 4:00:00 AM,,5000,Diesel,,
47275,Alaska,AK322,AK322_1,Open,9/6/1990 4:00:00 AM,,5000,Diesel,,
47276,Alaska,AK3595,AK3595_1,Closed,9/1/1990 4:00:00 AM,,4000,Diesel,,
47277,Alaska,AK897,AK897_1,Closed,9/1/1990 4:00:00 AM,,550,Used Oil,,
47278,Alaska,AK897,AK897_2,Open,9/1/1990 4:00:00 AM,,10000,Gasoline,,
47279,Alaska,AK897,AK897_3,Open,9/1/1990 4:00:00 AM,,10000,Gasoline,,
47280,Alaska,AK897,AK897_4,Open,9/1/1990 4:00:00 AM,,10000,Gasoline,,
47281,Alaska,AK1945,AK1945_3,Closed,8/1/1990 4:00:00 AM,,10000,Gasoline,,
47282,Alaska,AK1945,AK1945_4,Closed,8/1/1990 4:00:00 AM,,10000,Gasoline,,
47283,Alaska,AK1945,AK1945_5,Closed,8/1/1990 4:00:00 AM,,10000,Diesel,,
47284,Alaska,AK330,AK330_3,Closed,8/1/1990 4:00:00 AM,,10000,Diesel,,
47285,Alaska,AK330,AK330_4,Closed,8/1/1990 4:00:00 AM,,10000,Gasoline,,
47286,Alaska,AK867,AK867_1,Closed,8/1/1990 4:00:00 AM,,550,Used Oil,,
47287,Alaska,AK867,AK867_2,Open,8/1/1990 4:00:00 AM,,10000,Gasoline,,
47288,Alaska,AK867,AK867_3,Open,8/1/1990 4:00:00 AM,,10000,Gasoline,,
47289,Alaska,AK867,AK867_4,Open,8/1/1990 4:00:00 AM,,10000,Gasoline,,
47290,Alaska,AK867,AK867_5,Open,8/1/1990 4:00:00 AM,,10000,Diesel,,
47291,Alaska,AK3580,AK3580_1,Open,7/27/1990 4:00:00 AM,,15000,Diesel,,
47292,Alaska,AK449,AK449_1,Closed,7/27/1990 4:00:00 AM,,1000,Gasoline,,
47293,Alaska,AK209,AK209_1,Open,7/20/1990 4:00:00 AM,,5000,Diesel,,
47294,Alaska,AK200,AK200_1,Open,7/13/1990 4:00:00 AM,,5000,Diesel,,
47295,Alaska,AK1330,AK1330_5,Closed,7/1/1990 4:00:00 AM,,5000,Gasoline,,
47296,Alaska,AK2522,AK2522_6,Open,7/1/1990 4:00:00 AM,,4000,Gasoline,,
47297,Alaska,AK2522,AK2522_7,Open,7/1/1990 4:00:00 AM,,4000,Diesel,,
47298,Alaska,AK1696,AK1696_1,Open,6/28/1990 4:00:00 AM,,5000,Diesel,,
47299,Alaska,AK261,AK261_4,Closed,6/1/1990 4:00:00 AM,,2000,Gasoline,,
47300,Alaska,AK3305,AK3305_1,Closed,6/1/1990 4:00:00 AM,,5000,Diesel,,
47301,Alaska,AK2282,AK2282_1,Open,5/1/1990 4:00:00 AM,,5000,Diesel,,
47302,Alaska,AK104,AK104_131,Closed,1/1/1990 5:00:00 AM,,15000,Gasoline,,
47303,Alaska,AK1443,AK1443_27,Closed,1/1/1990 5:00:00 AM,,12000,Diesel,,
47304,Alaska,AK1956,AK1956_8,Closed,1/1/1990 5:00:00 AM,,1000,Gasoline,,
47305,Alaska,AK2160,AK2160_2,Open,1/1/1990 5:00:00 AM,,1500,Diesel,,
47306,Alaska,AK2264,AK2264_3,Open,1/1/1990 5:00:00 AM,,8000,Gasoline,,
47307,Alaska,AK2264,AK2264_4,Open,1/1/1990 5:00:00 AM,,500,Used Oil,,
47308,Alaska,AK2545,AK2545_1,Open,1/1/1990 5:00:00 AM,,15000,Gasoline,,
47309,Alaska,AK270,AK270_4,Open,1/1/1990 5:00:00 AM,,8000,Kerosene,,
47310,Alaska,AK3128,AK3128_1,Closed,1/1/1990 5:00:00 AM,,500,Used Oil,,
47311,Alaska,AK901,AK901_21,Closed,1/1/1990 5:00:00 AM,,4000,Diesel,,
47312,Alaska,AK901,AK901_58,Closed,1/1/1990 5:00:00 AM,,10000,Used Oil,,
47313,Alaska,AK901,AK901_59,Closed,1/1/1990 5:00:00 AM,,10000,Gasoline,,
47314,Alaska,AK901,AK901_60,Closed,1/1/1990 5:00:00 AM,,1000,Used Oil,,
47315,Alaska,AK2514,AK2514_1,Closed,12/15/1989 5:00:00 AM,,500,Gasoline,,
47316,Alaska,AK2514,AK2514_2,Closed,12/15/1989 5:00:00 AM,,500,Diesel,,
47317,Alaska,AK1964,AK1964_1,Closed,11/12/1989 5:00:00 AM,,12000,Diesel,,
47318,Alaska,AK1964,AK1964_2,Closed,11/12/1989 5:00:00 AM,,12000,Gasoline,,
47319,Alaska,AK1224,AK1224_5,Open,11/9/1989 5:00:00 AM,,10000,Gasoline,,
47320,Alaska,AK1224,AK1224_6,Open,11/9/1989 5:00:00 AM,,10000,Gasoline,,
47321,Alaska,AK1224,AK1224_4,Open,11/4/1989 5:00:00 AM,,5000,Diesel,,
47322,Alaska,AK1247,AK1247_3,Open,11/2/1989 5:00:00 AM,,10000,Diesel,,
47323,Alaska,AK1247,AK1247_4,Open,11/2/1989 5:00:00 AM,,10000,Diesel,,
47324,Alaska,AK1247,AK1247_1,Open,10/30/1989 5:00:00 AM,,10000,Diesel,,
47325,Alaska,AK1247,AK1247_2,Open,10/30/1989 5:00:00 AM,,10000,Diesel,,
47326,Alaska,AK887,AK887_6,Closed,10/2/1989 4:00:00 AM,,10000,Gasoline,,
47327,Alaska,AK887,AK887_7,Closed,10/2/1989 4:00:00 AM,,10000,Gasoline,,
47328,Alaska,AK887,AK887_8,Closed,10/2/1989 4:00:00 AM,,10000,Gasoline,,
47329,Alaska,AK887,AK887_9,Closed,10/2/1989 4:00:00 AM,,550,Used Oil,,
47330,Alaska,AK893,AK893_1,Closed,10/2/1989 4:00:00 AM,,10000,Gasoline,,
47331,Alaska,AK893,AK893_10,Closed,10/2/1989 4:00:00 AM,,10000,Gasoline,,
47332,Alaska,AK893,AK893_11,Closed,10/2/1989 4:00:00 AM,,10000,Gasoline,,
47333,Alaska,AK893,AK893_2,Closed,10/2/1989 4:00:00 AM,,550,Used Oil,,
47334,Alaska,AK893,AK893_9,Closed,10/2/1989 4:00:00 AM,,10000,Diesel,,
47335,Alaska,AK911,AK911_10,Closed,10/2/1989 4:00:00 AM,,550,Used Oil,,
47336,Alaska,AK911,AK911_8,Open,10/2/1989 4:00:00 AM,,10000,Gasoline,,
47337,Alaska,AK911,AK911_9,Open,10/2/1989 4:00:00 AM,,10000,Gasoline,,
47338,Alaska,AK1749,AK1749_3,Closed,10/1/1989 4:00:00 AM,,2000,Gasoline,,
47339,Alaska,AK1749,AK1749_4,Closed,10/1/1989 4:00:00 AM,,2000,Diesel,,
47340,Alaska,AK198,AK198_1,Open,9/25/1989 4:00:00 AM,,5000,Diesel,,
47341,Alaska,AK193,AK193_1,Open,9/19/1989 4:00:00 AM,,5000,Diesel,,
47342,Alaska,AK1699,AK1699_1,Open,9/12/1989 4:00:00 AM,,10000,Diesel,,
47343,Alaska,AK1716,AK1716_1,Open,9/1/1989 4:00:00 AM,,5000,Diesel,,
47344,Alaska,AK2535,AK2535_1,Closed,9/1/1989 4:00:00 AM,,990,Gasoline,,
47345,Alaska,AK1993,AK1993_1,Open,8/29/1989 4:00:00 AM,,10000,Diesel,,
47346,Alaska,AK1994,AK1994_1,Open,8/22/1989 4:00:00 AM,,10000,Diesel,,
47347,Alaska,AK1712,AK1712_1,Open,8/17/1989 4:00:00 AM,,5000,Diesel,,
47348,Alaska,AK1897,AK1897_2,Closed,8/15/1989 4:00:00 AM,,1000,Gasoline,,
47349,Alaska,AK1956,AK1956_4,Closed,8/1/1989 4:00:00 AM,,2500,Diesel,,
47350,Alaska,AK1956,AK1956_5,Closed,8/1/1989 4:00:00 AM,,500,Used Oil,,
47351,Alaska,AK1956,AK1956_6,Closed,8/1/1989 4:00:00 AM,,2500,Diesel,,
47352,Alaska,AK1693,AK1693_1,Open,7/31/1989 4:00:00 AM,,10000,Diesel,,
47353,Alaska,AK877,AK877_5,Open,7/29/1989 4:00:00 AM,,10000,Gasoline,,
47354,Alaska,AK877,AK877_6,Open,7/29/1989 4:00:00 AM,,10000,Gasoline,,
47355,Alaska,AK877,AK877_7,Open,7/29/1989 4:00:00 AM,,10000,Gasoline,,
47356,Alaska,AK877,AK877_8,Closed,7/29/1989 4:00:00 AM,,550,Used Oil,,
47357,Alaska,AK882,AK882_10,Closed,7/29/1989 4:00:00 AM,,550,Used Oil,,
47358,Alaska,AK882,AK882_7,Open,7/29/1989 4:00:00 AM,,10000,Gasoline,,
47359,Alaska,AK882,AK882_8,Open,7/29/1989 4:00:00 AM,,10000,Gasoline,,
47360,Alaska,AK882,AK882_9,Open,7/29/1989 4:00:00 AM,,10000,Gasoline,,
47361,Alaska,AK1926,AK1926_4,Closed,7/26/1989 4:00:00 AM,,25000,Diesel,,
47362,Alaska,AK386,AK386_1,Closed,7/19/1989 4:00:00 AM,,3000,Gasoline,,
47363,Alaska,AK1916,AK1916_1,Open,7/1/1989 4:00:00 AM,,10000,Gasoline,,
47364,Alaska,AK1956,AK1956_7,Closed,7/1/1989 4:00:00 AM,,500,Diesel,,
47365,Alaska,AK1967,AK1967_1,Open,7/1/1989 4:00:00 AM,,4000,Gasoline,,
47366,Alaska,AK1967,AK1967_2,Open,7/1/1989 4:00:00 AM,,2000,Diesel,,
47367,Alaska,AK2210,AK2210_1,Closed,7/1/1989 4:00:00 AM,,1500,Diesel,,
47368,Alaska,AK2533,AK2533_2,Closed,7/1/1989 4:00:00 AM,,500,Gasoline,,
47369,Alaska,AK911,AK911_7,Open,7/1/1989 4:00:00 AM,,10000,Gasoline,,
47370,Alaska,AK1778,AK1778_1,Closed,6/1/1989 4:00:00 AM,,10000,Gasoline,,
47371,Alaska,AK1778,AK1778_2,Closed,6/1/1989 4:00:00 AM,,10000,Gasoline,,
47372,Alaska,AK1778,AK1778_3,Closed,6/1/1989 4:00:00 AM,,10000,Gasoline,,
47373,Alaska,AK1778,AK1778_4,Closed,6/1/1989 4:00:00 AM,,1000,Used Oil,,
47374,Alaska,AK2264,AK2264_1,Open,4/1/1989 5:00:00 AM,,10000,Diesel,,
47375,Alaska,AK1932,AK1932_1,Open,1/23/1989 5:00:00 AM,,1500,Diesel,,
47376,Alaska,AK1421,AK1421_1,Closed,1/3/1989 5:00:00 AM,,8000,Diesel,,
47377,Alaska,AK1421,AK1421_2,Closed,1/3/1989 5:00:00 AM,,10000,Gasoline,,
47378,Alaska,AK1421,AK1421_3,Closed,1/3/1989 5:00:00 AM,,10000,Gasoline,,
47379,Alaska,AK1020,AK1020_10,Closed,1/1/1989 5:00:00 AM,,2500,Diesel,,
47380,Alaska,AK1333,AK1333_6,Closed,1/1/1989 5:00:00 AM,,10000,Gasoline,,
47381,Alaska,AK1333,AK1333_7,Closed,1/1/1989 5:00:00 AM,,10000,Gasoline,,
47382,Alaska,AK1333,AK1333_8,Closed,1/1/1989 5:00:00 AM,,10000,Gasoline,,
47383,Alaska,AK1510,AK1510_4,Open,1/1/1989 5:00:00 AM,,10000,Gasoline,,
47384,Alaska,AK1510,AK1510_5,Open,1/1/1989 5:00:00 AM,,10000,Gasoline,,
47385,Alaska,AK1510,AK1510_6,Open,1/1/1989 5:00:00 AM,,10000,Gasoline,,
47386,Alaska,AK1512,AK1512_4,Open,1/1/1989 5:00:00 AM,,15000,Gasoline,,
47387,Alaska,AK1512,AK1512_5,Open,1/1/1989 5:00:00 AM,,10000,Gasoline,,
47388,Alaska,AK1512,AK1512_6,Open,1/1/1989 5:00:00 AM,,10000,Gasoline,,
47389,Alaska,AK1512,AK1512_7,Open,1/1/1989 5:00:00 AM,,10000,Diesel,,
47390,Alaska,AK1512,AK1512_8,Open,1/1/1989 5:00:00 AM,,10000,Diesel,,
47391,Alaska,AK2264,AK2264_2,Open,1/1/1989 5:00:00 AM,,500,Used Oil,,
47392,Alaska,AK2296,AK2296_1,Closed,1/1/1989 5:00:00 AM,,12000,Gasoline,,
47393,Alaska,AK2296,AK2296_2,Closed,1/1/1989 5:00:00 AM,,12000,Diesel,,
47394,Alaska,AK2383,AK2383_1,Closed,1/1/1989 5:00:00 AM,,300,Gasoline,,
47395,Alaska,AK2546,AK2546_1,Open,1/1/1989 5:00:00 AM,,15000,Gasoline,,
47396,Alaska,AK2546,AK2546_2,Open,1/1/1989 5:00:00 AM,,10000,Gasoline,,
47397,Alaska,AK2546,AK2546_3,Open,1/1/1989 5:00:00 AM,,10000,Gasoline,,
47398,Alaska,AK2546,AK2546_4,Open,1/1/1989 5:00:00 AM,,10000,Diesel,,
47399,Alaska,AK2546,AK2546_5,Open,1/1/1989 5:00:00 AM,,10000,Diesel,,
47400,Alaska,AK2602,AK2602_2,Closed,1/1/1989 5:00:00 AM,,1000,Diesel,,
47401,Alaska,AK3277,AK3277_1,Closed,1/1/1989 5:00:00 AM,,15000,Diesel,,
47402,Alaska,AK540,AK540_36,Closed,1/1/1989 5:00:00 AM,,2000,Diesel,,
47403,Alaska,AK59,AK59_2,Open,1/1/1989 5:00:00 AM,,10000,Gasoline,,
47404,Alaska,AK59,AK59_3,Open,1/1/1989 5:00:00 AM,,10000,Gasoline,,
47405,Alaska,AK59,AK59_4,Open,1/1/1989 5:00:00 AM,,10000,Diesel,,
47406,Alaska,AK59,AK59_5,Closed,1/1/1989 5:00:00 AM,,1000,Used Oil,,
47407,Alaska,AK59,AK59_6,Closed,1/1/1989 5:00:00 AM,,1000,Used Oil,,
47408,Alaska,AK901,AK901_39,Closed,1/1/1989 5:00:00 AM,,1000,Used Oil,,
47409,Alaska,AK901,AK901_54,Closed,1/1/1989 5:00:00 AM,,550,Kerosene,,
47410,Alaska,AK966,AK966_4,Temporarily out of Service,1/1/1989 5:00:00 AM,,10000,Gasoline,,
47411,Alaska,AK966,AK966_5,Temporarily out of Service,1/1/1989 5:00:00 AM,,10000,Gasoline,,
47412,Alaska,AK966,AK966_6,Temporarily out of Service,1/1/1989 5:00:00 AM,,10000,Gasoline,,
47413,Alaska,AK1960,AK1960_5,Closed,12/21/1988 5:00:00 AM,,10000,Gasoline,,
47414,Alaska,AK1379,AK1379_2,Closed,12/1/1988 5:00:00 AM,,1000,Diesel,,
47415,Alaska,AK2375,AK2375_2,Closed,11/1/1988 5:00:00 AM,,12000,Gasoline,,
47416,Alaska,AK1907,AK1907_1,Closed,10/15/1988 4:00:00 AM,,10000,Gasoline,,
47417,Alaska,AK1907,AK1907_2,Closed,10/15/1988 4:00:00 AM,,10000,Gasoline,,
47418,Alaska,AK1907,AK1907_3,Closed,10/15/1988 4:00:00 AM,,10000,Gasoline,,
47419,Alaska,AK1909,AK1909_1,Closed,10/15/1988 4:00:00 AM,,5000,Gasoline,,
47420,Alaska,AK1058,AK1058_1,Closed,10/1/1988 4:00:00 AM,,1500,Diesel,,
47421,Alaska,AK1058,AK1058_2,Closed,10/1/1988 4:00:00 AM,,500,Diesel,,
47422,Alaska,AK1984,AK1984_1,Open,10/1/1988 4:00:00 AM,,12000,Gasoline,,
47423,Alaska,AK1984,AK1984_2,Open,10/1/1988 4:00:00 AM,,12000,Diesel,,
47424,Alaska,AK1984,AK1984_3,Open,10/1/1988 4:00:00 AM,,12000,Gasoline,,
47425,Alaska,AK2403,AK2403_1,Closed,10/1/1988 4:00:00 AM,,20000,Gasoline,,
47426,Alaska,AK2403,AK2403_2,Closed,10/1/1988 4:00:00 AM,,20000,Diesel,,
47427,Alaska,AK2403,AK2403_3,Closed,10/1/1988 4:00:00 AM,,20000,Gasoline,,
47428,Alaska,AK1893,AK1893_1,Closed,9/1/1988 4:00:00 AM,,10000,Gasoline,,
47429,Alaska,AK2649,AK2649_2,Closed,9/1/1988 4:00:00 AM,,5000,Gasoline,,
47430,Alaska,AK1375,AK1375_1,Closed,8/1/1988 4:00:00 AM,,3000,Gasoline,,
47431,Alaska,AK1375,AK1375_2,Closed,8/1/1988 4:00:00 AM,,3000,Diesel,,
47432,Alaska,AK764,AK764_1,Closed,8/1/1988 4:00:00 AM,,500,Diesel,,
47433,Alaska,AK1897,AK1897_1,Closed,7/25/1988 4:00:00 AM,,1000,Gasoline,,
47434,Alaska,AK1089,AK1089_4,Closed,7/1/1988 4:00:00 AM,,10000,Gasoline,,
47435,Alaska,AK1089,AK1089_5,Closed,7/1/1988 4:00:00 AM,,10000,Gasoline,,
47436,Alaska,AK1089,AK1089_6,Closed,7/1/1988 4:00:00 AM,,5000,Diesel,,
47437,Alaska,AK1548,AK1548_2,Closed,7/1/1988 4:00:00 AM,,1000,Diesel,,
47438,Alaska,AK3072,AK3072_1,Closed,7/1/1988 4:00:00 AM,,300,Diesel,,
47439,Alaska,AK3223,AK3223_1,Closed,7/1/1988 4:00:00 AM,,300,Used Oil,,
47440,Alaska,AK3224,AK3224_1,Closed,7/1/1988 4:00:00 AM,,300,Used Oil,,
47441,Alaska,AK3275,AK3275_1,Closed,7/1/1988 4:00:00 AM,,1000,Gasoline,,
47442,Alaska,AK1183,AK1183_1,Closed,6/7/1988 4:00:00 AM,,1000,Gasoline,,
47443,Alaska,AK1389,AK1389_1,Closed,6/1/1988 4:00:00 AM,,12000,Gasoline,,
47444,Alaska,AK1389,AK1389_2,Closed,6/1/1988 4:00:00 AM,,12000,Gasoline,,
47445,Alaska,AK1389,AK1389_3,Closed,6/1/1988 4:00:00 AM,,5000,Gasoline,,
47446,Alaska,AK1389,AK1389_4,Closed,6/1/1988 4:00:00 AM,,5000,Diesel,,
47447,Alaska,AK1389,AK1389_5,Closed,6/1/1988 4:00:00 AM,,500,Used Oil,,
47448,Alaska,AK1391,AK1391_1,Closed,6/1/1988 4:00:00 AM,,12000,Gasoline,,
47449,Alaska,AK1391,AK1391_2,Closed,6/1/1988 4:00:00 AM,,12000,Gasoline,,
47450,Alaska,AK1391,AK1391_3,Closed,6/1/1988 4:00:00 AM,,5000,Diesel,,
47451,Alaska,AK1391,AK1391_4,Closed,6/1/1988 4:00:00 AM,,5000,Diesel,,
47452,Alaska,AK2303,AK2303_1,Closed,6/1/1988 4:00:00 AM,,550,Used Oil,,
47453,Alaska,AK2534,AK2534_1,Closed,6/1/1988 4:00:00 AM,,990,Gasoline,,
47454,Alaska,AK2542,AK2542_1,Closed,6/1/1988 4:00:00 AM,,1000,Gasoline,,
47455,Alaska,AK2601,AK2601_1,Closed,6/1/1988 4:00:00 AM,,300,Used Oil,,
47456,Alaska,AK271,AK271_1,Closed,6/1/1988 4:00:00 AM,,1000,Gasoline,,
47457,Alaska,AK518,AK518_6,Closed,6/1/1988 4:00:00 AM,,10000,Gasoline,,
47458,Alaska,AK518,AK518_7,Closed,6/1/1988 4:00:00 AM,,6000,Diesel,,
47459,Alaska,AK518,AK518_8,Closed,6/1/1988 4:00:00 AM,,6000,Gasoline,,
47460,Alaska,AK1985,AK1985_1,Closed,5/30/1988 4:00:00 AM,,10000,Gasoline,,
47461,Alaska,AK1985,AK1985_2,Closed,5/30/1988 4:00:00 AM,,10000,Gasoline,,
47462,Alaska,AK1985,AK1985_3,Closed,5/30/1988 4:00:00 AM,,5000,Gasoline,,
47463,Alaska,AK1887,AK1887_2,Open,5/26/1988 4:00:00 AM,,1100,Diesel,,
47464,Alaska,AK1887,AK1887_1,Open,5/6/1988 4:00:00 AM,,9000,Gasoline,,
47465,Alaska,AK1010,AK1010_4,Closed,5/1/1988 4:00:00 AM,,4000,Gasoline,,
47466,Alaska,AK759,AK759_5,Closed,5/1/1988 4:00:00 AM,,10000,Gasoline,,
47467,Alaska,AK2300,AK2300_1,Closed,4/1/1988 5:00:00 AM,,1000,Diesel,,
47468,Alaska,AK2902,AK2902_1,Closed,3/1/1988 5:00:00 AM,,548,Used Oil,,
47469,Alaska,AK2902,AK2902_2,Closed,3/1/1988 5:00:00 AM,,548,Used Oil,,
47470,Alaska,AK2902,AK2902_3,Closed,3/1/1988 5:00:00 AM,,548,Used Oil,,
47471,Alaska,AK2902,AK2902_4,Closed,3/1/1988 5:00:00 AM,,548,Used Oil,,
47472,Alaska,AK2902,AK2902_5,Closed,3/1/1988 5:00:00 AM,,548,Used Oil,,
47473,Alaska,AK2902,AK2902_6,Closed,3/1/1988 5:00:00 AM,,150,Used Oil,,
47474,Alaska,AK104,AK104_20,Closed,1/1/1988 5:00:00 AM,,3500,Diesel,,
47475,Alaska,AK1232,AK1232_2,Closed,1/1/1988 5:00:00 AM,,500,Gasoline,,
47476,Alaska,AK1889,AK1889_4,Closed,1/1/1988 5:00:00 AM,,10000,Gasoline,,
47477,Alaska,AK2173,AK2173_1,Closed,1/1/1988 5:00:00 AM,,550,Diesel,,
47478,Alaska,AK2180,AK2180_1,Closed,1/1/1988 5:00:00 AM,,4000,Diesel,,
47479,Alaska,AK2235,AK2235_1,Closed,1/1/1988 5:00:00 AM,,1000,Diesel,,
47480,Alaska,AK2235,AK2235_3,Closed,1/1/1988 5:00:00 AM,,1000,Gasoline,,
47481,Alaska,AK2385,AK2385_3,Open,1/1/1988 5:00:00 AM,,12000,Diesel,,
47482,Alaska,AK2390,AK2390_1,Closed,1/1/1988 5:00:00 AM,,3000,Gasoline,,
47483,Alaska,AK2511,AK2511_2,Closed,1/1/1988 5:00:00 AM,,970,Diesel,,
47484,Alaska,AK2634,AK2634_1,Closed,1/1/1988 5:00:00 AM,,4000,Gasoline,,
47485,Alaska,AK2634,AK2634_2,Closed,1/1/1988 5:00:00 AM,,4000,Gasoline,,
47486,Alaska,AK2634,AK2634_3,Closed,1/1/1988 5:00:00 AM,,4000,Gasoline,,
47487,Alaska,AK2634,AK2634_4,Closed,1/1/1988 5:00:00 AM,,4000,Gasoline,,
47488,Alaska,AK2817,AK2817_1,Closed,1/1/1988 5:00:00 AM,,7000,Diesel,,
47489,Alaska,AK2968,AK2968_1,Closed,1/1/1988 5:00:00 AM,,1000,Diesel,,
47490,Alaska,AK3193,AK3193_2,Closed,1/1/1988 5:00:00 AM,,2000,Diesel,,
47491,Alaska,AK3212,AK3212_1,Closed,1/1/1988 5:00:00 AM,,375,Diesel,,
47492,Alaska,AK3213,AK3213_1,Closed,1/1/1988 5:00:00 AM,,500,Diesel,,
47493,Alaska,AK3214,AK3214_1,Closed,1/1/1988 5:00:00 AM,,375,Diesel,,
47494,Alaska,AK3217,AK3217_1,Closed,1/1/1988 5:00:00 AM,,500,Gasoline,,
47495,Alaska,AK3225,AK3225_1,Closed,1/1/1988 5:00:00 AM,,300,Used Oil,,
47496,Alaska,AK39,AK39_3,Closed,1/1/1988 5:00:00 AM,,3000,Diesel,,
47497,Alaska,AK50,AK50_2,Closed,1/1/1988 5:00:00 AM,,12000,Gasoline,,
47498,Alaska,AK50,AK50_3,Closed,1/1/1988 5:00:00 AM,,12000,Gasoline,,
47499,Alaska,AK50,AK50_4,Closed,1/1/1988 5:00:00 AM,,10000,Gasoline,,
47500,Alaska,AK540,AK540_15,Closed,1/1/1988 5:00:00 AM,,1000,Used Oil,,
47501,Alaska,AK540,AK540_38,Closed,1/1/1988 5:00:00 AM,,3000,Diesel,,
47502,Alaska,AK726,AK726_6,Open,1/1/1988 5:00:00 AM,,10000,Gasoline,,
47503,Alaska,AK726,AK726_7,Open,1/1/1988 5:00:00 AM,,10000,Diesel,,
47504,Alaska,AK730,AK730_3,Closed,1/1/1988 5:00:00 AM,,3000,Used Oil,,
47505,Alaska,AK802,AK802_1,Closed,1/1/1988 5:00:00 AM,,300,Mixture,,
47506,Alaska,AK857,AK857_19,Open,1/1/1988 5:00:00 AM,,2500,Diesel,,
47507,Alaska,AK870,AK870_5,Closed,1/1/1988 5:00:00 AM,,5000,Gasoline,,
47508,Alaska,AK884,AK884_1,Closed,1/1/1988 5:00:00 AM,,4000,Diesel,,
47509,Alaska,AK901,AK901_26,Closed,1/1/1988 5:00:00 AM,,20000,Diesel,,
47510,Alaska,AK901,AK901_27,Closed,1/1/1988 5:00:00 AM,,20000,Diesel,,
47511,Alaska,AK901,AK901_35,Closed,1/1/1988 5:00:00 AM,,3000,Used Oil,,
47512,Alaska,AK901,AK901_36,Closed,1/1/1988 5:00:00 AM,,5000,Diesel,,
47513,Alaska,AK21,AK21_4,Closed,12/19/1987 5:00:00 AM,,1000,Gasoline,,
47514,Alaska,AK261,AK261_1,Closed,11/25/1987 5:00:00 AM,,20000,Gasoline,,
47515,Alaska,AK261,AK261_2,Closed,11/25/1987 5:00:00 AM,,20000,Gasoline,,
47516,Alaska,AK261,AK261_3,Closed,11/25/1987 5:00:00 AM,,20000,Diesel,,
47517,Alaska,AK1017,AK1017_1,Closed,10/28/1987 5:00:00 AM,,500,Gasoline,,
47518,Alaska,AK1961,AK1961_1,Closed,10/1/1987 4:00:00 AM,,10000,Gasoline,,
47519,Alaska,AK1961,AK1961_2,Closed,10/1/1987 4:00:00 AM,,10000,Gasoline,,
47520,Alaska,AK1961,AK1961_3,Closed,10/1/1987 4:00:00 AM,,10000,Gasoline,,
47521,Alaska,AK2506,AK2506_1,Closed,10/1/1987 4:00:00 AM,,4000,Gasoline,,
47522,Alaska,AK89,AK89_1,Closed,10/1/1987 4:00:00 AM,,500,Gasoline,,
47523,Alaska,AK1962,AK1962_1,Closed,9/26/1987 4:00:00 AM,,9728,Gasoline,,
47524,Alaska,AK1962,AK1962_2,Closed,9/26/1987 4:00:00 AM,,9728,Gasoline,,
47525,Alaska,AK1962,AK1962_3,Closed,9/26/1987 4:00:00 AM,,9728,Gasoline,,
47526,Alaska,AK2483,AK2483_3,Closed,9/1/1987 4:00:00 AM,,12000,Gasoline,,
47527,Alaska,AK2904,AK2904_1,Closed,9/1/1987 4:00:00 AM,,3100,Diesel,,
47528,Alaska,AK515,AK515_2,Closed,9/1/1987 4:00:00 AM,,1960,Gasoline,,
47529,Alaska,AK959,AK959_1,Closed,8/11/1987 4:00:00 AM,,2500,Diesel,,
47530,Alaska,AK959,AK959_2,Closed,8/11/1987 4:00:00 AM,,2500,Diesel,,
47531,Alaska,AK959,AK959_3,Closed,8/11/1987 4:00:00 AM,,12000,Gasoline,,
47532,Alaska,AK959,AK959_4,Closed,8/11/1987 4:00:00 AM,,12000,Diesel,,
47533,Alaska,AK959,AK959_5,Closed,8/11/1987 4:00:00 AM,,5000,Used Oil,,
47534,Alaska,AK2445,AK2445_1,Closed,8/7/1987 4:00:00 AM,,500,Gasoline,,
47535,Alaska,AK2517,AK2517_4,Open,8/1/1987 4:00:00 AM,,10000,Diesel,,
47536,Alaska,AK2517,AK2517_5,Open,8/1/1987 4:00:00 AM,,10000,Gasoline,,
47537,Alaska,AK626,AK626_3,Closed,8/1/1987 4:00:00 AM,,2000,Gasoline,,
47538,Alaska,AK626,AK626_4,Closed,8/1/1987 4:00:00 AM,,2000,Diesel,,
47539,Alaska,AK2266,AK2266_1,Closed,7/1/1987 4:00:00 AM,,10000,Gasoline,,
47540,Alaska,AK2266,AK2266_2,Closed,7/1/1987 4:00:00 AM,,10000,Gasoline,,
47541,Alaska,AK3074,AK3074_1,Closed,7/1/1987 4:00:00 AM,,300,Diesel,,
47542,Alaska,AK313,AK313_2,Closed,7/1/1987 4:00:00 AM,,3000,Gasoline,,
47543,Alaska,AK834,AK834_1,Closed,7/1/1987 4:00:00 AM,,10000,Gasoline,,
47544,Alaska,AK834,AK834_2,Closed,7/1/1987 4:00:00 AM,,10000,Gasoline,,
47545,Alaska,AK834,AK834_3,Closed,7/1/1987 4:00:00 AM,,5000,Diesel,,
47546,Alaska,AK1954,AK1954_1,Closed,6/12/1987 4:00:00 AM,,12000,Diesel,,
47547,Alaska,AK1954,AK1954_2,Closed,6/12/1987 4:00:00 AM,,2000,Gasoline,,
47548,Alaska,AK135,AK135_1,Closed,6/1/1987 4:00:00 AM,,5000,Gasoline,,
47549,Alaska,AK1395,AK1395_3,Closed,6/1/1987 4:00:00 AM,,2000,Gasoline,,
47550,Alaska,AK1414,AK1414_2,Closed,6/1/1987 4:00:00 AM,,670,Diesel,,
47551,Alaska,AK2086,AK2086_1,Open,6/1/1987 4:00:00 AM,,10000,Diesel,,
47552,Alaska,AK2086,AK2086_2,Open,6/1/1987 4:00:00 AM,,6000,Used Oil,,
47553,Alaska,AK2507,AK2507_1,Closed,6/1/1987 4:00:00 AM,,670,Diesel,,
47554,Alaska,AK2507,AK2507_2,Closed,6/1/1987 4:00:00 AM,,670,Gasoline,,
47555,Alaska,AK2922,AK2922_1,Closed,6/1/1987 4:00:00 AM,,2000,Diesel,,
47556,Alaska,AK1812,AK1812_1,Closed,5/14/1987 4:00:00 AM,,1000,Gasoline,,
47557,Alaska,AK1812,AK1812_2,Closed,5/14/1987 4:00:00 AM,,1000,Diesel,,
47558,Alaska,AK3620,AK3620_1,Open,5/5/1987 4:00:00 AM,,4000,Diesel,,
47559,Alaska,AK134,AK134_5,Closed,5/1/1987 4:00:00 AM,,2000,Gasoline,,
47560,Alaska,AK134,AK134_6,Closed,5/1/1987 4:00:00 AM,,2000,Gasoline,,
47561,Alaska,AK134,AK134_7,Closed,5/1/1987 4:00:00 AM,,2000,Diesel,,
47562,Alaska,AK134,AK134_8,Closed,5/1/1987 4:00:00 AM,,6000,Gasoline,,
47563,Alaska,AK231,AK231_5,Closed,5/1/1987 4:00:00 AM,,500,Diesel,,
47564,Alaska,AK388,AK388_1,Open,4/23/1987 4:00:00 AM,,8000,Gasoline,,
47565,Alaska,AK388,AK388_2,Open,4/23/1987 4:00:00 AM,,5000,Diesel,,
47566,Alaska,AK2537,AK2537_1,Closed,4/1/1987 5:00:00 AM,,4000,Gasoline,,
47567,Alaska,AK2537,AK2537_2,Closed,4/1/1987 5:00:00 AM,,4000,Gasoline,,
47568,Alaska,AK2537,AK2537_3,Closed,4/1/1987 5:00:00 AM,,4000,Diesel,,
47569,Alaska,AK1503,AK1503_4,Closed,3/27/1987 5:00:00 AM,,500,Used Oil,,
47570,Alaska,AK63,AK63_1,Open,3/27/1987 5:00:00 AM,,12000,Gasoline,,
47571,Alaska,AK63,AK63_2,Open,3/27/1987 5:00:00 AM,,12000,Gasoline,,
47572,Alaska,AK63,AK63_3,Open,3/27/1987 5:00:00 AM,,12000,Gasoline,,
47573,Alaska,AK63,AK63_4,Open,3/27/1987 5:00:00 AM,,12000,Diesel,,
47574,Alaska,AK31,AK31_1,Closed,3/1/1987 5:00:00 AM,,8000,Gasoline,,
47575,Alaska,AK31,AK31_2,Closed,3/1/1987 5:00:00 AM,,8000,Gasoline,,
47576,Alaska,AK31,AK31_3,Closed,3/1/1987 5:00:00 AM,,4000,Diesel,,
47577,Alaska,AK31,AK31_4,Closed,3/1/1987 5:00:00 AM,,500,Used Oil,,
47578,Alaska,AK1936,AK1936_2,Closed,2/17/1987 5:00:00 AM,,1000,Gasoline,,
47579,Alaska,AK1272,AK1272_2,Closed,2/1/1987 5:00:00 AM,,500,Gasoline,,
47580,Alaska,AK280,AK280_1,Closed,1/22/1987 5:00:00 AM,,5000,Diesel,,
47581,Alaska,AK280,AK280_2,Closed,1/22/1987 5:00:00 AM,,5000,Gasoline,,
47582,Alaska,AK104,AK104_60,Closed,1/1/1987 5:00:00 AM,,500,Used Oil,,
47583,Alaska,AK104,AK104_64,Closed,1/1/1987 5:00:00 AM,,500,Used Oil,,
47584,Alaska,AK1296,AK1296_2,Closed,1/1/1987 5:00:00 AM,,12000,Diesel,,
47585,Alaska,AK1296,AK1296_3,Closed,1/1/1987 5:00:00 AM,,12000,Diesel,,
47586,Alaska,AK1338,AK1338_6,Closed,1/1/1987 5:00:00 AM,,1000,Gasoline,,
47587,Alaska,AK1501,AK1501_3,Closed,1/1/1987 5:00:00 AM,,5000,Diesel,,
47588,Alaska,AK2198,AK2198_1,Closed,1/1/1987 5:00:00 AM,,1000,Diesel,,
47589,Alaska,AK2202,AK2202_1,Closed,1/1/1987 5:00:00 AM,,5000,Diesel,,
47590,Alaska,AK2202,AK2202_2,Closed,1/1/1987 5:00:00 AM,,5000,Gasoline,,
47591,Alaska,AK2202,AK2202_4,Closed,1/1/1987 5:00:00 AM,,300,Used Oil,,
47592,Alaska,AK2362,AK2362_1,Closed,1/1/1987 5:00:00 AM,,4000,Gasoline,,
47593,Alaska,AK2362,AK2362_2,Closed,1/1/1987 5:00:00 AM,,4000,Gasoline,,
47594,Alaska,AK2362,AK2362_3,Closed,1/1/1987 5:00:00 AM,,2000,Diesel,,
47595,Alaska,AK2367,AK2367_1,Closed,1/1/1987 5:00:00 AM,,2000,Gasoline,,
47596,Alaska,AK2367,AK2367_2,Closed,1/1/1987 5:00:00 AM,,2000,Gasoline,,
47597,Alaska,AK2373,AK2373_1,Closed,1/1/1987 5:00:00 AM,,10000,Gasoline,,
47598,Alaska,AK2373,AK2373_2,Closed,1/1/1987 5:00:00 AM,,10000,Gasoline,,
47599,Alaska,AK2373,AK2373_3,Closed,1/1/1987 5:00:00 AM,,10000,Gasoline,,
47600,Alaska,AK2430,AK2430_2,Closed,1/1/1987 5:00:00 AM,,7000,Diesel,,
47601,Alaska,AK2480,AK2480_1,Closed,1/1/1987 5:00:00 AM,,2000,Gasoline,,
47602,Alaska,AK2557,AK2557_1,Closed,1/1/1987 5:00:00 AM,,2200,Diesel,,
47603,Alaska,AK2557,AK2557_2,Closed,1/1/1987 5:00:00 AM,,2200,Gasoline,,
47604,Alaska,AK2557,AK2557_3,Open,1/1/1987 5:00:00 AM,,30000,Diesel,,
47605,Alaska,AK2557,AK2557_4,Open,1/1/1987 5:00:00 AM,,30000,Diesel,,
47606,Alaska,AK2739,AK2739_2,Closed,1/1/1987 5:00:00 AM,,500,Diesel,,
47607,Alaska,AK280,AK280_3,Closed,1/1/1987 5:00:00 AM,,4000,Gasoline,,
47608,Alaska,AK2950,AK2950_1,Closed,1/1/1987 5:00:00 AM,,1500,Gasoline,,
47609,Alaska,AK3010,AK3010_1,Closed,1/1/1987 5:00:00 AM,,1500,Gasoline,,
47610,Alaska,AK3059,AK3059_1,Open,1/1/1987 5:00:00 AM,,1000,Diesel,,
47611,Alaska,AK3084,AK3084_1,Closed,1/1/1987 5:00:00 AM,,1000,Diesel,,
47612,Alaska,AK3218,AK3218_1,Closed,1/1/1987 5:00:00 AM,,500,Diesel,,
47613,Alaska,AK364,AK364_2,Closed,1/1/1987 5:00:00 AM,,3000,Diesel,,
47614,Alaska,AK74,AK74_9,Closed,1/1/1987 5:00:00 AM,,1000,Used Oil,,
47615,Alaska,AK901,AK901_42,Closed,1/1/1987 5:00:00 AM,,550,Diesel,,
47616,Alaska,AK94,AK94_5,Closed,1/1/1987 5:00:00 AM,,300,Used Oil,,
47617,Alaska,AK1770,AK1770_1,Closed,12/26/1986 5:00:00 AM,,300,Used Oil,,
47618,Alaska,AK817,AK817_8,Closed,12/19/1986 5:00:00 AM,,20000,Diesel,,
47619,Alaska,AK1978,AK1978_1,Closed,12/13/1986 5:00:00 AM,,675,Diesel,,
47620,Alaska,AK1978,AK1978_2,Closed,12/13/1986 5:00:00 AM,,675,Gasoline,,
47621,Alaska,AK1978,AK1978_3,Closed,12/13/1986 5:00:00 AM,,425,Gasoline,,
47622,Alaska,AK2471,AK2471_1,Closed,12/1/1986 5:00:00 AM,,6000,Gasoline,,
47623,Alaska,AK583,AK583_3,Closed,11/26/1986 5:00:00 AM,,10000,Gasoline,,
47624,Alaska,AK583,AK583_4,Closed,11/26/1986 5:00:00 AM,,10000,Gasoline,,
47625,Alaska,AK824,AK824_1,Closed,11/15/1986 5:00:00 AM,,4000,Diesel,,
47626,Alaska,AK824,AK824_2,Closed,11/15/1986 5:00:00 AM,,4000,Diesel,,
47627,Alaska,AK824,AK824_3,Closed,11/15/1986 5:00:00 AM,,3000,Used Oil,,
47628,Alaska,AK2713,AK2713_1,Open,10/10/1986 4:00:00 AM,,12000,Gasoline,,
47629,Alaska,AK2713,AK2713_2,Open,10/10/1986 4:00:00 AM,,12000,Gasoline,,
47630,Alaska,AK1949,AK1949_1,Closed,10/9/1986 4:00:00 AM,,2000,Gasoline,,
47631,Alaska,AK1603,AK1603_1,Closed,10/8/1986 4:00:00 AM,,10000,Gasoline,,
47632,Alaska,AK1603,AK1603_2,Closed,10/8/1986 4:00:00 AM,,6000,Gasoline,,
47633,Alaska,AK1603,AK1603_3,Closed,10/8/1986 4:00:00 AM,,4000,Diesel,,
47634,Alaska,AK1603,AK1603_4,Closed,10/8/1986 4:00:00 AM,,2000,Diesel,,
47635,Alaska,AK523,AK523_1,Closed,10/6/1986 4:00:00 AM,,10000,Gasoline,,
47636,Alaska,AK523,AK523_2,Closed,10/6/1986 4:00:00 AM,,10000,Gasoline,,
47637,Alaska,AK523,AK523_3,Closed,10/6/1986 4:00:00 AM,,8000,Gasoline,,
47638,Alaska,AK523,AK523_4,Closed,10/6/1986 4:00:00 AM,,8000,Diesel,,
47639,Alaska,AK523,AK523_5,Closed,10/6/1986 4:00:00 AM,,1000,Used Oil,,
47640,Alaska,AK1252,AK1252_1,Closed,10/1/1986 4:00:00 AM,,500,Gasoline,,
47641,Alaska,AK2187,AK2187_3,Closed,10/1/1986 4:00:00 AM,,10000,Gasoline,,
47642,Alaska,AK2187,AK2187_4,Closed,10/1/1986 4:00:00 AM,,1000,Gasoline,,
47643,Alaska,AK238,AK238_2,Closed,10/1/1986 4:00:00 AM,,1000,Diesel,,
47644,Alaska,AK2401,AK2401_1,Closed,10/1/1986 4:00:00 AM,,15000,Gasoline,,
47645,Alaska,AK2401,AK2401_2,Closed,10/1/1986 4:00:00 AM,,15000,Diesel,,
47646,Alaska,AK2401,AK2401_3,Closed,10/1/1986 4:00:00 AM,,15000,Gasoline,,
47647,Alaska,AK743,AK743_1,Closed,9/19/1986 4:00:00 AM,,10000,Gasoline,,
47648,Alaska,AK743,AK743_2,Closed,9/19/1986 4:00:00 AM,,10000,Gasoline,,
47649,Alaska,AK743,AK743_3,Closed,9/19/1986 4:00:00 AM,,5000,Diesel,,
47650,Alaska,AK746,AK746_1,Closed,9/19/1986 4:00:00 AM,,10000,Gasoline,,
47651,Alaska,AK746,AK746_2,Closed,9/19/1986 4:00:00 AM,,10000,Gasoline,,
47652,Alaska,AK746,AK746_3,Closed,9/19/1986 4:00:00 AM,,5000,Gasoline,,
47653,Alaska,AK1242,AK1242_1,Closed,9/12/1986 4:00:00 AM,,12000,Gasoline,,
47654,Alaska,AK1242,AK1242_2,Closed,9/12/1986 4:00:00 AM,,10000,Gasoline,,
47655,Alaska,AK1242,AK1242_3,Closed,9/12/1986 4:00:00 AM,,10000,Gasoline,,
47656,Alaska,AK1242,AK1242_4,Closed,9/12/1986 4:00:00 AM,,8000,Diesel,,
47657,Alaska,AK1242,AK1242_5,Closed,9/12/1986 4:00:00 AM,,550,Used Oil,,
47658,Alaska,AK1957,AK1957_2,Closed,9/11/1986 4:00:00 AM,,500,Gasoline,,
47659,Alaska,AK1691,AK1691_3,Closed,9/1/1986 4:00:00 AM,,2000,Diesel,,
47660,Alaska,AK2409,AK2409_1,Closed,9/1/1986 4:00:00 AM,,10000,Gasoline,,
47661,Alaska,AK2409,AK2409_2,Closed,9/1/1986 4:00:00 AM,,10000,Gasoline,,
47662,Alaska,AK998,AK998_32,Closed,9/1/1986 4:00:00 AM,,700,Kerosene,,
47663,Alaska,AK34,AK34_1,Closed,8/22/1986 4:00:00 AM,,10000,Gasoline,,
47664,Alaska,AK34,AK34_2,Closed,8/22/1986 4:00:00 AM,,10000,Gasoline,,
47665,Alaska,AK1243,AK1243_1,Closed,8/15/1986 4:00:00 AM,,3000,Diesel,,
47666,Alaska,AK592,AK592_2,Closed,8/10/1986 4:00:00 AM,,12000,Gasoline,,
47667,Alaska,AK592,AK592_3,Closed,8/10/1986 4:00:00 AM,,12000,Gasoline,,
47668,Alaska,AK592,AK592_4,Closed,8/10/1986 4:00:00 AM,,550,Used Oil,,
47669,Alaska,AK1913,AK1913_2,Closed,8/2/1986 4:00:00 AM,,2000,Diesel,,
47670,Alaska,AK1913,AK1913_3,Closed,8/2/1986 4:00:00 AM,,2000,Gasoline,,
47671,Alaska,AK1298,AK1298_1,Closed,8/1/1986 4:00:00 AM,,2000,Diesel,,
47672,Alaska,AK1298,AK1298_2,Closed,8/1/1986 4:00:00 AM,,12000,Gasoline,,
47673,Alaska,AK231,AK231_1,Closed,8/1/1986 4:00:00 AM,,3000,Gasoline,,
47674,Alaska,AK231,AK231_2,Closed,8/1/1986 4:00:00 AM,,3000,Gasoline,,
47675,Alaska,AK231,AK231_3,Closed,8/1/1986 4:00:00 AM,,4000,Diesel,,
47676,Alaska,AK231,AK231_4,Closed,8/1/1986 4:00:00 AM,,2000,Used Oil,,
47677,Alaska,AK2474,AK2474_1,Closed,8/1/1986 4:00:00 AM,,12000,Gasoline,,
47678,Alaska,AK2474,AK2474_2,Closed,8/1/1986 4:00:00 AM,,12000,Gasoline,,
47679,Alaska,AK2474,AK2474_3,Closed,8/1/1986 4:00:00 AM,,12000,Gasoline,,
47680,Alaska,AK2474,AK2474_4,Closed,8/1/1986 4:00:00 AM,,6000,Used Oil,,
47681,Alaska,AK2474,AK2474_5,Closed,8/1/1986 4:00:00 AM,,3000,Used Oil,,
47682,Alaska,AK2474,AK2474_6,Closed,8/1/1986 4:00:00 AM,,3000,Used Oil,,
47683,Alaska,AK2538,AK2538_1,Closed,8/1/1986 4:00:00 AM,,999,Gasoline,,
47684,Alaska,AK585,AK585_1,Open,8/1/1986 4:00:00 AM,,20000,Diesel,,
47685,Alaska,AK585,AK585_10,Open,8/1/1986 4:00:00 AM,,6000,Hazardous Substance,,
47686,Alaska,AK585,AK585_11,Closed,8/1/1986 4:00:00 AM,,20000,Diesel,,
47687,Alaska,AK585,AK585_12,Closed,8/1/1986 4:00:00 AM,,20000,Diesel,,
47688,Alaska,AK585,AK585_2,Closed,8/1/1986 4:00:00 AM,,2000,Gasoline,,
47689,Alaska,AK585,AK585_3,Closed,8/1/1986 4:00:00 AM,,2000,Diesel,,
47690,Alaska,AK585,AK585_4,Closed,8/1/1986 4:00:00 AM,,500,Used Oil,,
47691,Alaska,AK585,AK585_5,Open,8/1/1986 4:00:00 AM,,6000,Used Oil,,
47692,Alaska,AK585,AK585_6,Closed,8/1/1986 4:00:00 AM,,600,Other,,
47693,Alaska,AK585,AK585_7,Closed,8/1/1986 4:00:00 AM,,600,Kerosene,,
47694,Alaska,AK585,AK585_8,Open,8/1/1986 4:00:00 AM,,6000,Used Oil,,
47695,Alaska,AK585,AK585_9,Open,8/1/1986 4:00:00 AM,,6000,Used Oil,,
47696,Alaska,AK2510,AK2510_1,Closed,7/22/1986 4:00:00 AM,,1500,Gasoline,,
47697,Alaska,AK2510,AK2510_2,Closed,7/22/1986 4:00:00 AM,,1500,Gasoline,,
47698,Alaska,AK199,AK199_3,Closed,7/15/1986 4:00:00 AM,,1500,Diesel,,
47699,Alaska,AK2484,AK2484_1,Closed,7/15/1986 4:00:00 AM,,5000,Gasoline,,
47700,Alaska,AK2484,AK2484_2,Closed,7/15/1986 4:00:00 AM,,5000,Gasoline,,
47701,Alaska,AK2484,AK2484_3,Closed,7/15/1986 4:00:00 AM,,5000,Gasoline,,
47705,Alaska,AK2849,AK2849_1,Closed,6/1/1986 4:00:00 AM,,990,Diesel,,
47711,Alaska,AK2849,AK2849_2,Closed,6/1/1986 4:00:00 AM,,500,Gasoline,,
47715,Alaska,AK518,AK518_5,Closed,6/1/1986 4:00:00 AM,,1000,Used Oil,,
47740,Alaska,AK926,AK926_3,Open,6/1/1986 4:00:00 AM,,2000,Gasoline,,
47748,Alaska,AK926,AK926_4,Open,6/1/1986 4:00:00 AM,,10000,Diesel,,
47755,Alaska,AK926,AK926_5,Open,6/1/1986 4:00:00 AM,,10000,Gasoline,,
47763,Alaska,AK1721,AK1721_1,Closed,5/27/1986 4:00:00 AM,,3000,Gasoline,,
47771,Alaska,AK1034,AK1034_1,Closed,5/25/1986 4:00:00 AM,,2500,Gasoline,,
47779,Alaska,AK1943,AK1943_1,Closed,5/24/1986 4:00:00 AM,,3000,Diesel,,
47786,Alaska,AK1943,AK1943_2,Closed,5/24/1986 4:00:00 AM,,3000,Gasoline,,
48701,Alaska,AK954,AK954_1,Closed,5/8/1986 4:00:00 AM,,1000,Diesel,,
48705,Alaska,AK954,AK954_2,Closed,5/8/1986 4:00:00 AM,,1000,Gasoline,,
48709,Alaska,AK60,AK60_1,Closed,5/7/1986 4:00:00 AM,,15000,Gasoline,,
48714,Alaska,AK60,AK60_2,Closed,5/7/1986 4:00:00 AM,,15000,Gasoline,,
48718,Alaska,AK60,AK60_3,Closed,5/7/1986 4:00:00 AM,,10837,Gasoline,,
48722,Alaska,AK60,AK60_4,Closed,5/7/1986 4:00:00 AM,,15039,Diesel,,
48724,Alaska,AK1020,AK1020_6,Closed,5/6/1986 4:00:00 AM,,300,Diesel,,
48731,Alaska,AK179,AK179_3,Closed,5/6/1986 4:00:00 AM,,1000,Used Oil,,
48735,Alaska,AK414,AK414_1,Closed,5/5/1986 4:00:00 AM,,1500,Gasoline,,
48739,Alaska,AK454,AK454_1,Closed,5/2/1986 4:00:00 AM,,1000,Diesel,,
48743,Alaska,AK2923,AK2923_1,Closed,5/1/1986 4:00:00 AM,,5000,Gasoline,,
48747,Alaska,AK2923,AK2923_2,Closed,5/1/1986 4:00:00 AM,,5000,Gasoline,,
48751,Alaska,AK784,AK784_1,Closed,5/1/1986 4:00:00 AM,,10000,Gasoline,,
48755,Alaska,AK784,AK784_2,Closed,5/1/1986 4:00:00 AM,,10000,Gasoline,,
48759,Alaska,AK784,AK784_3,Closed,5/1/1986 4:00:00 AM,,10000,Gasoline,,
48762,Alaska,AK1404,AK1404_4,Open,8/4/1997 4:00:00 AM,,26000,Gasoline,,
48763,Alaska,AK1340,AK1340_4,Closed,4/25/1986 4:00:00 AM,,20000,Kerosene,,
48766,Alaska,AK3046,AK3046_1,Open,8/1/1997 4:00:00 AM,,15000,Gasoline,,
48767,Alaska,AK74,AK74_1,Closed,4/22/1986 4:00:00 AM,,10000,Gasoline,,
48770,Alaska,AK3046,AK3046_2,Open,8/1/1997 4:00:00 AM,,8000,Gasoline,,
48771,Alaska,AK74,AK74_2,Closed,4/22/1986 4:00:00 AM,,10000,Gasoline,,
48774,Alaska,AK3046,AK3046_3,Open,8/1/1997 4:00:00 AM,,8000,Diesel,,
48775,Alaska,AK74,AK74_3,Closed,4/22/1986 4:00:00 AM,,10000,Gasoline,,
48778,Alaska,AK3118,AK3118_1,Open,8/1/1997 4:00:00 AM,,26000,Gasoline,,
48782,Alaska,AK3546,AK3546_3,Closed,8/1/1997 4:00:00 AM,,300,Gasoline,,
48786,Alaska,AK39,AK39_4,Open,8/1/1997 4:00:00 AM,,3000,Diesel,,
49616,Alaska,AK872,AK872_3,Closed,5/6/1963 4:00:00 AM,,1000,Diesel,,
49617,Alaska,AK1480,AK1480_2,Closed,5/3/1963 4:00:00 AM,,1000,Gasoline,,
49618,Alaska,AK1480,AK1480_3,Closed,5/3/1963 4:00:00 AM,,1000,Gasoline,,
49619,Alaska,AK1460,AK1460_1,Closed,5/1/1963 4:00:00 AM,,12000,Gasoline,,
49620,Alaska,AK2527,AK2527_2,Closed,7/1/1973 4:00:00 AM,,12000,Gasoline,,
49621,Alaska,AK2771,AK2771_1,Closed,,,1000,Gasoline,,
49622,Alaska,AK2527,AK2527_3,Closed,7/1/1973 4:00:00 AM,,12000,Gasoline,,
49623,Alaska,AK2775,AK2775_1,Closed,,,450,Gasoline,,
49624,Alaska,AK1762,AK1762_2,Closed,6/24/1973 4:00:00 AM,,250,Diesel,,
49625,Alaska,AK2777,AK2777_1,Closed,,,1000,Used Oil,,
49626,Alaska,AK2127,AK2127_2,Closed,6/1/1973 4:00:00 AM,,2000,Gasoline,,
49627,Alaska,AK2780,AK2780_1,Closed,,,2000,Diesel,,
49628,Alaska,AK2127,AK2127_3,Closed,6/1/1973 4:00:00 AM,,500,Gasoline,,
49629,Alaska,AK470,AK470_1,Closed,4/1/1986 5:00:00 AM,,1000,Gasoline,,
49630,Alaska,AK2324,AK2324_1,Closed,6/1/1973 4:00:00 AM,,3000,Diesel,,
49631,Alaska,AK470,AK470_2,Closed,4/1/1986 5:00:00 AM,,1000,Diesel,,
49632,Alaska,AK2324,AK2324_2,Closed,6/1/1973 4:00:00 AM,,2000,Gasoline,,
49633,Alaska,AK2607,AK2607_1,Closed,,,1000,Gasoline,,
49634,Alaska,AK1382,AK1382_4,Closed,3/26/1986 5:00:00 AM,,1000,Gasoline,,
49635,Alaska,AK2324,AK2324_3,Closed,6/1/1973 4:00:00 AM,,2000,Gasoline,,
49636,Alaska,AK1530,AK1530_1,Closed,3/26/1986 5:00:00 AM,,2000,Gasoline,,
49637,Alaska,AK2324,AK2324_4,Closed,6/1/1973 4:00:00 AM,,6000,Gasoline,,
49638,Alaska,AK130,AK130_1,Open,3/25/1986 5:00:00 AM,,10000,Gasoline,,
49639,Alaska,AK2324,AK2324_5,Closed,6/1/1973 4:00:00 AM,,1000,Used Oil,,
49640,Alaska,AK1530,AK1530_2,Closed,3/1/1986 5:00:00 AM,,10000,Diesel,,
49641,Alaska,AK466,AK466_2,Closed,6/1/1973 4:00:00 AM,,3000,Gasoline,,
49642,Alaska,AK1714,AK1714_2,Closed,2/27/1986 5:00:00 AM,,10000,Gasoline,,
49643,Alaska,AK572,AK572_1,Closed,6/1/1973 4:00:00 AM,,500,Gasoline,,
49644,Alaska,AK903,AK903_1,Closed,2/24/1986 5:00:00 AM,,550,Used Oil,,
49645,Alaska,AK572,AK572_2,Closed,6/1/1973 4:00:00 AM,,300,Gasoline,,
49646,Alaska,AK903,AK903_2,Closed,2/24/1986 5:00:00 AM,,12000,Gasoline,,
49647,Alaska,AK642,AK642_2,Closed,5/30/1973 4:00:00 AM,,10000,Gasoline,,
49648,Alaska,AK903,AK903_3,Closed,2/24/1986 5:00:00 AM,,10000,Gasoline,,
49649,Alaska,AK2285,AK2285_1,Closed,1/1/1963 5:00:00 AM,,4000,Gasoline,,
49650,Alaska,AK903,AK903_4,Closed,2/24/1986 5:00:00 AM,,10000,Gasoline,,
49651,Alaska,AK2285,AK2285_2,Closed,1/1/1963 5:00:00 AM,,4000,Gasoline,,
49652,Alaska,AK903,AK903_5,Closed,2/24/1986 5:00:00 AM,,8000,Diesel,,
49653,Alaska,AK2285,AK2285_3,Closed,1/1/1963 5:00:00 AM,,2000,Gasoline,,
49654,Alaska,AK386,AK386_2,Closed,2/21/1986 5:00:00 AM,,3000,Gasoline,,
49655,Alaska,AK2285,AK2285_4,Closed,1/1/1963 5:00:00 AM,,1000,Used Oil,,
49656,Alaska,AK2139,AK2139_2,Closed,2/1/1986 5:00:00 AM,,1000,Gasoline,,
49657,Alaska,AK351,AK351_1,Closed,1/1/1963 5:00:00 AM,,1000,Gasoline,,
49658,Alaska,AK2139,AK2139_3,Closed,2/1/1986 5:00:00 AM,,1000,Gasoline,,
49659,Alaska,AK2001,AK2001_1,Closed,7/24/1962 4:00:00 AM,,10000,Diesel,,
49660,Alaska,AK655,AK655_1,Closed,1/12/1986 5:00:00 AM,,500,Diesel,,
49661,Alaska,AK1487,AK1487_2,Closed,8/28/1982 4:00:00 AM,,1000,Diesel,,
49662,Alaska,AK2914,AK2914_1,Closed,1/10/1986 5:00:00 AM,,1500,Gasoline,,
49663,Alaska,AK1489,AK1489_1,Closed,8/28/1982 4:00:00 AM,,1500,Diesel,,
49664,Alaska,AK1082,AK1082_1,Closed,1/1/1986 5:00:00 AM,,5000,Used Oil,,
49665,Alaska,AK2001,AK2001_2,Closed,7/24/1962 4:00:00 AM,,1000,Gasoline,,
49666,Alaska,AK1082,AK1082_2,Closed,1/1/1986 5:00:00 AM,,5000,Used Oil,,
49667,Alaska,AK353,AK353_1,Closed,6/26/1962 4:00:00 AM,,1000,Gasoline,,
49668,Alaska,AK1082,AK1082_3,Closed,1/1/1986 5:00:00 AM,,7000,Used Oil,,
49669,Alaska,AK1415,AK1415_2,Closed,8/1/1982 4:00:00 AM,,12000,Gasoline,,
49670,Alaska,AK1082,AK1082_4,Closed,1/1/1986 5:00:00 AM,,5000,Used Oil,,
49671,Alaska,AK353,AK353_2,Closed,6/26/1962 4:00:00 AM,,1000,Gasoline,,
49672,Alaska,AK126,AK126_1,Closed,1/1/1986 5:00:00 AM,,7000,Used Oil,,
49673,Alaska,AK246,AK246_1,Closed,6/7/1962 4:00:00 AM,,1000,Gasoline,,
49674,Alaska,AK1387,AK1387_5,Closed,1/1/1986 5:00:00 AM,,1100,Diesel,,
49675,Alaska,AK968,AK968_1,Closed,7/25/1982 4:00:00 AM,,1000,Diesel,,
49676,Alaska,AK1387,AK1387_7,Closed,1/1/1986 5:00:00 AM,,500,Diesel,,
49677,Alaska,AK2023,AK2023_1,Closed,6/1/1962 4:00:00 AM,,550,Gasoline,,
49678,Alaska,AK1474,AK1474_1,Closed,1/1/1986 5:00:00 AM,,10000,Used Oil,,
49679,Alaska,AK968,AK968_2,Closed,7/25/1982 4:00:00 AM,,1000,Gasoline,,
49680,Alaska,AK1485,AK1485_1,Closed,5/8/1962 4:00:00 AM,,5000,Diesel,,
49681,Alaska,AK1474,AK1474_2,Closed,1/1/1986 5:00:00 AM,,10000,Used Oil,,
49682,Alaska,AK3066,AK3066_1,Closed,1/1/1979 5:00:00 AM,,150,Diesel,,
49683,Alaska,AK292,AK292_1,Closed,4/19/1963 4:00:00 AM,,2000,Gasoline,,
49684,Alaska,AK1631,AK1631_1,Closed,5/8/1962 4:00:00 AM,,2000,Gasoline,,
49685,Alaska,AK3066,AK3066_2,Closed,1/1/1979 5:00:00 AM,,1000,Diesel,,
49686,Alaska,AK292,AK292_3,Closed,4/19/1963 4:00:00 AM,,2000,Used Oil,,
49687,Alaska,AK1631,AK1631_2,Closed,5/8/1962 4:00:00 AM,,3000,Gasoline,,
49688,Alaska,AK3295,AK3295_1,Closed,1/1/1979 5:00:00 AM,,600,Used Oil,,
49689,Alaska,AK1427,AK1427_1,Closed,2/15/1963 5:00:00 AM,,550,Used Oil,,
49690,Alaska,AK1411,AK1411_3,Closed,7/1/1982 4:00:00 AM,,1500,Diesel,,
49691,Alaska,AK87,AK87_1,Closed,1/1/1979 5:00:00 AM,,1000,Diesel,,
49692,Alaska,AK1427,AK1427_2,Closed,2/15/1963 5:00:00 AM,,4000,Gasoline,,
49693,Alaska,AK1631,AK1631_3,Closed,5/8/1962 4:00:00 AM,,2000,Gasoline,,
49694,Alaska,AK901,AK901_1,Closed,1/1/1979 5:00:00 AM,,300,Used Oil,,
49695,Alaska,AK2540,AK2540_4,Closed,9/1/1982 4:00:00 AM,,6000,Diesel,,
49696,Alaska,AK1411,AK1411_4,Closed,7/1/1982 4:00:00 AM,,2000,Diesel,,
49697,Alaska,AK901,AK901_4,Closed,1/1/1979 5:00:00 AM,,300,Used Oil,,
49698,Alaska,AK2479,AK2479_2,Closed,5/1/1979 4:00:00 AM,,1000,Diesel,,
49699,Alaska,AK458,AK458_2,Closed,4/18/1986 4:00:00 AM,,550,Gasoline,,
49700,Alaska,AK1631,AK1631_4,Closed,5/8/1962 4:00:00 AM,,3000,Gasoline,,
49701,Alaska,AK2540,AK2540_1,Closed,9/1/1982 4:00:00 AM,,6000,Gasoline,,
49702,Alaska,AK998,AK998_60,Closed,1/1/1979 5:00:00 AM,,20000,Kerosene,,
49703,Alaska,AK1427,AK1427_4,Closed,2/15/1963 5:00:00 AM,,4000,Gasoline,,
49704,Alaska,AK1287,AK1287_1,Closed,5/6/1962 4:00:00 AM,,1000,Gasoline,,
49705,Alaska,AK2477,AK2477_2,Closed,12/1/1978 5:00:00 AM,,8000,Gasoline,,
49706,Alaska,AK2841,AK2841_1,Closed,6/1/1978 4:00:00 AM,,1500,Gasoline,,
49707,Alaska,AK760,AK760_1,Closed,5/6/1962 4:00:00 AM,,500,Gasoline,,
49708,Alaska,AK800,AK800_1,Closed,10/31/1978 5:00:00 AM,,10000,Gasoline,,
49709,Alaska,AK1427,AK1427_5,Closed,2/15/1963 5:00:00 AM,,4000,Gasoline,,
49710,Alaska,AK1411,AK1411_6,Closed,7/1/1982 4:00:00 AM,,500,Used Oil,,
49711,Alaska,AK800,AK800_2,Closed,10/31/1978 5:00:00 AM,,10000,Gasoline,,
49712,Alaska,AK879,AK879_1,Closed,5/23/1978 4:00:00 AM,,4000,Diesel,,
49713,Alaska,AK584,AK584_2,Closed,4/30/1962 4:00:00 AM,,7518,Gasoline,,
49714,Alaska,AK1950,AK1950_2,Closed,10/11/1978 4:00:00 AM,,4000,Gasoline,,
49715,Alaska,AK1869,AK1869_3,Closed,1/21/1963 5:00:00 AM,,10000,Diesel,,
49716,Alaska,AK2295,AK2295_1,Closed,7/1/1982 4:00:00 AM,,3000,Gasoline,,
49717,Alaska,AK2892,AK2892_1,Closed,10/10/1978 4:00:00 AM,,5000,Diesel,,
49718,Alaska,AK879,AK879_2,Closed,5/23/1978 4:00:00 AM,,2400,Gasoline,,
49719,Alaska,AK24,AK24_1,Closed,4/22/1962 4:00:00 AM,,1000,Used Oil,,
49720,Alaska,AK2477,AK2477_1,Closed,10/1/1978 4:00:00 AM,,8000,Gasoline,,
49721,Alaska,AK1111,AK1111_2,Closed,1/1/1963 5:00:00 AM,,50000,Diesel,,
49722,Alaska,AK24,AK24_6,Closed,4/22/1962 4:00:00 AM,,5000,Gasoline,,
49723,Alaska,AK2647,AK2647_1,Closed,10/1/1978 4:00:00 AM,,1000,Gasoline,,
49724,Alaska,AK1784,AK1784_1,Closed,1/1/1986 5:00:00 AM,,10000,Gasoline,,
49725,Alaska,AK1121,AK1121_1,Closed,5/21/1978 4:00:00 AM,,10000,Diesel,,
49726,Alaska,AK1443,AK1443_5,Closed,4/9/1962 4:00:00 AM,,2000,Diesel,,
49727,Alaska,AK595,AK595_5,Closed,9/12/1978 4:00:00 AM,,300,Used Oil,,
49728,Alaska,AK1784,AK1784_2,Closed,1/1/1986 5:00:00 AM,,10000,Gasoline,,
49729,Alaska,AK1501,AK1501_4,Closed,1/1/1963 5:00:00 AM,,4000,Diesel,,
49730,Alaska,AK2295,AK2295_2,Closed,7/1/1982 4:00:00 AM,,3000,Gasoline,,
49731,Alaska,AK1896,AK1896_2,Closed,9/1/1978 4:00:00 AM,,12000,Gasoline,,
49732,Alaska,AK1784,AK1784_3,Closed,1/1/1986 5:00:00 AM,,10000,Gasoline,,
49733,Alaska,AK1121,AK1121_2,Closed,5/21/1978 4:00:00 AM,,10000,Gasoline,,
49734,Alaska,AK1443,AK1443_6,Closed,4/9/1962 4:00:00 AM,,3000,Diesel,,
49735,Alaska,AK2531,AK2531_1,Closed,8/1/1978 4:00:00 AM,,500,Gasoline,,
49736,Alaska,AK1815,AK1815_1,Closed,1/1/1986 5:00:00 AM,,500,Gasoline,,
49737,Alaska,AK1856,AK1856_1,Closed,1/1/1963 5:00:00 AM,,10000,Gasoline,,
49738,Alaska,AK2360,AK2360_1,Closed,7/1/1982 4:00:00 AM,,480,Gasoline,,
49739,Alaska,AK466,AK466_1,Closed,8/1/1978 4:00:00 AM,,3000,Gasoline,,
49740,Alaska,AK1865,AK1865_1,Closed,1/1/1986 5:00:00 AM,,500,Diesel,,
49741,Alaska,AK497,AK497_1,Closed,5/19/1978 4:00:00 AM,,500,Gasoline,,
49742,Alaska,AK1011,AK1011_1,Closed,4/1/1962 5:00:00 AM,,2000,Gasoline,,
49743,Alaska,AK243,AK243_1,Closed,7/31/1978 4:00:00 AM,,2000,Gasoline,,
49744,Alaska,AK1871,AK1871_1,Closed,1/1/1986 5:00:00 AM,,500,Diesel,,
49745,Alaska,AK2192,AK2192_1,Closed,1/1/1963 5:00:00 AM,,1500,Diesel,,
49746,Alaska,AK2360,AK2360_2,Closed,7/1/1982 4:00:00 AM,,480,Gasoline,,
49747,Alaska,AK413,AK413_1,Closed,7/10/1978 4:00:00 AM,,4000,Gasoline,,
49748,Alaska,AK1992,AK1992_1,Closed,1/1/1986 5:00:00 AM,,1000,Diesel,,
49749,Alaska,AK826,AK826_1,Closed,5/12/1978 4:00:00 AM,,1500,Gasoline,,
49750,Alaska,AK910,AK910_1,Closed,3/21/1962 5:00:00 AM,,1000,Used Oil,,
49751,Alaska,AK413,AK413_2,Closed,7/10/1978 4:00:00 AM,,3000,Gasoline,,
49752,Alaska,AK1992,AK1992_2,Closed,1/1/1986 5:00:00 AM,,840,Gasoline,,
49753,Alaska,AK1424,AK1424_1,Closed,5/11/1978 4:00:00 AM,,450,Gasoline,,
49754,Alaska,AK2360,AK2360_3,Closed,7/1/1982 4:00:00 AM,,1000,Gasoline,,
49755,Alaska,AK134,AK134_2,Closed,3/17/1962 5:00:00 AM,,1100,Diesel,,
49756,Alaska,AK2360,AK2360_4,Closed,7/1/1982 4:00:00 AM,,480,Gasoline,,
49757,Alaska,AK360,AK360_2,Closed,3/15/1962 5:00:00 AM,,550,Diesel,,
49758,Alaska,AK2476,AK2476_1,Closed,7/1/1982 4:00:00 AM,,500,Gasoline,,
49759,Alaska,AK1330,AK1330_1,Closed,2/24/1962 5:00:00 AM,,5000,Gasoline,,
49760,Alaska,AK2476,AK2476_2,Closed,7/1/1982 4:00:00 AM,,500,Gasoline,,
49761,Alaska,AK1330,AK1330_2,Closed,2/24/1962 5:00:00 AM,,1000,Diesel,,
49762,Alaska,AK2848,AK2848_1,Closed,7/1/1982 4:00:00 AM,,5000,Gasoline,,
49763,Alaska,AK1330,AK1330_3,Closed,2/24/1962 5:00:00 AM,,1000,Diesel,,
49764,Alaska,AK2848,AK2848_2,Closed,7/1/1982 4:00:00 AM,,1000,Diesel,,
49765,Alaska,AK1406,AK1406_1,Closed,2/24/1962 5:00:00 AM,,1000,Gasoline,,
49766,Alaska,AK2848,AK2848_3,Closed,7/1/1982 4:00:00 AM,,5000,Gasoline,,
49767,Alaska,AK1330,AK1330_4,Closed,2/1/1962 5:00:00 AM,,550,Diesel,,
49768,Alaska,AK3240,AK3240_1,Closed,7/1/1982 4:00:00 AM,,5000,Diesel,,
49769,Alaska,AK1387,AK1387_6,Closed,1/16/1962 5:00:00 AM,,1100,Gasoline,,
49770,Alaska,AK1235,AK1235_4,Closed,6/23/1982 4:00:00 AM,,2000,Used Oil,,
49771,Alaska,AK857,AK857_23,Closed,1/16/1962 5:00:00 AM,,515,Gasoline,,
49772,Alaska,AK1724,AK1724_1,Closed,6/17/1982 4:00:00 AM,,1000,Gasoline,,
49773,Alaska,AK865,AK865_1,Closed,1/16/1962 5:00:00 AM,,500,Diesel,,
49774,Alaska,AK1724,AK1724_2,Closed,6/17/1982 4:00:00 AM,,1000,Diesel,,
49775,Alaska,AK970,AK970_1,Closed,6/11/1982 4:00:00 AM,,1000,Diesel,,
49776,Alaska,AK168,AK168_1,Closed,6/3/1982 4:00:00 AM,,1000,Diesel,,
49777,Alaska,AK1415,AK1415_1,Closed,6/1/1982 4:00:00 AM,,12000,Diesel,,
49778,Alaska,AK180,AK180_1,Closed,6/1/1982 4:00:00 AM,,12000,Gasoline,,
49779,Alaska,AK180,AK180_2,Closed,6/1/1982 4:00:00 AM,,12000,Gasoline,,
49780,Alaska,AK180,AK180_3,Closed,6/1/1982 4:00:00 AM,,5000,Diesel,,
49781,Alaska,AK2327,AK2327_2,Closed,6/1/1982 4:00:00 AM,,4000,Gasoline,,
49782,Alaska,AK2801,AK2801_1,Closed,6/1/1982 4:00:00 AM,,500,Gasoline,,
49783,Alaska,AK2903,AK2903_1,Closed,6/1/1982 4:00:00 AM,,2000,Diesel,,
49784,Alaska,AK2964,AK2964_1,Open,6/1/1982 4:00:00 AM,,10000,Diesel,,
49785,Alaska,AK1945,AK1945_1,Closed,5/24/1982 4:00:00 AM,,2500,Diesel,,
49786,Alaska,AK1945,AK1945_2,Closed,5/24/1982 4:00:00 AM,,2500,Gasoline,,
49787,Alaska,AK70,AK70_1,Closed,5/23/1982 4:00:00 AM,,10000,Diesel,,
49788,Alaska,AK70,AK70_2,Closed,5/23/1982 4:00:00 AM,,2500,Diesel,,
49789,Alaska,AK552,AK552_1,Closed,5/20/1982 4:00:00 AM,,8000,Diesel,,
49790,Alaska,AK724,AK724_1,Closed,5/19/1982 4:00:00 AM,,1000,Diesel,,
49791,Alaska,AK1204,AK1204_1,Closed,5/9/1982 4:00:00 AM,,5000,Diesel,,
49792,Alaska,AK1204,AK1204_2,Closed,5/9/1982 4:00:00 AM,,2000,Gasoline,,
49793,Alaska,AK1496,AK1496_1,Closed,5/8/1982 4:00:00 AM,,12000,Gasoline,,
49794,Alaska,AK1496,AK1496_2,Closed,5/8/1982 4:00:00 AM,,12000,Gasoline,,
49795,Alaska,AK1496,AK1496_3,Closed,5/8/1982 4:00:00 AM,,6000,Diesel,,
49796,Alaska,AK1522,AK1522_1,Closed,5/8/1982 4:00:00 AM,,3000,Diesel,,
49797,Alaska,AK160,AK160_1,Closed,5/8/1982 4:00:00 AM,,2000,Gasoline,,
49798,Alaska,AK303,AK303_1,Closed,5/8/1982 4:00:00 AM,,4000,Diesel,,
49799,Alaska,AK303,AK303_2,Closed,5/8/1982 4:00:00 AM,,3000,Gasoline,,
49800,Alaska,AK1210,AK1210_2,Closed,5/7/1982 4:00:00 AM,,1000,Diesel,,
49801,Alaska,AK1210,AK1210_3,Closed,5/7/1982 4:00:00 AM,,1500,Gasoline,,
49802,Alaska,AK1210,AK1210_4,Closed,5/7/1982 4:00:00 AM,,2000,Diesel,,
49803,Alaska,AK594,AK594_1,Closed,5/7/1982 4:00:00 AM,,3000,Gasoline,,
49804,Alaska,AK625,AK625_1,Closed,5/7/1982 4:00:00 AM,,10000,Diesel,,
49805,Alaska,AK625,AK625_2,Closed,5/7/1982 4:00:00 AM,,2500,Gasoline,,
49806,Alaska,AK672,AK672_2,Closed,5/7/1982 4:00:00 AM,,10000,Diesel,,
49807,Alaska,AK1341,AK1341_1,Closed,5/6/1982 4:00:00 AM,,1500,Gasoline,,
49808,Alaska,AK1630,AK1630_1,Closed,5/6/1982 4:00:00 AM,,2000,Gasoline,,
49809,Alaska,AK1630,AK1630_2,Closed,5/6/1982 4:00:00 AM,,2000,Gasoline,,
49810,Alaska,AK179,AK179_1,Closed,5/6/1982 4:00:00 AM,,1000,Gasoline,,
49811,Alaska,AK179,AK179_2,Closed,5/6/1982 4:00:00 AM,,1500,Diesel,,
49812,Alaska,AK1320,AK1320_1,Closed,5/5/1982 4:00:00 AM,,1000,Diesel,,
49813,Alaska,AK1639,AK1639_1,Closed,5/5/1982 4:00:00 AM,,1000,Gasoline,,
49814,Alaska,AK1639,AK1639_2,Closed,5/5/1982 4:00:00 AM,,1000,Diesel,,
49815,Alaska,AK1648,AK1648_1,Closed,5/5/1982 4:00:00 AM,,1000,Diesel,,
49816,Alaska,AK166,AK166_1,Closed,5/5/1982 4:00:00 AM,,500,Gasoline,,
49817,Alaska,AK174,AK174_1,Closed,5/5/1982 4:00:00 AM,,1000,Gasoline,,
49818,Alaska,AK416,AK416_1,Closed,5/5/1982 4:00:00 AM,,500,Gasoline,,
49819,Alaska,AK630,AK630_3,Closed,5/5/1982 4:00:00 AM,,6000,Diesel,,
49820,Alaska,AK67,AK67_1,Closed,5/5/1982 4:00:00 AM,,500,Gasoline,,
49821,Alaska,AK940,AK940_1,Closed,5/5/1982 4:00:00 AM,,2500,Diesel,,
49822,Alaska,AK940,AK940_2,Closed,5/5/1982 4:00:00 AM,,1500,Gasoline,,
49823,Alaska,AK163,AK163_1,Closed,5/3/1982 4:00:00 AM,,1000,Gasoline,,
49824,Alaska,AK169,AK169_1,Closed,5/2/1982 4:00:00 AM,,1000,Gasoline,,
49825,Alaska,AK169,AK169_2,Closed,5/2/1982 4:00:00 AM,,1000,Gasoline,,
49826,Alaska,AK1710,AK1710_1,Closed,5/2/1982 4:00:00 AM,,1000,Gasoline,,
49827,Alaska,AK1710,AK1710_2,Closed,5/2/1982 4:00:00 AM,,500,Gasoline,,
49828,Alaska,AK219,AK219_3,Closed,5/2/1982 4:00:00 AM,,4000,Gasoline,,
49829,Alaska,AK26,AK26_1,Closed,5/2/1982 4:00:00 AM,,1000,Gasoline,,
49830,Alaska,AK2743,AK2743_1,Closed,5/2/1982 4:00:00 AM,,10000,Diesel,,
49831,Alaska,AK2743,AK2743_2,Closed,5/2/1982 4:00:00 AM,,10000,Diesel,,
49832,Alaska,AK522,AK522_1,Closed,5/2/1982 4:00:00 AM,,10000,Diesel,,
49833,Alaska,AK522,AK522_2,Closed,5/2/1982 4:00:00 AM,,10000,Diesel,,
49834,Alaska,AK522,AK522_3,Closed,5/2/1982 4:00:00 AM,,5000,Diesel,,
49835,Alaska,AK522,AK522_4,Closed,5/2/1982 4:00:00 AM,,3000,Gasoline,,
49836,Alaska,AK522,AK522_5,Closed,5/2/1982 4:00:00 AM,,5000,Diesel,,
49837,Alaska,AK522,AK522_6,Closed,5/2/1982 4:00:00 AM,,1000,Used Oil,,
49838,Alaska,AK1395,AK1395_1,Closed,5/1/1982 4:00:00 AM,,2000,Gasoline,,
49839,Alaska,AK2351,AK2351_1,Closed,5/1/1982 4:00:00 AM,,700,Diesel,,
49840,Alaska,AK2527,AK2527_1,Closed,5/1/1982 4:00:00 AM,,8000,Diesel,,
49841,Alaska,AK2727,AK2727_1,Closed,5/1/1982 4:00:00 AM,,2000,Gasoline,,
49842,Alaska,AK2727,AK2727_2,Closed,5/1/1982 4:00:00 AM,,2000,Gasoline,,
49843,Alaska,AK2767,AK2767_1,Closed,5/1/1982 4:00:00 AM,,1000,Gasoline,,
49844,Alaska,AK433,AK433_1,Closed,5/1/1982 4:00:00 AM,,4000,Diesel,,
49845,Alaska,AK899,AK899_1,Closed,5/1/1982 4:00:00 AM,,3000,Gasoline,,
49846,Alaska,AK899,AK899_2,Closed,5/1/1982 4:00:00 AM,,3000,Diesel,,
49847,Alaska,AK899,AK899_3,Closed,5/1/1982 4:00:00 AM,,3000,Gasoline,,
49848,Alaska,AK1667,AK1667_1,Closed,4/30/1982 4:00:00 AM,,1000,Gasoline,,
49849,Alaska,AK1674,AK1674_1,Closed,4/30/1982 4:00:00 AM,,3000,Diesel,,
49850,Alaska,AK660,AK660_1,Closed,4/29/1982 4:00:00 AM,,2000,Gasoline,,
49851,Alaska,AK660,AK660_2,Closed,4/29/1982 4:00:00 AM,,4000,Diesel,,
49852,Alaska,AK1652,AK1652_1,Closed,4/28/1982 4:00:00 AM,,385,Diesel,,
49853,Alaska,AK1654,AK1654_1,Closed,4/28/1982 4:00:00 AM,,2000,Diesel,,
49854,Alaska,AK1654,AK1654_2,Closed,4/28/1982 4:00:00 AM,,2000,Gasoline,,
49855,Alaska,AK1656,AK1656_1,Closed,4/28/1982 4:00:00 AM,,385,Diesel,,
49856,Alaska,AK629,AK629_1,Closed,4/28/1982 4:00:00 AM,,500,Diesel,,
49857,Alaska,AK1348,AK1348_1,Closed,4/25/1982 4:00:00 AM,,5000,Gasoline,,
49858,Alaska,AK504,AK504_1,Closed,4/14/1986 4:00:00 AM,,1000,Gasoline,,
49859,Alaska,AK1348,AK1348_5,Closed,4/25/1982 4:00:00 AM,,5000,Diesel,,
49860,Alaska,AK841,AK841_1,Closed,4/25/1982 4:00:00 AM,,3000,Gasoline,,
49861,Alaska,AK841,AK841_2,Closed,4/25/1982 4:00:00 AM,,3000,Diesel,,
49862,Alaska,AK1690,AK1690_1,Closed,4/24/1982 4:00:00 AM,,1000,Gasoline,,
49863,Alaska,AK449,AK449_2,Closed,4/24/1982 4:00:00 AM,,1000,Used Oil,,
49864,Alaska,AK670,AK670_1,Closed,4/24/1982 4:00:00 AM,,500,Gasoline,,
49865,Alaska,AK1159,AK1159_1,Closed,4/23/1982 4:00:00 AM,,2000,Gasoline,,
49866,Alaska,AK391,AK391_1,Closed,4/23/1982 4:00:00 AM,,6000,Gasoline,,
49867,Alaska,AK564,AK564_1,Closed,4/23/1982 4:00:00 AM,,500,Used Oil,,
49868,Alaska,AK101,AK101_1,Closed,4/22/1982 4:00:00 AM,,12000,Gasoline,,
49869,Alaska,AK101,AK101_2,Closed,4/22/1982 4:00:00 AM,,12000,Gasoline,,
49870,Alaska,AK101,AK101_3,Closed,4/22/1982 4:00:00 AM,,12000,Diesel,,
49871,Alaska,AK101,AK101_4,Closed,4/22/1982 4:00:00 AM,,12000,Diesel,,
49872,Alaska,AK1772,AK1772_1,Closed,4/22/1982 4:00:00 AM,,10000,Gasoline,,
49873,Alaska,AK1772,AK1772_2,Closed,4/22/1982 4:00:00 AM,,10000,Gasoline,,
49874,Alaska,AK1772,AK1772_3,Closed,4/22/1982 4:00:00 AM,,10000,Gasoline,,
49875,Alaska,AK1772,AK1772_4,Closed,4/22/1982 4:00:00 AM,,10000,Diesel,,
49876,Alaska,AK1787,AK1787_1,Closed,4/20/1982 4:00:00 AM,,10000,Gasoline,,
49877,Alaska,AK1787,AK1787_2,Closed,4/20/1982 4:00:00 AM,,10000,Gasoline,,
49878,Alaska,AK1787,AK1787_3,Closed,4/20/1982 4:00:00 AM,,10000,Gasoline,,
49879,Alaska,AK1203,AK1203_1,Closed,4/16/1982 4:00:00 AM,,2000,Gasoline,,
49880,Alaska,AK1203,AK1203_2,Closed,4/16/1982 4:00:00 AM,,5000,Diesel,,
49881,Alaska,AK1306,AK1306_1,Closed,4/15/1982 4:00:00 AM,,1500,Gasoline,,
49882,Alaska,AK1306,AK1306_4,Closed,4/15/1982 4:00:00 AM,,2500,Used Oil,,
49883,Alaska,AK1306,AK1306_5,Closed,4/15/1982 4:00:00 AM,,550,Mixture,,
49884,Alaska,AK1777,AK1777_2,Closed,4/11/1982 4:00:00 AM,,2000,Gasoline,,
49885,Alaska,AK1537,AK1537_1,Closed,4/8/1982 4:00:00 AM,,300,Gasoline,,
49886,Alaska,AK652,AK652_1,Closed,4/8/1982 4:00:00 AM,,1500,Diesel,,
49887,Alaska,AK652,AK652_2,Closed,4/8/1982 4:00:00 AM,,1500,Gasoline,,
49888,Alaska,AK652,AK652_3,Closed,4/8/1982 4:00:00 AM,,1500,Gasoline,,
49889,Alaska,AK1008,AK1008_1,Closed,4/6/1982 4:00:00 AM,,500,Gasoline,,
49890,Alaska,AK1206,AK1206_1,Closed,4/4/1982 5:00:00 AM,,10000,Diesel,,
49891,Alaska,AK1206,AK1206_2,Closed,4/4/1982 5:00:00 AM,,5000,Diesel,,
49892,Alaska,AK1206,AK1206_3,Closed,4/4/1982 5:00:00 AM,,5000,Diesel,,
49893,Alaska,AK1206,AK1206_4,Closed,4/4/1982 5:00:00 AM,,2000,Gasoline,,
49894,Alaska,AK327,AK327_3,Closed,4/3/1982 5:00:00 AM,,3000,Gasoline,,
49895,Alaska,AK412,AK412_1,Closed,4/1/1982 5:00:00 AM,,1000,Gasoline,,
49896,Alaska,AK412,AK412_2,Closed,4/1/1982 5:00:00 AM,,500,Gasoline,,
49897,Alaska,AK412,AK412_3,Closed,4/1/1982 5:00:00 AM,,500,Gasoline,,
49898,Alaska,AK412,AK412_4,Closed,4/1/1982 5:00:00 AM,,500,Diesel,,
49899,Alaska,AK674,AK674_2,Closed,4/1/1982 5:00:00 AM,,10000,Gasoline,,
49900,Alaska,AK789,AK789_1,Closed,4/1/1982 5:00:00 AM,,8000,Gasoline,,
49901,Alaska,AK789,AK789_2,Closed,4/1/1982 5:00:00 AM,,8000,Gasoline,,
49902,Alaska,AK124,AK124_1,Closed,3/26/1982 5:00:00 AM,,420,Diesel,,
49903,Alaska,AK2374,AK2374_1,Closed,3/26/1982 5:00:00 AM,,420,Diesel,,
49904,Alaska,AK2378,AK2378_1,Closed,3/26/1982 5:00:00 AM,,2000,Gasoline,,
49905,Alaska,AK2378,AK2378_2,Closed,3/26/1982 5:00:00 AM,,2000,Diesel,,
49906,Alaska,AK1266,AK1266_1,Closed,3/24/1982 5:00:00 AM,,1000,Gasoline,,
49907,Alaska,AK1266,AK1266_2,Closed,3/24/1982 5:00:00 AM,,1000,Diesel,,
49908,Alaska,AK1445,AK1445_1,Closed,3/24/1982 5:00:00 AM,,1000,Diesel,,
49909,Alaska,AK1445,AK1445_2,Closed,3/24/1982 5:00:00 AM,,1000,Gasoline,,
49910,Alaska,AK1445,AK1445_3,Closed,3/24/1982 5:00:00 AM,,2000,Diesel,,
49911,Alaska,AK1754,AK1754_1,Closed,3/24/1982 5:00:00 AM,,1000,Gasoline,,
49912,Alaska,AK793,AK793_1,Closed,3/23/1982 5:00:00 AM,,5000,Gasoline,,
49913,Alaska,AK793,AK793_2,Closed,3/23/1982 5:00:00 AM,,5000,Gasoline,,
49914,Alaska,AK793,AK793_3,Closed,3/23/1982 5:00:00 AM,,5000,Diesel,,
49915,Alaska,AK283,AK283_1,Closed,3/22/1982 5:00:00 AM,,980,Gasoline,,
49916,Alaska,AK283,AK283_2,Closed,3/22/1982 5:00:00 AM,,980,Diesel,,
49917,Alaska,AK1003,AK1003_1,Closed,3/21/1982 5:00:00 AM,,1000,Gasoline,,
49918,Alaska,AK108,AK108_1,Closed,3/21/1982 5:00:00 AM,,1000,Gasoline,,
49919,Alaska,AK1261,AK1261_1,Closed,3/21/1982 5:00:00 AM,,4000,Gasoline,,
49920,Alaska,AK1261,AK1261_2,Closed,3/21/1982 5:00:00 AM,,2000,Diesel,,
49921,Alaska,AK1261,AK1261_3,Closed,3/21/1982 5:00:00 AM,,2000,Diesel,,
49922,Alaska,AK253,AK253_1,Closed,3/5/1982 5:00:00 AM,,1000,Gasoline,,
49923,Alaska,AK253,AK253_2,Closed,3/5/1982 5:00:00 AM,,2000,Gasoline,,
49924,Alaska,AK253,AK253_3,Closed,3/5/1982 5:00:00 AM,,3000,Kerosene,,
49925,Alaska,AK253,AK253_4,Closed,3/5/1982 5:00:00 AM,,4000,Diesel,,
49926,Alaska,AK1041,AK1041_2,Closed,3/4/1982 5:00:00 AM,,1500,Gasoline,,
49927,Alaska,AK1028,AK1028_1,Closed,3/3/1982 5:00:00 AM,,1000,Gasoline,,
49928,Alaska,AK1260,AK1260_1,Closed,2/26/1982 5:00:00 AM,,1500,Gasoline,,
49929,Alaska,AK1260,AK1260_2,Closed,2/26/1982 5:00:00 AM,,1500,Gasoline,,
49930,Alaska,AK1253,AK1253_1,Closed,2/25/1982 5:00:00 AM,,300,Gasoline,,
49931,Alaska,AK1044,AK1044_1,Closed,2/20/1982 5:00:00 AM,,4000,Gasoline,,
49932,Alaska,AK162,AK162_1,Closed,2/20/1982 5:00:00 AM,,5000,Gasoline,,
49933,Alaska,AK52,AK52_1,Closed,1/20/1982 5:00:00 AM,,1000,Used Oil,,
49934,Alaska,AK1797,AK1797_1,Closed,1/15/1982 5:00:00 AM,,1000,Diesel,,
49935,Alaska,AK1797,AK1797_2,Closed,1/15/1982 5:00:00 AM,,1000,Gasoline,,
49936,Alaska,AK814,AK814_1,Closed,1/15/1982 5:00:00 AM,,5000,Gasoline,,
49937,Alaska,AK814,AK814_2,Closed,1/15/1982 5:00:00 AM,,500,Gasoline,,
49938,Alaska,AK814,AK814_3,Closed,1/15/1982 5:00:00 AM,,600,Gasoline,,
49939,Alaska,AK529,AK529_2,Closed,1/12/1982 5:00:00 AM,,500,Gasoline,,
49940,Alaska,AK104,AK104_122,Closed,1/1/1982 5:00:00 AM,,550,Diesel,,
49941,Alaska,AK109,AK109_2,Closed,1/1/1982 5:00:00 AM,,3000,Gasoline,,
49942,Alaska,AK1094,AK1094_1,Closed,1/1/1982 5:00:00 AM,,10000,Gasoline,,
49943,Alaska,AK1094,AK1094_2,Closed,1/1/1982 5:00:00 AM,,10000,Gasoline,,
49944,Alaska,AK1177,AK1177_1,Closed,1/1/1982 5:00:00 AM,,500,Gasoline,,
49945,Alaska,AK1177,AK1177_2,Closed,1/1/1982 5:00:00 AM,,750,Diesel,,
49946,Alaska,AK1353,AK1353_1,Closed,1/1/1982 5:00:00 AM,,1000,Gasoline,,
49947,Alaska,AK1734,AK1734_1,Closed,1/1/1982 5:00:00 AM,,5000,Gasoline,,
49948,Alaska,AK2194,AK2194_1,Closed,1/1/1982 5:00:00 AM,,500,Diesel,,
49949,Alaska,AK2195,AK2195_1,Closed,1/1/1982 5:00:00 AM,,500,Diesel,,
49950,Alaska,AK2196,AK2196_1,Closed,1/1/1982 5:00:00 AM,,500,Diesel,,
49951,Alaska,AK2197,AK2197_1,Closed,1/1/1982 5:00:00 AM,,500,Diesel,,
49952,Alaska,AK2205,AK2205_1,Closed,1/1/1982 5:00:00 AM,,1000,Gasoline,,
49953,Alaska,AK2208,AK2208_1,Closed,1/1/1982 5:00:00 AM,,1000,Gasoline,,
49954,Alaska,AK2208,AK2208_2,Closed,1/1/1982 5:00:00 AM,,1000,Gasoline,,
49955,Alaska,AK2309,AK2309_1,Closed,1/1/1982 5:00:00 AM,,500,Gasoline,,
49956,Alaska,AK2309,AK2309_2,Closed,1/1/1982 5:00:00 AM,,500,Diesel,,
49957,Alaska,AK2344,AK2344_6,Closed,1/1/1982 5:00:00 AM,,2000,Gasoline,,
49958,Alaska,AK2358,AK2358_1,Closed,1/1/1982 5:00:00 AM,,500,Gasoline,,
49959,Alaska,AK2358,AK2358_2,Closed,1/1/1982 5:00:00 AM,,500,Diesel,,
49960,Alaska,AK2364,AK2364_1,Closed,1/1/1982 5:00:00 AM,,3000,Diesel,,
49961,Alaska,AK238,AK238_1,Closed,1/1/1982 5:00:00 AM,,1000,Gasoline,,
49962,Alaska,AK2430,AK2430_3,Closed,1/1/1982 5:00:00 AM,,7000,Diesel,,
49963,Alaska,AK2431,AK2431_1,Closed,1/1/1982 5:00:00 AM,,7000,Gasoline,,
49964,Alaska,AK2431,AK2431_2,Closed,1/1/1982 5:00:00 AM,,7000,Gasoline,,
49965,Alaska,AK2489,AK2489_1,Closed,1/1/1982 5:00:00 AM,,300,Diesel,,
49966,Alaska,AK2522,AK2522_1,Closed,1/1/1982 5:00:00 AM,,2000,Gasoline,,
49967,Alaska,AK2522,AK2522_2,Closed,1/1/1982 5:00:00 AM,,2000,Gasoline,,
49968,Alaska,AK2522,AK2522_3,Closed,1/1/1982 5:00:00 AM,,2000,Gasoline,,
49969,Alaska,AK2552,AK2552_1,Closed,1/1/1982 5:00:00 AM,,12000,Diesel,,
49970,Alaska,AK2580,AK2580_1,Closed,1/1/1982 5:00:00 AM,,1000,Gasoline,,
49971,Alaska,AK2580,AK2580_2,Closed,1/1/1982 5:00:00 AM,,1000,Diesel,,
49972,Alaska,AK2583,AK2583_2,Closed,1/1/1982 5:00:00 AM,,1000,Gasoline,,
49973,Alaska,AK2687,AK2687_1,Closed,1/1/1982 5:00:00 AM,,300,Diesel,,
49974,Alaska,AK2776,AK2776_1,Closed,1/1/1982 5:00:00 AM,,500,Gasoline,,
49975,Alaska,AK2776,AK2776_2,Closed,1/1/1982 5:00:00 AM,,500,Gasoline,,
49976,Alaska,AK2789,AK2789_1,Closed,1/1/1982 5:00:00 AM,,500,Gasoline,,
49977,Alaska,AK2789,AK2789_2,Closed,1/1/1982 5:00:00 AM,,500,Gasoline,,
49978,Alaska,AK2828,AK2828_1,Closed,1/1/1982 5:00:00 AM,,2000,Gasoline,,
49979,Alaska,AK2838,AK2838_1,Closed,1/1/1982 5:00:00 AM,,1000,Diesel,,
49980,Alaska,AK3083,AK3083_1,Closed,1/1/1982 5:00:00 AM,,500,Diesel,,
49981,Alaska,AK3392,AK3392_1,Closed,1/1/1982 5:00:00 AM,,1000,Diesel,,
49982,Alaska,AK3392,AK3392_2,Closed,1/1/1982 5:00:00 AM,,1000,Gasoline,,
49983,Alaska,AK520,AK520_1,Closed,1/1/1982 5:00:00 AM,,1000,Diesel,,
49984,Alaska,AK520,AK520_2,Closed,1/1/1982 5:00:00 AM,,1000,Gasoline,,
49985,Alaska,AK617,AK617_1,Closed,1/1/1982 5:00:00 AM,,1000,Gasoline,,
49986,Alaska,AK802,AK802_2,Closed,1/1/1982 5:00:00 AM,,500,Gasoline,,
49987,Alaska,AK94,AK94_2,Closed,1/1/1982 5:00:00 AM,,500,Diesel,,
49988,Alaska,AK1411,AK1411_5,Closed,12/9/1981 5:00:00 AM,,500,Used Oil,,
49989,Alaska,AK1337,AK1337_1,Closed,12/6/1981 5:00:00 AM,,5000,Gasoline,,
49990,Alaska,AK1337,AK1337_2,Closed,12/6/1981 5:00:00 AM,,5000,Gasoline,,
49991,Alaska,AK1975,AK1975_1,Closed,11/27/1981 5:00:00 AM,,500,Gasoline,,
49992,Alaska,AK796,AK796_1,Closed,10/31/1981 5:00:00 AM,,8000,Gasoline,,
49993,Alaska,AK796,AK796_2,Closed,10/31/1981 5:00:00 AM,,8000,Gasoline,,
49994,Alaska,AK1931,AK1931_1,Closed,10/25/1981 4:00:00 AM,,500,Gasoline,,
49995,Alaska,AK1931,AK1931_2,Closed,10/25/1981 4:00:00 AM,,500,Gasoline,,
49996,Alaska,AK2573,AK2573_1,Closed,10/1/1981 4:00:00 AM,,2000,Gasoline,,
49997,Alaska,AK2573,AK2573_2,Closed,10/1/1981 4:00:00 AM,,4000,Gasoline,,
49998,Alaska,AK2736,AK2736_1,Open,10/1/1981 4:00:00 AM,,5000,Diesel,,
49999,Alaska,AK2736,AK2736_2,Open,10/1/1981 4:00:00 AM,,10000,Gasoline,,
50000,Alaska,AK2839,AK2839_1,Closed,10/1/1981 4:00:00 AM,,10000,Gasoline,,
50001,Alaska,AK329,AK329_1,Closed,10/1/1981 4:00:00 AM,,1000,Diesel,,
50002,Alaska,AK329,AK329_2,Closed,10/1/1981 4:00:00 AM,,1000,Gasoline,,
50003,Alaska,AK329,AK329_3,Closed,10/1/1981 4:00:00 AM,,500,Diesel,,
50004,Alaska,AK1929,AK1929_4,Closed,9/11/1981 4:00:00 AM,,1000,Gasoline,,
50005,Alaska,AK1929,AK1929_5,Closed,9/11/1981 4:00:00 AM,,500,Gasoline,,
50006,Alaska,AK1395,AK1395_2,Closed,9/1/1981 4:00:00 AM,,875,Diesel,,
50007,Alaska,AK1623,AK1623_1,Closed,8/1/1981 4:00:00 AM,,2000,Diesel,,
50008,Alaska,AK1623,AK1623_2,Closed,8/1/1981 4:00:00 AM,,2000,Gasoline,,
50009,Alaska,AK1623,AK1623_3,Closed,8/1/1981 4:00:00 AM,,2000,Gasoline,,
50010,Alaska,AK698,AK698_1,Closed,8/1/1981 4:00:00 AM,,5000,Gasoline,,
50011,Alaska,AK698,AK698_2,Closed,8/1/1981 4:00:00 AM,,2000,Gasoline,,
50012,Alaska,AK1079,AK1079_1,Closed,7/23/1981 4:00:00 AM,,60000,Diesel,,
50013,Alaska,AK1703,AK1703_1,Closed,7/7/1981 4:00:00 AM,,2400,Diesel,,
50014,Alaska,AK1703,AK1703_2,Closed,7/7/1981 4:00:00 AM,,2400,Gasoline,,
50015,Alaska,AK2098,AK2098_1,Closed,7/1/1981 4:00:00 AM,,2000,Diesel,,
50016,Alaska,AK2344,AK2344_1,Closed,7/1/1981 4:00:00 AM,,5000,Diesel,,
50017,Alaska,AK2344,AK2344_2,Closed,7/1/1981 4:00:00 AM,,2000,Gasoline,,
50018,Alaska,AK2344,AK2344_3,Closed,7/1/1981 4:00:00 AM,,500,Used Oil,,
50019,Alaska,AK2344,AK2344_4,Closed,7/1/1981 4:00:00 AM,,500,Used Oil,,
50020,Alaska,AK1891,AK1891_1,Closed,6/30/1981 4:00:00 AM,,10000,Diesel,,
50021,Alaska,AK1891,AK1891_2,Closed,6/30/1981 4:00:00 AM,,10000,Diesel,,
50022,Alaska,AK1218,AK1218_1,Closed,6/17/1981 4:00:00 AM,,1000,Diesel,,
50023,Alaska,AK1167,AK1167_3,Closed,6/9/1981 4:00:00 AM,,550,Gasohol,,
50024,Alaska,AK1482,AK1482_1,Closed,6/6/1981 4:00:00 AM,,1000,Gasoline,,
50025,Alaska,AK1482,AK1482_2,Closed,6/6/1981 4:00:00 AM,,1000,Diesel,,
50026,Alaska,AK1508,AK1508_1,Closed,6/4/1981 4:00:00 AM,,2000,Gasoline,,
50027,Alaska,AK1318,AK1318_1,Closed,6/1/1981 4:00:00 AM,,1000,Gasoline,,
50028,Alaska,AK1318,AK1318_2,Closed,6/1/1981 4:00:00 AM,,1000,Diesel,,
50029,Alaska,AK1322,AK1322_1,Closed,6/1/1981 4:00:00 AM,,1000,Diesel,,
50030,Alaska,AK1322,AK1322_2,Closed,6/1/1981 4:00:00 AM,,1000,Gasoline,,
50031,Alaska,AK1350,AK1350_1,Closed,6/1/1981 4:00:00 AM,,5000,Diesel,,
50032,Alaska,AK1350,AK1350_2,Closed,6/1/1981 4:00:00 AM,,10000,Gasoline,,
50033,Alaska,AK1426,AK1426_2,Closed,6/1/1981 4:00:00 AM,,500,Diesel,,
50034,Alaska,AK1310,AK1310_4,Closed,4/1/1984 5:00:00 AM,,500,Diesel,,
50035,Alaska,AK1658,AK1658_4,Closed,6/1/1981 4:00:00 AM,,3000,Gasoline,,
50036,Alaska,AK431,AK431_3,Closed,6/1/1981 4:00:00 AM,,12000,Gasoline,,
50037,Alaska,AK431,AK431_5,Closed,6/1/1981 4:00:00 AM,,4000,Gasoline,,
50038,Alaska,AK1579,AK1579_1,Closed,5/20/1981 4:00:00 AM,,500,Diesel,,
50039,Alaska,AK1757,AK1757_1,Closed,5/19/1981 4:00:00 AM,,10000,Used Oil,,
50040,Alaska,AK1166,AK1166_1,Closed,5/15/1981 4:00:00 AM,,1000,Diesel,,
50041,Alaska,AK1169,AK1169_1,Closed,5/15/1981 4:00:00 AM,,550,Diesel,,
50042,Alaska,AK1171,AK1171_1,Closed,5/15/1981 4:00:00 AM,,550,Diesel,,
50043,Alaska,AK1175,AK1175_1,Closed,5/15/1981 4:00:00 AM,,550,Diesel,,
50044,Alaska,AK1178,AK1178_1,Closed,5/15/1981 4:00:00 AM,,1000,Diesel,,
50045,Alaska,AK65,AK65_1,Closed,5/12/1981 4:00:00 AM,,1500,Gasoline,,
50046,Alaska,AK1230,AK1230_3,Closed,5/9/1981 4:00:00 AM,,6000,Diesel,,
50047,Alaska,AK1230,AK1230_4,Closed,5/9/1981 4:00:00 AM,,6000,Diesel,,
50048,Alaska,AK1230,AK1230_5,Closed,5/9/1981 4:00:00 AM,,6000,Diesel,,
50049,Alaska,AK1196,AK1196_1,Closed,5/8/1981 4:00:00 AM,,1000,Used Oil,,
50050,Alaska,AK1202,AK1202_1,Closed,5/8/1981 4:00:00 AM,,500,Diesel,,
50051,Alaska,AK1207,AK1207_1,Closed,5/8/1981 4:00:00 AM,,500,Diesel,,
50052,Alaska,AK1443,AK1443_29,Closed,5/8/1981 4:00:00 AM,,550,Diesel,,
50053,Alaska,AK1500,AK1500_1,Closed,5/8/1981 4:00:00 AM,,10000,Gasoline,,
50054,Alaska,AK1500,AK1500_2,Closed,5/8/1981 4:00:00 AM,,10000,Gasoline,,
50055,Alaska,AK1500,AK1500_3,Closed,5/8/1981 4:00:00 AM,,6000,Diesel,,
50056,Alaska,AK1519,AK1519_1,Closed,5/8/1981 4:00:00 AM,,12000,Gasoline,,
50057,Alaska,AK1519,AK1519_2,Closed,5/8/1981 4:00:00 AM,,12000,Gasoline,,
50058,Alaska,AK1521,AK1521_1,Closed,5/8/1981 4:00:00 AM,,10152,Gasoline,,
50059,Alaska,AK1521,AK1521_2,Closed,5/8/1981 4:00:00 AM,,10152,Gasoline,,
50060,Alaska,AK1521,AK1521_3,Closed,5/8/1981 4:00:00 AM,,5060,Gasoline,,
50061,Alaska,AK1551,AK1551_1,Closed,5/8/1981 4:00:00 AM,,2000,Diesel,,
50062,Alaska,AK1551,AK1551_2,Closed,5/8/1981 4:00:00 AM,,2000,Gasoline,,
50063,Alaska,AK1557,AK1557_2,Closed,5/8/1981 4:00:00 AM,,3000,Diesel,,
50064,Alaska,AK1557,AK1557_3,Closed,5/8/1981 4:00:00 AM,,3000,Diesel,,
50065,Alaska,AK1557,AK1557_4,Closed,5/8/1981 4:00:00 AM,,2000,Gasoline,,
50066,Alaska,AK1561,AK1561_1,Closed,5/8/1981 4:00:00 AM,,3000,Diesel,,
50067,Alaska,AK1561,AK1561_3,Closed,5/8/1981 4:00:00 AM,,3000,Diesel,,
50068,Alaska,AK1561,AK1561_4,Closed,5/8/1981 4:00:00 AM,,2000,Gasoline,,
50069,Alaska,AK1765,AK1765_1,Closed,5/8/1981 4:00:00 AM,,3000,Diesel,,
50070,Alaska,AK1765,AK1765_2,Closed,5/8/1981 4:00:00 AM,,3000,Gasoline,,
50071,Alaska,AK1780,AK1780_1,Closed,5/8/1981 4:00:00 AM,,500,Gasoline,,
50072,Alaska,AK462,AK462_1,Closed,5/8/1981 4:00:00 AM,,1000,Gasoline,,
50073,Alaska,AK71,AK71_3,Closed,5/8/1981 4:00:00 AM,,5000,Gasoline,,
50074,Alaska,AK71,AK71_4,Closed,5/8/1981 4:00:00 AM,,5000,Gasoline,,
50075,Alaska,AK71,AK71_5,Closed,5/8/1981 4:00:00 AM,,5000,Gasoline,,
50076,Alaska,AK783,AK783_1,Closed,5/8/1981 4:00:00 AM,,3000,Gasoline,,
50077,Alaska,AK9,AK9_1,Closed,5/8/1981 4:00:00 AM,,3000,Gasoline,,
50078,Alaska,AK9,AK9_2,Closed,5/8/1981 4:00:00 AM,,10000,Diesel,,
50079,Alaska,AK860,AK860_1,Closed,5/7/1981 4:00:00 AM,,1000,Diesel,,
50080,Alaska,AK860,AK860_2,Closed,5/7/1981 4:00:00 AM,,1000,Gasoline,,
50081,Alaska,AK1067,AK1067_1,Closed,5/6/1981 4:00:00 AM,,550,Gasoline,,
50082,Alaska,AK463,AK463_1,Closed,5/6/1981 4:00:00 AM,,1000,Used Oil,,
50083,Alaska,AK91,AK91_1,Closed,5/6/1981 4:00:00 AM,,1000,Gasoline,,
50084,Alaska,AK141,AK141_1,Closed,5/5/1981 4:00:00 AM,,1000,Gasoline,,
50085,Alaska,AK141,AK141_2,Closed,5/5/1981 4:00:00 AM,,500,Gasoline,,
50086,Alaska,AK141,AK141_3,Closed,5/5/1981 4:00:00 AM,,500,Diesel,,
50087,Alaska,AK342,AK342_1,Closed,5/5/1981 4:00:00 AM,,500,Gasoline,,
50088,Alaska,AK402,AK402_1,Closed,5/5/1981 4:00:00 AM,,500,Gasoline,,
50089,Alaska,AK481,AK481_1,Closed,5/5/1981 4:00:00 AM,,1000,Gasoline,,
50090,Alaska,AK489,AK489_1,Closed,5/5/1981 4:00:00 AM,,3200,Gasoline,,
50091,Alaska,AK489,AK489_2,Closed,5/5/1981 4:00:00 AM,,4500,Diesel,,
50092,Alaska,AK646,AK646_2,Closed,5/5/1981 4:00:00 AM,,500,Used Oil,,
50093,Alaska,AK709,AK709_1,Closed,5/5/1981 4:00:00 AM,,1000,Gasoline,,
50094,Alaska,AK1187,AK1187_1,Closed,5/4/1981 4:00:00 AM,,10000,Gasoline,,
50095,Alaska,AK110,AK110_1,Closed,5/3/1981 4:00:00 AM,,500,Diesel,,
50096,Alaska,AK163,AK163_2,Closed,5/3/1981 4:00:00 AM,,500,Gasoline,,
50097,Alaska,AK163,AK163_3,Closed,5/3/1981 4:00:00 AM,,500,Gasoline,,
50098,Alaska,AK840,AK840_1,Closed,5/3/1981 4:00:00 AM,,500,Gasoline,,
50099,Alaska,AK577,AK577_1,Closed,5/2/1981 4:00:00 AM,,950,Gasoline,,
50100,Alaska,AK1551,AK1551_5,Closed,5/1/1981 4:00:00 AM,,500,Used Oil,,
50101,Alaska,AK1557,AK1557_5,Closed,5/1/1981 4:00:00 AM,,500,Used Oil,,
50102,Alaska,AK1722,AK1722_1,Closed,5/1/1981 4:00:00 AM,,500,Gasoline,,
50103,Alaska,AK2019,AK2019_1,Closed,5/1/1981 4:00:00 AM,,550,Diesel,,
50104,Alaska,AK37,AK37_1,Closed,5/1/1981 4:00:00 AM,,1500,Gasoline,,
50105,Alaska,AK37,AK37_2,Closed,5/1/1981 4:00:00 AM,,1500,Gasoline,,
50106,Alaska,AK532,AK532_2,Closed,5/1/1981 4:00:00 AM,,1000,Diesel,,
50107,Alaska,AK62,AK62_1,Closed,5/1/1981 4:00:00 AM,,500,Diesel,,
50108,Alaska,AK1664,AK1664_1,Closed,4/30/1981 4:00:00 AM,,500,Gasoline,,
50109,Alaska,AK1692,AK1692_1,Closed,4/30/1981 4:00:00 AM,,500,Gasoline,,
50110,Alaska,AK901,AK901_7,Closed,4/30/1981 4:00:00 AM,,600,Diesel,,
50111,Alaska,AK129,AK129_1,Closed,4/29/1981 4:00:00 AM,,3000,Diesel,,
50112,Alaska,AK129,AK129_2,Closed,4/29/1981 4:00:00 AM,,8000,Diesel,,
50113,Alaska,AK1149,AK1149_1,Closed,4/28/1981 4:00:00 AM,,500,Gasoline,,
50114,Alaska,AK1149,AK1149_2,Closed,4/28/1981 4:00:00 AM,,500,Gasoline,,
50115,Alaska,AK1299,AK1299_1,Closed,4/28/1981 4:00:00 AM,,500,Gasoline,,
50116,Alaska,AK1311,AK1311_1,Closed,4/28/1981 4:00:00 AM,,1000,Gasoline,,
50117,Alaska,AK1629,AK1629_2,Closed,4/28/1981 4:00:00 AM,,385,Diesel,,
50118,Alaska,AK1656,AK1656_2,Closed,4/28/1981 4:00:00 AM,,385,Diesel,,
50119,Alaska,AK786,AK786_1,Closed,4/28/1981 4:00:00 AM,,1500,Gasoline,,
50120,Alaska,AK786,AK786_2,Closed,4/28/1981 4:00:00 AM,,1500,Gasoline,,
50121,Alaska,AK866,AK866_1,Closed,4/28/1981 4:00:00 AM,,300,Diesel,,
50122,Alaska,AK1071,AK1071_1,Closed,4/25/1981 4:00:00 AM,,1000,Gasoline,,
50123,Alaska,AK1081,AK1081_1,Closed,4/25/1981 4:00:00 AM,,500,Gasoline,,
50124,Alaska,AK1081,AK1081_2,Closed,4/25/1981 4:00:00 AM,,500,Gasoline,,
50125,Alaska,AK1354,AK1354_1,Closed,4/25/1981 4:00:00 AM,,515,Gasoline,,
50126,Alaska,AK659,AK659_1,Closed,4/25/1981 4:00:00 AM,,500,Diesel,,
50127,Alaska,AK659,AK659_2,Closed,4/25/1981 4:00:00 AM,,1000,Gasoline,,
50128,Alaska,AK659,AK659_3,Closed,4/25/1981 4:00:00 AM,,1000,Gasoline,,
50129,Alaska,AK935,AK935_2,Closed,4/25/1981 4:00:00 AM,,500,Gasoline,,
50130,Alaska,AK1621,AK1621_3,Closed,4/24/1981 4:00:00 AM,,5000,Gasoline,,
50131,Alaska,AK467,AK467_1,Closed,4/24/1981 4:00:00 AM,,2000,Gasoline,,
50132,Alaska,AK914,AK914_1,Closed,4/24/1981 4:00:00 AM,,500,Gasoline,,
50133,Alaska,AK927,AK927_1,Closed,4/24/1981 4:00:00 AM,,500,Gasoline,,
50134,Alaska,AK973,AK973_1,Closed,4/24/1981 4:00:00 AM,,500,Gasoline,,
50135,Alaska,AK1713,AK1713_1,Closed,4/23/1981 4:00:00 AM,,500,Gasoline,,
50136,Alaska,AK1713,AK1713_2,Closed,4/23/1981 4:00:00 AM,,300,Gasoline,,
50137,Alaska,AK1886,AK1886_1,Closed,4/23/1981 4:00:00 AM,,1000,Diesel,,
50138,Alaska,AK1886,AK1886_2,Closed,4/23/1981 4:00:00 AM,,1000,Gasoline,,
50139,Alaska,AK1886,AK1886_3,Closed,4/23/1981 4:00:00 AM,,1000,Gasoline,,
50140,Alaska,AK680,AK680_2,Closed,4/23/1981 4:00:00 AM,,25000,Diesel,,
50141,Alaska,AK680,AK680_4,Closed,4/23/1981 4:00:00 AM,,2000,Diesel,,
50142,Alaska,AK149,AK149_1,Closed,4/20/1981 4:00:00 AM,,1500,Gasoline,,
50143,Alaska,AK818,AK818_1,Closed,4/19/1981 4:00:00 AM,,1000,Diesel,,
50144,Alaska,AK818,AK818_2,Closed,4/19/1981 4:00:00 AM,,1000,Diesel,,
50145,Alaska,AK818,AK818_3,Closed,4/19/1981 4:00:00 AM,,1000,Gasoline,,
50146,Alaska,AK818,AK818_4,Closed,4/19/1981 4:00:00 AM,,4000,Gasoline,,
50147,Alaska,AK818,AK818_5,Closed,4/19/1981 4:00:00 AM,,4000,Gasoline,,
50148,Alaska,AK1022,AK1022_1,Closed,4/17/1981 4:00:00 AM,,1000,Diesel,,
50149,Alaska,AK1022,AK1022_2,Closed,4/17/1981 4:00:00 AM,,500,Diesel,,
50150,Alaska,AK1074,AK1074_1,Closed,4/17/1981 4:00:00 AM,,1000,Gasoline,,
50151,Alaska,AK1074,AK1074_2,Closed,4/17/1981 4:00:00 AM,,1000,Gasoline,,
50152,Alaska,AK1074,AK1074_3,Closed,4/17/1981 4:00:00 AM,,1000,Diesel,,
50153,Alaska,AK1074,AK1074_4,Closed,4/17/1981 4:00:00 AM,,4000,Diesel,,
50154,Alaska,AK296,AK296_2,Closed,4/17/1981 4:00:00 AM,,1500,Gasoline,,
50155,Alaska,AK373,AK373_1,Closed,4/17/1981 4:00:00 AM,,500,Diesel,,
50156,Alaska,AK373,AK373_2,Closed,4/17/1981 4:00:00 AM,,2000,Gasoline,,
50157,Alaska,AK373,AK373_3,Closed,4/17/1981 4:00:00 AM,,2000,Gasoline,,
50158,Alaska,AK1090,AK1090_1,Closed,4/15/1981 4:00:00 AM,,1000,Gasoline,,
50159,Alaska,AK190,AK190_1,Closed,4/14/1981 4:00:00 AM,,10000,Diesel,,
50160,Alaska,AK190,AK190_2,Closed,4/14/1981 4:00:00 AM,,5000,Diesel,,
50161,Alaska,AK728,AK728_1,Open,4/14/1981 4:00:00 AM,,10000,Gasoline,,
50162,Alaska,AK728,AK728_2,Temporarily out of Service,4/14/1981 4:00:00 AM,,10000,Diesel,,
50163,Alaska,AK1297,AK1297_1,Closed,4/8/1981 4:00:00 AM,,550,Diesel,,
50164,Alaska,AK1760,AK1760_1,Closed,4/8/1981 4:00:00 AM,,1000,Gasoline,,
50165,Alaska,AK1775,AK1775_1,Closed,4/8/1981 4:00:00 AM,,4000,Diesel,,
50166,Alaska,AK352,AK352_1,Closed,4/8/1981 4:00:00 AM,,1000,Gasoline,,
50167,Alaska,AK352,AK352_2,Closed,4/8/1981 4:00:00 AM,,300,Diesel,,
50168,Alaska,AK284,AK284_1,Closed,4/7/1981 4:00:00 AM,,20000,Gasoline,,
50169,Alaska,AK284,AK284_2,Closed,4/7/1981 4:00:00 AM,,20000,Gasoline,,
50170,Alaska,AK284,AK284_3,Closed,4/7/1981 4:00:00 AM,,20000,Diesel,,
50171,Alaska,AK368,AK368_1,Closed,4/4/1981 5:00:00 AM,,1000,Diesel,,
50172,Alaska,AK368,AK368_2,Closed,4/4/1981 5:00:00 AM,,1000,Gasoline,,
50173,Alaska,AK701,AK701_3,Closed,4/2/1981 5:00:00 AM,,20000,Kerosene,,
50174,Alaska,AK701,AK701_4,Closed,4/2/1981 5:00:00 AM,,20000,Kerosene,,
50175,Alaska,AK221,AK221_1,Closed,4/1/1981 5:00:00 AM,,500,Gasoline,,
50176,Alaska,AK221,AK221_2,Closed,4/1/1981 5:00:00 AM,,1000,Gasoline,,
50177,Alaska,AK221,AK221_3,Closed,4/1/1981 5:00:00 AM,,2000,Gasoline,,
50178,Alaska,AK2888,AK2888_1,Closed,4/1/1981 5:00:00 AM,,1000,Gasoline,,
50179,Alaska,AK736,AK736_1,Closed,4/1/1981 5:00:00 AM,,25000,Diesel,,
50180,Alaska,AK736,AK736_2,Closed,4/1/1981 5:00:00 AM,,20000,Diesel,,
50181,Alaska,AK736,AK736_3,Closed,4/1/1981 5:00:00 AM,,20000,Gasoline,,
50182,Alaska,AK191,AK191_2,Closed,3/28/1981 5:00:00 AM,,1000,Gasoline,,
50183,Alaska,AK191,AK191_4,Closed,3/28/1981 5:00:00 AM,,1000,Used Oil,,
50184,Alaska,AK1503,AK1503_1,Closed,3/27/1981 5:00:00 AM,,2500,Diesel,,
50185,Alaska,AK1503,AK1503_3,Closed,3/27/1981 5:00:00 AM,,1500,Gasoline,,
50186,Alaska,AK505,AK505_1,Closed,3/27/1981 5:00:00 AM,,1000,Gasoline,,
50187,Alaska,AK505,AK505_2,Closed,3/27/1981 5:00:00 AM,,1000,Diesel,,
50188,Alaska,AK615,AK615_1,Closed,3/26/1981 5:00:00 AM,,300,Diesel,,
50189,Alaska,AK615,AK615_2,Closed,3/26/1981 5:00:00 AM,,300,Gasoline,,
50190,Alaska,AK1161,AK1161_1,Closed,3/25/1981 5:00:00 AM,,3000,Gasoline,,
50191,Alaska,AK1161,AK1161_2,Closed,3/25/1981 5:00:00 AM,,3000,Gasoline,,
50192,Alaska,AK1491,AK1491_3,Closed,3/24/1981 5:00:00 AM,,2000,Gasoline,,
50193,Alaska,AK279,AK279_4,Closed,3/23/1981 5:00:00 AM,,300,Used Oil,,
50194,Alaska,AK1068,AK1068_1,Closed,3/22/1981 5:00:00 AM,,6000,Gasoline,,
50195,Alaska,AK1068,AK1068_2,Closed,3/22/1981 5:00:00 AM,,6000,Gasoline,,
50196,Alaska,AK1073,AK1073_1,Closed,3/21/1981 5:00:00 AM,,2000,Gasoline,,
50197,Alaska,AK1073,AK1073_2,Closed,3/21/1981 5:00:00 AM,,2000,Diesel,,
50198,Alaska,AK1254,AK1254_1,Closed,3/21/1981 5:00:00 AM,,2000,Diesel,,
50199,Alaska,AK1254,AK1254_2,Closed,3/21/1981 5:00:00 AM,,1000,Diesel,,
50200,Alaska,AK1254,AK1254_3,Closed,3/21/1981 5:00:00 AM,,1000,Gasoline,,
50201,Alaska,AK420,AK420_2,Closed,3/21/1981 5:00:00 AM,,1000,Gasoline,,
50202,Alaska,AK1055,AK1055_5,Closed,3/20/1981 5:00:00 AM,,500,Gasoline,,
50203,Alaska,AK1056,AK1056_1,Closed,3/20/1981 5:00:00 AM,,6000,Gasoline,,
50204,Alaska,AK1188,AK1188_1,Closed,3/20/1981 5:00:00 AM,,1500,Gasoline,,
50205,Alaska,AK1188,AK1188_2,Closed,3/20/1981 5:00:00 AM,,1500,Diesel,,
50206,Alaska,AK1393,AK1393_3,Closed,3/20/1981 5:00:00 AM,,500,Gasoline,,
50207,Alaska,AK1393,AK1393_4,Closed,3/20/1981 5:00:00 AM,,500,Diesel,,
50208,Alaska,AK580,AK580_1,Closed,3/20/1981 5:00:00 AM,,1000,Diesel,,
50209,Alaska,AK580,AK580_2,Closed,3/20/1981 5:00:00 AM,,5000,Gasoline,,
50210,Alaska,AK580,AK580_3,Closed,3/20/1981 5:00:00 AM,,10000,Diesel,,
50211,Alaska,AK580,AK580_4,Closed,3/20/1981 5:00:00 AM,,200,Used Oil,,
50212,Alaska,AK976,AK976_1,Closed,3/20/1981 5:00:00 AM,,750,Diesel,,
50213,Alaska,AK1271,AK1271_1,Closed,3/19/1981 5:00:00 AM,,5000,Gasoline,,
50214,Alaska,AK1271,AK1271_2,Closed,3/19/1981 5:00:00 AM,,5000,Gasoline,,
50215,Alaska,AK1271,AK1271_3,Closed,3/19/1981 5:00:00 AM,,5000,Diesel,,
50216,Alaska,AK1571,AK1571_1,Closed,3/19/1981 5:00:00 AM,,15000,Diesel,,
50217,Alaska,AK1571,AK1571_2,Closed,3/19/1981 5:00:00 AM,,10000,Gasoline,,
50218,Alaska,AK1571,AK1571_3,Closed,3/19/1981 5:00:00 AM,,10000,Gasoline,,
50219,Alaska,AK1571,AK1571_6,Closed,3/19/1981 5:00:00 AM,,5000,Gasoline,,
50220,Alaska,AK1571,AK1571_7,Closed,3/19/1981 5:00:00 AM,,5000,Gasoline,,
50221,Alaska,AK304,AK304_1,Closed,3/6/1981 5:00:00 AM,,1000,Gasoline,,
50222,Alaska,AK304,AK304_2,Closed,3/6/1981 5:00:00 AM,,10000,Diesel,,
50223,Alaska,AK2088,AK2088_2,Closed,3/1/1981 5:00:00 AM,,1000,Gasoline,,
50224,Alaska,AK1146,AK1146_1,Closed,2/24/1981 5:00:00 AM,,500,Gasoline,,
50225,Alaska,AK494,AK494_1,Closed,2/21/1981 5:00:00 AM,,1000,Gasoline,,
50226,Alaska,AK494,AK494_2,Closed,2/21/1981 5:00:00 AM,,2000,Diesel,,
50227,Alaska,AK1053,AK1053_3,Closed,2/20/1981 5:00:00 AM,,300,Gasoline,,
50228,Alaska,AK1661,AK1661_2,Closed,2/20/1981 5:00:00 AM,,500,Gasoline,,
50229,Alaska,AK1251,AK1251_1,Closed,2/19/1981 5:00:00 AM,,3000,Diesel,,
50230,Alaska,AK1262,AK1262_1,Closed,2/19/1981 5:00:00 AM,,10000,Gasoline,,
50231,Alaska,AK1277,AK1277_1,Closed,2/19/1981 5:00:00 AM,,10000,Gasoline,,
50232,Alaska,AK1277,AK1277_2,Closed,2/19/1981 5:00:00 AM,,10000,Diesel,,
50233,Alaska,AK117,AK117_1,Closed,2/12/1981 5:00:00 AM,,3000,Diesel,,
50234,Alaska,AK117,AK117_2,Closed,2/12/1981 5:00:00 AM,,500,Used Oil,,
50235,Alaska,AK830,AK830_1,Closed,1/31/1981 5:00:00 AM,,3500,Diesel,,
50236,Alaska,AK713,AK713_2,Closed,1/29/1981 5:00:00 AM,,1000,Diesel,,
50237,Alaska,AK821,AK821_1,Closed,1/22/1981 5:00:00 AM,,5000,Diesel,,
50238,Alaska,AK821,AK821_2,Closed,1/22/1981 5:00:00 AM,,5000,Gasoline,,
50239,Alaska,AK535,AK535_1,Closed,1/12/1981 5:00:00 AM,,1000,Diesel,,
50240,Alaska,AK2512,AK2512_1,Closed,1/10/1981 5:00:00 AM,,2000,Gasoline,,
50241,Alaska,AK1030,AK1030_1,Closed,1/1/1981 5:00:00 AM,,1500,Gasoline,,
50242,Alaska,AK1318,AK1318_3,Closed,1/1/1981 5:00:00 AM,,500,Used Oil,,
50243,Alaska,AK1363,AK1363_1,Closed,1/1/1981 5:00:00 AM,,10000,Diesel,,
50244,Alaska,AK1494,AK1494_5,Closed,1/1/1981 5:00:00 AM,,500,Diesel,,
50245,Alaska,AK1712,AK1712_2,Closed,1/1/1981 5:00:00 AM,,3000,Diesel,,
50246,Alaska,AK173,AK173_1,Closed,1/1/1981 5:00:00 AM,,1000,Gasoline,,
50247,Alaska,AK209,AK209_2,Closed,1/1/1981 5:00:00 AM,,3000,Diesel,,
50248,Alaska,AK2348,AK2348_2,Closed,1/1/1981 5:00:00 AM,,1000,Diesel,,
50249,Alaska,AK2402,AK2402_1,Closed,1/1/1981 5:00:00 AM,,6000,Gasoline,,
50250,Alaska,AK2402,AK2402_2,Closed,1/1/1981 5:00:00 AM,,4000,Gasoline,,
50251,Alaska,AK2402,AK2402_3,Closed,1/1/1981 5:00:00 AM,,3000,Diesel,,
50252,Alaska,AK2416,AK2416_1,Closed,1/1/1981 5:00:00 AM,,500,Diesel,,
50253,Alaska,AK2437,AK2437_1,Closed,1/1/1981 5:00:00 AM,,5000,Gasoline,,
50254,Alaska,AK2437,AK2437_2,Closed,1/1/1981 5:00:00 AM,,5000,Gasoline,,
50255,Alaska,AK2440,AK2440_1,Closed,1/1/1981 5:00:00 AM,,500,Gasoline,,
50256,Alaska,AK2440,AK2440_2,Closed,1/1/1981 5:00:00 AM,,500,Gasoline,,
50257,Alaska,AK2440,AK2440_3,Closed,1/1/1981 5:00:00 AM,,500,Diesel,,
50258,Alaska,AK2451,AK2451_1,Closed,1/1/1981 5:00:00 AM,,10000,Gasoline,,
50259,Alaska,AK2461,AK2461_1,Closed,1/1/1981 5:00:00 AM,,2000,Gasoline,,
50260,Alaska,AK2461,AK2461_2,Closed,1/1/1981 5:00:00 AM,,2000,Gasoline,,
50261,Alaska,AK2461,AK2461_3,Closed,1/1/1981 5:00:00 AM,,2000,Gasoline,,
50262,Alaska,AK2553,AK2553_2,Closed,1/1/1981 5:00:00 AM,,10000,Diesel,,
50263,Alaska,AK2662,AK2662_1,Closed,1/1/1981 5:00:00 AM,,25000,Gasoline,,
50264,Alaska,AK2662,AK2662_2,Closed,1/1/1981 5:00:00 AM,,25000,Gasoline,,
50265,Alaska,AK2662,AK2662_3,Closed,1/1/1981 5:00:00 AM,,25000,Gasoline,,
50266,Alaska,AK2662,AK2662_4,Closed,1/1/1981 5:00:00 AM,,12000,Gasoline,,
50267,Alaska,AK2662,AK2662_5,Closed,1/1/1981 5:00:00 AM,,12000,Gasoline,,
50268,Alaska,AK2685,AK2685_1,Closed,1/1/1981 5:00:00 AM,,5000,Gasoline,,
50269,Alaska,AK2685,AK2685_2,Closed,1/1/1981 5:00:00 AM,,5000,Gasoline,,
50270,Alaska,AK2696,AK2696_1,Closed,1/1/1981 5:00:00 AM,,2000,Gasoline,,
50271,Alaska,AK2696,AK2696_2,Closed,1/1/1981 5:00:00 AM,,1500,Diesel,,
50272,Alaska,AK2699,AK2699_1,Closed,1/1/1981 5:00:00 AM,,500,Gasoline,,
50273,Alaska,AK2711,AK2711_1,Closed,1/1/1981 5:00:00 AM,,1000,Diesel,,
50274,Alaska,AK2711,AK2711_2,Closed,1/1/1981 5:00:00 AM,,1000,Gasoline,,
50275,Alaska,AK2714,AK2714_1,Closed,1/1/1981 5:00:00 AM,,500,Gasoline,,
50276,Alaska,AK2745,AK2745_1,Closed,1/1/1981 5:00:00 AM,,8000,Gasoline,,
50277,Alaska,AK2745,AK2745_2,Closed,1/1/1981 5:00:00 AM,,10000,Gasoline,,
50278,Alaska,AK2781,AK2781_1,Closed,1/1/1981 5:00:00 AM,,1000,Gasoline,,
50279,Alaska,AK2786,AK2786_1,Closed,1/1/1981 5:00:00 AM,,500,Gasoline,,
50280,Alaska,AK2820,AK2820_1,Closed,1/1/1981 5:00:00 AM,,1000,Gasoline,,
50281,Alaska,AK2889,AK2889_1,Closed,1/1/1981 5:00:00 AM,,500,Diesel,,
50282,Alaska,AK2889,AK2889_2,Closed,1/1/1981 5:00:00 AM,,300,Gasoline,,
50283,Alaska,AK2934,AK2934_1,Closed,1/1/1981 5:00:00 AM,,8000,Gasoline,,
50284,Alaska,AK2934,AK2934_2,Closed,1/1/1981 5:00:00 AM,,8000,Gasoline,,
50285,Alaska,AK2934,AK2934_3,Closed,1/1/1981 5:00:00 AM,,300,Used Oil,,
50286,Alaska,AK3076,AK3076_1,Closed,1/1/1981 5:00:00 AM,,1000,Diesel,,
50287,Alaska,AK3135,AK3135_1,Closed,1/1/1981 5:00:00 AM,,2000,Diesel,,
50288,Alaska,AK3203,AK3203_2,Closed,1/1/1981 5:00:00 AM,,15000,Diesel,,
50289,Alaska,AK998,AK998_7,Closed,1/1/1981 5:00:00 AM,,600,Diesel,,
50290,Alaska,AK1335,AK1335_2,Closed,12/18/1980 5:00:00 AM,,4000,Gasoline,,
50291,Alaska,AK1335,AK1335_3,Closed,12/18/1980 5:00:00 AM,,4000,Gasoline,,
50292,Alaska,AK726,AK726_4,Closed,12/4/1980 5:00:00 AM,,10000,Diesel,,
50293,Alaska,AK583,AK583_1,Closed,11/26/1980 5:00:00 AM,,3000,Gasoline,,
50294,Alaska,AK1326,AK1326_3,Closed,11/11/1980 5:00:00 AM,,1000,Used Oil,,
50295,Alaska,AK1976,AK1976_1,Closed,11/2/1980 5:00:00 AM,,8400,Diesel,,
50296,Alaska,AK1976,AK1976_2,Closed,11/2/1980 5:00:00 AM,,5000,Gasoline,,
50297,Alaska,AK2451,AK2451_2,Closed,10/1/1980 4:00:00 AM,,10000,Gasoline,,
50298,Alaska,AK2451,AK2451_3,Closed,10/1/1980 4:00:00 AM,,5000,Diesel,,
50299,Alaska,AK1671,AK1671_1,Closed,8/1/1980 4:00:00 AM,,10000,Diesel,,
50300,Alaska,AK1671,AK1671_2,Closed,8/1/1980 4:00:00 AM,,10000,Gasoline,,
50301,Alaska,AK1675,AK1675_2,Closed,8/1/1980 4:00:00 AM,,10000,Gasoline,,
50302,Alaska,AK2737,AK2737_1,Closed,8/1/1980 4:00:00 AM,,5000,Diesel,,
50303,Alaska,AK2737,AK2737_2,Closed,8/1/1980 4:00:00 AM,,5000,Gasoline,,
50304,Alaska,AK2737,AK2737_3,Closed,8/1/1980 4:00:00 AM,,10000,Gasoline,,
50305,Alaska,AK313,AK313_1,Closed,8/1/1980 4:00:00 AM,,5000,Diesel,,
50306,Alaska,AK733,AK733_3,Closed,8/1/1980 4:00:00 AM,,1000,Diesel,,
50307,Alaska,AK847,AK847_4,Closed,7/24/1980 4:00:00 AM,,10000,Diesel,,
50308,Alaska,AK945,AK945_1,Closed,7/23/1980 4:00:00 AM,,10000,Gasoline,,
50309,Alaska,AK945,AK945_2,Closed,7/23/1980 4:00:00 AM,,10000,Gasoline,,
50310,Alaska,AK1646,AK1646_1,Closed,7/3/1980 4:00:00 AM,,2000,Diesel,,
50311,Alaska,AK1646,AK1646_2,Closed,7/3/1980 4:00:00 AM,,2000,Diesel,,
50312,Alaska,AK2453,AK2453_1,Closed,7/1/1980 4:00:00 AM,,980,Gasoline,,
50313,Alaska,AK2730,AK2730_1,Closed,7/1/1980 4:00:00 AM,,1000,Gasoline,,
50314,Alaska,AK498,AK498_8,Closed,6/30/1980 4:00:00 AM,,500,Used Oil,,
50315,Alaska,AK684,AK684_2,Closed,6/27/1980 4:00:00 AM,,2500,Gasoline,,
50316,Alaska,AK1257,AK1257_1,Closed,6/22/1980 4:00:00 AM,,4000,Diesel,,
50317,Alaska,AK1257,AK1257_2,Closed,6/22/1980 4:00:00 AM,,2000,Diesel,,
50318,Alaska,AK1257,AK1257_3,Closed,6/22/1980 4:00:00 AM,,2000,Diesel,,
50319,Alaska,AK1257,AK1257_4,Closed,6/22/1980 4:00:00 AM,,1000,Diesel,,
50320,Alaska,AK1214,AK1214_1,Closed,6/12/1980 4:00:00 AM,,1000,Gasoline,,
50321,Alaska,AK176,AK176_1,Closed,6/9/1980 4:00:00 AM,,275,Gasoline,,
50322,Alaska,AK3563,AK3563_1,Closed,6/6/1980 4:00:00 AM,,2000,Kerosene,,
50323,Alaska,AK1675,AK1675_1,Closed,6/4/1980 4:00:00 AM,,10000,Diesel,,
50324,Alaska,AK2577,AK2577_1,Closed,6/1/1980 4:00:00 AM,,1000,Gasoline,,
50325,Alaska,AK2577,AK2577_2,Closed,6/1/1980 4:00:00 AM,,1000,Gasoline,,
50326,Alaska,AK3106,AK3106_1,Closed,6/1/1980 4:00:00 AM,,1000,Diesel,,
50327,Alaska,AK347,AK347_3,Closed,6/1/1980 4:00:00 AM,,2500,Gasoline,,
50328,Alaska,AK962,AK962_1,Closed,6/1/1980 4:00:00 AM,,10000,Gasoline,,
50329,Alaska,AK962,AK962_2,Closed,6/1/1980 4:00:00 AM,,10000,Gasoline,,
50330,Alaska,AK1914,AK1914_1,Closed,5/30/1980 4:00:00 AM,,1000,Gasoline,,
50331,Alaska,AK1914,AK1914_2,Closed,5/30/1980 4:00:00 AM,,1000,Diesel,,
50332,Alaska,AK1124,AK1124_1,Closed,5/21/1980 4:00:00 AM,,10000,Gasoline,,
50333,Alaska,AK1124,AK1124_2,Closed,5/21/1980 4:00:00 AM,,10000,Gasoline,,
50334,Alaska,AK1124,AK1124_3,Closed,5/21/1980 4:00:00 AM,,10000,Diesel,,
50335,Alaska,AK1435,AK1435_1,Closed,5/16/1980 4:00:00 AM,,12000,Gasoline,,
50336,Alaska,AK1435,AK1435_2,Closed,5/16/1980 4:00:00 AM,,12000,Gasoline,,
50337,Alaska,AK1435,AK1435_3,Closed,5/16/1980 4:00:00 AM,,12000,Diesel,,
50338,Alaska,AK1558,AK1558_2,Closed,5/16/1980 4:00:00 AM,,1500,Gasoline,,
50339,Alaska,AK440,AK440_3,Closed,5/14/1980 4:00:00 AM,,10000,Gasoline,,
50340,Alaska,AK1321,AK1321_1,Closed,5/12/1980 4:00:00 AM,,1000,Diesel,,
50341,Alaska,AK1321,AK1321_2,Closed,5/12/1980 4:00:00 AM,,1000,Gasoline,,
50342,Alaska,AK1321,AK1321_3,Closed,5/12/1980 4:00:00 AM,,3000,Gasoline,,
50343,Alaska,AK1321,AK1321_4,Closed,5/12/1980 4:00:00 AM,,250,Used Oil,,
50344,Alaska,AK881,AK881_1,Closed,5/10/1980 4:00:00 AM,,1500,Used Oil,,
50345,Alaska,AK1325,AK1325_1,Closed,5/9/1980 4:00:00 AM,,500,Gasoline,,
50346,Alaska,AK1052,AK1052_1,Closed,5/8/1980 4:00:00 AM,,1000,Gasoline,,
50347,Alaska,AK1052,AK1052_2,Closed,5/8/1980 4:00:00 AM,,1000,Diesel,,
50348,Alaska,AK1549,AK1549_2,Closed,5/8/1980 4:00:00 AM,,3000,Diesel,,
50349,Alaska,AK1549,AK1549_3,Closed,5/8/1980 4:00:00 AM,,3000,Diesel,,
50350,Alaska,AK1549,AK1549_4,Closed,5/8/1980 4:00:00 AM,,1000,Gasoline,,
50351,Alaska,AK4,AK4_1,Closed,5/8/1980 4:00:00 AM,,3000,Diesel,,
50352,Alaska,AK4,AK4_2,Closed,5/8/1980 4:00:00 AM,,3000,Gasoline,,
50353,Alaska,AK4,AK4_3,Closed,5/8/1980 4:00:00 AM,,3000,Diesel,,
50354,Alaska,AK868,AK868_1,Closed,5/8/1980 4:00:00 AM,,10000,Gasoline,,
50355,Alaska,AK868,AK868_2,Closed,5/8/1980 4:00:00 AM,,5000,Gasoline,,
50356,Alaska,AK868,AK868_3,Closed,5/8/1980 4:00:00 AM,,5000,Diesel,,
50357,Alaska,AK1472,AK1472_1,Closed,5/7/1980 4:00:00 AM,,10000,Gasoline,,
50358,Alaska,AK1472,AK1472_2,Closed,5/7/1980 4:00:00 AM,,10000,Diesel,,
50359,Alaska,AK1472,AK1472_3,Closed,5/7/1980 4:00:00 AM,,5000,Diesel,,
50360,Alaska,AK672,AK672_3,Closed,5/7/1980 4:00:00 AM,,2000,Diesel,,
50361,Alaska,AK916,AK916_1,Closed,5/7/1980 4:00:00 AM,,500,Gasoline,,
50362,Alaska,AK986,AK986_1,Closed,5/7/1980 4:00:00 AM,,12000,Gasoline,,
50363,Alaska,AK986,AK986_2,Closed,5/7/1980 4:00:00 AM,,12000,Gasoline,,
50364,Alaska,AK844,AK844_1,Closed,5/6/1980 4:00:00 AM,,1000,Diesel,,
50365,Alaska,AK844,AK844_2,Closed,5/6/1980 4:00:00 AM,,500,Gasoline,,
50366,Alaska,AK845,AK845_1,Closed,5/6/1980 4:00:00 AM,,1000,Diesel,,
50367,Alaska,AK845,AK845_2,Closed,5/6/1980 4:00:00 AM,,1000,Diesel,,
50368,Alaska,AK133,AK133_1,Closed,5/5/1980 4:00:00 AM,,1000,Diesel,,
50369,Alaska,AK1488,AK1488_1,Closed,5/5/1980 4:00:00 AM,,1200,Diesel,,
50370,Alaska,AK1488,AK1488_2,Closed,5/5/1980 4:00:00 AM,,1200,Gasoline,,
50371,Alaska,AK1526,AK1526_1,Closed,5/5/1980 4:00:00 AM,,3000,Diesel,,
50372,Alaska,AK1637,AK1637_1,Closed,5/5/1980 4:00:00 AM,,500,Gasoline,,
50373,Alaska,AK345,AK345_1,Closed,5/5/1980 4:00:00 AM,,10000,Diesel,,
50374,Alaska,AK345,AK345_2,Closed,5/5/1980 4:00:00 AM,,10000,Diesel,,
50375,Alaska,AK345,AK345_3,Closed,5/5/1980 4:00:00 AM,,10000,Gasoline,,
50376,Alaska,AK345,AK345_4,Closed,5/5/1980 4:00:00 AM,,10000,Gasoline,,
50377,Alaska,AK345,AK345_5,Closed,5/5/1980 4:00:00 AM,,2000,Used Oil,,
50378,Alaska,AK563,AK563_3,Closed,5/4/1980 4:00:00 AM,,5000,Gasoline,,
50379,Alaska,AK563,AK563_4,Closed,5/4/1980 4:00:00 AM,,2000,Gasoline,,
50380,Alaska,AK739,AK739_1,Closed,5/4/1980 4:00:00 AM,,1000,Gasoline,,
50381,Alaska,AK1476,AK1476_5,Closed,5/2/1980 4:00:00 AM,,10000,Kerosene,,
50382,Alaska,AK1514,AK1514_1,Closed,5/1/1980 4:00:00 AM,,475,Gasoline,,
50383,Alaska,AK1549,AK1549_6,Closed,5/1/1980 4:00:00 AM,,500,Used Oil,,
50384,Alaska,AK503,AK503_1,Closed,5/1/1980 4:00:00 AM,,8000,Gasoline,,
50385,Alaska,AK503,AK503_2,Closed,5/1/1980 4:00:00 AM,,8000,Gasoline,,
50386,Alaska,AK1099,AK1099_1,Closed,4/30/1980 4:00:00 AM,,500,Diesel,,
50387,Alaska,AK155,AK155_1,Closed,4/30/1980 4:00:00 AM,,500,Gasoline,,
50388,Alaska,AK1626,AK1626_1,Closed,4/30/1980 4:00:00 AM,,500,Gasoline,,
50389,Alaska,AK1626,AK1626_3,Closed,4/30/1980 4:00:00 AM,,500,Diesel,,
50390,Alaska,AK1728,AK1728_1,Closed,4/29/1980 4:00:00 AM,,4000,Gasoline,,
50391,Alaska,AK1728,AK1728_2,Closed,4/29/1980 4:00:00 AM,,4000,Gasoline,,
50392,Alaska,AK751,AK751_1,Closed,4/29/1980 4:00:00 AM,,1000,Used Oil,,
50393,Alaska,AK751,AK751_3,Closed,4/29/1980 4:00:00 AM,,2000,Diesel,,
50394,Alaska,AK1638,AK1638_1,Closed,4/28/1980 4:00:00 AM,,500,Gasoline,,
50395,Alaska,AK1755,AK1755_1,Closed,4/28/1980 4:00:00 AM,,680,Gasoline,,
50396,Alaska,AK1755,AK1755_2,Closed,4/28/1980 4:00:00 AM,,680,Gasoline,,
50397,Alaska,AK1669,AK1669_1,Closed,4/26/1980 4:00:00 AM,,500,Gasoline,,
50398,Alaska,AK1749,AK1749_1,Closed,4/25/1980 4:00:00 AM,,3000,Gasoline,,
50399,Alaska,AK1749,AK1749_2,Closed,4/25/1980 4:00:00 AM,,3000,Diesel,,
50400,Alaska,AK729,AK729_1,Closed,4/25/1980 4:00:00 AM,,3000,Gasoline,,
50401,Alaska,AK729,AK729_2,Closed,4/25/1980 4:00:00 AM,,2000,Diesel,,
50402,Alaska,AK359,AK359_1,Closed,4/22/1980 4:00:00 AM,,1500,Gasoline,,
50403,Alaska,AK359,AK359_2,Closed,4/22/1980 4:00:00 AM,,1500,Gasoline,,
50404,Alaska,AK759,AK759_2,Closed,4/19/1980 4:00:00 AM,,5000,Kerosene,,
50405,Alaska,AK759,AK759_3,Closed,4/19/1980 4:00:00 AM,,3000,Kerosene,,
50406,Alaska,AK1481,AK1481_1,Closed,4/18/1980 4:00:00 AM,,10000,Diesel,,
50407,Alaska,AK1481,AK1481_2,Closed,4/18/1980 4:00:00 AM,,4000,Gasoline,,
50408,Alaska,AK578,AK578_1,Closed,4/17/1980 4:00:00 AM,,500,Gasoline,,
50409,Alaska,AK578,AK578_2,Closed,4/17/1980 4:00:00 AM,,500,Diesel,,
50410,Alaska,AK1461,AK1461_1,Closed,4/16/1980 4:00:00 AM,,2000,Gasoline,,
50411,Alaska,AK1461,AK1461_2,Closed,4/16/1980 4:00:00 AM,,2000,Gasoline,,
50412,Alaska,AK691,AK691_1,Closed,4/16/1980 4:00:00 AM,,1000,Gasoline,,
50413,Alaska,AK691,AK691_2,Closed,4/16/1980 4:00:00 AM,,500,Gasoline,,
50414,Alaska,AK1109,AK1109_3,Closed,4/11/1980 4:00:00 AM,,1000,Gasoline,,
50415,Alaska,AK1109,AK1109_4,Closed,4/11/1980 4:00:00 AM,,1000,Gasoline,,
50416,Alaska,AK1118,AK1118_1,Closed,4/10/1980 4:00:00 AM,,1000,Gasoline,,
50417,Alaska,AK394,AK394_1,Closed,4/10/1980 4:00:00 AM,,3000,Gasoline,,
50418,Alaska,AK1768,AK1768_6,Closed,4/8/1980 4:00:00 AM,,1000,Gasoline,,
50419,Alaska,AK1310,AK1310_2,Closed,4/7/1980 4:00:00 AM,,1000,Gasoline,,
50420,Alaska,AK1951,AK1951_1,Closed,4/6/1980 5:00:00 AM,,5000,Diesel,,
50421,Alaska,AK1951,AK1951_2,Closed,4/6/1980 5:00:00 AM,,2000,Gasoline,,
50422,Alaska,AK565,AK565_1,Closed,4/4/1980 5:00:00 AM,,5000,Diesel,,
50423,Alaska,AK565,AK565_2,Closed,4/4/1980 5:00:00 AM,,2000,Gasoline,,
50424,Alaska,AK565,AK565_3,Closed,4/4/1980 5:00:00 AM,,1000,Diesel,,
50425,Alaska,AK398,AK398_1,Closed,4/3/1980 5:00:00 AM,,1000,Gasoline,,
50426,Alaska,AK398,AK398_2,Closed,4/3/1980 5:00:00 AM,,1000,Diesel,,
50427,Alaska,AK478,AK478_1,Closed,4/3/1980 5:00:00 AM,,5000,Gasoline,,
50428,Alaska,AK478,AK478_2,Closed,4/3/1980 5:00:00 AM,,5000,Gasoline,,
50429,Alaska,AK478,AK478_3,Closed,4/3/1980 5:00:00 AM,,5000,Gasoline,,
50430,Alaska,AK1170,AK1170_1,Closed,4/2/1980 5:00:00 AM,,2000,Gasoline,,
50431,Alaska,AK681,AK681_1,Closed,4/1/1980 5:00:00 AM,,1000,Gasoline,,
50432,Alaska,AK1100,AK1100_1,Closed,3/26/1980 5:00:00 AM,,3000,Gasoline,,
50433,Alaska,AK1100,AK1100_2,Closed,3/26/1980 5:00:00 AM,,3000,Diesel,,
50434,Alaska,AK185,AK185_1,Closed,3/26/1980 5:00:00 AM,,1500,Gasoline,,
50435,Alaska,AK57,AK57_1,Closed,3/25/1980 5:00:00 AM,,6000,Diesel,,
50436,Alaska,AK1345,AK1345_1,Closed,3/24/1980 5:00:00 AM,,10000,Diesel,,
50437,Alaska,AK1345,AK1345_2,Closed,3/24/1980 5:00:00 AM,,5000,Diesel,,
50438,Alaska,AK1345,AK1345_3,Closed,3/24/1980 5:00:00 AM,,5000,Gasoline,,
50439,Alaska,AK1345,AK1345_4,Closed,3/24/1980 5:00:00 AM,,300,Diesel,,
50440,Alaska,AK1345,AK1345_5,Closed,3/24/1980 5:00:00 AM,,300,Used Oil,,
50441,Alaska,AK1578,AK1578_1,Closed,3/24/1980 5:00:00 AM,,1000,Diesel,,
50442,Alaska,AK1578,AK1578_2,Closed,3/24/1980 5:00:00 AM,,1000,Gasoline,,
50443,Alaska,AK524,AK524_1,Closed,3/24/1980 5:00:00 AM,,2000,Gasoline,,
50444,Alaska,AK194,AK194_1,Closed,3/21/1980 5:00:00 AM,,1500,Gasoline,,
50445,Alaska,AK194,AK194_2,Closed,3/21/1980 5:00:00 AM,,1500,Gasoline,,
50446,Alaska,AK837,AK837_3,Closed,3/15/1980 5:00:00 AM,,500,Diesel,,
50447,Alaska,AK128,AK128_3,Closed,3/13/1980 5:00:00 AM,,3000,Gasoline,,
50448,Alaska,AK1610,AK1610_1,Closed,3/12/1980 5:00:00 AM,,10000,Gasoline,,
50449,Alaska,AK1610,AK1610_3,Closed,3/12/1980 5:00:00 AM,,2000,Diesel,,
50450,Alaska,AK767,AK767_1,Closed,3/3/1980 5:00:00 AM,,500,Gasoline,,
50451,Alaska,AK185,AK185_3,Closed,3/1/1980 5:00:00 AM,,1000,Diesel,,
50452,Alaska,AK1260,AK1260_3,Closed,2/26/1980 5:00:00 AM,,300,Diesel,,
50453,Alaska,AK776,AK776_1,Closed,2/26/1980 5:00:00 AM,,1500,Diesel,,
50454,Alaska,AK776,AK776_2,Closed,2/26/1980 5:00:00 AM,,1000,Gasoline,,
50455,Alaska,AK1260,AK1260_4,Closed,2/25/1980 5:00:00 AM,,300,Diesel,,
50456,Alaska,AK1468,AK1468_1,Closed,2/25/1980 5:00:00 AM,,5000,Gasoline,,
50457,Alaska,AK1468,AK1468_2,Closed,2/25/1980 5:00:00 AM,,5000,Gasoline,,
50458,Alaska,AK1568,AK1568_1,Closed,2/25/1980 5:00:00 AM,,2000,Gasoline,,
50459,Alaska,AK162,AK162_2,Closed,2/21/1980 5:00:00 AM,,5000,Diesel,,
50460,Alaska,AK1225,AK1225_1,Closed,2/13/1980 5:00:00 AM,,12000,Gasoline,,
50461,Alaska,AK1225,AK1225_2,Closed,2/13/1980 5:00:00 AM,,12000,Gasoline,,
50462,Alaska,AK1225,AK1225_3,Closed,2/13/1980 5:00:00 AM,,2000,Gasoline,,
50463,Alaska,AK676,AK676_1,Closed,2/12/1980 5:00:00 AM,,1000,Gasoline,,
50464,Alaska,AK1511,AK1511_1,Closed,2/7/1980 5:00:00 AM,,500,Diesel,,
50465,Alaska,AK181,AK181_1,Closed,2/1/1980 5:00:00 AM,,2000,Gasoline,,
50466,Alaska,AK1680,AK1680_3,Closed,1/30/1980 5:00:00 AM,,2000,Diesel,,
50467,Alaska,AK825,AK825_1,Closed,1/30/1980 5:00:00 AM,,1000,Used Oil,,
50468,Alaska,AK1338,AK1338_1,Closed,1/29/1980 5:00:00 AM,,20000,Diesel,,
50469,Alaska,AK1338,AK1338_2,Closed,1/29/1980 5:00:00 AM,,20000,Diesel,,
50470,Alaska,AK1338,AK1338_3,Closed,1/29/1980 5:00:00 AM,,20000,Diesel,,
50471,Alaska,AK1338,AK1338_4,Closed,1/29/1980 5:00:00 AM,,20000,Diesel,,
50472,Alaska,AK1338,AK1338_5,Closed,1/29/1980 5:00:00 AM,,20000,Diesel,,
50473,Alaska,AK104,AK104_142,Closed,1/1/1980 5:00:00 AM,,6000,Diesel,,
50474,Alaska,AK104,AK104_21,Closed,1/1/1980 5:00:00 AM,,1000,Diesel,,
50475,Alaska,AK104,AK104_27,Closed,1/1/1980 5:00:00 AM,,1000,Diesel,,
50476,Alaska,AK104,AK104_30,Closed,1/1/1980 5:00:00 AM,,1000,Diesel,,
50477,Alaska,AK104,AK104_52,Closed,1/1/1980 5:00:00 AM,,1000,Diesel,,
50478,Alaska,AK104,AK104_70,Closed,1/1/1980 5:00:00 AM,,1000,Diesel,,
50479,Alaska,AK1041,AK1041_1,Closed,1/1/1980 5:00:00 AM,,1500,Gasoline,,
50480,Alaska,AK1139,AK1139_3,Closed,1/1/1980 5:00:00 AM,,1000,Gasoline,,
50481,Alaska,AK1208,AK1208_1,Closed,1/1/1980 5:00:00 AM,,500,Gasoline,,
50482,Alaska,AK1208,AK1208_2,Closed,1/1/1980 5:00:00 AM,,1000,Diesel,,
50483,Alaska,AK1356,AK1356_1,Closed,1/1/1980 5:00:00 AM,,1000,Gasoline,,
50484,Alaska,AK1368,AK1368_3,Closed,1/1/1980 5:00:00 AM,,500,Gasoline,,
50485,Alaska,AK1376,AK1376_1,Closed,1/1/1980 5:00:00 AM,,1000,Gasoline,,
50486,Alaska,AK1501,AK1501_25,Closed,1/1/1980 5:00:00 AM,,6000,Diesel,,
50487,Alaska,AK1501,AK1501_27,Closed,1/1/1980 5:00:00 AM,,4000,Diesel,,
50488,Alaska,AK1501,AK1501_28,Closed,1/1/1980 5:00:00 AM,,2000,Diesel,,
50489,Alaska,AK1762,AK1762_6,Closed,1/1/1980 5:00:00 AM,,3000,Gasoline,,
50490,Alaska,AK1878,AK1878_2,Closed,1/1/1980 5:00:00 AM,,2000,Diesel,,
50491,Alaska,AK2159,AK2159_3,Closed,1/1/1980 5:00:00 AM,,500,Diesel,,
50492,Alaska,AK2167,AK2167_1,Closed,1/1/1980 5:00:00 AM,,1000,Gasoline,,
50493,Alaska,AK2167,AK2167_2,Closed,1/1/1980 5:00:00 AM,,1000,Diesel,,
50494,Alaska,AK2167,AK2167_3,Closed,1/1/1980 5:00:00 AM,,1500,Diesel,,
50495,Alaska,AK2168,AK2168_1,Closed,1/1/1980 5:00:00 AM,,1000,Diesel,,
50496,Alaska,AK2292,AK2292_2,Closed,1/1/1980 5:00:00 AM,,12000,Gasoline,,
50497,Alaska,AK2314,AK2314_2,Closed,1/1/1980 5:00:00 AM,,1000,Gasoline,,
50498,Alaska,AK2441,AK2441_1,Closed,1/1/1980 5:00:00 AM,,2000,Diesel,,
50499,Alaska,AK2441,AK2441_4,Closed,1/1/1980 5:00:00 AM,,2000,Gasoline,,
50500,Alaska,AK2443,AK2443_1,Closed,1/1/1980 5:00:00 AM,,500,Gasoline,,
50501,Alaska,AK247,AK247_2,Closed,1/1/1980 5:00:00 AM,,500,Gasoline,,
50502,Alaska,AK2482,AK2482_1,Closed,1/1/1980 5:00:00 AM,,8000,Gasoline,,
50503,Alaska,AK2485,AK2485_1,Closed,1/1/1980 5:00:00 AM,,500,Gasoline,,
50504,Alaska,AK2532,AK2532_1,Closed,1/1/1980 5:00:00 AM,,3000,Gasoline,,
50505,Alaska,AK2532,AK2532_2,Closed,1/1/1980 5:00:00 AM,,1000,Gasoline,,
50506,Alaska,AK2716,AK2716_1,Closed,1/1/1980 5:00:00 AM,,5000,Gasoline,,
50507,Alaska,AK2734,AK2734_1,Closed,1/1/1980 5:00:00 AM,,1000,Gasoline,,
50508,Alaska,AK2734,AK2734_2,Closed,1/1/1980 5:00:00 AM,,1000,Diesel,,
50509,Alaska,AK2754,AK2754_1,Closed,1/1/1980 5:00:00 AM,,8000,Gasoline,,
50510,Alaska,AK2754,AK2754_2,Closed,1/1/1980 5:00:00 AM,,7000,Gasoline,,
50511,Alaska,AK2768,AK2768_1,Closed,1/1/1980 5:00:00 AM,,500,Gasoline,,
50512,Alaska,AK2772,AK2772_1,Closed,1/1/1980 5:00:00 AM,,3000,Gasoline,,
50513,Alaska,AK2797,AK2797_1,Closed,1/1/1980 5:00:00 AM,,1000,Used Oil,,
50514,Alaska,AK2799,AK2799_1,Closed,1/1/1980 5:00:00 AM,,1000,Gasoline,,
50515,Alaska,AK2799,AK2799_2,Closed,1/1/1980 5:00:00 AM,,1000,Diesel,,
50516,Alaska,AK2805,AK2805_1,Closed,1/1/1980 5:00:00 AM,,500,Gasoline,,
50517,Alaska,AK2829,AK2829_1,Closed,1/1/1980 5:00:00 AM,,500,Diesel,,
50518,Alaska,AK2831,AK2831_1,Closed,1/1/1980 5:00:00 AM,,500,Gasoline,,
50519,Alaska,AK2831,AK2831_2,Closed,1/1/1980 5:00:00 AM,,500,Gasoline,,
50520,Alaska,AK2850,AK2850_2,Closed,1/1/1980 5:00:00 AM,,1000,Diesel,,
50521,Alaska,AK2916,AK2916_1,Closed,1/1/1980 5:00:00 AM,,1000,Gasoline,,
50522,Alaska,AK2930,AK2930_1,Closed,1/1/1980 5:00:00 AM,,1000,Gasoline,,
50523,Alaska,AK2933,AK2933_1,Closed,1/1/1980 5:00:00 AM,,3000,Gasoline,,
50524,Alaska,AK2933,AK2933_2,Closed,1/1/1980 5:00:00 AM,,3000,Gasoline,,
50525,Alaska,AK2933,AK2933_3,Closed,1/1/1980 5:00:00 AM,,3000,Gasoline,,
50526,Alaska,AK2977,AK2977_1,Closed,1/1/1980 5:00:00 AM,,2000,Diesel,,
50527,Alaska,AK3132,AK3132_1,Closed,1/1/1980 5:00:00 AM,,500,Used Oil,,
50528,Alaska,AK3276,AK3276_1,Closed,1/1/1980 5:00:00 AM,,1600,Diesel,,
50529,Alaska,AK3322,AK3322_1,Closed,1/1/1980 5:00:00 AM,,2000,Diesel,,
50530,Alaska,AK3322,AK3322_2,Closed,1/1/1980 5:00:00 AM,,2000,Diesel,,
50531,Alaska,AK3356,AK3356_1,Closed,1/1/1980 5:00:00 AM,,10000,Gasoline,,
50532,Alaska,AK3356,AK3356_2,Closed,1/1/1980 5:00:00 AM,,5000,Gasoline,,
50533,Alaska,AK3356,AK3356_3,Closed,1/1/1980 5:00:00 AM,,3000,Diesel,,
50534,Alaska,AK611,AK611_1,Closed,1/1/1980 5:00:00 AM,,1000,Used Oil,,
50535,Alaska,AK885,AK885_1,Closed,1/1/1980 5:00:00 AM,,500,Diesel,,
50536,Alaska,AK936,AK936_1,Closed,1/1/1980 5:00:00 AM,,10000,Diesel,,
50537,Alaska,AK936,AK936_2,Closed,1/1/1980 5:00:00 AM,,5000,Gasoline,,
50538,Alaska,AK936,AK936_3,Closed,1/1/1980 5:00:00 AM,,500,Used Oil,,
50539,Alaska,AK936,AK936_4,Closed,1/1/1980 5:00:00 AM,,500,Used Oil,,
50540,Alaska,AK963,AK963_1,Closed,1/1/1980 5:00:00 AM,,500,Diesel,,
50541,Alaska,AK807,AK807_2,Closed,12/10/1979 5:00:00 AM,,1000,Diesel,,
50542,Alaska,AK763,AK763_1,Closed,12/8/1979 5:00:00 AM,,1000,Gasoline,,
50543,Alaska,AK1479,AK1479_1,Closed,10/1/1979 4:00:00 AM,,3000,Gasoline,,
50544,Alaska,AK2550,AK2550_1,Closed,10/1/1979 4:00:00 AM,,12000,Gasoline,,
50545,Alaska,AK2550,AK2550_2,Closed,10/1/1979 4:00:00 AM,,8000,Diesel,,
50546,Alaska,AK2550,AK2550_3,Closed,10/1/1979 4:00:00 AM,,2000,Diesel,,
50547,Alaska,AK1930,AK1930_1,Closed,8/28/1979 4:00:00 AM,,4000,Diesel,,
50548,Alaska,AK2016,AK2016_1,Closed,8/23/1979 4:00:00 AM,,1500,Diesel,,
50549,Alaska,AK2015,AK2015_1,Closed,8/22/1979 4:00:00 AM,,1000,Diesel,,
50550,Alaska,AK34,AK34_3,Closed,8/22/1979 4:00:00 AM,,5000,Diesel,,
50551,Alaska,AK199,AK199_1,Closed,7/16/1979 4:00:00 AM,,2000,Gasoline,,
50552,Alaska,AK199,AK199_2,Closed,7/16/1979 4:00:00 AM,,2000,Gasoline,,
50553,Alaska,AK1440,AK1440_1,Closed,7/4/1979 4:00:00 AM,,600,Diesel,,
50554,Alaska,AK1440,AK1440_2,Closed,7/4/1979 4:00:00 AM,,600,Gasoline,,
50555,Alaska,AK1653,AK1653_1,Closed,7/4/1979 4:00:00 AM,,1000,Diesel,,
50556,Alaska,AK1653,AK1653_2,Closed,7/4/1979 4:00:00 AM,,500,Gasoline,,
50557,Alaska,AK1618,AK1618_2,Closed,7/3/1979 4:00:00 AM,,500,Gasoline,,
50558,Alaska,AK1636,AK1636_1,Closed,7/3/1979 4:00:00 AM,,1500,Diesel,,
50559,Alaska,AK1636,AK1636_2,Closed,7/3/1979 4:00:00 AM,,1500,Gasoline,,
50560,Alaska,AK1049,AK1049_1,Closed,7/1/1979 4:00:00 AM,,3000,Gasoline,,
50561,Alaska,AK1049,AK1049_10,Closed,7/1/1979 4:00:00 AM,,4000,Gasoline,,
50562,Alaska,AK1049,AK1049_2,Closed,7/1/1979 4:00:00 AM,,3000,Gasoline,,
50563,Alaska,AK1049,AK1049_3,Closed,7/1/1979 4:00:00 AM,,3000,Gasoline,,
50564,Alaska,AK1049,AK1049_4,Closed,7/1/1979 4:00:00 AM,,1000,Gasoline,,
50565,Alaska,AK1053,AK1053_10,Closed,7/1/1979 4:00:00 AM,,3000,Diesel,,
50566,Alaska,AK1053,AK1053_6,Closed,7/1/1979 4:00:00 AM,,3000,Diesel,,
50567,Alaska,AK1053,AK1053_7,Closed,7/1/1979 4:00:00 AM,,3000,Diesel,,
50568,Alaska,AK1053,AK1053_8,Closed,7/1/1979 4:00:00 AM,,3000,Diesel,,
50569,Alaska,AK1053,AK1053_9,Closed,7/1/1979 4:00:00 AM,,3000,Diesel,,
50570,Alaska,AK2218,AK2218_1,Closed,7/1/1979 4:00:00 AM,,3000,Kerosene,,
50571,Alaska,AK2218,AK2218_2,Closed,7/1/1979 4:00:00 AM,,3000,Kerosene,,
50572,Alaska,AK2218,AK2218_3,Closed,7/1/1979 4:00:00 AM,,3000,Gasoline,,
50573,Alaska,AK2347,AK2347_1,Closed,7/1/1979 4:00:00 AM,,1000,Gasoline,,
50574,Alaska,AK2347,AK2347_2,Closed,7/1/1979 4:00:00 AM,,1000,Diesel,,
50575,Alaska,AK1915,AK1915_1,Closed,6/19/1979 4:00:00 AM,,300,Diesel,,
50576,Alaska,AK1417,AK1417_1,Closed,6/1/1979 4:00:00 AM,,5000,Diesel,,
50577,Alaska,AK1417,AK1417_2,Closed,6/1/1979 4:00:00 AM,,500,Diesel,,
50578,Alaska,AK1439,AK1439_1,Closed,6/1/1979 4:00:00 AM,,1000,Diesel,,
50579,Alaska,AK1439,AK1439_2,Closed,6/1/1979 4:00:00 AM,,1000,Gasoline,,
50580,Alaska,AK2329,AK2329_1,Closed,6/1/1979 4:00:00 AM,,1000,Diesel,,
50581,Alaska,AK2460,AK2460_2,Closed,6/1/1979 4:00:00 AM,,500,Gasoline,,
50582,Alaska,AK965,AK965_1,Closed,6/1/1979 4:00:00 AM,,550,Gasoline,,
50583,Alaska,AK741,AK741_4,Closed,5/27/1979 4:00:00 AM,,12000,Diesel,,
50584,Alaska,AK741,AK741_5,Closed,5/27/1979 4:00:00 AM,,12000,Diesel,,
50585,Alaska,AK741,AK741_7,Closed,5/27/1979 4:00:00 AM,,6000,Gasoline,,
50586,Alaska,AK907,AK907_1,Closed,5/20/1979 4:00:00 AM,,12000,Gasoline,,
50587,Alaska,AK907,AK907_2,Closed,5/20/1979 4:00:00 AM,,12000,Gasoline,,
50588,Alaska,AK907,AK907_3,Closed,5/20/1979 4:00:00 AM,,2000,Gasoline,,
50589,Alaska,AK907,AK907_4,Closed,5/20/1979 4:00:00 AM,,2000,Gasoline,,
50590,Alaska,AK907,AK907_5,Closed,5/20/1979 4:00:00 AM,,2000,Gasoline,,
50591,Alaska,AK851,AK851_1,Closed,5/16/1979 4:00:00 AM,,2000,Gasoline,,
50592,Alaska,AK2717,AK2717_1,Closed,5/9/1979 4:00:00 AM,,1000,Diesel,,
50593,Alaska,AK2717,AK2717_2,Closed,5/9/1979 4:00:00 AM,,1000,Gasoline,,
50594,Alaska,AK863,AK863_1,Closed,5/9/1979 4:00:00 AM,,1000,Gasoline,,
50595,Alaska,AK863,AK863_2,Closed,5/9/1979 4:00:00 AM,,5000,Gasoline,,
50596,Alaska,AK644,AK644_1,Closed,5/7/1979 4:00:00 AM,,1000,Gasoline,,
50597,Alaska,AK650,AK650_1,Closed,5/7/1979 4:00:00 AM,,200,Gasoline,,
50598,Alaska,AK1523,AK1523_1,Closed,5/6/1979 4:00:00 AM,,1000,Gasoline,,
50599,Alaska,AK1523,AK1523_2,Closed,5/6/1979 4:00:00 AM,,2000,Diesel,,
50600,Alaska,AK1581,AK1581_1,Closed,5/6/1979 4:00:00 AM,,1500,Diesel,,
50601,Alaska,AK1640,AK1640_1,Closed,5/6/1979 4:00:00 AM,,1000,Gasoline,,
50602,Alaska,AK1666,AK1666_1,Temporarily out of Service,5/6/1979 4:00:00 AM,,2000,Gasoline,,
50603,Alaska,AK1666,AK1666_2,Temporarily out of Service,5/6/1979 4:00:00 AM,,1000,Gasoline,,
50604,Alaska,AK262,AK262_1,Closed,5/6/1979 4:00:00 AM,,500,Gasoline,,
50605,Alaska,AK262,AK262_2,Closed,5/6/1979 4:00:00 AM,,500,Gasoline,,
50606,Alaska,AK402,AK402_2,Closed,5/6/1979 4:00:00 AM,,500,Gasoline,,
50607,Alaska,AK881,AK881_2,Closed,5/6/1979 4:00:00 AM,,4000,Diesel,,
50608,Alaska,AK137,AK137_1,Closed,5/4/1979 4:00:00 AM,,500,Diesel,,
50609,Alaska,AK1179,AK1179_3,Closed,5/2/1979 4:00:00 AM,,10000,Kerosene,,
50610,Alaska,AK1179,AK1179_4,Closed,5/2/1979 4:00:00 AM,,10000,Gasoline,,
50611,Alaska,AK1332,AK1332_1,Closed,5/2/1979 4:00:00 AM,,500,Gasoline,,
50612,Alaska,AK150,AK150_1,Closed,5/2/1979 4:00:00 AM,,500,Gasoline,,
50613,Alaska,AK220,AK220_1,Closed,5/2/1979 4:00:00 AM,,500,Kerosene,,
50614,Alaska,AK471,AK471_1,Closed,5/2/1979 4:00:00 AM,,8650,Kerosene,,
50615,Alaska,AK471,AK471_2,Closed,5/2/1979 4:00:00 AM,,8650,Kerosene,,
50616,Alaska,AK471,AK471_3,Closed,5/2/1979 4:00:00 AM,,500,Kerosene,,
50617,Alaska,AK2327,AK2327_1,Closed,5/1/1979 4:00:00 AM,,10000,Gasoline,,
50618,Alaska,AK2327,AK2327_3,Closed,5/1/1979 4:00:00 AM,,5000,Gasoline,,
50619,Alaska,AK2479,AK2479_1,Closed,5/1/1979 4:00:00 AM,,500,Gasoline,,
50620,Alaska,AK2611,AK2611_1,Closed,,,5000,Gasoline,,
50621,Alaska,AK991,AK991_1,Closed,4/1/1984 5:00:00 AM,,20000,Diesel,,
50622,Alaska,AK2611,AK2611_2,Closed,,,5000,Diesel,,
50623,Alaska,AK1647,AK1647_1,Closed,5/29/1973 4:00:00 AM,,1000,Gasoline,,
50624,Alaska,AK2612,AK2612_1,Closed,,,10000,Used Oil,,
50625,Alaska,AK699,AK699_1,Closed,3/31/1984 5:00:00 AM,,2000,Gasoline,,
50626,Alaska,AK699,AK699_2,Closed,3/31/1984 5:00:00 AM,,500,Gasoline,,
50627,Alaska,AK2938,AK2938_1,Closed,5/1/1979 4:00:00 AM,,1000,Gasoline,,
50628,Alaska,AK1890,AK1890_1,Closed,5/27/1973 4:00:00 AM,,500,Gasoline,,
50629,Alaska,AK2613,AK2613_1,Closed,,,1000,Used Oil,,
50630,Alaska,AK78,AK78_1,Closed,3/26/1984 5:00:00 AM,,500,Used Oil,,
50631,Alaska,AK571,AK571_3,Closed,4/30/1979 4:00:00 AM,,500,Gasoline,,
50632,Alaska,AK1890,AK1890_2,Closed,5/27/1973 4:00:00 AM,,1500,Gasoline,,
50633,Alaska,AK2615,AK2615_1,Closed,,,1000,Gasoline,,
50634,Alaska,AK956,AK956_1,Closed,3/26/1984 5:00:00 AM,,12000,Gasoline,,
50635,Alaska,AK143,AK143_1,Closed,4/29/1979 4:00:00 AM,,600,Diesel,,
50636,Alaska,AK1890,AK1890_3,Closed,5/27/1973 4:00:00 AM,,2000,Diesel,,
50637,Alaska,AK2615,AK2615_2,Closed,,,2000,Diesel,,
50638,Alaska,AK956,AK956_2,Closed,3/26/1984 5:00:00 AM,,12000,Gasoline,,
50639,Alaska,AK627,AK627_1,Closed,4/29/1979 4:00:00 AM,,1000,Gasoline,,
50640,Alaska,AK2857,AK2857_1,Closed,1/1/1979 5:00:00 AM,,500,Used Oil,,
50641,Alaska,AK2618,AK2618_1,Closed,,,3000,Used Oil,,
50642,Alaska,AK956,AK956_3,Closed,3/26/1984 5:00:00 AM,,5000,Gasoline,,
50643,Alaska,AK1642,AK1642_1,Closed,4/27/1979 4:00:00 AM,,500,Gasoline,,
50644,Alaska,AK1292,AK1292_2,Closed,5/24/1973 4:00:00 AM,,5000,Diesel,,
50645,Alaska,AK2630,AK2630_2,Closed,,,15000,Diesel,,
50646,Alaska,AK956,AK956_4,Closed,3/26/1984 5:00:00 AM,,5000,Diesel,,
50647,Alaska,AK127,AK127_1,Closed,4/26/1979 4:00:00 AM,,1000,Gasoline,,
50648,Alaska,AK51,AK51_1,Closed,5/23/1973 4:00:00 AM,,670,Gasoline,,
50649,Alaska,AK2640,AK2640_1,Closed,,,500,Gasoline,,
50650,Alaska,AK956,AK956_5,Closed,3/26/1984 5:00:00 AM,,500,Used Oil,,
50651,Alaska,AK127,AK127_2,Closed,4/26/1979 4:00:00 AM,,500,Gasoline,,
50652,Alaska,AK240,AK240_1,Closed,5/6/1973 4:00:00 AM,,1000,Gasoline,,
50653,Alaska,AK2644,AK2644_1,Closed,,,2000,Used Oil,,
50654,Alaska,AK942,AK942_1,Closed,3/25/1984 5:00:00 AM,,20000,Diesel,,
50655,Alaska,AK167,AK167_1,Closed,4/26/1979 4:00:00 AM,,500,Gasoline,,
50656,Alaska,AK760,AK760_3,Closed,5/6/1973 4:00:00 AM,,1000,Gasoline,,
50657,Alaska,AK2646,AK2646_1,Closed,,,5000,Diesel,,
50658,Alaska,AK1154,AK1154_1,Closed,3/24/1984 5:00:00 AM,,5000,Gasoline,,
50659,Alaska,AK939,AK939_1,Closed,4/26/1979 4:00:00 AM,,500,Gasoline,,
50660,Alaska,AK1462,AK1462_1,Closed,5/5/1973 4:00:00 AM,,10000,Gasoline,,
50661,Alaska,AK265,AK265_1,Closed,,,1500,Gasoline,,
50662,Alaska,AK1419,AK1419_1,Closed,3/24/1984 5:00:00 AM,,3000,Gasoline,,
50663,Alaska,AK1229,AK1229_1,Closed,4/25/1979 4:00:00 AM,,1000,Gasoline,,
50664,Alaska,AK1462,AK1462_2,Closed,5/5/1973 4:00:00 AM,,10000,Gasoline,,
50665,Alaska,AK265,AK265_2,Closed,,,1000,Gasoline,,
50666,Alaska,AK1419,AK1419_2,Closed,3/24/1984 5:00:00 AM,,3000,Gasoline,,
50667,Alaska,AK1621,AK1621_5,Closed,4/25/1979 4:00:00 AM,,3000,Diesel,,
50668,Alaska,AK574,AK574_1,Closed,4/30/1973 4:00:00 AM,,500,Diesel,,
50669,Alaska,AK2650,AK2650_1,Closed,,,500,Diesel,,
50670,Alaska,AK1766,AK1766_1,Closed,3/24/1984 5:00:00 AM,,1500,Gasoline,,
50671,Alaska,AK407,AK407_1,Closed,4/24/1979 4:00:00 AM,,10000,Diesel,,
50672,Alaska,AK584,AK584_1,Closed,4/30/1973 4:00:00 AM,,20000,Diesel,,
50673,Alaska,AK2650,AK2650_2,Closed,,,500,Diesel,,
50674,Alaska,AK1766,AK1766_2,Closed,3/24/1984 5:00:00 AM,,1500,Gasoline,,
50675,Alaska,AK988,AK988_1,Closed,4/24/1979 4:00:00 AM,,500,Gasoline,,
50676,Alaska,AK584,AK584_3,Closed,4/30/1973 4:00:00 AM,,500,Gasoline,,
50677,Alaska,AK2653,AK2653_1,Closed,,,1000,Diesel,,
50678,Alaska,AK1396,AK1396_1,Closed,3/22/1984 5:00:00 AM,,15000,Diesel,,
50679,Alaska,AK69,AK69_3,Closed,4/19/1979 4:00:00 AM,,500,Used Oil,,
50680,Alaska,AK769,AK769_1,Closed,4/30/1973 4:00:00 AM,,500,Diesel,,
50681,Alaska,AK2670,AK2670_1,Closed,,,2000,Gasoline,,
50682,Alaska,AK1396,AK1396_2,Closed,3/22/1984 5:00:00 AM,,15000,Diesel,,
50683,Alaska,AK805,AK805_1,Closed,4/17/1979 4:00:00 AM,,2000,Gasoline,,
50684,Alaska,AK104,AK104_133,Closed,4/28/1973 4:00:00 AM,,15000,Gasoline,,
50685,Alaska,AK1340,AK1340_3,Closed,4/25/1973 4:00:00 AM,,1000,Gasoline,,
50686,Alaska,AK1781,AK1781_1,Closed,4/22/1973 4:00:00 AM,,10000,Gasoline,,
50687,Alaska,AK1781,AK1781_2,Closed,4/22/1973 4:00:00 AM,,10000,Gasoline,,
50688,Alaska,AK1781,AK1781_3,Closed,4/22/1973 4:00:00 AM,,6000,Gasoline,,
50689,Alaska,AK1781,AK1781_5,Closed,4/22/1973 4:00:00 AM,,1000,Used Oil,,
50690,Alaska,AK969,AK969_4,Closed,4/22/1973 4:00:00 AM,,5000,Gasoline,,
50691,Alaska,AK969,AK969_5,Closed,4/22/1973 4:00:00 AM,,10000,Gasoline,,
50692,Alaska,AK969,AK969_6,Closed,4/22/1973 4:00:00 AM,,10000,Gasoline,,
50693,Alaska,AK969,AK969_7,Closed,4/22/1973 4:00:00 AM,,1000,Diesel,,
50694,Alaska,AK1297,AK1297_2,Closed,4/8/1973 4:00:00 AM,,6000,Gasoline,,
50695,Alaska,AK590,AK590_1,Closed,4/3/1973 4:00:00 AM,,8000,Gasoline,,
50696,Alaska,AK1292,AK1292_1,Closed,3/24/1973 5:00:00 AM,,5000,Diesel,,
50697,Alaska,AK658,AK658_1,Closed,3/20/1973 5:00:00 AM,,1000,Diesel,,
50698,Alaska,AK658,AK658_2,Closed,3/20/1973 5:00:00 AM,,1000,Gasoline,,
50699,Alaska,AK658,AK658_3,Closed,3/20/1973 5:00:00 AM,,1000,Gasoline,,
50700,Alaska,AK658,AK658_4,Closed,3/20/1973 5:00:00 AM,,2000,Gasoline,,
50701,Alaska,AK658,AK658_5,Closed,3/20/1973 5:00:00 AM,,2000,Gasoline,,
50702,Alaska,AK2758,AK2758_3,Closed,,,10000,Diesel,,
50703,Alaska,AK2540,AK2540_2,Closed,9/1/1982 4:00:00 AM,,6000,Gasoline,,
50704,Alaska,AK2286,AK2286_3,Closed,6/1/1978 4:00:00 AM,,8500,Gasoline,,
50705,Alaska,AK772,AK772_1,Closed,3/20/1973 5:00:00 AM,,3000,Diesel,,
50706,Alaska,AK772,AK772_2,Closed,3/20/1973 5:00:00 AM,,3000,Gasoline,,
50707,Alaska,AK772,AK772_3,Closed,3/20/1973 5:00:00 AM,,500,Used Oil,,
50708,Alaska,AK383,AK383_1,Closed,3/19/1973 5:00:00 AM,,2000,Gasoline,,
50709,Alaska,AK383,AK383_2,Closed,3/19/1973 5:00:00 AM,,1000,Used Oil,,
50710,Alaska,AK360,AK360_4,Closed,3/15/1973 5:00:00 AM,,6000,Diesel,,
50711,Alaska,AK1156,AK1156_1,Closed,3/1/1973 5:00:00 AM,,500,Gasoline,,
50712,Alaska,AK1156,AK1156_2,Closed,3/1/1973 5:00:00 AM,,500,Diesel,,
50713,Alaska,AK862,AK862_1,Closed,2/25/1973 5:00:00 AM,,1000,Diesel,,
50714,Alaska,AK862,AK862_2,Closed,2/25/1973 5:00:00 AM,,1000,Gasoline,,
50715,Alaska,AK903,AK903_7,Closed,2/24/1973 5:00:00 AM,,6000,Gasoline,,
50716,Alaska,AK857,AK857_14,Closed,1/17/1973 5:00:00 AM,,2500,Diesel,,
50717,Alaska,AK104,AK104_149,Closed,1/1/1973 5:00:00 AM,,5000,Diesel,,
50718,Alaska,AK1309,AK1309_1,Closed,1/1/1973 5:00:00 AM,,500,Diesel,,
50719,Alaska,AK1355,AK1355_2,Closed,1/1/1973 5:00:00 AM,,10000,Gasoline,,
50720,Alaska,AK1355,AK1355_3,Closed,1/1/1973 5:00:00 AM,,10000,Gasoline,,
50721,Alaska,AK1418,AK1418_1,Closed,1/1/1973 5:00:00 AM,,12000,Gasoline,,
50722,Alaska,AK1418,AK1418_2,Closed,1/1/1973 5:00:00 AM,,12000,Gasoline,,
50723,Alaska,AK152,AK152_1,Closed,1/1/1973 5:00:00 AM,,1000,Gasoline,,
50724,Alaska,AK2045,AK2045_4,Closed,1/1/1973 5:00:00 AM,,300,Used Oil,,
50725,Alaska,AK210,AK210_1,Closed,1/1/1973 5:00:00 AM,,12000,Gasoline,,
50726,Alaska,AK210,AK210_2,Closed,1/1/1973 5:00:00 AM,,12000,Gasoline,,
50727,Alaska,AK210,AK210_3,Closed,1/1/1973 5:00:00 AM,,3000,Gasoline,,
50728,Alaska,AK2180,AK2180_2,Closed,1/1/1973 5:00:00 AM,,1000,Diesel,,
50729,Alaska,AK2213,AK2213_1,Closed,1/1/1973 5:00:00 AM,,500,Diesel,,
50730,Alaska,AK2213,AK2213_2,Closed,1/1/1973 5:00:00 AM,,500,Used Oil,,
50731,Alaska,AK248,AK248_1,Closed,1/1/1973 5:00:00 AM,,1000,Diesel,,
50732,Alaska,AK248,AK248_2,Closed,1/1/1973 5:00:00 AM,,500,Gasoline,,
50733,Alaska,AK2565,AK2565_1,Closed,1/1/1973 5:00:00 AM,,500,Used Oil,,
50734,Alaska,AK2798,AK2798_1,Closed,1/1/1973 5:00:00 AM,,2000,Diesel,,
50735,Alaska,AK2830,AK2830_1,Closed,1/1/1973 5:00:00 AM,,16000,Gasoline,,
50736,Alaska,AK2830,AK2830_2,Closed,1/1/1973 5:00:00 AM,,16000,Gasoline,,
50737,Alaska,AK2830,AK2830_3,Closed,1/1/1973 5:00:00 AM,,16000,Diesel,,
50738,Alaska,AK2873,AK2873_1,Closed,1/1/1973 5:00:00 AM,,4000,Gasoline,,
50739,Alaska,AK2873,AK2873_2,Closed,1/1/1973 5:00:00 AM,,4000,Gasoline,,
50740,Alaska,AK819,AK819_6,Closed,8/10/1973 4:00:00 AM,,550,Used Oil,,
50741,Alaska,AK2873,AK2873_3,Closed,1/1/1973 5:00:00 AM,,1000,Diesel,,
50742,Alaska,AK2926,AK2926_1,Closed,1/1/1973 5:00:00 AM,,2000,Gasoline,,
50743,Alaska,AK2926,AK2926_2,Closed,1/1/1973 5:00:00 AM,,2000,Gasoline,,
50744,Alaska,AK2929,AK2929_1,Closed,1/1/1973 5:00:00 AM,,1000,Gasoline,,
50745,Alaska,AK330,AK330_5,Closed,1/1/1973 5:00:00 AM,,6000,Gasoline,,
50746,Alaska,AK330,AK330_6,Closed,1/1/1973 5:00:00 AM,,6000,Diesel,,
50747,Alaska,AK3315,AK3315_1,Closed,1/1/1973 5:00:00 AM,,600,Gasoline,,
50748,Alaska,AK3315,AK3315_2,Closed,1/1/1973 5:00:00 AM,,1200,Diesel,,
50749,Alaska,AK3349,AK3349_1,Closed,1/1/1973 5:00:00 AM,,500,Gasoline,,
50750,Alaska,AK540,AK540_41,Closed,1/1/1973 5:00:00 AM,,1000,Used Oil,,
50751,Alaska,AK890,AK890_1,Closed,1/1/1973 5:00:00 AM,,500,Diesel,,
50752,Alaska,AK901,AK901_55,Closed,1/1/1973 5:00:00 AM,,40000,Other,,
50753,Alaska,AK901,AK901_56,Closed,1/1/1973 5:00:00 AM,,40000,Other,,
50754,Alaska,AK901,AK901_57,Closed,1/1/1973 5:00:00 AM,,500,Other,,
50755,Alaska,AK901,AK901_63,Closed,1/1/1973 5:00:00 AM,,300,Used Oil,,
50756,Alaska,AK8,AK8_1,Closed,12/10/1972 5:00:00 AM,,1500,Gasoline,,
50757,Alaska,AK1956,AK1956_1,Closed,10/25/1972 4:00:00 AM,,1000,Diesel,,
50758,Alaska,AK1956,AK1956_3,Closed,10/25/1972 4:00:00 AM,,180,Diesel,,
50759,Alaska,AK2199,AK2199_1,Closed,9/19/1972 4:00:00 AM,,4000,Gasoline,,
50760,Alaska,AK2199,AK2199_2,Closed,9/19/1972 4:00:00 AM,,4000,Gasoline,,
50761,Alaska,AK2199,AK2199_3,Closed,9/19/1972 4:00:00 AM,,2000,Diesel,,
50762,Alaska,AK2199,AK2199_4,Closed,9/19/1972 4:00:00 AM,,2000,Diesel,,
50763,Alaska,AK2199,AK2199_5,Closed,9/19/1972 4:00:00 AM,,2000,Gasoline,,
50764,Alaska,AK2341,AK2341_1,Closed,8/1/1972 4:00:00 AM,,1000,Gasoline,,
50765,Alaska,AK2341,AK2341_2,Closed,8/1/1972 4:00:00 AM,,1000,Gasoline,,
50766,Alaska,AK2341,AK2341_3,Closed,8/1/1972 4:00:00 AM,,2000,Gasoline,,
50767,Alaska,AK2413,AK2413_1,Closed,7/1/1972 4:00:00 AM,,5000,Gasoline,,
50768,Alaska,AK2413,AK2413_2,Closed,7/1/1972 4:00:00 AM,,5000,Gasoline,,
50769,Alaska,AK2413,AK2413_3,Closed,7/1/1972 4:00:00 AM,,5000,Gasoline,,
50770,Alaska,AK2779,AK2779_1,Closed,7/1/1972 4:00:00 AM,,500,Used Oil,,
50771,Alaska,AK380,AK380_2,Closed,6/30/1972 4:00:00 AM,,12000,Other,,
50772,Alaska,AK460,AK460_1,Closed,6/17/1972 4:00:00 AM,,1000,Diesel,,
50773,Alaska,AK1428,AK1428_1,Closed,6/5/1972 4:00:00 AM,,500,Diesel,,
50774,Alaska,AK1428,AK1428_2,Closed,6/5/1972 4:00:00 AM,,1000,Used Oil,,
50775,Alaska,AK526,AK526_1,Closed,5/19/1972 4:00:00 AM,,3000,Diesel,,
50776,Alaska,AK526,AK526_2,Closed,5/19/1972 4:00:00 AM,,1000,Diesel,,
50777,Alaska,AK526,AK526_3,Closed,5/19/1972 4:00:00 AM,,1000,Gasoline,,
50778,Alaska,AK1698,AK1698_1,Closed,5/9/1972 4:00:00 AM,,5000,Diesel,,
50779,Alaska,AK1698,AK1698_3,Closed,5/9/1972 4:00:00 AM,,1000,Gasoline,,
50780,Alaska,AK1698,AK1698_4,Closed,5/9/1972 4:00:00 AM,,500,Used Oil,,
50781,Alaska,AK1698,AK1698_5,Closed,5/9/1972 4:00:00 AM,,300,Used Oil,,
50782,Alaska,AK1172,AK1172_1,Closed,5/8/1972 4:00:00 AM,,10000,Gasoline,,
50783,Alaska,AK1172,AK1172_2,Closed,5/8/1972 4:00:00 AM,,10000,Gasoline,,
50784,Alaska,AK142,AK142_1,Closed,5/8/1972 4:00:00 AM,,3000,Diesel,,
50785,Alaska,AK142,AK142_2,Closed,5/8/1972 4:00:00 AM,,6000,Diesel,,
50786,Alaska,AK705,AK705_1,Closed,5/8/1972 4:00:00 AM,,5000,Gasoline,,
50787,Alaska,AK1688,AK1688_2,Closed,5/7/1972 4:00:00 AM,,500,Gasoline,,
50788,Alaska,AK1688,AK1688_3,Closed,5/7/1972 4:00:00 AM,,1000,Used Oil,,
50789,Alaska,AK726,AK726_1,Closed,5/7/1972 4:00:00 AM,,1000,Other,,
50790,Alaska,AK264,AK264_2,Closed,5/6/1972 4:00:00 AM,,10000,Diesel,,
50791,Alaska,AK418,AK418_1,Closed,5/6/1972 4:00:00 AM,,1000,Gasoline,,
50792,Alaska,AK418,AK418_2,Closed,5/6/1972 4:00:00 AM,,500,Diesel,,
50793,Alaska,AK1238,AK1238_1,Closed,5/5/1972 4:00:00 AM,,2000,Gasoline,,
50794,Alaska,AK208,AK208_2,Closed,5/5/1972 4:00:00 AM,,20000,Diesel,,
50795,Alaska,AK1119,AK1119_1,Closed,5/1/1972 4:00:00 AM,,5000,Gasoline,,
50796,Alaska,AK1119,AK1119_2,Closed,5/1/1972 4:00:00 AM,,2000,Gasoline,,
50797,Alaska,AK1119,AK1119_3,Closed,5/1/1972 4:00:00 AM,,2000,Gasoline,,
50798,Alaska,AK1614,AK1614_1,Closed,5/1/1972 4:00:00 AM,,2000,Gasoline,,
50799,Alaska,AK2715,AK2715_1,Closed,5/1/1972 4:00:00 AM,,12000,Gasoline,,
50800,Alaska,AK2715,AK2715_2,Closed,5/1/1972 4:00:00 AM,,6000,Gasoline,,
50801,Alaska,AK217,AK217_1,Closed,4/29/1972 4:00:00 AM,,3000,Diesel,,
50802,Alaska,AK217,AK217_2,Closed,4/29/1972 4:00:00 AM,,3000,Gasoline,,
50803,Alaska,AK773,AK773_1,Closed,4/29/1972 4:00:00 AM,,500,Used Oil,,
50804,Alaska,AK835,AK835_1,Closed,4/29/1972 4:00:00 AM,,2000,Diesel,,
50805,Alaska,AK835,AK835_2,Closed,4/29/1972 4:00:00 AM,,500,Diesel,,
50806,Alaska,AK835,AK835_3,Closed,4/29/1972 4:00:00 AM,,500,Diesel,,
50807,Alaska,AK104,AK104_77,Closed,4/28/1972 4:00:00 AM,,8000,Diesel,,
50808,Alaska,AK1224,AK1224_1,Closed,4/27/1972 4:00:00 AM,,10000,Gasoline,,
50809,Alaska,AK1224,AK1224_2,Closed,4/27/1972 4:00:00 AM,,5000,Gasoline,,
50810,Alaska,AK411,AK411_1,Closed,4/24/1972 4:00:00 AM,,2500,Diesel,,
50811,Alaska,AK411,AK411_2,Closed,4/24/1972 4:00:00 AM,,2500,Gasoline,,
50812,Alaska,AK432,AK432_1,Closed,4/24/1972 4:00:00 AM,,1000,Diesel,,
50813,Alaska,AK432,AK432_2,Closed,4/24/1972 4:00:00 AM,,500,Gasoline,,
50814,Alaska,AK1779,AK1779_1,Closed,4/23/1972 4:00:00 AM,,30000,Diesel,,
50815,Alaska,AK1779,AK1779_13,Closed,4/23/1972 4:00:00 AM,,3000,Gasoline,,
50816,Alaska,AK1779,AK1779_14,Closed,4/23/1972 4:00:00 AM,,5000,Diesel,,
50817,Alaska,AK1779,AK1779_15,Closed,4/23/1972 4:00:00 AM,,5000,Gasoline,,
50818,Alaska,AK1779,AK1779_16,Closed,4/23/1972 4:00:00 AM,,5000,Gasoline,,
50819,Alaska,AK1779,AK1779_2,Closed,4/23/1972 4:00:00 AM,,30000,Diesel,,
50820,Alaska,AK1779,AK1779_3,Closed,4/23/1972 4:00:00 AM,,30000,Diesel,,
50821,Alaska,AK1779,AK1779_4,Closed,4/23/1972 4:00:00 AM,,30000,Diesel,,
50822,Alaska,AK1779,AK1779_5,Closed,4/23/1972 4:00:00 AM,,30000,Diesel,,
50823,Alaska,AK1779,AK1779_9,Closed,4/23/1972 4:00:00 AM,,5000,Gasoline,,
50824,Alaska,AK19,AK19_1,Closed,4/22/1972 4:00:00 AM,,10000,Gasoline,,
50825,Alaska,AK19,AK19_2,Closed,4/22/1972 4:00:00 AM,,10000,Gasoline,,
50826,Alaska,AK19,AK19_3,Closed,4/22/1972 4:00:00 AM,,5000,Gasoline,,
50827,Alaska,AK556,AK556_1,Closed,4/22/1972 4:00:00 AM,,5000,Gasoline,,
50828,Alaska,AK556,AK556_2,Closed,4/22/1972 4:00:00 AM,,12000,Gasoline,,
50829,Alaska,AK556,AK556_3,Closed,4/22/1972 4:00:00 AM,,12000,Gasoline,,
50830,Alaska,AK827,AK827_2,Closed,4/22/1972 4:00:00 AM,,10000,Gasoline,,
50831,Alaska,AK827,AK827_3,Closed,4/22/1972 4:00:00 AM,,10000,Gasoline,,
50832,Alaska,AK1589,AK1589_1,Closed,4/10/1972 4:00:00 AM,,1000,Gasoline,,
50833,Alaska,AK1589,AK1589_2,Closed,4/10/1972 4:00:00 AM,,1000,Diesel,,
50834,Alaska,AK909,AK909_1,Closed,4/10/1972 4:00:00 AM,,3000,Gasoline,,
50835,Alaska,AK130,AK130_2,Open,3/24/1972 5:00:00 AM,,4000,Diesel,,
50836,Alaska,AK130,AK130_3,Closed,3/24/1972 5:00:00 AM,,1000,Gasoline,,
50837,Alaska,AK1368,AK1368_2,Closed,3/24/1972 5:00:00 AM,,2000,Diesel,,
50838,Alaska,AK2020,AK2020_3,Closed,3/24/1972 5:00:00 AM,,500,Used Oil,,
50839,Alaska,AK437,AK437_1,Closed,3/21/1972 5:00:00 AM,,2000,Gasoline,,
50840,Alaska,AK910,AK910_2,Closed,3/21/1972 5:00:00 AM,,1000,Diesel,,
50841,Alaska,AK50,AK50_1,Closed,3/10/1972 5:00:00 AM,,550,Used Oil,,
50842,Alaska,AK50,AK50_5,Closed,3/10/1972 5:00:00 AM,,10000,Gasoline,,
50843,Alaska,AK50,AK50_6,Closed,3/10/1972 5:00:00 AM,,10000,Gasoline,,
50844,Alaska,AK157,AK157_2,Closed,2/11/1972 5:00:00 AM,,1000,Gasoline,,
50845,Alaska,AK1107,AK1107_5,Closed,2/7/1972 5:00:00 AM,,4000,Gasoline,,
50846,Alaska,AK321,AK321_2,Closed,1/29/1972 5:00:00 AM,,1000,Gasoline,,
50847,Alaska,AK326,AK326_5,Closed,1/29/1972 5:00:00 AM,,2000,Diesel,,
50848,Alaska,AK326,AK326_9,Closed,1/29/1972 5:00:00 AM,,500,Gasoline,,
50849,Alaska,AK1317,AK1317_1,Closed,1/1/1972 5:00:00 AM,,1000,Gasoline,,
50850,Alaska,AK1740,AK1740_1,Closed,1/1/1972 5:00:00 AM,,12000,Gasoline,,
50851,Alaska,AK2158,AK2158_1,Closed,1/1/1972 5:00:00 AM,,5000,Gasoline,,
50852,Alaska,AK2158,AK2158_2,Closed,1/1/1972 5:00:00 AM,,5000,Diesel,,
50853,Alaska,AK1112,AK1112_2,Closed,6/25/1971 4:00:00 AM,,12000,Gasoline,,
50854,Alaska,AK1495,AK1495_1,Closed,6/21/1971 4:00:00 AM,,500,Gasoline,,
50855,Alaska,AK1495,AK1495_2,Closed,6/21/1971 4:00:00 AM,,500,Gasoline,,
50856,Alaska,AK256,AK256_1,Closed,6/20/1971 4:00:00 AM,,500,Other,,
50857,Alaska,AK1679,AK1679_1,Closed,6/4/1971 4:00:00 AM,,2000,Gasoline,,
50858,Alaska,AK180,AK180_4,Closed,6/2/1971 4:00:00 AM,,1000,Diesel,,
50859,Alaska,AK1112,AK1112_3,Closed,6/1/1971 4:00:00 AM,,8500,Diesel,,
50860,Alaska,AK1308,AK1308_1,Closed,6/1/1971 4:00:00 AM,,500,Diesel,,
50861,Alaska,AK1329,AK1329_1,Closed,6/1/1971 4:00:00 AM,,1000,Diesel,,
50862,Alaska,AK1810,AK1810_2,Closed,6/1/1971 4:00:00 AM,,500,Diesel,,
50863,Alaska,AK2337,AK2337_1,Closed,6/1/1971 4:00:00 AM,,1000,Gasoline,,
50864,Alaska,AK807,AK807_1,Closed,6/1/1971 4:00:00 AM,,5000,Diesel,,
50865,Alaska,AK25,AK25_3,Closed,5/21/1971 4:00:00 AM,,10000,Gasoline,,
50866,Alaska,AK708,AK708_2,Closed,3/26/1971 5:00:00 AM,,3000,Gasoline,,
50867,Alaska,AK1284,AK1284_1,Closed,3/25/1971 5:00:00 AM,,10000,Diesel,,
50868,Alaska,AK1506,AK1506_1,Closed,3/25/1971 5:00:00 AM,,500,Used Oil,,
50869,Alaska,AK1288,AK1288_1,Closed,3/24/1971 5:00:00 AM,,5000,Diesel,,
50870,Alaska,AK985,AK985_1,Closed,3/22/1971 5:00:00 AM,,10000,Gasoline,,
50871,Alaska,AK985,AK985_2,Closed,3/22/1971 5:00:00 AM,,10000,Gasoline,,
50872,Alaska,AK985,AK985_3,Closed,3/22/1971 5:00:00 AM,,12000,Gasoline,,
50873,Alaska,AK1055,AK1055_1,Closed,3/21/1971 5:00:00 AM,,500,Diesel,,
50874,Alaska,AK134,AK134_3,Closed,3/18/1971 5:00:00 AM,,3000,Diesel,,
50875,Alaska,AK1718,AK1718_2,Closed,3/12/1971 5:00:00 AM,,1500,Diesel,,
50876,Alaska,AK14,AK14_4,Closed,3/11/1971 5:00:00 AM,,10000,Gasoline,,
50877,Alaska,AK14,AK14_5,Closed,3/11/1971 5:00:00 AM,,10000,Gasoline,,
50878,Alaska,AK14,AK14_6,Closed,3/11/1971 5:00:00 AM,,5000,Diesel,,
50879,Alaska,AK14,AK14_7,Closed,3/11/1971 5:00:00 AM,,550,Used Oil,,
50880,Alaska,AK2988,AK2988_2,Closed,3/1/1971 5:00:00 AM,,1500,Diesel,,
50881,Alaska,AK1410,AK1410_10,Closed,2/25/1971 5:00:00 AM,,1000,Gasoline,,
50882,Alaska,AK1410,AK1410_5,Closed,2/25/1971 5:00:00 AM,,5000,Diesel,,
50883,Alaska,AK877,AK877_1,Closed,2/25/1971 5:00:00 AM,,550,Used Oil,,
50884,Alaska,AK255,AK255_2,Closed,6/7/1970 4:00:00 AM,,500,Gasoline,,
50885,Alaska,AK2085,AK2085_1,Closed,6/1/1970 4:00:00 AM,,900,Other,,
50886,Alaska,AK2142,AK2142_1,Closed,6/1/1970 4:00:00 AM,,1000,Gasoline,,
50887,Alaska,AK260,AK260_1,Closed,6/1/1970 4:00:00 AM,,500,Diesel,,
50888,Alaska,AK2872,AK2872_3,Closed,6/1/1970 4:00:00 AM,,900,Used Oil,,
50889,Alaska,AK440,AK440_1,Closed,5/14/1970 4:00:00 AM,,4000,Gasoline,,
50890,Alaska,AK440,AK440_2,Closed,5/14/1970 4:00:00 AM,,4000,Gasoline,,
50891,Alaska,AK1546,AK1546_1,Closed,5/8/1970 4:00:00 AM,,500,Used Oil,,
50892,Alaska,AK1546,AK1546_2,Closed,5/8/1970 4:00:00 AM,,2000,Diesel,,
50893,Alaska,AK1546,AK1546_3,Closed,5/8/1970 4:00:00 AM,,2000,Gasoline,,
50894,Alaska,AK1566,AK1566_1,Closed,5/8/1970 4:00:00 AM,,2000,Gasoline,,
50895,Alaska,AK1566,AK1566_2,Closed,5/8/1970 4:00:00 AM,,500,Used Oil,,
50896,Alaska,AK1566,AK1566_3,Closed,5/8/1970 4:00:00 AM,,2000,Diesel,,
50897,Alaska,AK1427,AK1427_3,Closed,2/15/1963 5:00:00 AM,,4000,Gasoline,,
50898,Alaska,AK1000,AK1000_2,Closed,5/7/1970 4:00:00 AM,,500,Used Oil,,
50899,Alaska,AK456,AK456_1,Closed,5/7/1970 4:00:00 AM,,5000,Gasoline,,
50900,Alaska,AK1691,AK1691_1,Closed,5/6/1970 4:00:00 AM,,2000,Diesel,,
50901,Alaska,AK1691,AK1691_2,Closed,5/6/1970 4:00:00 AM,,2000,Diesel,,
50902,Alaska,AK267,AK267_1,Closed,5/6/1970 4:00:00 AM,,10000,Used Oil,,
50903,Alaska,AK267,AK267_2,Closed,5/6/1970 4:00:00 AM,,2000,Gasoline,,
50904,Alaska,AK267,AK267_3,Closed,5/6/1970 4:00:00 AM,,5000,Used Oil,,
50905,Alaska,AK267,AK267_4,Closed,5/6/1970 4:00:00 AM,,10000,Used Oil,,
50906,Alaska,AK267,AK267_5,Closed,5/6/1970 4:00:00 AM,,1000,Gasoline,,
50907,Alaska,AK267,AK267_6,Closed,5/6/1970 4:00:00 AM,,10000,Used Oil,,
50908,Alaska,AK832,AK832_1,Closed,5/6/1970 4:00:00 AM,,500,Diesel,,
50909,Alaska,AK630,AK630_1,Closed,5/5/1970 4:00:00 AM,,2000,Gasoline,,
50910,Alaska,AK3048,AK3048_1,Closed,5/1/1970 4:00:00 AM,,3000,Gasoline,,
50911,Alaska,AK3048,AK3048_2,Closed,5/1/1970 4:00:00 AM,,3000,Gasoline,,
50912,Alaska,AK715,AK715_1,Closed,4/30/1970 4:00:00 AM,,1000,Diesel,,
50913,Alaska,AK901,AK901_23,Closed,4/30/1970 4:00:00 AM,,250,Diesel,,
50914,Alaska,AK1139,AK1139_1,Closed,4/28/1970 4:00:00 AM,,18000,Diesel,,
50915,Alaska,AK1139,AK1139_2,Closed,4/28/1970 4:00:00 AM,,18000,Diesel,,
50916,Alaska,AK403,AK403_1,Closed,4/24/1970 4:00:00 AM,,8000,Diesel,,
50917,Alaska,AK1373,AK1373_6,Closed,6/7/1970 4:00:00 AM,,500,Gasoline,,
50918,Alaska,AK1189,AK1189_1,Closed,6/7/1970 4:00:00 AM,,500,Gasoline,,
50919,Alaska,AK2290,AK2290_1,Closed,7/1/1970 4:00:00 AM,,1000,Gasoline,,
50920,Alaska,AK484,AK484_1,Closed,7/23/1970 4:00:00 AM,,2000,Diesel,,
50921,Alaska,AK968,AK968_4,Closed,7/25/1970 4:00:00 AM,,500,Diesel,,
50922,Alaska,AK1607,AK1607_3,Closed,8/10/1970 4:00:00 AM,,2000,Diesel,,
50923,Alaska,AK1607,AK1607_2,Closed,8/10/1970 4:00:00 AM,,8000,Gasoline,,
50924,Alaska,AK1607,AK1607_1,Closed,8/10/1970 4:00:00 AM,,8000,Gasoline,,
50925,Alaska,AK2033,AK2033_1,Closed,12/1/1970 5:00:00 AM,,300,Gasoline,,
50926,Alaska,AK2032,AK2032_1,Closed,12/1/1970 5:00:00 AM,,300,Gasoline,,
50927,Alaska,AK726,AK726_5,Closed,12/4/1970 5:00:00 AM,,10000,Gasoline,,
50928,Alaska,AK901,AK901_18,Closed,1/1/1971 5:00:00 AM,,1000,Diesel,,
50929,Alaska,AK447,AK447_3,Closed,1/1/1971 5:00:00 AM,,3000,Used Oil,,
50930,Alaska,AK447,AK447_2,Closed,1/1/1971 5:00:00 AM,,5000,Used Oil,,
50931,Alaska,AK447,AK447_1,Closed,1/1/1971 5:00:00 AM,,10000,Used Oil,,
50932,Alaska,AK387,AK387_3,Closed,1/1/1971 5:00:00 AM,,2500,Used Oil,,
50933,Alaska,AK387,AK387_2,Closed,1/1/1971 5:00:00 AM,,5000,Diesel,,
50934,Alaska,AK3587,AK3587_2,Closed,1/1/1971 5:00:00 AM,,5000,Used Oil,,
50935,Alaska,AK3587,AK3587_1,Closed,1/1/1971 5:00:00 AM,,10000,Gasoline,,
50936,Alaska,AK3220,AK3220_1,Closed,1/1/1971 5:00:00 AM,,1000,Diesel,,
50937,Alaska,AK3138,AK3138_2,Closed,1/1/1971 5:00:00 AM,,500,Diesel,,
50938,Alaska,AK3138,AK3138_1,Closed,1/1/1971 5:00:00 AM,,500,Diesel,,
50939,Alaska,AK2833,AK2833_1,Closed,1/1/1971 5:00:00 AM,,500,Gasoline,,
50940,Alaska,AK2819,AK2819_1,Closed,1/1/1971 5:00:00 AM,,500,Gasoline,,
50941,Alaska,AK2804,AK2804_1,Closed,1/1/1971 5:00:00 AM,,500,Gasoline,,
50942,Alaska,AK2784,AK2784_2,Closed,1/1/1971 5:00:00 AM,,2000,Gasoline,,
50943,Alaska,AK2784,AK2784_1,Closed,1/1/1971 5:00:00 AM,,2000,Gasoline,,
50944,Alaska,AK2770,AK2770_1,Closed,1/1/1971 5:00:00 AM,,800,Gasoline,,
50945,Alaska,AK2629,AK2629_1,Closed,1/1/1971 5:00:00 AM,,500,Diesel,,
50946,Alaska,AK2274,AK2274_1,Closed,1/1/1971 5:00:00 AM,,500,Used Oil,,
50947,Alaska,AK2206,AK2206_1,Closed,1/1/1971 5:00:00 AM,,2000,Diesel,,
50948,Alaska,AK2176,AK2176_3,Closed,1/1/1971 5:00:00 AM,,500,Diesel,,
50949,Alaska,AK2176,AK2176_2,Closed,1/1/1971 5:00:00 AM,,500,Diesel,,
50950,Alaska,AK2176,AK2176_1,Closed,1/1/1971 5:00:00 AM,,1000,Diesel,,
50951,Alaska,AK1922,AK1922_1,Closed,1/1/1971 5:00:00 AM,,1000,Used Oil,,
50952,Alaska,AK1697,AK1697_1,Closed,1/1/1971 5:00:00 AM,,500,Gasoline,,
50953,Alaska,AK1404,AK1404_3,Closed,1/1/1971 5:00:00 AM,,10000,Diesel,,
50954,Alaska,AK1404,AK1404_2,Closed,1/1/1971 5:00:00 AM,,10000,Gasoline,,
50955,Alaska,AK1404,AK1404_1,Closed,1/1/1971 5:00:00 AM,,10000,Gasoline,,
50956,Alaska,AK125,AK125_4,Closed,1/1/1971 5:00:00 AM,,12000,Diesel,,
50957,Alaska,AK125,AK125_3,Closed,1/1/1971 5:00:00 AM,,12000,Gasoline,,
50958,Alaska,AK125,AK125_2,Closed,1/1/1971 5:00:00 AM,,12000,Gasoline,,
50959,Alaska,AK125,AK125_1,Closed,1/1/1971 5:00:00 AM,,12000,Diesel,,
50960,Alaska,AK889,AK889_5,Closed,1/6/1971 5:00:00 AM,,2000,Kerosene,,
50961,Alaska,AK889,AK889_4,Closed,1/6/1971 5:00:00 AM,,2000,Diesel,,
50962,Alaska,AK889,AK889_2,Closed,1/6/1971 5:00:00 AM,,4000,Gasoline,,
50963,Alaska,AK1133,AK1133_6,Closed,1/17/1971 5:00:00 AM,,5000,Diesel,,
50964,Alaska,AK610,AK610_2,Closed,1/29/1971 5:00:00 AM,,1000,Kerosene,,
50965,Alaska,AK610,AK610_1,Closed,1/29/1971 5:00:00 AM,,1000,Gasoline,,
50966,Alaska,AK1302,AK1302_2,Closed,4/30/1963 4:00:00 AM,,1000,Gasoline,,
50967,Alaska,AK2773,AK2773_1,Closed,2/2/1971 5:00:00 AM,,500,Gasoline,,
50968,Alaska,AK539,AK539_1,Closed,2/19/1971 5:00:00 AM,,5000,Gasoline,,
50969,Alaska,AK162,AK162_4,Closed,2/21/1971 5:00:00 AM,,2000,Gasoline,,
50970,Alaska,AK162,AK162_3,Closed,2/21/1971 5:00:00 AM,,2000,Gasoline,,
50971,Alaska,AK1049,AK1049_5,Closed,2/21/1971 5:00:00 AM,,550,Gasoline,,
50972,Alaska,AK1048,AK1048_1,Closed,2/21/1971 5:00:00 AM,,550,Gasoline,,
50973,Alaska,AK878,AK878_4,Closed,2/25/1971 5:00:00 AM,,8000,Gasoline,,
50974,Alaska,AK878,AK878_3,Closed,2/25/1971 5:00:00 AM,,8000,Gasoline,,
50975,Alaska,AK878,AK878_2,Closed,2/25/1971 5:00:00 AM,,6000,Gasoline,,
50976,Alaska,AK878,AK878_1,Closed,2/25/1971 5:00:00 AM,,550,Used Oil,,
50977,Alaska,AK877,AK877_4,Closed,2/25/1971 5:00:00 AM,,8000,Gasoline,,
50978,Alaska,AK877,AK877_3,Closed,2/25/1971 5:00:00 AM,,8000,Gasoline,,
50979,Alaska,AK74,AK74_4,Closed,4/22/1986 4:00:00 AM,,10000,Gasoline,,
50980,Alaska,AK877,AK877_2,Closed,2/25/1971 5:00:00 AM,,6000,Gasoline,,
50981,Alaska,AK708,AK708_1,Closed,3/26/1971 5:00:00 AM,,3000,Diesel,,
50982,Alaska,AK268,AK268_1,Closed,3/26/1971 5:00:00 AM,,3000,Gasoline,,
50983,Alaska,AK121,AK121_1,Closed,3/26/1971 5:00:00 AM,,300,Gasoline,,
50984,Alaska,AK254,AK254_2,Closed,3/29/1971 5:00:00 AM,,8000,Gasoline,,
50985,Alaska,AK254,AK254_1,Closed,3/29/1971 5:00:00 AM,,8000,Gasoline,,
50986,Alaska,AK2561,AK2561_3,Closed,4/1/1971 5:00:00 AM,,1000,Diesel,,
50987,Alaska,AK2561,AK2561_2,Closed,4/1/1971 5:00:00 AM,,1000,Gasoline,,
50988,Alaska,AK2561,AK2561_1,Closed,4/1/1971 5:00:00 AM,,2000,Gasoline,,
50989,Alaska,AK1541,AK1541_2,Closed,4/1/1971 5:00:00 AM,,750,Kerosene,,
50990,Alaska,AK1541,AK1541_1,Closed,4/1/1971 5:00:00 AM,,500,Gasoline,,
50991,Alaska,AK628,AK628_1,Closed,4/2/1971 5:00:00 AM,,1000,Diesel,,
50992,Alaska,AK812,AK812_1,Closed,4/3/1971 5:00:00 AM,,1000,Gasoline,,
50993,Alaska,AK5,AK5_3,Closed,4/7/1971 4:00:00 AM,,1500,Gasoline,,
50994,Alaska,AK5,AK5_2,Closed,4/7/1971 4:00:00 AM,,6000,Gasoline,,
50995,Alaska,AK5,AK5_1,Closed,4/7/1971 4:00:00 AM,,5000,Gasoline,,
50996,Alaska,AK284,AK284_4,Closed,4/8/1971 4:00:00 AM,,6000,Gasoline,,
50997,Alaska,AK1737,AK1737_1,Closed,4/9/1971 4:00:00 AM,,999,Diesel,,
50998,Alaska,AK1339,AK1339_5,Closed,4/9/1971 4:00:00 AM,,550,Used Oil,,
50999,Alaska,AK1339,AK1339_4,Closed,4/9/1971 4:00:00 AM,,1000,Diesel,,
51000,Alaska,AK1339,AK1339_3,Closed,4/9/1971 4:00:00 AM,,6000,Gasoline,,
51001,Alaska,AK1339,AK1339_2,Closed,4/9/1971 4:00:00 AM,,10000,Gasoline,,
51002,Alaska,AK1339,AK1339_1,Closed,4/9/1971 4:00:00 AM,,10000,Gasoline,,
51003,Alaska,AK1398,AK1398_2,Closed,4/11/1971 4:00:00 AM,,500,Diesel,,
51004,Alaska,AK1388,AK1388_3,Closed,4/11/1971 4:00:00 AM,,550,Kerosene,,
51005,Alaska,AK1625,AK1625_1,Closed,4/12/1971 4:00:00 AM,,1000,Gasoline,,
51006,Alaska,AK229,AK229_1,Closed,4/16/1971 4:00:00 AM,,1000,Diesel,,
51007,Alaska,AK376,AK376_1,Closed,4/18/1971 4:00:00 AM,,1000,Diesel,,
51008,Alaska,AK1128,AK1128_1,Closed,4/21/1971 4:00:00 AM,,300,Diesel,,
51009,Alaska,AK895,AK895_1,Closed,4/22/1971 4:00:00 AM,,1000,Gasoline,,
51010,Alaska,AK534,AK534_3,Closed,4/23/1971 4:00:00 AM,,5000,Gasoline,,
51011,Alaska,AK534,AK534_2,Closed,4/23/1971 4:00:00 AM,,10000,Gasoline,,
51012,Alaska,AK534,AK534_1,Closed,4/23/1971 4:00:00 AM,,10000,Gasoline,,
51013,Alaska,AK1280,AK1280_1,Closed,4/24/1971 4:00:00 AM,,300,Gasoline,,
51014,Alaska,AK918,AK918_1,Closed,4/25/1971 4:00:00 AM,,500,Gasoline,,
51015,Alaska,AK1091,AK1091_1,Closed,4/25/1971 4:00:00 AM,,1000,Gasoline,,
51016,Alaska,AK1077,AK1077_1,Closed,4/26/1971 4:00:00 AM,,20000,Used Oil,,
51017,Alaska,AK1084,AK1084_1,Closed,4/27/1971 4:00:00 AM,,500,Gasoline,,
51018,Alaska,AK950,AK950_2,Closed,4/30/1971 4:00:00 AM,,10000,Diesel,,
51019,Alaska,AK950,AK950_1,Closed,4/30/1971 4:00:00 AM,,3000,Diesel,,
51020,Alaska,AK946,AK946_4,Closed,4/30/1971 4:00:00 AM,,1000,Used Oil,,
51021,Alaska,AK946,AK946_3,Closed,4/30/1971 4:00:00 AM,,1000,Used Oil,,
51022,Alaska,AK946,AK946_1,Closed,4/30/1971 4:00:00 AM,,3000,Diesel,,
51023,Alaska,AK769,AK769_4,Closed,5/1/1971 4:00:00 AM,,275,Gasoline,,
51024,Alaska,AK769,AK769_3,Closed,5/1/1971 4:00:00 AM,,10000,Diesel,,
51025,Alaska,AK769,AK769_2,Closed,5/1/1971 4:00:00 AM,,1000,Diesel,,
51026,Alaska,AK300,AK300_8,Closed,5/1/1971 4:00:00 AM,,500,Used Oil,,
51027,Alaska,AK300,AK300_7,Closed,5/1/1971 4:00:00 AM,,3000,Diesel,,
51028,Alaska,AK2517,AK2517_2,Closed,5/1/1971 4:00:00 AM,,1000,Diesel,,
51029,Alaska,AK2517,AK2517_1,Closed,5/1/1971 4:00:00 AM,,1000,Gasoline,,
51030,Alaska,AK2270,AK2270_2,Closed,5/1/1971 4:00:00 AM,,2000,Gasoline,,
51031,Alaska,AK2270,AK2270_1,Closed,5/1/1971 4:00:00 AM,,1500,Gasoline,,
51032,Alaska,AK582,AK582_2,Closed,5/2/1971 4:00:00 AM,,500,Gasoline,,
51033,Alaska,AK582,AK582_1,Closed,5/2/1971 4:00:00 AM,,500,Gasoline,,
51034,Alaska,AK234,AK234_4,Closed,5/2/1971 4:00:00 AM,,500,Used Oil,,
51035,Alaska,AK1587,AK1587_3,Closed,5/3/1971 4:00:00 AM,,1150,Diesel,,
51036,Alaska,AK1587,AK1587_1,Closed,5/3/1971 4:00:00 AM,,10000,Diesel,,
51037,Alaska,AK548,AK548_1,Closed,5/6/1971 4:00:00 AM,,2000,Gasoline,,
51038,Alaska,AK512,AK512_1,Closed,5/6/1971 4:00:00 AM,,1000,Gasoline,,
51039,Alaska,AK22,AK22_1,Closed,5/6/1971 4:00:00 AM,,2000,Gasoline,,
51040,Alaska,AK197,AK197_2,Closed,5/6/1971 4:00:00 AM,,2000,Gasoline,,
51041,Alaska,AK197,AK197_1,Closed,5/6/1971 4:00:00 AM,,2000,Gasoline,,
51042,Alaska,AK1916,AK1916_2,Closed,5/6/1971 4:00:00 AM,,12000,Gasoline,,
51043,Alaska,AK1733,AK1733_1,Closed,5/6/1971 4:00:00 AM,,500,Gasoline,,
51044,Alaska,AK1138,AK1138_3,Closed,5/6/1971 4:00:00 AM,,8000,Gasoline,,
51045,Alaska,AK848,AK848_2,Closed,5/7/1971 4:00:00 AM,,1500,Gasoline,,
51046,Alaska,AK1236,AK1236_9,Closed,5/7/1971 4:00:00 AM,,300,Used Oil,,
51047,Alaska,AK1236,AK1236_8,Closed,5/7/1971 4:00:00 AM,,1000,Diesel,,
51048,Alaska,AK1236,AK1236_7,Closed,5/7/1971 4:00:00 AM,,5000,Gasoline,,
51049,Alaska,AK1236,AK1236_3,Closed,5/7/1971 4:00:00 AM,,300,Diesel,,
51050,Alaska,AK1236,AK1236_2,Closed,5/7/1971 4:00:00 AM,,500,Gasoline,,
51051,Alaska,AK1138,AK1138_2,Closed,5/7/1971 4:00:00 AM,,4000,Diesel,,
51052,Alaska,AK1138,AK1138_1,Closed,5/7/1971 4:00:00 AM,,4000,Gasoline,,
51053,Alaska,AK66,AK66_4,Closed,5/8/1971 4:00:00 AM,,1000,Diesel,,
51054,Alaska,AK66,AK66_3,Closed,5/8/1971 4:00:00 AM,,4000,Gasoline,,
51055,Alaska,AK66,AK66_2,Closed,5/8/1971 4:00:00 AM,,10000,Gasoline,,
51056,Alaska,AK66,AK66_1,Closed,5/8/1971 4:00:00 AM,,10000,Gasoline,,
51057,Alaska,AK1451,AK1451_2,Closed,5/8/1971 4:00:00 AM,,4000,Gasoline,,
51058,Alaska,AK1451,AK1451_1,Closed,5/8/1971 4:00:00 AM,,3000,Gasoline,,
51059,Alaska,AK1075,AK1075_1,Closed,5/8/1971 4:00:00 AM,,5000,Gasoline,,
51060,Alaska,AK1066,AK1066_3,Closed,5/8/1971 4:00:00 AM,,1000,Diesel,,
51061,Alaska,AK1066,AK1066_2,Closed,5/8/1971 4:00:00 AM,,3000,Gasoline,,
51062,Alaska,AK1066,AK1066_1,Closed,5/8/1971 4:00:00 AM,,3000,Gasoline,,
51063,Alaska,AK475,AK475_1,Closed,5/9/1971 4:00:00 AM,,2500,Diesel,,
51064,Alaska,AK300,AK300_4,Closed,5/9/1971 4:00:00 AM,,3000,Diesel,,
51065,Alaska,AK300,AK300_2,Closed,5/9/1971 4:00:00 AM,,2500,Gasoline,,
51066,Alaska,AK1569,AK1569_7,Closed,5/9/1971 4:00:00 AM,,3000,Gasoline,,
51067,Alaska,AK1569,AK1569_6,Closed,5/9/1971 4:00:00 AM,,10000,Diesel,,
51068,Alaska,AK1569,AK1569_5,Closed,5/9/1971 4:00:00 AM,,500,Used Oil,,
51069,Alaska,AK1569,AK1569_4,Closed,5/9/1971 4:00:00 AM,,500,Used Oil,,
51070,Alaska,AK1569,AK1569_3,Closed,5/9/1971 4:00:00 AM,,1000,Used Oil,,
51071,Alaska,AK1569,AK1569_2,Closed,5/9/1971 4:00:00 AM,,2000,Diesel,,
51072,Alaska,AK1569,AK1569_1,Closed,5/9/1971 4:00:00 AM,,3000,Gasoline,,
51073,Alaska,AK1517,AK1517_4,Closed,5/9/1971 4:00:00 AM,,500,Used Oil,,
51074,Alaska,AK1517,AK1517_3,Closed,5/9/1971 4:00:00 AM,,10000,Diesel,,
51075,Alaska,AK1517,AK1517_2,Closed,5/9/1971 4:00:00 AM,,10000,Gasoline,,
51076,Alaska,AK1517,AK1517_1,Closed,5/9/1971 4:00:00 AM,,10000,Gasoline,,
51077,Alaska,AK1513,AK1513_3,Closed,5/9/1971 4:00:00 AM,,12000,Diesel,,
51078,Alaska,AK1513,AK1513_2,Closed,5/9/1971 4:00:00 AM,,12000,Gasoline,,
51079,Alaska,AK1513,AK1513_1,Closed,5/9/1971 4:00:00 AM,,12000,Gasoline,,
51080,Alaska,AK1512,AK1512_3,Closed,5/9/1971 4:00:00 AM,,5000,Diesel,,
51081,Alaska,AK1512,AK1512_2,Closed,5/9/1971 4:00:00 AM,,12000,Gasoline,,
51082,Alaska,AK1512,AK1512_1,Closed,5/9/1971 4:00:00 AM,,12000,Gasoline,,
51083,Alaska,AK1222,AK1222_3,Closed,5/9/1971 4:00:00 AM,,500,Used Oil,,
51084,Alaska,AK1222,AK1222_2,Closed,5/9/1971 4:00:00 AM,,1000,Gasoline,,
51085,Alaska,AK1222,AK1222_1,Closed,5/9/1971 4:00:00 AM,,1000,Diesel,,
51086,Alaska,AK1384,AK1384_1,Closed,5/16/1971 4:00:00 AM,,500,Gasoline,,
51087,Alaska,AK25,AK25_4,Closed,5/21/1971 4:00:00 AM,,4000,Diesel,,
51088,Alaska,AK1112,AK1112_1,Closed,6/25/1971 4:00:00 AM,,12000,Gasoline,,
51089,Alaska,AK1098,AK1098_2,Closed,6/25/1971 4:00:00 AM,,12000,Gasoline,,
51090,Alaska,AK1098,AK1098_1,Closed,6/25/1971 4:00:00 AM,,12000,Gasoline,,
51091,Alaska,AK498,AK498_7,Closed,7/1/1971 4:00:00 AM,,500,Diesel,,
51092,Alaska,AK498,AK498_5,Closed,7/1/1971 4:00:00 AM,,1000,Gasoline,,
51093,Alaska,AK498,AK498_4,Closed,7/1/1971 4:00:00 AM,,3000,Gasoline,,
51094,Alaska,AK498,AK498_3,Closed,7/1/1971 4:00:00 AM,,2000,Gasoline,,
51095,Alaska,AK498,AK498_2,Closed,7/1/1971 4:00:00 AM,,1000,Gasoline,,
51096,Alaska,AK498,AK498_1,Closed,7/1/1971 4:00:00 AM,,1000,Gasoline,,
51097,Alaska,AK1336,AK1336_2,Closed,7/1/1971 4:00:00 AM,,1000,Gasoline,,
51098,Alaska,AK1336,AK1336_1,Closed,7/1/1971 4:00:00 AM,,500,Diesel,,
51099,Alaska,AK847,AK847_2,Closed,7/25/1971 4:00:00 AM,,10000,Diesel,,
51100,Alaska,AK847,AK847_1,Closed,7/25/1971 4:00:00 AM,,10000,Diesel,,
51101,Alaska,AK1896,AK1896_7,Closed,8/1/1971 4:00:00 AM,,1000,Used Oil,,
51102,Alaska,AK1896,AK1896_6,Closed,8/1/1971 4:00:00 AM,,1000,Used Oil,,
51103,Alaska,AK1896,AK1896_5,Closed,8/1/1971 4:00:00 AM,,4000,Diesel,,
51104,Alaska,AK1896,AK1896_4,Closed,8/1/1971 4:00:00 AM,,3000,Gasoline,,
51105,Alaska,AK1896,AK1896_3,Closed,8/1/1971 4:00:00 AM,,4000,Gasoline,,
51106,Alaska,AK1896,AK1896_1,Closed,8/1/1971 4:00:00 AM,,10000,Gasoline,,
51107,Alaska,AK1956,AK1956_9,Closed,10/25/1971 4:00:00 AM,,12000,Gasoline,,
51108,Alaska,AK1956,AK1956_10,Closed,10/25/1971 4:00:00 AM,,12000,Diesel,,
51109,Alaska,AK2009,AK2009_1,Closed,12/1/1971 5:00:00 AM,,300,Gasoline,,
51110,Alaska,AK901,AK901_25,Closed,1/1/1972 5:00:00 AM,,4000,Diesel,,
51111,Alaska,AK737,AK737_2,Closed,1/1/1972 5:00:00 AM,,1500,Gasoline,,
51112,Alaska,AK737,AK737_1,Closed,1/1/1972 5:00:00 AM,,1500,Diesel,,
51113,Alaska,AK556,AK556_4,Closed,1/1/1972 5:00:00 AM,,1000,Used Oil,,
51114,Alaska,AK514,AK514_5,Closed,1/1/1972 5:00:00 AM,,500,Used Oil,,
51115,Alaska,AK514,AK514_4,Closed,1/1/1972 5:00:00 AM,,1000,Diesel,,
51116,Alaska,AK514,AK514_3,Closed,1/1/1972 5:00:00 AM,,5000,Gasoline,,
51117,Alaska,AK514,AK514_2,Closed,1/1/1972 5:00:00 AM,,10000,Gasoline,,
51118,Alaska,AK514,AK514_1,Closed,1/1/1972 5:00:00 AM,,10000,Gasoline,,
51119,Alaska,AK326,AK326_8,Closed,1/1/1972 5:00:00 AM,,500,Diesel,,
51120,Alaska,AK3114,AK3114_1,Closed,1/1/1972 5:00:00 AM,,1000,Gasoline,,
51121,Alaska,AK2962,AK2962_2,Closed,1/1/1972 5:00:00 AM,,1000,Gasoline,,
51122,Alaska,AK2962,AK2962_1,Closed,1/1/1972 5:00:00 AM,,1000,Gasoline,,
51123,Alaska,AK2807,AK2807_1,Closed,1/1/1972 5:00:00 AM,,1000,Gasoline,,
51124,Alaska,AK2735,AK2735_2,Closed,1/1/1972 5:00:00 AM,,1000,Diesel,,
51125,Alaska,AK2724,AK2724_1,Closed,1/1/1972 5:00:00 AM,,2000,Gasoline,,
51126,Alaska,AK2656,AK2656_1,Closed,1/1/1972 5:00:00 AM,,475,Gasoline,,
51127,Alaska,AK2587,AK2587_5,Closed,1/1/1972 5:00:00 AM,,10000,Gasoline,,
51128,Alaska,AK2587,AK2587_3,Closed,1/1/1972 5:00:00 AM,,10000,Gasoline,,
51129,Alaska,AK2560,AK2560_3,Closed,1/1/1972 5:00:00 AM,,1000,Diesel,,
51130,Alaska,AK2560,AK2560_2,Closed,1/1/1972 5:00:00 AM,,2000,Gasoline,,
51131,Alaska,AK2560,AK2560_1,Closed,1/1/1972 5:00:00 AM,,5000,Gasoline,,
51132,Alaska,AK2554,AK2554_2,Closed,1/1/1972 5:00:00 AM,,300,Diesel,,
51133,Alaska,AK2361,AK2361_1,Closed,1/1/1972 5:00:00 AM,,10000,Gasoline,,
51134,Alaska,AK2352,AK2352_2,Closed,1/1/1972 5:00:00 AM,,500,Gasoline,,
51135,Alaska,AK2348,AK2348_1,Closed,1/1/1972 5:00:00 AM,,5000,Gasoline,,
51136,Alaska,AK2190,AK2190_1,Closed,1/1/1972 5:00:00 AM,,1000,Gasoline,,
51137,Alaska,AK403,AK403_2,Closed,4/24/1970 4:00:00 AM,,8000,Gasoline,,
51138,Alaska,AK1159,AK1159_4,Closed,4/23/1970 4:00:00 AM,,5000,Gasoline,,
51139,Alaska,AK7,AK7_1,Closed,4/22/1970 4:00:00 AM,,10000,Gasoline,,
51140,Alaska,AK7,AK7_2,Closed,4/22/1970 4:00:00 AM,,10000,Gasoline,,
51141,Alaska,AK7,AK7_3,Closed,4/21/1970 4:00:00 AM,,5000,Gasoline,,
51142,Alaska,AK73,AK73_1,Closed,4/18/1970 4:00:00 AM,,500,Diesel,,
51143,Alaska,AK833,AK833_1,Closed,4/18/1970 4:00:00 AM,,2000,Diesel,,
51144,Alaska,AK1246,AK1246_1,Closed,4/16/1970 4:00:00 AM,,550,Gasoline,,
51145,Alaska,AK499,AK499_1,Closed,4/16/1970 4:00:00 AM,,25000,Gasoline,,
51146,Alaska,AK686,AK686_2,Closed,4/15/1970 4:00:00 AM,,1000,Gasoline,,
51147,Alaska,AK754,AK754_3,Closed,4/15/1970 4:00:00 AM,,1000,Diesel,,
51148,Alaska,AK754,AK754_4,Closed,4/15/1970 4:00:00 AM,,1000,Gasoline,,
51149,Alaska,AK754,AK754_5,Closed,4/15/1970 4:00:00 AM,,1000,Diesel,,
51150,Alaska,AK1560,AK1560_1,Closed,4/7/1970 4:00:00 AM,,1000,Gasoline,,
51151,Alaska,AK2020,AK2020_2,Closed,4/1/1970 5:00:00 AM,,1000,Gasoline,,
51152,Alaska,AK1767,AK1767_3,Closed,3/17/1970 5:00:00 AM,,550,Diesel,,
51153,Alaska,AK1676,AK1676_1,Closed,1/27/1970 5:00:00 AM,,500,Gasoline,,
51154,Alaska,AK1676,AK1676_2,Closed,1/27/1970 5:00:00 AM,,12000,Diesel,,
51155,Alaska,AK1862,AK1862_1,Closed,1/21/1970 5:00:00 AM,,10000,Diesel,,
51156,Alaska,AK1128,AK1128_2,Closed,1/1/1970 5:00:00 AM,,10000,Diesel,,
51157,Alaska,AK1184,AK1184_1,Closed,1/1/1970 5:00:00 AM,,2000,Gasoline,,
51158,Alaska,AK1373,AK1373_1,Closed,1/1/1970 5:00:00 AM,,1000,Diesel,,
51159,Alaska,AK1373,AK1373_2,Closed,1/1/1970 5:00:00 AM,,1000,Diesel,,
51160,Alaska,AK1406,AK1406_3,Closed,1/1/1970 5:00:00 AM,,515,Gasoline,,
51161,Alaska,AK146,AK146_1,Closed,1/1/1970 5:00:00 AM,,1000,Gasoline,,
51162,Alaska,AK146,AK146_2,Closed,1/1/1970 5:00:00 AM,,3000,Gasoline,,
51163,Alaska,AK1501,AK1501_15,Closed,1/1/1970 5:00:00 AM,,2000,Diesel,,
51164,Alaska,AK1609,AK1609_1,Closed,1/1/1970 5:00:00 AM,,5000,Gasoline,,
51165,Alaska,AK1609,AK1609_2,Closed,1/1/1970 5:00:00 AM,,5000,Gasoline,,
51166,Alaska,AK1609,AK1609_3,Closed,1/1/1970 5:00:00 AM,,3000,Gasoline,,
51167,Alaska,AK1997,AK1997_1,Closed,1/1/1970 5:00:00 AM,,515,Gasoline,,
51168,Alaska,AK2207,AK2207_1,Closed,1/1/1970 5:00:00 AM,,500,Gasoline,,
51169,Alaska,AK2216,AK2216_1,Closed,1/1/1970 5:00:00 AM,,500,Gasoline,,
51170,Alaska,AK2217,AK2217_1,Closed,1/1/1970 5:00:00 AM,,7000,Gasoline,,
51171,Alaska,AK2217,AK2217_2,Closed,1/1/1970 5:00:00 AM,,7000,Diesel,,
51172,Alaska,AK2284,AK2284_1,Closed,1/1/1970 5:00:00 AM,,2000,Gasoline,,
51173,Alaska,AK2284,AK2284_2,Closed,1/1/1970 5:00:00 AM,,3000,Gasoline,,
51174,Alaska,AK2511,AK2511_1,Closed,1/1/1970 5:00:00 AM,,2000,Diesel,,
51175,Alaska,AK2614,AK2614_1,Closed,1/1/1970 5:00:00 AM,,500,Diesel,,
51176,Alaska,AK2774,AK2774_1,Closed,1/1/1970 5:00:00 AM,,450,Gasoline,,
51177,Alaska,AK2809,AK2809_1,Closed,1/1/1970 5:00:00 AM,,5000,Gasoline,,
51178,Alaska,AK2809,AK2809_2,Closed,1/1/1970 5:00:00 AM,,5000,Gasoline,,
51179,Alaska,AK2809,AK2809_3,Closed,1/1/1970 5:00:00 AM,,5000,Diesel,,
51180,Alaska,AK2827,AK2827_1,Closed,1/1/1970 5:00:00 AM,,1000,Diesel,,
51181,Alaska,AK2827,AK2827_3,Closed,1/1/1970 5:00:00 AM,,1500,Gasoline,,
51182,Alaska,AK2851,AK2851_1,Closed,1/1/1970 5:00:00 AM,,1500,Gasoline,,
51183,Alaska,AK2940,AK2940_1,Closed,1/1/1970 5:00:00 AM,,1000,Gasoline,,
51184,Alaska,AK2957,AK2957_1,Closed,1/1/1970 5:00:00 AM,,3000,Used Oil,,
51185,Alaska,AK3047,AK3047_2,Closed,1/1/1970 5:00:00 AM,,4000,Diesel,,
51186,Alaska,AK3047,AK3047_3,Closed,1/1/1970 5:00:00 AM,,1000,Gasoline,,
51187,Alaska,AK3089,AK3089_4,Closed,1/1/1970 5:00:00 AM,,12000,Gasoline,,
51188,Alaska,AK3335,AK3335_1,Closed,1/1/1970 5:00:00 AM,,500,Diesel,,
51189,Alaska,AK3463,AK3463_1,Closed,1/1/1970 5:00:00 AM,,500,Diesel,,
51190,Alaska,AK59,AK59_1,Closed,1/1/1970 5:00:00 AM,,5000,Gasoline,,
51191,Alaska,AK59,AK59_10,Closed,1/1/1970 5:00:00 AM,,1000,Used Oil,,
51192,Alaska,AK59,AK59_7,Closed,1/1/1970 5:00:00 AM,,10000,Gasoline,,
51193,Alaska,AK59,AK59_8,Closed,1/1/1970 5:00:00 AM,,10000,Gasoline,,
51194,Alaska,AK59,AK59_9,Closed,1/1/1970 5:00:00 AM,,12000,Diesel,,
51195,Alaska,AK901,AK901_24,Closed,1/1/1970 5:00:00 AM,,3300,Diesel,,
51196,Alaska,AK94,AK94_6,Closed,1/1/1970 5:00:00 AM,,1500,Gasoline,,
51197,Alaska,AK94,AK94_7,Closed,1/1/1970 5:00:00 AM,,1500,Gasoline,,
51198,Alaska,AK98,AK98_1,Closed,1/1/1970 5:00:00 AM,,2000,Diesel,,
51199,Alaska,AK2131,AK2131_1,Closed,12/1/1969 5:00:00 AM,,3000,Gasoline,,
51200,Alaska,AK2131,AK2131_2,Closed,12/1/1969 5:00:00 AM,,3000,Gasoline,,
51201,Alaska,AK2131,AK2131_3,Closed,12/1/1969 5:00:00 AM,,3000,Gasoline,,
51202,Alaska,AK2131,AK2131_5,Closed,12/1/1969 5:00:00 AM,,3000,Gasoline,,
51203,Alaska,AK1272,AK1272_1,Closed,6/23/1969 4:00:00 AM,,500,Gasoline,,
51204,Alaska,AK2045,AK2045_1,Closed,6/19/1969 4:00:00 AM,,5000,Gasoline,,
51205,Alaska,AK2045,AK2045_2,Closed,6/19/1969 4:00:00 AM,,2000,Gasoline,,
51206,Alaska,AK2045,AK2045_3,Closed,6/19/1969 4:00:00 AM,,1000,Gasoline,,
51207,Alaska,AK647,AK647_1,Closed,6/6/1969 4:00:00 AM,,500,Used Oil,,
51208,Alaska,AK741,AK741_2,Closed,5/26/1969 4:00:00 AM,,4000,Gasoline,,
51209,Alaska,AK741,AK741_6,Closed,5/26/1969 4:00:00 AM,,3000,Diesel,,
51210,Alaska,AK1776,AK1776_1,Closed,5/8/1969 4:00:00 AM,,12300,Gasoline,,
51211,Alaska,AK1776,AK1776_2,Closed,5/8/1969 4:00:00 AM,,2000,Diesel,,
51212,Alaska,AK201,AK201_1,Closed,5/6/1969 4:00:00 AM,,10000,Diesel,,
51213,Alaska,AK201,AK201_2,Closed,5/6/1969 4:00:00 AM,,10000,Diesel,,
51214,Alaska,AK201,AK201_3,Closed,5/6/1969 4:00:00 AM,,10000,Diesel,,
51215,Alaska,AK201,AK201_4,Closed,5/6/1969 4:00:00 AM,,10000,Gasoline,,
51216,Alaska,AK1480,AK1480_1,Closed,5/2/1969 4:00:00 AM,,8000,Kerosene,,
51217,Alaska,AK719,AK719_1,Closed,4/29/1969 4:00:00 AM,,4000,Diesel,,
51218,Alaska,AK719,AK719_2,Closed,4/29/1969 4:00:00 AM,,3000,Gasoline,,
51219,Alaska,AK722,AK722_1,Closed,4/29/1969 4:00:00 AM,,2000,Diesel,,
51220,Alaska,AK722,AK722_2,Closed,4/29/1969 4:00:00 AM,,2000,Gasoline,,
51221,Alaska,AK400,AK400_1,Closed,4/24/1969 4:00:00 AM,,2000,Diesel,,
51222,Alaska,AK400,AK400_2,Closed,4/24/1969 4:00:00 AM,,2000,Gasoline,,
51223,Alaska,AK12,AK12_1,Closed,4/22/1969 4:00:00 AM,,10000,Gasoline,,
51224,Alaska,AK12,AK12_2,Closed,4/22/1969 4:00:00 AM,,10000,Gasoline,,
51225,Alaska,AK12,AK12_3,Closed,4/22/1969 4:00:00 AM,,5000,Gasoline,,
51226,Alaska,AK15,AK15_1,Closed,4/22/1969 4:00:00 AM,,10000,Gasoline,,
51227,Alaska,AK15,AK15_2,Closed,4/22/1969 4:00:00 AM,,10000,Gasoline,,
51228,Alaska,AK15,AK15_3,Closed,4/22/1969 4:00:00 AM,,5000,Gasoline,,
51229,Alaska,AK15,AK15_4,Closed,4/22/1969 4:00:00 AM,,550,Used Oil,,
51230,Alaska,AK47,AK47_1,Closed,4/22/1969 4:00:00 AM,,10000,Gasoline,,
51231,Alaska,AK47,AK47_2,Closed,4/22/1969 4:00:00 AM,,10000,Gasoline,,
51232,Alaska,AK47,AK47_3,Closed,4/22/1969 4:00:00 AM,,5000,Gasoline,,
51233,Alaska,AK47,AK47_4,Closed,4/22/1969 4:00:00 AM,,1000,Used Oil,,
51234,Alaska,AK748,AK748_1,Closed,4/15/1969 4:00:00 AM,,500,Gasoline,,
51235,Alaska,AK780,AK780_1,Closed,4/7/1969 4:00:00 AM,,2000,Gasoline,,
51236,Alaska,AK780,AK780_2,Closed,4/7/1969 4:00:00 AM,,2000,Gasoline,,
51237,Alaska,AK139,AK139_1,Closed,4/4/1969 5:00:00 AM,,1000,Gasoline,,
51238,Alaska,AK139,AK139_2,Closed,4/4/1969 5:00:00 AM,,1000,Diesel,,
51239,Alaska,AK1657,AK1657_1,Closed,4/3/1969 5:00:00 AM,,5000,Diesel,,
51240,Alaska,AK1657,AK1657_2,Closed,4/3/1969 5:00:00 AM,,5000,Gasoline,,
51241,Alaska,AK1657,AK1657_3,Closed,4/3/1969 5:00:00 AM,,5000,Diesel,,
51242,Alaska,AK1657,AK1657_4,Closed,4/3/1969 5:00:00 AM,,500,Used Oil,,
51243,Alaska,AK741,AK741_1,Closed,3/26/1969 5:00:00 AM,,4000,Gasoline,,
51244,Alaska,AK360,AK360_7,Closed,3/16/1969 5:00:00 AM,,150,Diesel,,
51245,Alaska,AK1938,AK1938_4,Closed,2/14/1969 5:00:00 AM,,2000,Gasoline,,
51246,Alaska,AK1989,AK1989_1,Closed,1/4/1969 5:00:00 AM,,2000,Gasoline,,
51247,Alaska,AK1296,AK1296_6,Closed,1/1/1969 5:00:00 AM,,500,Diesel,,
51248,Alaska,AK1706,AK1706_1,Closed,1/1/1969 5:00:00 AM,,500,Gasoline,,
51249,Alaska,AK1960,AK1960_1,Closed,1/1/1969 5:00:00 AM,,2000,Gasoline,,
51250,Alaska,AK204,AK204_3,Closed,1/1/1969 5:00:00 AM,,2000,Gasoline,,
51251,Alaska,AK2293,AK2293_1,Closed,1/1/1969 5:00:00 AM,,1000,Gasoline,,
51252,Alaska,AK2314,AK2314_1,Closed,1/1/1969 5:00:00 AM,,1000,Gasoline,,
51253,Alaska,AK2470,AK2470_1,Closed,1/1/1969 5:00:00 AM,,5000,Gasoline,,
51254,Alaska,AK2470,AK2470_2,Closed,1/1/1969 5:00:00 AM,,5000,Diesel,,
51255,Alaska,AK2530,AK2530_1,Closed,1/1/1969 5:00:00 AM,,2000,Gasoline,,
51256,Alaska,AK2530,AK2530_2,Closed,1/1/1969 5:00:00 AM,,4000,Diesel,,
51257,Alaska,AK2530,AK2530_3,Closed,1/1/1969 5:00:00 AM,,4000,Gasoline,,
51258,Alaska,AK2530,AK2530_4,Closed,1/1/1969 5:00:00 AM,,4000,Gasoline,,
51259,Alaska,AK2530,AK2530_5,Closed,1/1/1969 5:00:00 AM,,4000,Gasoline,,
51260,Alaska,AK3566,AK3566_1,Closed,1/1/1969 5:00:00 AM,,3000,Diesel,,
51261,Alaska,AK3599,AK3599_1,Temporarily out of Service,1/1/1969 5:00:00 AM,,500,Gasoline,,
51262,Alaska,AK3599,AK3599_2,Temporarily out of Service,1/1/1969 5:00:00 AM,,1000,Diesel,,
51263,Alaska,AK857,AK857_9,Closed,1/1/1969 5:00:00 AM,,500,Diesel,,
51264,Alaska,AK901,AK901_3,Closed,1/1/1969 5:00:00 AM,,7200,Diesel,,
51265,Alaska,AK1919,AK1919_1,Closed,9/11/1968 4:00:00 AM,,5000,Gasoline,,
51266,Alaska,AK1919,AK1919_3,Closed,9/11/1968 4:00:00 AM,,3000,Gasoline,,
51267,Alaska,AK1919,AK1919_4,Closed,9/11/1968 4:00:00 AM,,3000,Gasoline,,
51268,Alaska,AK1478,AK1478_1,Closed,9/1/1968 4:00:00 AM,,10000,Gasoline,,
51269,Alaska,AK1478,AK1478_2,Closed,9/1/1968 4:00:00 AM,,10000,Gasoline,,
51270,Alaska,AK1478,AK1478_3,Closed,9/1/1968 4:00:00 AM,,5000,Gasoline,,
51271,Alaska,AK1478,AK1478_5,Closed,9/1/1968 4:00:00 AM,,1000,Used Oil,,
51272,Alaska,AK1919,AK1919_2,Closed,8/24/1968 4:00:00 AM,,1000,Used Oil,,
51273,Alaska,AK1892,AK1892_1,Closed,7/21/1968 4:00:00 AM,,1500,Kerosene,,
51274,Alaska,AK1892,AK1892_2,Closed,7/21/1968 4:00:00 AM,,1500,Kerosene,,
51275,Alaska,AK2048,AK2048_1,Closed,7/6/1968 4:00:00 AM,,2000,Mixture,,
51276,Alaska,AK1059,AK1059_1,Closed,6/25/1968 4:00:00 AM,,500,Diesel,,
51277,Alaska,AK1889,AK1889_1,Closed,6/13/1968 4:00:00 AM,,2000,Diesel,,
51278,Alaska,AK1889,AK1889_2,Closed,6/13/1968 4:00:00 AM,,2000,Diesel,,
51279,Alaska,AK1889,AK1889_3,Closed,6/13/1968 4:00:00 AM,,2000,Gasoline,,
51280,Alaska,AK255,AK255_1,Closed,6/7/1968 4:00:00 AM,,10000,Diesel,,
51281,Alaska,AK1983,AK1983_1,Closed,5/30/1968 4:00:00 AM,,8000,Gasoline,,
51282,Alaska,AK1983,AK1983_2,Closed,5/30/1968 4:00:00 AM,,8000,Gasoline,,
51283,Alaska,AK1983,AK1983_3,Closed,5/30/1968 4:00:00 AM,,3000,Gasoline,,
51284,Alaska,AK1686,AK1686_11,Closed,5/7/1968 4:00:00 AM,,3000,Diesel,,
51285,Alaska,AK1309,AK1309_4,Closed,5/6/1968 4:00:00 AM,,1000,Gasoline,,
51286,Alaska,AK41,AK41_1,Closed,5/5/1968 4:00:00 AM,,2000,Gasoline,,
51287,Alaska,AK187,AK187_1,Closed,5/2/1968 4:00:00 AM,,1000,Diesel,,
51288,Alaska,AK477,AK477_1,Closed,5/2/1968 4:00:00 AM,,2000,Gasoline,,
51289,Alaska,AK477,AK477_2,Closed,5/2/1968 4:00:00 AM,,2000,Gasoline,,
51290,Alaska,AK223,AK223_1,Closed,5/1/1968 4:00:00 AM,,5000,Gasoline,,
51291,Alaska,AK223,AK223_2,Closed,5/1/1968 4:00:00 AM,,5000,Gasoline,,
51292,Alaska,AK725,AK725_1,Closed,4/29/1968 4:00:00 AM,,2000,Diesel,,
51293,Alaska,AK725,AK725_2,Closed,4/29/1968 4:00:00 AM,,2000,Gasoline,,
51294,Alaska,AK1769,AK1769_1,Closed,4/22/1968 4:00:00 AM,,10000,Gasoline,,
51295,Alaska,AK1769,AK1769_2,Closed,4/22/1968 4:00:00 AM,,10000,Gasoline,,
51296,Alaska,AK1769,AK1769_3,Closed,4/22/1968 4:00:00 AM,,5000,Gasoline,,
51297,Alaska,AK1769,AK1769_4,Closed,4/22/1968 4:00:00 AM,,1000,Used Oil,,
51298,Alaska,AK1565,AK1565_1,Closed,3/31/1968 5:00:00 AM,,5000,Gasoline,,
51299,Alaska,AK1972,AK1972_1,Closed,3/23/1968 5:00:00 AM,,5000,Diesel,,
51300,Alaska,AK1972,AK1972_2,Closed,3/23/1968 5:00:00 AM,,2500,Gasoline,,
51301,Alaska,AK1972,AK1972_3,Closed,3/23/1968 5:00:00 AM,,2500,Gasoline,,
51302,Alaska,AK1972,AK1972_4,Closed,3/23/1968 5:00:00 AM,,2500,Gasoline,,
51303,Alaska,AK128,AK128_2,Closed,3/13/1968 5:00:00 AM,,2000,Gasoline,,
51304,Alaska,AK2379,AK2379_1,Closed,3/10/1968 5:00:00 AM,,4000,Gasoline,,
51305,Alaska,AK2379,AK2379_4,Closed,3/10/1968 5:00:00 AM,,280,Used Oil,,
51306,Alaska,AK1697,AK1697_2,Closed,1/28/1968 5:00:00 AM,,500,Diesel,,
51307,Alaska,AK1005,AK1005_1,Closed,1/1/1968 5:00:00 AM,,5000,Diesel,,
51308,Alaska,AK1005,AK1005_2,Closed,1/1/1968 5:00:00 AM,,5000,Gasoline,,
51309,Alaska,AK1005,AK1005_5,Closed,1/1/1968 5:00:00 AM,,300,Used Oil,,
51310,Alaska,AK104,AK104_99,Closed,1/1/1968 5:00:00 AM,,3000,Diesel,,
51311,Alaska,AK1107,AK1107_11,Closed,1/1/1968 5:00:00 AM,,2000,Gasoline,,
51312,Alaska,AK1501,AK1501_22,Closed,1/1/1968 5:00:00 AM,,2000,Diesel,,
51313,Alaska,AK2292,AK2292_1,Closed,1/1/1968 5:00:00 AM,,10000,Gasoline,,
51314,Alaska,AK2292,AK2292_3,Closed,1/1/1968 5:00:00 AM,,7000,Gasoline,,
51315,Alaska,AK2292,AK2292_4,Closed,1/1/1968 5:00:00 AM,,5000,Gasoline,,
51316,Alaska,AK2562,AK2562_1,Closed,1/1/1968 5:00:00 AM,,1000,Diesel,,
51317,Alaska,AK2600,AK2600_1,Closed,1/1/1968 5:00:00 AM,,650,Gasoline,,
51318,Alaska,AK2600,AK2600_2,Closed,1/1/1968 5:00:00 AM,,650,Diesel,,
51319,Alaska,AK2600,AK2600_3,Closed,1/1/1968 5:00:00 AM,,650,Diesel,,
51320,Alaska,AK2843,AK2843_1,Closed,1/1/1968 5:00:00 AM,,10000,Diesel,,
51321,Alaska,AK2936,AK2936_1,Closed,1/1/1968 5:00:00 AM,,5000,Diesel,,
51322,Alaska,AK317,AK317_1,Closed,1/1/1968 5:00:00 AM,,800,Diesel,,
51323,Alaska,AK317,AK317_2,Closed,1/1/1968 5:00:00 AM,,800,Gasoline,,
51324,Alaska,AK3336,AK3336_1,Closed,1/1/1968 5:00:00 AM,,1000,Diesel,,
51325,Alaska,AK3336,AK3336_2,Closed,1/1/1968 5:00:00 AM,,1000,Diesel,,
51326,Alaska,AK3336,AK3336_3,Closed,1/1/1968 5:00:00 AM,,1000,Diesel,,
51327,Alaska,AK3336,AK3336_4,Closed,1/1/1968 5:00:00 AM,,1000,Diesel,,
51328,Alaska,AK762,AK762_1,Closed,10/3/1967 4:00:00 AM,,6000,Gasoline,,
51329,Alaska,AK762,AK762_2,Closed,10/3/1967 4:00:00 AM,,6000,Gasoline,,
51330,Alaska,AK962,AK962_3,Closed,7/27/1967 4:00:00 AM,,500,Used Oil,,
51331,Alaska,AK1361,AK1361_1,Closed,6/8/1967 4:00:00 AM,,1000,Gasoline,,
51332,Alaska,AK1366,AK1366_1,Closed,6/8/1967 4:00:00 AM,,500,Gasoline,,
51333,Alaska,AK1371,AK1371_2,Closed,6/8/1967 4:00:00 AM,,500,Gasoline,,
51334,Alaska,AK189,AK189_2,Closed,6/1/1967 4:00:00 AM,,5000,Gasoline,,
51335,Alaska,AK189,AK189_3,Closed,6/1/1967 4:00:00 AM,,2000,Diesel,,
51336,Alaska,AK189,AK189_4,Closed,6/1/1967 4:00:00 AM,,1000,Used Oil,,
51337,Alaska,AK642,AK642_1,Closed,5/30/1967 4:00:00 AM,,1000,Diesel,,
51338,Alaska,AK642,AK642_3,Closed,5/30/1967 4:00:00 AM,,3000,Gasoline,,
51339,Alaska,AK642,AK642_4,Closed,5/30/1967 4:00:00 AM,,3000,Gasoline,,
51340,Alaska,AK874,AK874_2,Closed,5/7/1967 4:00:00 AM,,500,Used Oil,,
51341,Alaska,AK1738,AK1738_1,Closed,5/6/1967 4:00:00 AM,,1000,Gasoline,,
51342,Alaska,AK41,AK41_4,Closed,5/6/1967 4:00:00 AM,,500,Used Oil,,
51343,Alaska,AK901,AK901_2,Closed,5/1/1967 4:00:00 AM,,6000,Diesel,,
51344,Alaska,AK436,AK436_1,Closed,4/25/1967 4:00:00 AM,,1500,Diesel,,
51345,Alaska,AK436,AK436_2,Closed,4/25/1967 4:00:00 AM,,1500,Diesel,,
51346,Alaska,AK436,AK436_3,Closed,4/25/1967 4:00:00 AM,,2000,Gasoline,,
51347,Alaska,AK436,AK436_4,Closed,4/25/1967 4:00:00 AM,,15000,Diesel,,
51348,Alaska,AK436,AK436_5,Closed,4/25/1967 4:00:00 AM,,15000,Diesel,,
51349,Alaska,AK436,AK436_6,Closed,4/25/1967 4:00:00 AM,,550,Diesel,,
51350,Alaska,AK1645,AK1645_1,Closed,4/22/1967 4:00:00 AM,,2000,Gasoline,,
51351,Alaska,AK1645,AK1645_2,Closed,4/22/1967 4:00:00 AM,,2000,Gasoline,,
51352,Alaska,AK966,AK966_1,Closed,3/28/1967 5:00:00 AM,,10000,Gasoline,,
51353,Alaska,AK966,AK966_2,Closed,3/28/1967 5:00:00 AM,,10000,Gasoline,,
51354,Alaska,AK1012,AK1012_1,Closed,2/25/1967 5:00:00 AM,,2000,Gasoline,,
51355,Alaska,AK1012,AK1012_2,Closed,2/25/1967 5:00:00 AM,,2000,Diesel,,
51356,Alaska,AK912,AK912_1,Closed,2/25/1967 5:00:00 AM,,550,Used Oil,,
51357,Alaska,AK912,AK912_2,Closed,2/25/1967 5:00:00 AM,,4000,Gasoline,,
51358,Alaska,AK912,AK912_3,Closed,2/25/1967 5:00:00 AM,,10000,Gasoline,,
51359,Alaska,AK912,AK912_4,Closed,2/25/1967 5:00:00 AM,,10000,Gasoline,,
51360,Alaska,AK320,AK320_1,Closed,1/15/1967 5:00:00 AM,,300,Diesel,,
51361,Alaska,AK320,AK320_10,Closed,1/15/1967 5:00:00 AM,,300,Diesel,,
51362,Alaska,AK320,AK320_7,Closed,1/15/1967 5:00:00 AM,,300,Diesel,,
51363,Alaska,AK320,AK320_8,Closed,1/15/1967 5:00:00 AM,,300,Diesel,,
51364,Alaska,AK320,AK320_9,Closed,1/15/1967 5:00:00 AM,,300,Diesel,,
51365,Alaska,AK104,AK104_102,Closed,1/1/1967 5:00:00 AM,,600,Used Oil,,
51366,Alaska,AK1716,AK1716_2,Closed,1/1/1967 5:00:00 AM,,7500,Diesel,,
51367,Alaska,AK2103,AK2103_2,Closed,1/1/1967 5:00:00 AM,,25000,Diesel,,
51368,Alaska,AK2103,AK2103_3,Closed,1/1/1967 5:00:00 AM,,25000,Diesel,,
51369,Alaska,AK2778,AK2778_1,Closed,1/1/1967 5:00:00 AM,,1500,Gasoline,,
51370,Alaska,AK2803,AK2803_1,Closed,1/1/1967 5:00:00 AM,,1000,Gasoline,,
51371,Alaska,AK3047,AK3047_4,Closed,1/1/1967 5:00:00 AM,,1000,Diesel,,
51372,Alaska,AK3047,AK3047_5,Closed,1/1/1967 5:00:00 AM,,4000,Gasoline,,
51373,Alaska,AK1007,AK1007_1,Closed,11/1/1966 5:00:00 AM,,1500,Gasoline,,
51374,Alaska,AK1532,AK1532_1,Closed,9/29/1966 4:00:00 AM,,1000,Gasoline,,
51375,Alaska,AK2052,AK2052_2,Closed,9/26/1966 4:00:00 AM,,500,Gasoline,,
51376,Alaska,AK2052,AK2052_4,Closed,9/26/1966 4:00:00 AM,,1000,Diesel,,
51377,Alaska,AK2483,AK2483_1,Closed,9/1/1966 4:00:00 AM,,10000,Gasoline,,
51378,Alaska,AK2483,AK2483_2,Closed,9/1/1966 4:00:00 AM,,10000,Diesel,,
51379,Alaska,AK847,AK847_3,Closed,7/24/1966 4:00:00 AM,,10000,Diesel,,
51380,Alaska,AK847,AK847_5,Closed,7/24/1966 4:00:00 AM,,3039,Diesel,,
51381,Alaska,AK1559,AK1559_1,Closed,6/16/1966 4:00:00 AM,,4000,Diesel,,
51382,Alaska,AK1324,AK1324_1,Closed,6/1/1966 4:00:00 AM,,500,Gasoline,,
51383,Alaska,AK1324,AK1324_2,Closed,6/1/1966 4:00:00 AM,,1000,Diesel,,
51384,Alaska,AK1342,AK1342_1,Closed,6/1/1966 4:00:00 AM,,1500,Diesel,,
51385,Alaska,AK1426,AK1426_1,Closed,6/1/1966 4:00:00 AM,,2000,Gasoline,,
51386,Alaska,AK2142,AK2142_2,Closed,6/1/1966 4:00:00 AM,,6000,Diesel,,
51387,Alaska,AK2142,AK2142_3,Closed,6/1/1966 4:00:00 AM,,500,Diesel,,
51388,Alaska,AK431,AK431_1,Closed,6/1/1966 4:00:00 AM,,3000,Gasoline,,
51389,Alaska,AK431,AK431_2,Closed,6/1/1966 4:00:00 AM,,2000,Gasoline,,
51390,Alaska,AK871,AK871_6,Closed,6/1/1966 4:00:00 AM,,550,Hazardous Substance,,
51391,Alaska,AK928,AK928_5,Closed,5/25/1966 4:00:00 AM,,5000,Gasoline,,
51392,Alaska,AK928,AK928_6,Closed,5/25/1966 4:00:00 AM,,5000,Gasoline,,
51393,Alaska,AK928,AK928_7,Closed,5/25/1966 4:00:00 AM,,1000,Diesel,,
51394,Alaska,AK928,AK928_8,Closed,5/25/1966 4:00:00 AM,,1000,Gasoline,,
51395,Alaska,AK1413,AK1413_1,Closed,5/15/1966 4:00:00 AM,,1000,Gasoline,,
51396,Alaska,AK851,AK851_2,Closed,5/15/1966 4:00:00 AM,,2000,Gasoline,,
51397,Alaska,AK853,AK853_1,Closed,5/15/1966 4:00:00 AM,,2000,Diesel,,
51398,Alaska,AK859,AK859_1,Closed,5/15/1966 4:00:00 AM,,2000,Gasoline,,
51399,Alaska,AK859,AK859_2,Closed,5/15/1966 4:00:00 AM,,500,Used Oil,,
51400,Alaska,AK1209,AK1209_4,Closed,5/12/1966 4:00:00 AM,,500,Used Oil,,
51401,Alaska,AK1033,AK1033_1,Closed,5/8/1966 4:00:00 AM,,10000,Diesel,,
51402,Alaska,AK1033,AK1033_2,Closed,5/8/1966 4:00:00 AM,,10000,Diesel,,
51403,Alaska,AK1033,AK1033_3,Closed,5/8/1966 4:00:00 AM,,3000,Diesel,,
51404,Alaska,AK756,AK756_1,Closed,5/8/1966 4:00:00 AM,,12000,Diesel,,
51405,Alaska,AK756,AK756_2,Closed,5/8/1966 4:00:00 AM,,2000,Diesel,,
51406,Alaska,AK756,AK756_3,Closed,5/8/1966 4:00:00 AM,,2000,Diesel,,
51407,Alaska,AK756,AK756_4,Closed,5/8/1966 4:00:00 AM,,2000,Diesel,,
51408,Alaska,AK756,AK756_5,Closed,5/8/1966 4:00:00 AM,,500,Diesel,,
51409,Alaska,AK1210,AK1210_1,Closed,5/7/1966 4:00:00 AM,,2000,Gasoline,,
51410,Alaska,AK1599,AK1599_3,Closed,5/7/1966 4:00:00 AM,,5000,Gasoline,,
51411,Alaska,AK1599,AK1599_4,Closed,5/7/1966 4:00:00 AM,,3000,Diesel,,
51412,Alaska,AK1599,AK1599_5,Closed,5/7/1966 4:00:00 AM,,500,Used Oil,,
51413,Alaska,AK926,AK926_1,Closed,5/7/1966 4:00:00 AM,,6000,Gasoline,,
51414,Alaska,AK926,AK926_2,Closed,5/7/1966 4:00:00 AM,,6000,Gasoline,,
51415,Alaska,AK113,AK113_3,Closed,5/6/1966 4:00:00 AM,,300,Used Oil,,
51416,Alaska,AK113,AK113_4,Closed,5/6/1966 4:00:00 AM,,550,Diesel,,
51417,Alaska,AK1236,AK1236_10,Closed,5/6/1966 4:00:00 AM,,300,Diesel,,
51418,Alaska,AK1296,AK1296_5,Closed,5/6/1966 4:00:00 AM,,1000,Diesel,,
51419,Alaska,AK1358,AK1358_5,Closed,5/6/1966 4:00:00 AM,,550,Gasoline,,
51420,Alaska,AK872,AK872_1,Closed,5/6/1966 4:00:00 AM,,500,Diesel,,
51421,Alaska,AK1005,AK1005_3,Closed,5/5/1966 4:00:00 AM,,1000,Gasoline,,
51422,Alaska,AK1005,AK1005_4,Closed,5/5/1966 4:00:00 AM,,1000,Gasoline,,
51423,Alaska,AK1256,AK1256_1,Closed,5/5/1966 4:00:00 AM,,1500,Gasoline,,
51424,Alaska,AK1462,AK1462_3,Closed,5/5/1966 4:00:00 AM,,6000,Gasoline,,
51425,Alaska,AK212,AK212_1,Closed,5/5/1966 4:00:00 AM,,500,Gasoline,,
51426,Alaska,AK30,AK30_1,Closed,5/5/1966 4:00:00 AM,,500,Diesel,,
51427,Alaska,AK30,AK30_2,Closed,5/5/1966 4:00:00 AM,,1000,Gasoline,,
51428,Alaska,AK1634,AK1634_1,Closed,5/2/1966 4:00:00 AM,,1000,Gasoline,,
51429,Alaska,AK750,AK750_1,Closed,5/2/1966 4:00:00 AM,,4000,Gasoline,,
51430,Alaska,AK750,AK750_2,Closed,5/2/1966 4:00:00 AM,,4000,Gasoline,,
51431,Alaska,AK750,AK750_3,Closed,5/2/1966 4:00:00 AM,,550,Used Oil,,
51432,Alaska,AK433,AK433_2,Closed,5/1/1966 4:00:00 AM,,4000,Gasoline,,
51433,Alaska,AK433,AK433_3,Closed,5/1/1966 4:00:00 AM,,4000,Gasoline,,
51434,Alaska,AK516,AK516_2,Closed,5/1/1966 4:00:00 AM,,2000,Gasoline,,
51435,Alaska,AK769,AK769_5,Closed,4/30/1966 4:00:00 AM,,6000,Gasoline,,
51436,Alaska,AK769,AK769_6,Closed,4/30/1966 4:00:00 AM,,6000,Gasoline,,
51437,Alaska,AK961,AK961_1,Closed,4/29/1966 4:00:00 AM,,2000,Diesel,,
51438,Alaska,AK961,AK961_2,Closed,4/29/1966 4:00:00 AM,,2000,Gasoline,,
51439,Alaska,AK1447,AK1447_1,Closed,4/25/1966 4:00:00 AM,,500,Diesel,,
51440,Alaska,AK519,AK519_1,Closed,4/25/1966 4:00:00 AM,,10000,Gasoline,,
51441,Alaska,AK1779,AK1779_17,Closed,4/23/1966 4:00:00 AM,,1000,Used Oil,,
51442,Alaska,AK1779,AK1779_6,Closed,4/23/1966 4:00:00 AM,,5000,Diesel,,
51443,Alaska,AK1779,AK1779_7,Closed,4/23/1966 4:00:00 AM,,5000,Diesel,,
51444,Alaska,AK1779,AK1779_8,Closed,4/23/1966 4:00:00 AM,,2000,Diesel,,
51445,Alaska,AK806,AK806_1,Closed,4/18/1966 4:00:00 AM,,5000,Gasoline,,
51446,Alaska,AK806,AK806_2,Closed,4/18/1966 4:00:00 AM,,5000,Gasoline,,
51447,Alaska,AK1466,AK1466_1,Closed,4/16/1966 4:00:00 AM,,5000,Diesel,,
51448,Alaska,AK366,AK366_1,Closed,4/16/1966 4:00:00 AM,,10000,Gasoline,,
51449,Alaska,AK366,AK366_2,Closed,4/16/1966 4:00:00 AM,,300,Used Oil,,
51450,Alaska,AK710,AK710_2,Closed,4/14/1966 4:00:00 AM,,300,Diesel,,
51451,Alaska,AK1109,AK1109_1,Closed,4/11/1966 4:00:00 AM,,1000,Diesel,,
51452,Alaska,AK1109,AK1109_2,Closed,4/11/1966 4:00:00 AM,,1000,Gasoline,,
51453,Alaska,AK1737,AK1737_2,Closed,4/8/1966 4:00:00 AM,,999,Gasoline,,
51454,Alaska,AK1737,AK1737_3,Closed,4/8/1966 4:00:00 AM,,999,Gasoline,,
51455,Alaska,AK2041,AK2041_1,Closed,4/7/1966 4:00:00 AM,,1000,Kerosene,,
51456,Alaska,AK2041,AK2041_2,Closed,4/7/1966 4:00:00 AM,,1000,Kerosene,,
51457,Alaska,AK2041,AK2041_3,Closed,4/7/1966 4:00:00 AM,,2000,Gasoline,,
51458,Alaska,AK500,AK500_1,Closed,4/7/1966 4:00:00 AM,,2000,Gasoline,,
51459,Alaska,AK500,AK500_2,Closed,4/7/1966 4:00:00 AM,,2000,Gasoline,,
51460,Alaska,AK500,AK500_3,Closed,4/7/1966 4:00:00 AM,,1000,Gasoline,,
51461,Alaska,AK723,AK723_1,Closed,4/7/1966 4:00:00 AM,,4000,Gasoline,,
51462,Alaska,AK723,AK723_2,Closed,4/7/1966 4:00:00 AM,,4000,Gasoline,,
51463,Alaska,AK723,AK723_3,Closed,4/7/1966 4:00:00 AM,,2000,Diesel,,
51464,Alaska,AK327,AK327_1,Closed,4/3/1966 5:00:00 AM,,1000,Kerosene,,
51465,Alaska,AK327,AK327_6,Closed,4/3/1966 5:00:00 AM,,1000,Diesel,,
51466,Alaska,AK48,AK48_1,Closed,4/3/1966 5:00:00 AM,,500,Gasoline,,
51467,Alaska,AK501,AK501_1,Closed,4/3/1966 5:00:00 AM,,1500,Gasoline,,
51468,Alaska,AK501,AK501_2,Closed,4/3/1966 5:00:00 AM,,1500,Gasoline,,
51469,Alaska,AK701,AK701_1,Closed,4/2/1966 5:00:00 AM,,5500,Gasoline,,
51470,Alaska,AK701,AK701_2,Closed,4/2/1966 5:00:00 AM,,7000,Gasoline,,
51471,Alaska,AK1040,AK1040_2,Closed,4/1/1966 5:00:00 AM,,8000,Gasoline,,
51472,Alaska,AK1305,AK1305_1,Closed,4/1/1966 5:00:00 AM,,1000,Diesel,,
51473,Alaska,AK191,AK191_1,Closed,3/28/1966 5:00:00 AM,,1000,Gasoline,,
51474,Alaska,AK191,AK191_3,Closed,3/28/1966 5:00:00 AM,,1000,Diesel,,
51475,Alaska,AK279,AK279_1,Closed,3/23/1966 5:00:00 AM,,500,Diesel,,
51476,Alaska,AK1347,AK1347_1,Closed,3/19/1966 5:00:00 AM,,3000,Gasoline,,
51477,Alaska,AK134,AK134_1,Closed,3/17/1966 5:00:00 AM,,500,Diesel,,
51478,Alaska,AK1605,AK1605_1,Closed,3/12/1966 5:00:00 AM,,10000,Gasoline,,
51479,Alaska,AK1605,AK1605_2,Closed,3/12/1966 5:00:00 AM,,10000,Gasoline,,
51480,Alaska,AK1610,AK1610_2,Closed,3/12/1966 5:00:00 AM,,5000,Gasoline,,
51481,Alaska,AK18,AK18_1,Closed,3/10/1966 5:00:00 AM,,8000,Gasoline,,
51482,Alaska,AK18,AK18_2,Closed,3/10/1966 5:00:00 AM,,8000,Gasoline,,
51483,Alaska,AK18,AK18_3,Closed,3/10/1966 5:00:00 AM,,550,Used Oil,,
51484,Alaska,AK31,AK31_5,Closed,3/10/1966 5:00:00 AM,,8000,Gasoline,,
51485,Alaska,AK31,AK31_6,Closed,3/10/1966 5:00:00 AM,,8000,Gasoline,,
51486,Alaska,AK31,AK31_7,Closed,3/10/1966 5:00:00 AM,,4000,Diesel,,
51487,Alaska,AK31,AK31_8,Closed,3/10/1966 5:00:00 AM,,280,Used Oil,,
51488,Alaska,AK1023,AK1023_3,Closed,3/5/1966 5:00:00 AM,,6500,Used Oil,,
51489,Alaska,AK1758,AK1758_1,Closed,3/3/1966 5:00:00 AM,,20000,Gasoline,,
51490,Alaska,AK1410,AK1410_4,Closed,2/24/1966 5:00:00 AM,,1000,Gasoline,,
51491,Alaska,AK605,AK605_1,Closed,2/13/1966 5:00:00 AM,,1000,Gasoline,,
51492,Alaska,AK605,AK605_2,Closed,2/13/1966 5:00:00 AM,,1000,Gasoline,,
51493,Alaska,AK605,AK605_3,Closed,2/13/1966 5:00:00 AM,,1000,Gasoline,,
51494,Alaska,AK605,AK605_4,Closed,2/13/1966 5:00:00 AM,,1000,Gasoline,,
51495,Alaska,AK742,AK742_1,Closed,2/12/1966 5:00:00 AM,,4000,Gasoline,,
51496,Alaska,AK742,AK742_2,Closed,2/12/1966 5:00:00 AM,,4000,Gasoline,,
51497,Alaska,AK742,AK742_3,Closed,2/12/1966 5:00:00 AM,,1000,Diesel,,
51498,Alaska,AK1564,AK1564_1,Closed,1/28/1966 5:00:00 AM,,1000,Diesel,,
51499,Alaska,AK175,AK175_2,Closed,1/28/1966 5:00:00 AM,,500,Diesel,,
51500,Alaska,AK195,AK195_1,Closed,1/28/1966 5:00:00 AM,,500,Gasoline,,
51501,Alaska,AK302,AK302_1,Closed,1/28/1966 5:00:00 AM,,1000,Diesel,,
51502,Alaska,AK32,AK32_1,Closed,1/28/1966 5:00:00 AM,,500,Gasoline,,
51503,Alaska,AK321,AK321_1,Closed,1/28/1966 5:00:00 AM,,1000,Diesel,,
51504,Alaska,AK326,AK326_1,Closed,1/28/1966 5:00:00 AM,,1000,Diesel,,
51505,Alaska,AK39,AK39_1,Closed,1/28/1966 5:00:00 AM,,500,Diesel,,
51506,Alaska,AK857,AK857_1,Closed,1/17/1966 5:00:00 AM,,1000,Diesel,,
51507,Alaska,AK967,AK967_1,Closed,1/16/1966 5:00:00 AM,,600,Used Oil,,
51508,Alaska,AK109,AK109_10,Closed,1/1/1966 5:00:00 AM,,5000,Gasoline,,
51509,Alaska,AK109,AK109_11,Closed,1/1/1966 5:00:00 AM,,1400,Gasoline,,
51510,Alaska,AK109,AK109_12,Closed,1/1/1966 5:00:00 AM,,3000,Gasoline,,
51511,Alaska,AK109,AK109_8,Closed,1/1/1966 5:00:00 AM,,5000,Gasoline,,
51512,Alaska,AK1131,AK1131_1,Closed,1/1/1966 5:00:00 AM,,1000,Gasoline,,
51513,Alaska,AK1131,AK1131_2,Closed,1/1/1966 5:00:00 AM,,500,Diesel,,
51514,Alaska,AK1131,AK1131_3,Closed,1/1/1966 5:00:00 AM,,500,Gasoline,,
51515,Alaska,AK1131,AK1131_4,Closed,1/1/1966 5:00:00 AM,,1000,Gasoline,,
51516,Alaska,AK1362,AK1362_1,Closed,1/1/1966 5:00:00 AM,,500,Diesel,,
51517,Alaska,AK1778,AK1778_6,Closed,1/1/1966 5:00:00 AM,,7000,Gasoline,,
51518,Alaska,AK1778,AK1778_7,Closed,1/1/1966 5:00:00 AM,,5000,Gasoline,,
51519,Alaska,AK1778,AK1778_8,Closed,1/1/1966 5:00:00 AM,,3000,Gasoline,,
51520,Alaska,AK1960,AK1960_2,Closed,1/1/1966 5:00:00 AM,,1000,Gasoline,,
51521,Alaska,AK2181,AK2181_1,Closed,1/1/1966 5:00:00 AM,,1000,Diesel,,
51522,Alaska,AK2441,AK2441_2,Closed,1/1/1966 5:00:00 AM,,1000,Gasoline,,
51523,Alaska,AK2441,AK2441_3,Closed,1/1/1966 5:00:00 AM,,1000,Gasoline,,
51524,Alaska,AK2553,AK2553_1,Closed,1/1/1966 5:00:00 AM,,10000,Diesel,,
51525,Alaska,AK2742,AK2742_1,Closed,1/1/1966 5:00:00 AM,,500,Used Oil,,
51526,Alaska,AK2755,AK2755_1,Closed,1/1/1966 5:00:00 AM,,300,Gasoline,,
51527,Alaska,AK2837,AK2837_1,Closed,1/1/1966 5:00:00 AM,,9000,Gasoline,,
51528,Alaska,AK2837,AK2837_2,Closed,1/1/1966 5:00:00 AM,,9000,Gasoline,,
51529,Alaska,AK2837,AK2837_3,Closed,1/1/1966 5:00:00 AM,,500,Gasoline,,
51530,Alaska,AK2837,AK2837_4,Closed,1/1/1966 5:00:00 AM,,4000,Diesel,,
51531,Alaska,AK3268,AK3268_1,Closed,1/1/1966 5:00:00 AM,,1000,Diesel,,
51532,Alaska,AK3268,AK3268_2,Closed,1/1/1966 5:00:00 AM,,1000,Diesel,,
51533,Alaska,AK3268,AK3268_3,Closed,1/1/1966 5:00:00 AM,,300,Diesel,,
51534,Alaska,AK760,AK760_2,Closed,1/1/1966 5:00:00 AM,,515,Gasoline,,
51535,Alaska,AK2031,AK2031_1,Closed,12/1/1965 5:00:00 AM,,400,Gasoline,,
51536,Alaska,AK1952,AK1952_1,Closed,10/10/1965 4:00:00 AM,,1500,Gasoline,,
51537,Alaska,AK1952,AK1952_2,Closed,10/10/1965 4:00:00 AM,,1500,Gasoline,,
51538,Alaska,AK1952,AK1952_3,Closed,10/10/1965 4:00:00 AM,,1500,Gasoline,,
51539,Alaska,AK1952,AK1952_4,Closed,10/10/1965 4:00:00 AM,,1500,Gasoline,,
51540,Alaska,AK1952,AK1952_5,Closed,10/10/1965 4:00:00 AM,,1500,Used Oil,,
51541,Alaska,AK1956,AK1956_12,Closed,10/1/1965 4:00:00 AM,,1000,Diesel,,
51542,Alaska,AK1443,AK1443_21,Closed,8/5/1965 4:00:00 AM,,1200,Diesel,,
51543,Alaska,AK733,AK733_1,Closed,8/1/1965 4:00:00 AM,,2100,Diesel,,
51544,Alaska,AK733,AK733_2,Closed,8/1/1965 4:00:00 AM,,2000,Gasoline,,
51545,Alaska,AK968,AK968_5,Closed,7/25/1965 4:00:00 AM,,300,Gasoline,,
51546,Alaska,AK119,AK119_1,Closed,6/1/1965 4:00:00 AM,,7000,Diesel,,
51547,Alaska,AK119,AK119_2,Closed,6/1/1965 4:00:00 AM,,4000,Diesel,,
51548,Alaska,AK804,AK804_1,Closed,5/19/1965 4:00:00 AM,,500,Gasoline,,
51549,Alaska,AK1230,AK1230_6,Closed,5/9/1965 4:00:00 AM,,1000,Gasoline,,
51550,Alaska,AK1443,AK1443_1,Closed,5/8/1965 4:00:00 AM,,440,Diesel,,
51551,Alaska,AK1443,AK1443_10,Closed,5/8/1965 4:00:00 AM,,25000,Diesel,,
51552,Alaska,AK1443,AK1443_11,Closed,5/8/1965 4:00:00 AM,,20000,Diesel,,
51553,Alaska,AK1443,AK1443_12,Closed,5/8/1965 4:00:00 AM,,20000,Diesel,,
51554,Alaska,AK1443,AK1443_13,Closed,5/8/1965 4:00:00 AM,,20000,Diesel,,
51555,Alaska,AK1443,AK1443_14,Closed,5/8/1965 4:00:00 AM,,20000,Diesel,,
51556,Alaska,AK1443,AK1443_15,Closed,5/8/1965 4:00:00 AM,,5000,Diesel,,
51557,Alaska,AK1443,AK1443_16,Closed,5/8/1965 4:00:00 AM,,1200,Diesel,,
51558,Alaska,AK1443,AK1443_17,Closed,5/8/1965 4:00:00 AM,,5000,Diesel,,
51559,Alaska,AK1443,AK1443_19,Closed,5/8/1965 4:00:00 AM,,5850,Gasoline,,
51560,Alaska,AK1443,AK1443_20,Closed,5/8/1965 4:00:00 AM,,1400,Gasoline,,
51561,Alaska,AK1443,AK1443_22,Closed,5/8/1965 4:00:00 AM,,550,Diesel,,
51562,Alaska,AK1443,AK1443_7,Closed,5/8/1965 4:00:00 AM,,25000,Diesel,,
51563,Alaska,AK1443,AK1443_8,Closed,5/8/1965 4:00:00 AM,,25000,Diesel,,
51564,Alaska,AK1443,AK1443_9,Closed,5/8/1965 4:00:00 AM,,25000,Diesel,,
51565,Alaska,AK1686,AK1686_7,Closed,5/7/1965 4:00:00 AM,,500,Gasoline,,
51566,Alaska,AK884,AK884_3,Closed,5/6/1965 4:00:00 AM,,1500,Diesel,,
51567,Alaska,AK1302,AK1302_9,Closed,4/30/1965 4:00:00 AM,,1000,Diesel,,
51568,Alaska,AK42,AK42_1,Closed,4/22/1965 4:00:00 AM,,9000,Gasoline,,
51569,Alaska,AK42,AK42_2,Closed,4/22/1965 4:00:00 AM,,7500,Gasoline,,
51570,Alaska,AK42,AK42_3,Closed,4/22/1965 4:00:00 AM,,3000,Gasoline,,
51571,Alaska,AK42,AK42_5,Closed,4/22/1965 4:00:00 AM,,1000,Used Oil,,
51572,Alaska,AK2188,AK2188_3,Closed,4/18/1965 4:00:00 AM,,2000,Gasoline,,
51573,Alaska,AK1388,AK1388_4,Closed,4/10/1965 4:00:00 AM,,1000,Gasoline,,
51574,Alaska,AK1443,AK1443_4,Closed,4/9/1965 4:00:00 AM,,5000,Diesel,,
51575,Alaska,AK1560,AK1560_2,Closed,4/7/1965 4:00:00 AM,,1000,Gasoline,,
51576,Alaska,AK1503,AK1503_2,Closed,3/27/1965 5:00:00 AM,,1500,Gasoline,,
51577,Alaska,AK1491,AK1491_1,Closed,3/24/1965 5:00:00 AM,,2000,Diesel,,
51578,Alaska,AK1491,AK1491_2,Closed,3/24/1965 5:00:00 AM,,1000,Gasoline,,
51579,Alaska,AK360,AK360_6,Closed,3/16/1965 5:00:00 AM,,425,Gasoline,,
51580,Alaska,AK1934,AK1934_1,Closed,2/24/1965 5:00:00 AM,,2000,Diesel,,
51581,Alaska,AK1934,AK1934_2,Closed,2/24/1965 5:00:00 AM,,2000,Gasoline,,
51582,Alaska,AK1934,AK1934_3,Closed,2/24/1965 5:00:00 AM,,2000,Gasoline,,
51583,Alaska,AK871,AK871_1,Closed,2/24/1965 5:00:00 AM,,550,Used Oil,,
51584,Alaska,AK871,AK871_2,Closed,2/24/1965 5:00:00 AM,,6000,Gasoline,,
51585,Alaska,AK871,AK871_3,Closed,2/24/1965 5:00:00 AM,,6000,Gasoline,,
51586,Alaska,AK871,AK871_4,Closed,2/24/1965 5:00:00 AM,,6000,Gasoline,,
51587,Alaska,AK871,AK871_5,Closed,2/24/1965 5:00:00 AM,,6000,Gasoline,,
51588,Alaska,AK893,AK893_7,Closed,2/24/1965 5:00:00 AM,,4000,Gasoline,,
51589,Alaska,AK161,AK161_1,Closed,2/14/1965 5:00:00 AM,,3000,Used Oil,,
51590,Alaska,AK161,AK161_2,Closed,2/14/1965 5:00:00 AM,,200,Used Oil,,
51591,Alaska,AK161,AK161_3,Closed,2/14/1965 5:00:00 AM,,2000,Gasoline,,
51592,Alaska,AK1302,AK1302_8,Closed,1/1/1965 5:00:00 AM,,500,Gasoline,,
51593,Alaska,AK2482,AK2482_2,Closed,1/1/1965 5:00:00 AM,,950,Used Oil,,
51594,Alaska,AK2482,AK2482_3,Closed,1/1/1965 5:00:00 AM,,950,Used Oil,,
51595,Alaska,AK2616,AK2616_1,Closed,1/1/1965 5:00:00 AM,,1000,Gasoline,,
51596,Alaska,AK2616,AK2616_2,Closed,1/1/1965 5:00:00 AM,,1000,Gasoline,,
51597,Alaska,AK2616,AK2616_3,Closed,1/1/1965 5:00:00 AM,,1000,Diesel,,
51598,Alaska,AK2886,AK2886_1,Closed,1/1/1965 5:00:00 AM,,2000,Gasoline,,
51599,Alaska,AK2886,AK2886_2,Closed,1/1/1965 5:00:00 AM,,2000,Gasoline,,
51600,Alaska,AK2886,AK2886_3,Closed,1/1/1965 5:00:00 AM,,2000,Diesel,,
51601,Alaska,AK2886,AK2886_4,Closed,1/1/1965 5:00:00 AM,,2000,Gasoline,,
51602,Alaska,AK2919,AK2919_2,Closed,1/1/1965 5:00:00 AM,,3000,Gasoline,,
51603,Alaska,AK3359,AK3359_1,Closed,1/1/1965 5:00:00 AM,,390,Diesel,,
51604,Alaska,AK41,AK41_5,Closed,1/1/1965 5:00:00 AM,,500,Used Oil,,
51605,Alaska,AK884,AK884_2,Closed,1/1/1965 5:00:00 AM,,1000,Diesel,,
51606,Alaska,AK94,AK94_3,Closed,1/1/1965 5:00:00 AM,,500,Diesel,,
51607,Alaska,AK971,AK971_3,Closed,1/1/1965 5:00:00 AM,,500,Unknown,,
51608,Alaska,AK43,AK43_8,Closed,12/19/1964 5:00:00 AM,,300,Used Oil,,
51609,Alaska,AK2005,AK2005_1,Closed,10/10/1964 4:00:00 AM,,2000,Gasoline,,
51610,Alaska,AK2005,AK2005_2,Closed,10/10/1964 4:00:00 AM,,2000,Gasoline,,
51611,Alaska,AK2013,AK2013_2,Closed,9/9/1964 4:00:00 AM,,1000,Diesel,,
51612,Alaska,AK2013,AK2013_3,Closed,9/9/1964 4:00:00 AM,,1000,Gasoline,,
51613,Alaska,AK1917,AK1917_1,Closed,7/26/1964 4:00:00 AM,,500,Gasoline,,
51614,Alaska,AK2462,AK2462_1,Closed,6/1/1964 4:00:00 AM,,750,Gasoline,,
51615,Alaska,AK2462,AK2462_2,Closed,6/1/1964 4:00:00 AM,,750,Gasoline,,
51616,Alaska,AK2462,AK2462_3,Closed,6/1/1964 4:00:00 AM,,750,Used Oil,,
51617,Alaska,AK700,AK700_1,Closed,4/30/1964 4:00:00 AM,,1000,Used Oil,,
51618,Alaska,AK217,AK217_3,Closed,4/29/1964 4:00:00 AM,,1000,Diesel,,
51619,Alaska,AK417,AK417_1,Closed,4/24/1964 4:00:00 AM,,2100,Diesel,,
51620,Alaska,AK417,AK417_2,Closed,4/24/1964 4:00:00 AM,,1000,Diesel,,
51621,Alaska,AK417,AK417_3,Closed,4/24/1964 4:00:00 AM,,2000,Gasoline,,
51622,Alaska,AK64,AK64_1,Closed,4/22/1964 4:00:00 AM,,7500,Gasoline,,
51623,Alaska,AK64,AK64_2,Closed,4/22/1964 4:00:00 AM,,7500,Gasoline,,
51624,Alaska,AK64,AK64_3,Closed,4/22/1964 4:00:00 AM,,3000,Gasoline,,
51625,Alaska,AK827,AK827_1,Closed,4/22/1964 4:00:00 AM,,5000,Gasoline,,
51626,Alaska,AK827,AK827_4,Closed,4/22/1964 4:00:00 AM,,3000,Used Oil,,
51627,Alaska,AK827,AK827_5,Closed,4/22/1964 4:00:00 AM,,3000,Used Oil,,
51628,Alaska,AK1111,AK1111_1,Closed,4/20/1964 4:00:00 AM,,1000,Diesel,,
51629,Alaska,AK2021,AK2021_1,Closed,4/7/1964 4:00:00 AM,,1000,Kerosene,,
51630,Alaska,AK2021,AK2021_2,Closed,4/7/1964 4:00:00 AM,,1000,Gasoline,,
51631,Alaska,AK2021,AK2021_3,Closed,4/7/1964 4:00:00 AM,,500,Used Oil,,
51632,Alaska,AK885,AK885_4,Closed,2/25/1964 5:00:00 AM,,1000,Gasoline,,
51633,Alaska,AK893,AK893_3,Closed,2/25/1964 5:00:00 AM,,550,Used Oil,,
51634,Alaska,AK893,AK893_4,Closed,2/25/1964 5:00:00 AM,,4000,Gasoline,,
51635,Alaska,AK893,AK893_5,Closed,2/25/1964 5:00:00 AM,,4000,Gasoline,,
51636,Alaska,AK893,AK893_6,Closed,2/25/1964 5:00:00 AM,,4000,Gasoline,,
51637,Alaska,AK1133,AK1133_5,Closed,1/16/1964 5:00:00 AM,,1000,Diesel,,
51638,Alaska,AK1501,AK1501_14,Closed,1/1/1964 5:00:00 AM,,4000,Gasoline,,
51639,Alaska,AK1501,AK1501_18,Closed,1/1/1964 5:00:00 AM,,1000,Diesel,,
51640,Alaska,AK1960,AK1960_3,Closed,1/1/1964 5:00:00 AM,,3000,Gasoline,,
51641,Alaska,AK1960,AK1960_4,Closed,1/1/1964 5:00:00 AM,,2000,Gasoline,,
51642,Alaska,AK2955,AK2955_1,Closed,1/1/1964 5:00:00 AM,,2000,Diesel,,
51643,Alaska,AK2955,AK2955_2,Closed,1/1/1964 5:00:00 AM,,2000,Diesel,,
51644,Alaska,AK3047,AK3047_1,Closed,1/1/1964 5:00:00 AM,,4000,Diesel,,
51645,Alaska,AK3108,AK3108_1,Closed,1/1/1964 5:00:00 AM,,500,Diesel,,
51646,Alaska,AK3108,AK3108_2,Closed,1/1/1964 5:00:00 AM,,500,Diesel,,
51647,Alaska,AK3109,AK3109_1,Closed,1/1/1964 5:00:00 AM,,2500,Diesel,,
51648,Alaska,AK53,AK53_10,Closed,1/1/1964 5:00:00 AM,,3000,Gasoline,,
51649,Alaska,AK53,AK53_8,Closed,1/1/1964 5:00:00 AM,,8000,Gasoline,,
51650,Alaska,AK53,AK53_9,Closed,1/1/1964 5:00:00 AM,,7500,Gasoline,,
51651,Alaska,AK700,AK700_2,Closed,1/1/1964 5:00:00 AM,,5000,Used Oil,,
51652,Alaska,AK700,AK700_3,Closed,1/1/1964 5:00:00 AM,,5000,Used Oil,,
51653,Alaska,AK700,AK700_4,Closed,1/1/1964 5:00:00 AM,,5000,Used Oil,,
51654,Alaska,AK821,AK821_3,Closed,1/1/1964 5:00:00 AM,,6000,Diesel,,
51655,Alaska,AK821,AK821_4,Closed,1/1/1964 5:00:00 AM,,1000,Diesel,,
51656,Alaska,AK821,AK821_5,Closed,1/1/1964 5:00:00 AM,,500,Diesel,,
51657,Alaska,AK821,AK821_6,Closed,1/1/1964 5:00:00 AM,,500,Gasoline,,
51658,Alaska,AK821,AK821_7,Closed,1/1/1964 5:00:00 AM,,500,Gasoline,,
51659,Alaska,AK821,AK821_8,Closed,1/1/1964 5:00:00 AM,,500,Gasoline,,
51660,Alaska,AK998,AK998_15,Closed,1/1/1964 5:00:00 AM,,5000,Diesel,,
51661,Alaska,AK998,AK998_16,Closed,1/1/1964 5:00:00 AM,,5000,Diesel,,
51662,Alaska,AK2029,AK2029_1,Closed,12/1/1963 5:00:00 AM,,300,Gasoline,,
51663,Alaska,AK1371,AK1371_1,Closed,6/8/1963 4:00:00 AM,,10000,Diesel,,
51664,Alaska,AK886,AK886_2,Closed,6/3/1963 4:00:00 AM,,2000,Gasoline,,
51665,Alaska,AK1232,AK1232_4,Closed,5/10/1963 4:00:00 AM,,1000,Gasoline,,
51666,Alaska,AK1020,AK1020_1,Closed,5/7/1963 4:00:00 AM,,1000,Gasoline,,
51667,Alaska,AK1020,AK1020_5,Closed,5/7/1963 4:00:00 AM,,500,Gasoline,,
51668,Alaska,AK2688,AK2688_1,Closed,,,12000,Gasoline,,
51669,Alaska,AK2688,AK2688_2,Closed,,,12000,Diesel,,
51670,Alaska,AK1306,AK1306_2,Closed,4/16/1979 4:00:00 AM,,8000,Diesel,,
51671,Alaska,AK2695,AK2695_1,Closed,,,950,Diesel,,
51672,Alaska,AK1237,AK1237_1,Closed,4/15/1979 4:00:00 AM,,10000,Diesel,,
51673,Alaska,AK2695,AK2695_2,Closed,,,950,Diesel,,
51674,Alaska,AK1573,AK1573_1,Closed,4/9/1979 4:00:00 AM,,2000,Gasoline,,
51675,Alaska,AK2697,AK2697_1,Closed,,,1000,Gasoline,,
51676,Alaska,AK1662,AK1662_3,Closed,4/9/1979 4:00:00 AM,,4000,Diesel,,
51677,Alaska,AK27,AK27_1,Closed,,,1000,Diesel,,
51678,Alaska,AK1662,AK1662_4,Closed,4/9/1979 4:00:00 AM,,4000,Diesel,,
51679,Alaska,AK27,AK27_2,Closed,,,2000,Gasoline,,
51680,Alaska,AK1763,AK1763_1,Closed,4/9/1979 4:00:00 AM,,2000,Gasoline,,
51681,Alaska,AK2700,AK2700_1,Closed,,,500,Gasoline,,
51682,Alaska,AK1763,AK1763_2,Closed,4/9/1979 4:00:00 AM,,2000,Gasoline,,
51683,Alaska,AK2700,AK2700_2,Closed,,,1000,Gasoline,,
51684,Alaska,AK1768,AK1768_1,Closed,4/9/1979 4:00:00 AM,,2000,Gasoline,,
51685,Alaska,AK2701,AK2701_1,Closed,,,4000,Gasoline,,
51686,Alaska,AK1768,AK1768_2,Closed,4/9/1979 4:00:00 AM,,2000,Gasoline,,
51687,Alaska,AK2701,AK2701_2,Closed,,,4000,Gasoline,,
51688,Alaska,AK1442,AK1442_1,Closed,4/5/1979 4:00:00 AM,,10000,Diesel,,
51689,Alaska,AK2703,AK2703_1,Closed,,,500,Diesel,,
51690,Alaska,AK1442,AK1442_2,Closed,4/5/1979 4:00:00 AM,,15000,Diesel,,
51691,Alaska,AK2703,AK2703_2,Closed,,,500,Gasoline,,
51692,Alaska,AK1442,AK1442_3,Closed,4/5/1979 4:00:00 AM,,2000,Gasoline,,
51693,Alaska,AK2703,AK2703_3,Closed,,,1000,Gasoline,,
51694,Alaska,AK395,AK395_1,Closed,4/5/1979 4:00:00 AM,,1000,Diesel,,
51695,Alaska,AK2708,AK2708_1,Closed,,,4000,Diesel,,
51696,Alaska,AK395,AK395_2,Closed,4/5/1979 4:00:00 AM,,2000,Diesel,,
51697,Alaska,AK2708,AK2708_2,Closed,,,4000,Diesel,,
51698,Alaska,AK395,AK395_3,Closed,4/5/1979 4:00:00 AM,,1000,Kerosene,,
51699,Alaska,AK2712,AK2712_14,Closed,,,550,Diesel,,
51700,Alaska,AK1205,AK1205_1,Closed,4/3/1979 4:00:00 AM,,500,Gasoline,,
51701,Alaska,AK2712,AK2712_15,Closed,,,550,Diesel,,
51702,Alaska,AK1205,AK1205_2,Closed,4/3/1979 4:00:00 AM,,500,Gasoline,,
51703,Alaska,AK2712,AK2712_16,Closed,,,550,Diesel,,
51704,Alaska,AK1205,AK1205_3,Closed,4/3/1979 4:00:00 AM,,1000,Diesel,,
51705,Alaska,AK2712,AK2712_17,Closed,,,550,Diesel,,
51706,Alaska,AK731,AK731_1,Closed,4/3/1979 4:00:00 AM,,2000,Gasoline,,
51707,Alaska,AK2716,AK2716_2,Closed,,,1000,Gasoline,,
51708,Alaska,AK1593,AK1593_2,Closed,4/2/1979 4:00:00 AM,,1000,Diesel,,
51709,Alaska,AK2716,AK2716_3,Closed,,,1000,Gasoline,,
51710,Alaska,AK1181,AK1181_1,Closed,4/1/1979 5:00:00 AM,,1000,Gasoline,,
51711,Alaska,AK2716,AK2716_4,Closed,,,5000,Gasoline,,
51712,Alaska,AK1181,AK1181_2,Closed,4/1/1979 5:00:00 AM,,1000,Diesel,,
51713,Alaska,AK2720,AK2720_1,Closed,,,500,Used Oil,,
51714,Alaska,AK1593,AK1593_1,Closed,4/1/1979 5:00:00 AM,,1000,Gasoline,,
51715,Alaska,AK2720,AK2720_2,Closed,,,500,Diesel,,
51716,Alaska,AK1593,AK1593_3,Closed,4/1/1979 5:00:00 AM,,1000,Diesel,,
51717,Alaska,AK2720,AK2720_3,Closed,,,500,Gasoline,,
51718,Alaska,AK536,AK536_2,Closed,4/1/1979 5:00:00 AM,,600,Gasoline,,
51719,Alaska,AK2726,AK2726_1,Closed,,,1000,Gasoline,,
51720,Alaska,AK16,AK16_1,Closed,3/29/1979 5:00:00 AM,,1000,Gasoline,,
51721,Alaska,AK2729,AK2729_2,Closed,,,1000,Diesel,,
51722,Alaska,AK16,AK16_2,Closed,3/29/1979 5:00:00 AM,,1000,Gasoline,,
51723,Alaska,AK2729,AK2729_3,Closed,,,1000,Gasoline,,
51724,Alaska,AK16,AK16_3,Closed,3/29/1979 5:00:00 AM,,1000,Gasoline,,
51725,Alaska,AK2729,AK2729_4,Closed,,,1000,Diesel,,
51726,Alaska,AK2732,AK2732_1,Closed,,,1000,Gasoline,,
51727,Alaska,AK2732,AK2732_2,Closed,,,1000,Gasoline,,
51728,Alaska,AK2732,AK2732_3,Closed,,,2000,Gasoline,,
51729,Alaska,AK2739,AK2739_1,Closed,,,500,Gasohol,,
51730,Alaska,AK2739,AK2739_4,Closed,,,1000,Diesel,,
51731,Alaska,AK2739,AK2739_5,Closed,,,1000,Diesel,,
51732,Alaska,AK2740,AK2740_1,Closed,,,1000,Gasoline,,
51733,Alaska,AK2744,AK2744_1,Closed,,,500,Gasoline,,
51734,Alaska,AK2744,AK2744_2,Closed,,,1000,Gasoline,,
51735,Alaska,AK2747,AK2747_1,Closed,,,1000,Gasoline,,
51736,Alaska,AK2747,AK2747_10,Closed,,,500,Diesel,,
51737,Alaska,AK2747,AK2747_2,Closed,,,1500,Gasoline,,
51738,Alaska,AK2747,AK2747_3,Closed,,,1000,Gasoline,,
51739,Alaska,AK2747,AK2747_4,Closed,,,500,Diesel,,
51740,Alaska,AK2747,AK2747_5,Closed,,,4000,Diesel,,
51741,Alaska,AK2747,AK2747_6,Closed,,,1000,Gasoline,,
51742,Alaska,AK2747,AK2747_7,Closed,,,1000,Gasoline,,
51743,Alaska,AK2747,AK2747_8,Closed,,,1000,Gasoline,,
51744,Alaska,AK2747,AK2747_9,Closed,,,1000,Gasoline,,
51745,Alaska,AK2749,AK2749_1,Closed,,,10000,Used Oil,,
51746,Alaska,AK2749,AK2749_2,Closed,,,10000,Used Oil,,
51747,Alaska,AK2749,AK2749_3,Closed,,,10000,Used Oil,,
51748,Alaska,AK2749,AK2749_4,Closed,,,10000,Used Oil,,
51749,Alaska,AK2749,AK2749_5,Closed,,,10000,Used Oil,,
51750,Alaska,AK2749,AK2749_6,Closed,,,10000,Used Oil,,
51751,Alaska,AK2749,AK2749_7,Closed,,,10000,Used Oil,,
51752,Alaska,AK2750,AK2750_1,Closed,,,500,Used Oil,,
51753,Alaska,AK2758,AK2758_1,Closed,,,10000,Gasoline,,
51754,Alaska,AK2758,AK2758_2,Closed,,,10000,Gasoline,,
51755,Alaska,AK2436,AK2436_1,Closed,1/1/1986 5:00:00 AM,,300,Used Oil,,
51756,Alaska,AK2447,AK2447_1,Open,1/1/1986 5:00:00 AM,,15000,Diesel,,
51757,Alaska,AK2447,AK2447_2,Open,1/1/1986 5:00:00 AM,,8000,Gasoline,,
51758,Alaska,AK2465,AK2465_3,Closed,1/1/1986 5:00:00 AM,,500,Gasoline,,
51759,Alaska,AK2478,AK2478_1,Closed,1/1/1986 5:00:00 AM,,3000,Gasoline,,
51760,Alaska,AK2526,AK2526_1,Closed,1/1/1986 5:00:00 AM,,1200,Gasoline,,
51761,Alaska,AK2564,AK2564_1,Closed,1/1/1986 5:00:00 AM,,12000,Diesel,,
51762,Alaska,AK2564,AK2564_2,Closed,1/1/1986 5:00:00 AM,,12000,Gasoline,,
51763,Alaska,AK2564,AK2564_3,Closed,1/1/1986 5:00:00 AM,,12000,Gasoline,,
51764,Alaska,AK2575,AK2575_1,Closed,1/1/1986 5:00:00 AM,,995,Gasoline,,
51765,Alaska,AK2602,AK2602_1,Closed,1/1/1986 5:00:00 AM,,1000,Gasoline,,
51766,Alaska,AK2606,AK2606_1,Closed,1/1/1986 5:00:00 AM,,670,Gasoline,,
51767,Alaska,AK2612,AK2612_2,Closed,1/1/1986 5:00:00 AM,,300,Used Oil,,
51768,Alaska,AK2660,AK2660_1,Closed,1/1/1986 5:00:00 AM,,1000,Diesel,,
51769,Alaska,AK2867,AK2867_1,Closed,1/1/1986 5:00:00 AM,,2000,Gasoline,,
51770,Alaska,AK2907,AK2907_6,Closed,1/1/1986 5:00:00 AM,,500,Used Oil,,
51771,Alaska,AK3080,AK3080_1,Closed,1/1/1986 5:00:00 AM,,1000,Diesel,,
51772,Alaska,AK3081,AK3081_1,Closed,1/1/1986 5:00:00 AM,,1000,Diesel,,
51773,Alaska,AK3111,AK3111_1,Closed,1/1/1986 5:00:00 AM,,1500,Diesel,,
51774,Alaska,AK528,AK528_2,Closed,1/1/1986 5:00:00 AM,,1000,Diesel,,
51775,Alaska,AK528,AK528_3,Closed,1/1/1986 5:00:00 AM,,500,Diesel,,
51776,Alaska,AK781,AK781_1,Closed,1/1/1986 5:00:00 AM,,5000,Diesel,,
51777,Alaska,AK977,AK977_1,Closed,1/1/1986 5:00:00 AM,,3000,Used Oil,,
51778,Alaska,AK2845,AK2845_1,Closed,12/1/1985 5:00:00 AM,,500,Diesel,,
51779,Alaska,AK581,AK581_1,Closed,12/1/1985 5:00:00 AM,,10000,Gasoline,,
51780,Alaska,AK581,AK581_2,Closed,12/1/1985 5:00:00 AM,,10000,Gasoline,,
51781,Alaska,AK581,AK581_3,Closed,12/1/1985 5:00:00 AM,,5000,Diesel,,
51782,Alaska,AK651,AK651_1,Closed,12/1/1985 5:00:00 AM,,10000,Gasoline,,
51783,Alaska,AK651,AK651_2,Closed,12/1/1985 5:00:00 AM,,10000,Gasoline,,
51784,Alaska,AK1977,AK1977_2,Closed,11/29/1985 5:00:00 AM,,3000,Diesel,,
51785,Alaska,AK1982,AK1982_1,Closed,11/9/1985 5:00:00 AM,,8000,Gasoline,,
51786,Alaska,AK1982,AK1982_2,Closed,11/9/1985 5:00:00 AM,,8000,Gasoline,,
51787,Alaska,AK1982,AK1982_3,Closed,11/9/1985 5:00:00 AM,,6000,Diesel,,
51788,Alaska,AK648,AK648_1,Closed,11/1/1985 5:00:00 AM,,12000,Gasoline,,
51789,Alaska,AK648,AK648_2,Closed,11/1/1985 5:00:00 AM,,12000,Gasoline,,
51790,Alaska,AK648,AK648_3,Closed,11/1/1985 5:00:00 AM,,12000,Diesel,,
51791,Alaska,AK654,AK654_1,Closed,11/1/1985 5:00:00 AM,,10000,Gasoline,,
51792,Alaska,AK654,AK654_2,Closed,11/1/1985 5:00:00 AM,,10000,Gasoline,,
51793,Alaska,AK1955,AK1955_2,Closed,10/19/1985 4:00:00 AM,,2000,Gasoline,,
51794,Alaska,AK1946,AK1946_1,Closed,10/13/1985 4:00:00 AM,,2000,Diesel,,
51795,Alaska,AK1211,AK1211_4,Closed,10/10/1985 4:00:00 AM,,500,Diesel,,
51796,Alaska,AK1556,AK1556_2,Closed,10/1/1985 4:00:00 AM,,500,Gasoline,,
51797,Alaska,AK2901,AK2901_1,Closed,10/1/1985 4:00:00 AM,,1500,Gasoline,,
51798,Alaska,AK842,AK842_1,Closed,10/1/1985 4:00:00 AM,,4000,Diesel,,
51799,Alaska,AK2467,AK2467_1,Closed,9/1/1985 4:00:00 AM,,1000,Gasoline,,
51800,Alaska,AK2467,AK2467_2,Closed,9/1/1985 4:00:00 AM,,1000,Gasoline,,
51801,Alaska,AK1895,AK1895_1,Closed,8/17/1985 4:00:00 AM,,2000,Gasoline,,
51802,Alaska,AK1223,AK1223_1,Closed,8/1/1985 4:00:00 AM,,2000,Gasoline,,
51803,Alaska,AK1223,AK1223_2,Closed,8/1/1985 4:00:00 AM,,2000,Gasoline,,
51804,Alaska,AK2286,AK2286_4,Closed,8/1/1985 4:00:00 AM,,3000,Diesel,,
51805,Alaska,AK2412,AK2412_1,Closed,8/1/1985 4:00:00 AM,,550,Gasoline,,
51806,Alaska,AK2556,AK2556_1,Open,8/1/1985 4:00:00 AM,,600,Diesel,,
51807,Alaska,AK2725,AK2725_1,Closed,8/1/1985 4:00:00 AM,,3000,Gasoline,,
51808,Alaska,AK2725,AK2725_2,Closed,8/1/1985 4:00:00 AM,,3000,Gasoline,,
51809,Alaska,AK2924,AK2924_1,Closed,8/1/1985 4:00:00 AM,,10000,Gasoline,,
51810,Alaska,AK2924,AK2924_2,Closed,8/1/1985 4:00:00 AM,,10000,Gasoline,,
51811,Alaska,AK998,AK998_56,Closed,8/1/1985 4:00:00 AM,,236,Used Oil,,
51812,Alaska,AK1454,AK1454_2,Closed,7/25/1985 4:00:00 AM,,4000,Gasoline,,
51813,Alaska,AK703,AK703_1,Closed,7/23/1985 4:00:00 AM,,10000,Gasoline,,
51814,Alaska,AK703,AK703_2,Closed,7/23/1985 4:00:00 AM,,10000,Gasoline,,
51815,Alaska,AK1437,AK1437_1,Closed,7/3/1985 4:00:00 AM,,2000,Diesel,,
51816,Alaska,AK1437,AK1437_2,Closed,7/3/1985 4:00:00 AM,,2000,Gasoline,,
51817,Alaska,AK1051,AK1051_1,Closed,7/1/1985 4:00:00 AM,,3000,Diesel,,
51818,Alaska,AK1051,AK1051_2,Closed,7/1/1985 4:00:00 AM,,2000,Gasoline,,
51819,Alaska,AK1987,AK1987_1,Closed,7/1/1985 4:00:00 AM,,10000,Gasoline,,
51820,Alaska,AK1987,AK1987_2,Closed,7/1/1985 4:00:00 AM,,10000,Gasoline,,
51821,Alaska,AK2751,AK2751_2,Closed,5/8/1978 4:00:00 AM,,10000,Diesel,,
51822,Alaska,AK2345,AK2345_1,Closed,7/1/1985 4:00:00 AM,,259,Used Oil,,
51823,Alaska,AK2751,AK2751_3,Closed,5/8/1978 4:00:00 AM,,5000,Gasoline,,
51824,Alaska,AK2376,AK2376_1,Closed,7/1/1985 4:00:00 AM,,2000,Gasoline,,
51825,Alaska,AK2751,AK2751_4,Closed,5/8/1978 4:00:00 AM,,2000,Gasoline,,
51826,Alaska,AK2376,AK2376_2,Closed,7/1/1985 4:00:00 AM,,2000,Gasoline,,
51827,Alaska,AK2751,AK2751_5,Closed,5/8/1978 4:00:00 AM,,1000,Used Oil,,
51828,Alaska,AK2751,AK2751_6,Closed,5/8/1978 4:00:00 AM,,500,Used Oil,,
51829,Alaska,AK2387,AK2387_1,Closed,7/1/1985 4:00:00 AM,,12000,Gasoline,,
51830,Alaska,AK421,AK421_1,Closed,5/8/1978 4:00:00 AM,,500,Gasoline,,
51831,Alaska,AK2387,AK2387_2,Closed,7/1/1985 4:00:00 AM,,12000,Gasoline,,
51832,Alaska,AK649,AK649_1,Closed,5/8/1978 4:00:00 AM,,10000,Gasoline,,
51833,Alaska,AK2393,AK2393_1,Closed,7/1/1985 4:00:00 AM,,500,Gasoline,,
51834,Alaska,AK649,AK649_2,Closed,5/8/1978 4:00:00 AM,,5000,Gasoline,,
51835,Alaska,AK2442,AK2442_1,Closed,7/1/1985 4:00:00 AM,,4000,Gasoline,,
51836,Alaska,AK1567,AK1567_1,Closed,5/7/1978 4:00:00 AM,,1000,Gasoline,,
51837,Alaska,AK2543,AK2543_1,Closed,7/1/1985 4:00:00 AM,,2200,Gasoline,,
51838,Alaska,AK1567,AK1567_2,Closed,5/7/1978 4:00:00 AM,,3000,Diesel,,
51839,Alaska,AK1744,AK1744_1,Closed,5/7/1978 4:00:00 AM,,1000,Gasoline,,
51840,Alaska,AK2543,AK2543_2,Closed,7/1/1985 4:00:00 AM,,2200,Gasoline,,
51841,Alaska,AK1333,AK1333_3,Closed,5/6/1978 4:00:00 AM,,6000,Gasoline,,
51842,Alaska,AK350,AK350_1,Closed,6/24/1985 4:00:00 AM,,10000,Gasoline,,
51843,Alaska,AK721,AK721_1,Closed,5/6/1978 4:00:00 AM,,1000,Gasoline,,
51844,Alaska,AK350,AK350_2,Closed,6/24/1985 4:00:00 AM,,10000,Gasoline,,
51845,Alaska,AK1283,AK1283_1,Closed,5/5/1978 4:00:00 AM,,10000,Gasoline,,
51846,Alaska,AK355,AK355_1,Closed,6/24/1985 4:00:00 AM,,10000,Gasoline,,
51847,Alaska,AK1283,AK1283_2,Closed,5/5/1978 4:00:00 AM,,10000,Gasoline,,
51848,Alaska,AK355,AK355_2,Closed,6/24/1985 4:00:00 AM,,10000,Gasoline,,
51849,Alaska,AK1672,AK1672_1,Closed,5/5/1978 4:00:00 AM,,500,Diesel,,
51850,Alaska,AK357,AK357_1,Closed,6/24/1985 4:00:00 AM,,10000,Gasoline,,
51851,Alaska,AK347,AK347_1,Closed,5/5/1978 4:00:00 AM,,2000,Diesel,,
51852,Alaska,AK347,AK347_2,Closed,5/5/1978 4:00:00 AM,,1000,Diesel,,
51853,Alaska,AK357,AK357_2,Closed,6/24/1985 4:00:00 AM,,10000,Gasoline,,
51854,Alaska,AK735,AK735_1,Closed,5/5/1978 4:00:00 AM,,500,Gasoline,,
51855,Alaska,AK588,AK588_1,Closed,6/24/1985 4:00:00 AM,,10000,Gasoline,,
51856,Alaska,AK735,AK735_2,Closed,5/5/1978 4:00:00 AM,,500,Gasoline,,
51857,Alaska,AK177,AK177_2,Closed,5/3/1978 4:00:00 AM,,1000,Gasoline,,
51858,Alaska,AK588,AK588_2,Closed,6/24/1985 4:00:00 AM,,10000,Gasoline,,
51859,Alaska,AK712,AK712_1,Closed,5/3/1978 4:00:00 AM,,250,Gasoline,,
51860,Alaska,AK588,AK588_3,Closed,6/24/1985 4:00:00 AM,,5000,Diesel,,
51861,Alaska,AK1476,AK1476_1,Open,5/2/1978 4:00:00 AM,,15000,Diesel,,
51862,Alaska,AK593,AK593_1,Closed,6/24/1985 4:00:00 AM,,8000,Gasoline,,
51863,Alaska,AK1476,AK1476_10,Open,5/2/1978 4:00:00 AM,,28888,Diesel,,
51864,Alaska,AK593,AK593_2,Closed,6/24/1985 4:00:00 AM,,8000,Gasoline,,
51865,Alaska,AK1476,AK1476_2,Open,5/2/1978 4:00:00 AM,,15000,Diesel,,
51866,Alaska,AK1257,AK1257_5,Closed,6/22/1985 4:00:00 AM,,500,Gasoline,,
51867,Alaska,AK1476,AK1476_3,Open,5/2/1978 4:00:00 AM,,15000,Diesel,,
51868,Alaska,AK1373,AK1373_4,Closed,6/7/1985 4:00:00 AM,,1000,Diesel,,
51869,Alaska,AK1476,AK1476_4,Open,5/2/1978 4:00:00 AM,,12000,Diesel,,
51870,Alaska,AK232,AK232_1,Closed,6/6/1985 4:00:00 AM,,2000,Gasoline,,
51871,Alaska,AK1476,AK1476_6,Closed,5/2/1978 4:00:00 AM,,5000,Gasoline,,
51872,Alaska,AK232,AK232_2,Closed,6/6/1985 4:00:00 AM,,2000,Gasoline,,
51873,Alaska,AK1476,AK1476_7,Open,5/2/1978 4:00:00 AM,,28888,Diesel,,
51874,Alaska,AK1267,AK1267_1,Closed,6/1/1985 4:00:00 AM,,1000,Diesel,,
51875,Alaska,AK1476,AK1476_8,Open,5/2/1978 4:00:00 AM,,28888,Diesel,,
51876,Alaska,AK1278,AK1278_1,Closed,6/1/1985 4:00:00 AM,,1500,Diesel,,
51877,Alaska,AK1476,AK1476_9,Open,5/2/1978 4:00:00 AM,,28888,Diesel,,
51878,Alaska,AK1315,AK1315_1,Closed,6/1/1985 4:00:00 AM,,12000,Diesel,,
51879,Alaska,AK1587,AK1587_2,Closed,5/2/1978 4:00:00 AM,,30000,Diesel,,
51880,Alaska,AK2304,AK2304_1,Closed,6/1/1985 4:00:00 AM,,300,Diesel,,
51881,Alaska,AK1634,AK1634_2,Closed,5/2/1978 4:00:00 AM,,2000,Gasoline,,
51882,Alaska,AK2304,AK2304_2,Closed,6/1/1985 4:00:00 AM,,300,Gasoline,,
51883,Alaska,AK81,AK81_1,Closed,5/2/1978 4:00:00 AM,,3000,Gasoline,,
51884,Alaska,AK2321,AK2321_1,Closed,6/1/1985 4:00:00 AM,,5000,Gasoline,,
51885,Alaska,AK81,AK81_2,Closed,5/2/1978 4:00:00 AM,,1000,Gasoline,,
51886,Alaska,AK2330,AK2330_1,Closed,6/1/1985 4:00:00 AM,,1000,Diesel,,
51887,Alaska,AK453,AK453_1,Closed,5/1/1978 4:00:00 AM,,500,Gasoline,,
51888,Alaska,AK2410,AK2410_2,Closed,6/1/1985 4:00:00 AM,,500,Gasoline,,
51889,Alaska,AK1096,AK1096_3,Closed,4/30/1978 4:00:00 AM,,500,Gasoline,,
51890,Alaska,AK2509,AK2509_1,Closed,6/1/1985 4:00:00 AM,,1000,Gasoline,,
51891,Alaska,AK1148,AK1148_1,Closed,4/30/1978 4:00:00 AM,,3000,Gasoline,,
51892,Alaska,AK2509,AK2509_2,Closed,6/1/1985 4:00:00 AM,,1000,Diesel,,
51893,Alaska,AK1148,AK1148_2,Closed,4/30/1978 4:00:00 AM,,3000,Gasoline,,
51894,Alaska,AK2567,AK2567_1,Closed,6/1/1985 4:00:00 AM,,1500,Gasoline,,
51895,Alaska,AK1148,AK1148_3,Closed,4/30/1978 4:00:00 AM,,1500,Gasoline,,
51896,Alaska,AK2705,AK2705_1,Closed,6/1/1985 4:00:00 AM,,3000,Gasoline,,
51897,Alaska,AK1255,AK1255_2,Closed,4/30/1978 4:00:00 AM,,1000,Used Oil,,
51898,Alaska,AK362,AK362_1,Closed,6/1/1985 4:00:00 AM,,10000,Gasoline,,
51899,Alaska,AK1689,AK1689_1,Closed,4/30/1978 4:00:00 AM,,500,Gasoline,,
51900,Alaska,AK362,AK362_2,Closed,6/1/1985 4:00:00 AM,,10000,Gasoline,,
51901,Alaska,AK100,AK100_2,Closed,4/29/1978 4:00:00 AM,,3000,Gasoline,,
51902,Alaska,AK1608,AK1608_1,Closed,5/27/1985 4:00:00 AM,,1000,Gasoline,,
51903,Alaska,AK100,AK100_3,Closed,4/29/1978 4:00:00 AM,,3000,Gasoline,,
51904,Alaska,AK982,AK982_1,Closed,5/27/1985 4:00:00 AM,,500,Gasoline,,
51905,Alaska,AK100,AK100_4,Closed,4/29/1978 4:00:00 AM,,5000,Diesel,,
51906,Alaska,AK928,AK928_1,Closed,5/25/1985 4:00:00 AM,,10000,Gasoline,,
51907,Alaska,AK1259,AK1259_1,Closed,4/29/1978 4:00:00 AM,,500,Gasoline,,
51908,Alaska,AK129,AK129_3,Closed,4/29/1978 4:00:00 AM,,500,Gasoline,,
51909,Alaska,AK1732,AK1732_1,Closed,4/29/1978 4:00:00 AM,,2000,Gasoline,,
51910,Alaska,AK1732,AK1732_2,Closed,4/29/1978 4:00:00 AM,,2000,Diesel,,
51911,Alaska,AK571,AK571_1,Closed,4/29/1978 4:00:00 AM,,500,Gasoline,,
51912,Alaska,AK571,AK571_2,Closed,4/29/1978 4:00:00 AM,,500,Gasoline,,
51913,Alaska,AK1129,AK1129_1,Closed,4/28/1978 4:00:00 AM,,1000,Gasoline,,
51914,Alaska,AK928,AK928_2,Closed,5/25/1985 4:00:00 AM,,10000,Gasoline,,
51915,Alaska,AK1129,AK1129_2,Closed,4/28/1978 4:00:00 AM,,1000,Gasoline,,
51916,Alaska,AK1129,AK1129_3,Closed,4/28/1978 4:00:00 AM,,1000,Gasoline,,
51917,Alaska,AK928,AK928_3,Closed,5/25/1985 4:00:00 AM,,10000,Gasoline,,
51918,Alaska,AK415,AK415_1,Closed,9/1/1982 4:00:00 AM,,4000,Gasoline,,
51919,Alaska,AK165,AK165_1,Closed,5/16/1985 4:00:00 AM,,300,Gasoline,,
51920,Alaska,AK458,AK458_3,Closed,4/18/1986 4:00:00 AM,,550,Diesel,,
51921,Alaska,AK1244,AK1244_1,Closed,4/28/1978 4:00:00 AM,,500,Gasoline,,
51922,Alaska,AK1182,AK1182_1,Closed,5/15/1985 4:00:00 AM,,2000,Gasoline,,
51923,Alaska,AK1629,AK1629_1,Closed,4/28/1978 4:00:00 AM,,500,Gasoline,,
51924,Alaska,AK1182,AK1182_2,Closed,5/15/1985 4:00:00 AM,,2000,Diesel,,
51925,Alaska,AK1136,AK1136_1,Closed,4/27/1978 4:00:00 AM,,500,Gasoline,,
51926,Alaska,AK744,AK744_1,Closed,5/15/1985 4:00:00 AM,,1000,Gasoline,,
51927,Alaska,AK744,AK744_2,Closed,5/15/1985 4:00:00 AM,,1000,Gasoline,,
51928,Alaska,AK955,AK955_1,Closed,4/27/1978 4:00:00 AM,,2000,Gasoline,,
51929,Alaska,AK637,AK637_3,Closed,5/12/1985 4:00:00 AM,,2000,Diesel,,
51930,Alaska,AK570,AK570_1,Closed,4/26/1978 4:00:00 AM,,1000,Diesel,,
51931,Alaska,AK1198,AK1198_1,Closed,5/8/1985 4:00:00 AM,,500,Diesel,,
51932,Alaska,AK570,AK570_2,Closed,4/26/1978 4:00:00 AM,,1000,Diesel,,
51933,Alaska,AK1212,AK1212_1,Closed,5/8/1985 4:00:00 AM,,500,Diesel,,
51934,Alaska,AK1340,AK1340_2,Closed,4/25/1978 4:00:00 AM,,2000,Diesel,,
51935,Alaska,AK1217,AK1217_1,Closed,5/8/1985 4:00:00 AM,,500,Diesel,,
51936,Alaska,AK1570,AK1570_2,Closed,4/25/1978 4:00:00 AM,,500,Used Oil,,
51937,Alaska,AK1219,AK1219_1,Closed,5/8/1985 4:00:00 AM,,500,Diesel,,
51938,Alaska,AK1570,AK1570_3,Closed,4/25/1978 4:00:00 AM,,3000,Gasoline,,
51939,Alaska,AK1505,AK1505_1,Closed,5/8/1985 4:00:00 AM,,12000,Gasoline,,
51940,Alaska,AK905,AK905_1,Closed,4/25/1978 4:00:00 AM,,980,Gasoline,,
51941,Alaska,AK1505,AK1505_2,Closed,5/8/1985 4:00:00 AM,,12000,Gasoline,,
51942,Alaska,AK905,AK905_2,Closed,4/25/1978 4:00:00 AM,,980,Gasoline,,
51943,Alaska,AK1505,AK1505_3,Closed,5/8/1985 4:00:00 AM,,12000,Diesel,,
51944,Alaska,AK527,AK527_1,Closed,4/24/1978 4:00:00 AM,,8000,Diesel,,
51945,Alaska,AK1522,AK1522_4,Closed,5/8/1985 4:00:00 AM,,2000,Diesel,,
51946,Alaska,AK527,AK527_2,Closed,4/24/1978 4:00:00 AM,,4000,Gasoline,,
51947,Alaska,AK558,AK558_1,Closed,4/24/1978 4:00:00 AM,,8000,Diesel,,
51948,Alaska,AK999,AK999_1,Closed,5/8/1985 4:00:00 AM,,5000,Gasoline,,
51949,Alaska,AK558,AK558_2,Closed,4/24/1978 4:00:00 AM,,2000,Gasoline,,
51950,Alaska,AK999,AK999_2,Closed,5/8/1985 4:00:00 AM,,5000,Diesel,,
51951,Alaska,AK964,AK964_3,Closed,4/21/1978 4:00:00 AM,,2000,Gasoline,,
51952,Alaska,AK1685,AK1685_2,Closed,5/7/1985 4:00:00 AM,,500,Gasoline,,
51953,Alaska,AK1817,AK1817_1,Closed,4/20/1978 4:00:00 AM,,2000,Diesel,,
51954,Alaska,AK1685,AK1685_3,Closed,5/7/1985 4:00:00 AM,,500,Used Oil,,
51955,Alaska,AK1817,AK1817_3,Closed,4/20/1978 4:00:00 AM,,2000,Gasoline,,
51956,Alaska,AK1685,AK1685_4,Closed,5/7/1985 4:00:00 AM,,275,Used Oil,,
51957,Alaska,AK1817,AK1817_5,Closed,4/20/1978 4:00:00 AM,,10000,Diesel,,
51958,Alaska,AK205,AK205_1,Closed,5/7/1985 4:00:00 AM,,2000,Gasoline,,
51959,Alaska,AK1817,AK1817_7,Closed,4/20/1978 4:00:00 AM,,10000,Diesel,,
51960,Alaska,AK425,AK425_5,Closed,5/7/1985 4:00:00 AM,,15000,Gasoline,,
51961,Alaska,AK759,AK759_1,Closed,4/19/1978 4:00:00 AM,,6000,Kerosene,,
51962,Alaska,AK425,AK425_6,Closed,5/7/1985 4:00:00 AM,,15000,Gasoline,,
51963,Alaska,AK758,AK758_1,Closed,4/17/1978 4:00:00 AM,,500,Diesel,,
51964,Alaska,AK758,AK758_2,Closed,4/17/1978 4:00:00 AM,,1000,Diesel,,
51965,Alaska,AK619,AK619_1,Closed,5/7/1985 4:00:00 AM,,300,Gasoline,,
51966,Alaska,AK1466,AK1466_2,Closed,4/16/1978 4:00:00 AM,,500,Used Oil,,
51967,Alaska,AK672,AK672_1,Closed,5/7/1985 4:00:00 AM,,8000,Diesel,,
51968,Alaska,AK782,AK782_1,Closed,4/16/1978 4:00:00 AM,,1000,Gasoline,,
51969,Alaska,AK1020,AK1020_3,Closed,5/6/1985 4:00:00 AM,,500,Diesel,,
51970,Alaska,AK782,AK782_2,Closed,4/16/1978 4:00:00 AM,,1000,Diesel,,
51971,Alaska,AK1069,AK1069_1,Closed,5/6/1985 4:00:00 AM,,2000,Gasoline,,
51972,Alaska,AK1250,AK1250_1,Closed,4/15/1978 4:00:00 AM,,1000,Gasoline,,
51973,Alaska,AK1069,AK1069_2,Closed,5/6/1985 4:00:00 AM,,1300,Diesel,,
51974,Alaska,AK856,AK856_1,Closed,4/15/1978 4:00:00 AM,,10000,Gasoline,,
51975,Alaska,AK599,AK599_1,Closed,5/6/1985 4:00:00 AM,,10000,Gasoline,,
51976,Alaska,AK856,AK856_2,Closed,4/15/1978 4:00:00 AM,,500,Diesel,,
51977,Alaska,AK856,AK856_3,Closed,4/15/1978 4:00:00 AM,,300,Used Oil,,
51978,Alaska,AK856,AK856_4,Closed,4/15/1978 4:00:00 AM,,20000,Diesel,,
51979,Alaska,AK599,AK599_11,Closed,5/6/1985 4:00:00 AM,,10000,Gasoline,,
51980,Alaska,AK178,AK178_1,Closed,4/14/1978 4:00:00 AM,,4000,Gasoline,,
51981,Alaska,AK599,AK599_12,Closed,5/6/1985 4:00:00 AM,,10000,Diesel,,
51982,Alaska,AK1705,AK1705_1,Closed,4/10/1978 4:00:00 AM,,1000,Gasoline,,
51983,Alaska,AK1295,AK1295_1,Closed,5/5/1985 4:00:00 AM,,500,Diesel,,
51984,Alaska,AK979,AK979_2,Closed,4/7/1978 4:00:00 AM,,2000,Gasoline,,
51985,Alaska,AK1300,AK1300_1,Closed,5/5/1985 4:00:00 AM,,500,Gasoline,,
51986,Alaska,AK1457,AK1457_1,Closed,4/4/1978 4:00:00 AM,,10000,Diesel,,
51987,Alaska,AK1300,AK1300_2,Closed,5/5/1985 4:00:00 AM,,1000,Diesel,,
51988,Alaska,AK1457,AK1457_2,Closed,4/4/1978 4:00:00 AM,,1000,Gasoline,,
51989,Alaska,AK1304,AK1304_1,Closed,5/5/1985 4:00:00 AM,,500,Gasoline,,
51990,Alaska,AK266,AK266_1,Closed,3/31/1978 5:00:00 AM,,500,Gasoline,,
51991,Alaska,AK1304,AK1304_2,Closed,5/5/1985 4:00:00 AM,,500,Diesel,,
51992,Alaska,AK1327,AK1327_1,Closed,3/28/1978 5:00:00 AM,,5000,Gasoline,,
51993,Alaska,AK1600,AK1600_3,Closed,5/5/1985 4:00:00 AM,,3000,Gasoline,,
51994,Alaska,AK1327,AK1327_2,Closed,3/28/1978 5:00:00 AM,,5000,Gasoline,,
51995,Alaska,AK277,AK277_2,Closed,5/5/1985 4:00:00 AM,,500,Diesel,,
51996,Alaska,AK1327,AK1327_3,Closed,3/28/1978 5:00:00 AM,,1500,Gasoline,,
51997,Alaska,AK278,AK278_1,Closed,5/5/1985 4:00:00 AM,,500,Gasoline,,
51998,Alaska,AK75,AK75_1,Closed,3/26/1978 5:00:00 AM,,500,Used Oil,,
51999,Alaska,AK278,AK278_2,Closed,5/5/1985 4:00:00 AM,,500,Diesel,,
52000,Alaska,AK82,AK82_1,Closed,3/26/1978 5:00:00 AM,,500,Used Oil,,
52001,Alaska,AK285,AK285_1,Closed,5/5/1985 4:00:00 AM,,500,Gasoline,,
52002,Alaska,AK82,AK82_2,Closed,3/26/1978 5:00:00 AM,,500,Used Oil,,
52003,Alaska,AK285,AK285_2,Closed,5/5/1985 4:00:00 AM,,500,Diesel,,
52004,Alaska,AK82,AK82_3,Closed,3/26/1978 5:00:00 AM,,500,Used Oil,,
52005,Alaska,AK287,AK287_1,Closed,5/5/1985 4:00:00 AM,,500,Gasoline,,
52006,Alaska,AK85,AK85_1,Closed,3/26/1978 5:00:00 AM,,500,Used Oil,,
52007,Alaska,AK287,AK287_2,Closed,5/5/1985 4:00:00 AM,,500,Diesel,,
52008,Alaska,AK153,AK153_1,Closed,3/25/1978 5:00:00 AM,,1500,Gasoline,,
52009,Alaska,AK940,AK940_3,Closed,5/5/1985 4:00:00 AM,,500,Gasoline,,
52010,Alaska,AK1284,AK1284_4,Closed,3/24/1978 5:00:00 AM,,500,Used Oil,,
52011,Alaska,AK219,AK219_1,Closed,5/2/1985 4:00:00 AM,,3000,Gasoline,,
52012,Alaska,AK1368,AK1368_1,Closed,3/24/1978 5:00:00 AM,,2000,Diesel,,
52013,Alaska,AK338,AK338_1,Closed,5/2/1985 4:00:00 AM,,1000,Gasoline,,
52014,Alaska,AK1702,AK1702_1,Closed,3/21/1984 5:00:00 AM,,1000,Gasoline,,
52015,Alaska,AK279,AK279_3,Closed,3/23/1978 5:00:00 AM,,1000,Diesel,,
52016,Alaska,AK861,AK861_1,Closed,5/2/1985 4:00:00 AM,,2500,Gasoline,,
52017,Alaska,AK194,AK194_4,Closed,3/21/1978 5:00:00 AM,,500,Gasoline,,
52018,Alaska,AK861,AK861_2,Closed,5/2/1985 4:00:00 AM,,2500,Gasoline,,
52019,Alaska,AK985,AK985_4,Closed,3/21/1978 5:00:00 AM,,1000,Gasoline,,
52020,Alaska,AK861,AK861_3,Closed,5/2/1985 4:00:00 AM,,2500,Diesel,,
52021,Alaska,AK13,AK13_1,Closed,3/20/1978 5:00:00 AM,,2000,Diesel,,
52022,Alaska,AK1937,AK1937_1,Closed,5/1/1985 4:00:00 AM,,1000,Gasoline,,
52023,Alaska,AK13,AK13_2,Closed,3/20/1978 5:00:00 AM,,2000,Gasoline,,
52024,Alaska,AK13,AK13_3,Closed,3/20/1978 5:00:00 AM,,500,Gasoline,,
52025,Alaska,AK1981,AK1981_1,Closed,5/1/1985 4:00:00 AM,,10000,Gasoline,,
52026,Alaska,AK787,AK787_1,Closed,3/20/1978 5:00:00 AM,,10000,Gasoline,,
52027,Alaska,AK1981,AK1981_2,Closed,5/1/1985 4:00:00 AM,,10000,Gasoline,,
52028,Alaska,AK787,AK787_2,Closed,3/20/1978 5:00:00 AM,,2000,Gasoline,,
52029,Alaska,AK1981,AK1981_3,Closed,5/1/1985 4:00:00 AM,,5000,Diesel,,
52030,Alaska,AK787,AK787_3,Closed,3/20/1978 5:00:00 AM,,2000,Diesel,,
52031,Alaska,AK2310,AK2310_1,Closed,5/1/1985 4:00:00 AM,,1000,Gasoline,,
52032,Alaska,AK787,AK787_4,Closed,3/20/1978 5:00:00 AM,,2000,Used Oil,,
52033,Alaska,AK2310,AK2310_2,Closed,5/1/1985 4:00:00 AM,,1000,Gasoline,,
52034,Alaska,AK1576,AK1576_4,Closed,3/19/1978 5:00:00 AM,,6000,Gasoline,,
52035,Alaska,AK2655,AK2655_1,Closed,5/1/1985 4:00:00 AM,,1000,Gasoline,,
52036,Alaska,AK375,AK375_1,Closed,3/19/1978 5:00:00 AM,,5000,Gasoline,,
52037,Alaska,AK375,AK375_2,Closed,3/19/1978 5:00:00 AM,,5000,Gasoline,,
52038,Alaska,AK493,AK493_1,Closed,5/1/1985 4:00:00 AM,,3000,Gasoline,,
52039,Alaska,AK864,AK864_1,Closed,3/19/1978 5:00:00 AM,,6000,Diesel,,
52040,Alaska,AK493,AK493_2,Closed,5/1/1985 4:00:00 AM,,3000,Gasoline,,
52041,Alaska,AK837,AK837_1,Closed,3/16/1978 5:00:00 AM,,1500,Diesel,,
52042,Alaska,AK1050,AK1050_1,Closed,4/30/1985 4:00:00 AM,,5000,Diesel,,
52043,Alaska,AK23,AK23_1,Closed,3/10/1978 5:00:00 AM,,10000,Gasoline,,
52044,Alaska,AK1213,AK1213_1,Closed,4/30/1985 4:00:00 AM,,1000,Diesel,,
52045,Alaska,AK23,AK23_2,Closed,3/10/1978 5:00:00 AM,,5000,Gasoline,,
52046,Alaska,AK1213,AK1213_2,Closed,4/30/1985 4:00:00 AM,,1000,Gasoline,,
52047,Alaska,AK23,AK23_3,Closed,3/10/1978 5:00:00 AM,,10000,Diesel,,
52048,Alaska,AK23,AK23_4,Closed,3/10/1978 5:00:00 AM,,500,Used Oil,,
52049,Alaska,AK1023,AK1023_1,Closed,3/5/1978 5:00:00 AM,,1000,Gasoline,,
52050,Alaska,AK1023,AK1023_2,Closed,3/5/1978 5:00:00 AM,,1500,Diesel,,
52051,Alaska,AK508,AK508_5,Closed,3/1/1978 5:00:00 AM,,480,Diesel,,
52052,Alaska,AK1934,AK1934_4,Closed,2/24/1978 5:00:00 AM,,2000,Diesel,,
52053,Alaska,AK690,AK690_1,Closed,2/22/1978 5:00:00 AM,,1000,Diesel,,
52054,Alaska,AK690,AK690_2,Closed,2/22/1978 5:00:00 AM,,1000,Gasoline,,
52055,Alaska,AK1049,AK1049_6,Closed,2/20/1978 5:00:00 AM,,5000,Gasoline,,
52056,Alaska,AK1626,AK1626_2,Closed,4/30/1985 4:00:00 AM,,500,Diesel,,
52057,Alaska,AK1258,AK1258_1,Closed,2/19/1978 5:00:00 AM,,10000,Gasoline,,
52058,Alaska,AK540,AK540_10,Open,4/30/1985 4:00:00 AM,,20000,Diesel,,
52059,Alaska,AK540,AK540_8,Closed,4/30/1985 4:00:00 AM,,1000,Used Oil,,
52060,Alaska,AK1258,AK1258_2,Closed,2/19/1978 5:00:00 AM,,1880,Used Oil,,
52061,Alaska,AK540,AK540_9,Closed,4/30/1985 4:00:00 AM,,1000,Diesel,,
52062,Alaska,AK1264,AK1264_1,Closed,2/19/1978 5:00:00 AM,,10000,Gasoline,,
52063,Alaska,AK636,AK636_1,Closed,4/28/1985 4:00:00 AM,,500,Diesel,,
52064,Alaska,AK1268,AK1268_1,Closed,2/19/1978 5:00:00 AM,,10000,Gasoline,,
52065,Alaska,AK876,AK876_1,Closed,4/28/1985 4:00:00 AM,,1000,Gasoline,,
52066,Alaska,AK1274,AK1274_1,Closed,2/19/1978 5:00:00 AM,,10000,Gasoline,,
52067,Alaska,AK876,AK876_2,Closed,4/28/1985 4:00:00 AM,,1000,Diesel,,
52068,Alaska,AK1274,AK1274_2,Closed,2/19/1978 5:00:00 AM,,10000,Diesel,,
52069,Alaska,AK876,AK876_3,Closed,4/28/1985 4:00:00 AM,,1000,Gasoline,,
52070,Alaska,AK1279,AK1279_1,Closed,2/19/1978 5:00:00 AM,,10000,Gasoline,,
52071,Alaska,AK1245,AK1245_1,Closed,4/27/1985 4:00:00 AM,,10000,Diesel,,
52072,Alaska,AK1279,AK1279_2,Closed,2/19/1978 5:00:00 AM,,10000,Diesel,,
52073,Alaska,AK1359,AK1359_1,Closed,4/25/1985 4:00:00 AM,,300,Gasoline,,
52074,Alaska,AK1282,AK1282_1,Closed,2/19/1978 5:00:00 AM,,10000,Gasoline,,
52075,Alaska,AK933,AK933_1,Closed,4/25/1985 4:00:00 AM,,500,Gasoline,,
52076,Alaska,AK1282,AK1282_2,Closed,2/19/1978 5:00:00 AM,,10000,Diesel,,
52077,Alaska,AK1621,AK1621_4,Closed,4/24/1985 4:00:00 AM,,3000,Diesel,,
52078,Alaska,AK1285,AK1285_1,Closed,2/19/1978 5:00:00 AM,,10000,Gasoline,,
52079,Alaska,AK1220,AK1220_1,Closed,4/22/1985 4:00:00 AM,,1000,Diesel,,
52080,Alaska,AK1285,AK1285_2,Closed,2/19/1978 5:00:00 AM,,10000,Diesel,,
52081,Alaska,AK1655,AK1655_1,Closed,4/22/1985 4:00:00 AM,,10000,Gasoline,,
52082,Alaska,AK1289,AK1289_1,Closed,2/19/1978 5:00:00 AM,,10000,Gasoline,,
52083,Alaska,AK1655,AK1655_2,Closed,4/22/1985 4:00:00 AM,,10000,Gasoline,,
52084,Alaska,AK1289,AK1289_2,Closed,2/19/1978 5:00:00 AM,,10000,Diesel,,
52085,Alaska,AK641,AK641_1,Closed,4/19/1985 4:00:00 AM,,2000,Gasoline,,
52086,Alaska,AK747,AK747_1,Closed,2/19/1978 5:00:00 AM,,1000,Gasoline,,
52087,Alaska,AK2188,AK2188_2,Closed,4/18/1985 4:00:00 AM,,1000,Gasoline,,
52088,Alaska,AK747,AK747_2,Closed,2/19/1978 5:00:00 AM,,1000,Gasoline,,
52089,Alaska,AK292,AK292_2,Closed,4/18/1985 4:00:00 AM,,10000,Diesel,,
52090,Alaska,AK693,AK693_1,Closed,2/18/1978 5:00:00 AM,,3000,Gasoline,,
52091,Alaska,AK69,AK69_4,Closed,4/18/1985 4:00:00 AM,,500,Diesel,,
52092,Alaska,AK693,AK693_2,Closed,2/18/1978 5:00:00 AM,,2500,Gasoline,,
52093,Alaska,AK80,AK80_1,Closed,4/18/1985 4:00:00 AM,,500,Diesel,,
52094,Alaska,AK693,AK693_3,Closed,2/18/1978 5:00:00 AM,,2000,Kerosene,,
52095,Alaska,AK992,AK992_1,Closed,2/17/1978 5:00:00 AM,,3000,Gasoline,,
52096,Alaska,AK389,AK389_1,Closed,4/17/1985 4:00:00 AM,,1500,Diesel,,
52097,Alaska,AK1494,AK1494_1,Closed,2/7/1978 5:00:00 AM,,500,Gasoline,,
52098,Alaska,AK389,AK389_2,Closed,4/17/1985 4:00:00 AM,,1500,Gasoline,,
52099,Alaska,AK326,AK326_3,Closed,1/28/1978 5:00:00 AM,,5000,Diesel,,
52100,Alaska,AK320,AK320_5,Closed,1/15/1978 5:00:00 AM,,6000,Gasoline,,
52101,Alaska,AK998,AK998_4,Closed,4/9/1985 4:00:00 AM,,1000,Gasoline,,
52102,Alaska,AK320,AK320_6,Closed,1/15/1978 5:00:00 AM,,10000,Diesel,,
52103,Alaska,AK998,AK998_53,Closed,4/9/1985 4:00:00 AM,,8000,Diesel,,
52104,Alaska,AK529,AK529_1,Closed,1/12/1978 5:00:00 AM,,500,Diesel,,
52105,Alaska,AK105,AK105_1,Closed,1/1/1978 5:00:00 AM,,2000,Gasoline,,
52106,Alaska,AK998,AK998_80,Closed,4/9/1985 4:00:00 AM,,5000,Gasoline,,
52107,Alaska,AK105,AK105_2,Closed,1/1/1978 5:00:00 AM,,3000,Diesel,,
52108,Alaska,AK998,AK998_81,Closed,4/9/1985 4:00:00 AM,,5000,Gasoline,,
52109,Alaska,AK998,AK998_82,Closed,4/9/1985 4:00:00 AM,,5000,Gasoline,,
52110,Alaska,AK105,AK105_3,Closed,1/1/1978 5:00:00 AM,,1000,Gasoline,,
52111,Alaska,AK1768,AK1768_9,Closed,4/8/1985 4:00:00 AM,,1000,Gasoline,,
52112,Alaska,AK1310,AK1310_3,Closed,4/7/1985 5:00:00 AM,,1500,Gasoline,,
52113,Alaska,AK109,AK109_1,Closed,1/1/1978 5:00:00 AM,,5000,Gasoline,,
52114,Alaska,AK515,AK515_1,Closed,4/7/1985 5:00:00 AM,,980,Gasoline,,
52115,Alaska,AK109,AK109_13,Closed,1/1/1978 5:00:00 AM,,2000,Gasoline,,
52116,Alaska,AK109,AK109_9,Closed,1/1/1978 5:00:00 AM,,3000,Gasoline,,
52117,Alaska,AK1711,AK1711_1,Closed,4/4/1985 5:00:00 AM,,2000,Gasoline,,
52118,Alaska,AK1363,AK1363_3,Closed,1/1/1978 5:00:00 AM,,2000,Gasoline,,
52119,Alaska,AK1711,AK1711_2,Closed,4/4/1985 5:00:00 AM,,2000,Gasoline,,
52120,Alaska,AK1677,AK1677_1,Closed,1/1/1978 5:00:00 AM,,1000,Gasoline,,
52121,Alaska,AK745,AK745_1,Closed,4/3/1985 5:00:00 AM,,5000,Diesel,,
52122,Alaska,AK1867,AK1867_1,Closed,1/1/1978 5:00:00 AM,,240,Diesel,,
52123,Alaska,AK1211,AK1211_1,Closed,4/2/1985 5:00:00 AM,,1000,Gasoline,,
52124,Alaska,AK2159,AK2159_1,Closed,1/1/1978 5:00:00 AM,,1000,Gasoline,,
52125,Alaska,AK1211,AK1211_2,Closed,4/2/1985 5:00:00 AM,,1000,Gasoline,,
52126,Alaska,AK2159,AK2159_2,Closed,1/1/1978 5:00:00 AM,,1000,Diesel,,
52127,Alaska,AK1211,AK1211_3,Closed,4/2/1985 5:00:00 AM,,1000,Diesel,,
52128,Alaska,AK2320,AK2320_1,Closed,1/1/1978 5:00:00 AM,,3000,Gasoline,,
52129,Alaska,AK2320,AK2320_2,Closed,1/1/1978 5:00:00 AM,,3000,Gasoline,,
52130,Alaska,AK286,AK286_1,Closed,3/31/1985 5:00:00 AM,,3000,Gasoline,,
52131,Alaska,AK2320,AK2320_3,Closed,1/1/1978 5:00:00 AM,,2000,Diesel,,
52132,Alaska,AK286,AK286_2,Closed,3/31/1985 5:00:00 AM,,3000,Kerosene,,
52133,Alaska,AK2322,AK2322_1,Closed,1/1/1978 5:00:00 AM,,1000,Gasoline,,
52134,Alaska,AK1382,AK1382_1,Closed,3/26/1985 5:00:00 AM,,1000,Gasoline,,
52135,Alaska,AK2366,AK2366_1,Closed,1/1/1978 5:00:00 AM,,3000,Gasoline,,
52136,Alaska,AK1382,AK1382_2,Closed,3/26/1985 5:00:00 AM,,1000,Gasoline,,
52137,Alaska,AK2366,AK2366_2,Closed,1/1/1978 5:00:00 AM,,3000,Gasoline,,
52138,Alaska,AK1382,AK1382_3,Closed,3/26/1985 5:00:00 AM,,1000,Diesel,,
52139,Alaska,AK2366,AK2366_3,Closed,1/1/1978 5:00:00 AM,,1000,Gasoline,,
52140,Alaska,AK842,AK842_2,Closed,3/26/1985 5:00:00 AM,,4000,Diesel,,
52141,Alaska,AK2430,AK2430_1,Closed,1/1/1978 5:00:00 AM,,4000,Used Oil,,
52142,Alaska,AK842,AK842_3,Closed,3/26/1985 5:00:00 AM,,3000,Diesel,,
52143,Alaska,AK2782,AK2782_1,Closed,1/1/1978 5:00:00 AM,,10000,Gasoline,,
52144,Alaska,AK842,AK842_4,Closed,3/26/1985 5:00:00 AM,,3000,Used Oil,,
52145,Alaska,AK2844,AK2844_1,Closed,1/1/1978 5:00:00 AM,,500,Diesel,,
52146,Alaska,AK147,AK147_1,Closed,3/24/1985 5:00:00 AM,,500,Gasoline,,
52147,Alaska,AK2850,AK2850_1,Closed,1/1/1978 5:00:00 AM,,1000,Diesel,,
52148,Alaska,AK1632,AK1632_1,Closed,3/24/1985 5:00:00 AM,,10000,Gasoline,,
52149,Alaska,AK2892,AK2892_2,Closed,1/1/1978 5:00:00 AM,,5000,Gasoline,,
52150,Alaska,AK1632,AK1632_2,Closed,3/24/1985 5:00:00 AM,,10000,Gasoline,,
52151,Alaska,AK2967,AK2967_1,Closed,1/1/1978 5:00:00 AM,,8000,Diesel,,
52152,Alaska,AK1632,AK1632_3,Closed,3/24/1985 5:00:00 AM,,8000,Diesel,,
52153,Alaska,AK3003,AK3003_4,Closed,1/1/1978 5:00:00 AM,,3000,Gasoline,,
52154,Alaska,AK1632,AK1632_4,Closed,3/24/1985 5:00:00 AM,,8000,Diesel,,
52155,Alaska,AK3329,AK3329_1,Closed,1/1/1978 5:00:00 AM,,10000,Diesel,,
52156,Alaska,AK297,AK297_1,Closed,3/23/1985 5:00:00 AM,,5000,Gasoline,,
52157,Alaska,AK3329,AK3329_2,Closed,1/1/1978 5:00:00 AM,,5000,Diesel,,
52158,Alaska,AK10,AK10_2,Open,3/22/1985 5:00:00 AM,,8000,Diesel,,
52159,Alaska,AK3329,AK3329_3,Closed,1/1/1978 5:00:00 AM,,5000,Gasoline,,
52160,Alaska,AK10,AK10_3,Open,3/22/1985 5:00:00 AM,,8000,Gasoline,,
52161,Alaska,AK3329,AK3329_4,Closed,1/1/1978 5:00:00 AM,,500,Used Oil,,
52162,Alaska,AK10,AK10_4,Closed,3/22/1985 5:00:00 AM,,4000,Diesel,,
52163,Alaska,AK476,AK476_1,Closed,1/1/1978 5:00:00 AM,,1000,Gasoline,,
52164,Alaska,AK372,AK372_1,Closed,3/21/1985 5:00:00 AM,,1000,Used Oil,,
52165,Alaska,AK508,AK508_2,Closed,1/1/1978 5:00:00 AM,,500,Gasoline,,
52166,Alaska,AK446,AK446_1,Closed,3/21/1985 5:00:00 AM,,2000,Gasoline,,
52167,Alaska,AK535,AK535_3,Closed,1/1/1978 5:00:00 AM,,1000,Gasoline,,
52168,Alaska,AK360,AK360_5,Closed,3/15/1985 5:00:00 AM,,6000,Diesel,,
52169,Alaska,AK56,AK56_1,Closed,1/1/1978 5:00:00 AM,,6000,Diesel,,
52170,Alaska,AK128,AK128_1,Closed,3/13/1985 5:00:00 AM,,3000,Diesel,,
52171,Alaska,AK892,AK892_1,Closed,1/1/1978 5:00:00 AM,,10000,Gasoline,,
52172,Alaska,AK128,AK128_4,Closed,3/13/1985 5:00:00 AM,,1500,Used Oil,,
52173,Alaska,AK892,AK892_3,Closed,1/1/1978 5:00:00 AM,,10000,Gasoline,,
52174,Alaska,AK1602,AK1602_1,Closed,3/12/1985 5:00:00 AM,,6000,Diesel,,
52175,Alaska,AK894,AK894_2,Closed,1/1/1978 5:00:00 AM,,350,Diesel,,
52176,Alaska,AK358,AK358_1,Closed,3/12/1985 5:00:00 AM,,2000,Diesel,,
52177,Alaska,AK250,AK250_1,Closed,12/1/1977 5:00:00 AM,,1000,Gasoline,,
52178,Alaska,AK11,AK11_1,Closed,3/10/1985 5:00:00 AM,,550,Used Oil,,
52179,Alaska,AK250,AK250_2,Closed,12/1/1977 5:00:00 AM,,900,Gasoline,,
52180,Alaska,AK11,AK11_2,Closed,3/10/1985 5:00:00 AM,,12000,Gasoline,,
52181,Alaska,AK811,AK811_1,Closed,10/31/1977 5:00:00 AM,,500,Gasoline,,
52182,Alaska,AK11,AK11_3,Closed,3/10/1985 5:00:00 AM,,12000,Gasoline,,
52183,Alaska,AK811,AK811_2,Closed,10/31/1977 5:00:00 AM,,500,Gasoline,,
52184,Alaska,AK6,AK6_1,Closed,3/10/1985 5:00:00 AM,,12000,Gasoline,,
52185,Alaska,AK2370,AK2370_1,Closed,10/10/1977 4:00:00 AM,,2000,Gasoline,,
52186,Alaska,AK6,AK6_2,Closed,3/10/1985 5:00:00 AM,,12000,Gasoline,,
52187,Alaska,AK2370,AK2370_2,Closed,10/10/1977 4:00:00 AM,,2000,Gasoline,,
52188,Alaska,AK6,AK6_3,Closed,3/10/1985 5:00:00 AM,,550,Used Oil,,
52189,Alaska,AK1980,AK1980_1,Closed,3/1/1985 5:00:00 AM,,10000,Gasoline,,
52190,Alaska,AK1980,AK1980_2,Closed,3/1/1985 5:00:00 AM,,10000,Gasoline,,
52191,Alaska,AK1248,AK1248_1,Closed,2/28/1985 5:00:00 AM,,1000,Diesel,,
52192,Alaska,AK1248,AK1248_2,Closed,2/28/1985 5:00:00 AM,,500,Gasoline,,
52193,Alaska,AK687,AK687_1,Closed,2/25/1985 5:00:00 AM,,10000,Gasoline,,
52194,Alaska,AK687,AK687_2,Closed,2/25/1985 5:00:00 AM,,10000,Gasoline,,
52195,Alaska,AK687,AK687_3,Closed,2/25/1985 5:00:00 AM,,10000,Diesel,,
52196,Alaska,AK2294,AK2294_1,Closed,2/24/1985 5:00:00 AM,,2000,Gasoline,,
52197,Alaska,AK2294,AK2294_2,Closed,2/24/1985 5:00:00 AM,,4000,Diesel,,
52198,Alaska,AK875,AK875_1,Closed,2/24/1985 5:00:00 AM,,550,Used Oil,,
52199,Alaska,AK875,AK875_2,Open,2/24/1985 5:00:00 AM,,8000,Diesel,,
52200,Alaska,AK875,AK875_3,Open,2/24/1985 5:00:00 AM,,10000,Gasoline,,
52201,Alaska,AK875,AK875_4,Open,2/24/1985 5:00:00 AM,,10000,Gasoline,,
52202,Alaska,AK875,AK875_5,Open,2/24/1985 5:00:00 AM,,12000,Gasoline,,
52203,Alaska,AK975,AK975_1,Closed,2/24/1985 5:00:00 AM,,4000,Diesel,,
52204,Alaska,AK975,AK975_2,Closed,2/24/1985 5:00:00 AM,,3000,Gasoline,,
52205,Alaska,AK975,AK975_3,Closed,2/24/1985 5:00:00 AM,,1000,Diesel,,
52206,Alaska,AK975,AK975_4,Closed,2/24/1985 5:00:00 AM,,1000,Diesel,,
52207,Alaska,AK975,AK975_5,Closed,2/24/1985 5:00:00 AM,,500,Used Oil,,
52208,Alaska,AK158,AK158_1,Closed,2/22/1985 5:00:00 AM,,12000,Gasoline,,
52209,Alaska,AK158,AK158_2,Closed,2/22/1985 5:00:00 AM,,12000,Gasoline,,
52210,Alaska,AK158,AK158_3,Closed,2/22/1985 5:00:00 AM,,500,Used Oil,,
52211,Alaska,AK1231,AK1231_1,Closed,2/21/1985 5:00:00 AM,,5000,Gasoline,,
52212,Alaska,AK1231,AK1231_2,Closed,2/21/1985 5:00:00 AM,,5000,Gasoline,,
52213,Alaska,AK1231,AK1231_3,Closed,2/21/1985 5:00:00 AM,,5000,Gasoline,,
52214,Alaska,AK363,AK363_1,Closed,2/13/1985 5:00:00 AM,,2000,Gasoline,,
52215,Alaska,AK363,AK363_2,Closed,2/13/1985 5:00:00 AM,,2000,Gasoline,,
52216,Alaska,AK363,AK363_3,Closed,2/13/1985 5:00:00 AM,,1000,Diesel,,
52217,Alaska,AK2536,AK2536_1,Closed,1/29/1985 5:00:00 AM,,2000,Gasoline,,
52218,Alaska,AK713,AK713_1,Closed,1/29/1985 5:00:00 AM,,10000,Diesel,,
52219,Alaska,AK1861,AK1861_1,Closed,1/21/1985 5:00:00 AM,,10000,Diesel,,
52220,Alaska,AK606,AK606_1,Closed,1/15/1985 5:00:00 AM,,1000,Gasoline,,
52221,Alaska,AK606,AK606_2,Closed,1/15/1985 5:00:00 AM,,1000,Diesel,,
52222,Alaska,AK104,AK104_17,Closed,1/1/1985 5:00:00 AM,,5000,Used Oil,,
52223,Alaska,AK1094,AK1094_3,Closed,1/1/1985 5:00:00 AM,,5000,Diesel,,
52224,Alaska,AK1233,AK1233_2,Closed,1/1/1985 5:00:00 AM,,1000,Gasoline,,
52225,Alaska,AK1260,AK1260_6,Closed,1/1/1985 5:00:00 AM,,300,Used Oil,,
52226,Alaska,AK1472,AK1472_4,Closed,1/1/1985 5:00:00 AM,,2000,Gasoline,,
52227,Alaska,AK1813,AK1813_1,Closed,1/1/1985 5:00:00 AM,,500,Gasoline,,
52228,Alaska,AK1813,AK1813_2,Closed,1/1/1985 5:00:00 AM,,500,Diesel,,
52229,Alaska,AK1860,AK1860_1,Closed,1/1/1985 5:00:00 AM,,2000,Diesel,,
52230,Alaska,AK1977,AK1977_1,Closed,1/1/1985 5:00:00 AM,,2000,Diesel,,
52231,Alaska,AK2150,AK2150_1,Closed,1/1/1985 5:00:00 AM,,300,Diesel,,
52232,Alaska,AK2152,AK2152_1,Closed,1/1/1985 5:00:00 AM,,500,Diesel,,
52233,Alaska,AK2171,AK2171_1,Closed,1/1/1985 5:00:00 AM,,4000,Gasoline,,
52234,Alaska,AK2171,AK2171_2,Closed,1/1/1985 5:00:00 AM,,10000,Diesel,,
52235,Alaska,AK218,AK218_4,Closed,1/1/1985 5:00:00 AM,,7500,Diesel,,
52236,Alaska,AK218,AK218_5,Closed,1/1/1985 5:00:00 AM,,7500,Diesel,,
52237,Alaska,AK2361,AK2361_2,Closed,1/1/1985 5:00:00 AM,,6000,Gasoline,,
52238,Alaska,AK2481,AK2481_1,Closed,1/1/1985 5:00:00 AM,,1100,Diesel,,
52239,Alaska,AK2486,AK2486_1,Closed,1/1/1985 5:00:00 AM,,500,Used Oil,,
52240,Alaska,AK2491,AK2491_1,Closed,1/1/1985 5:00:00 AM,,3000,Gasoline,,
52241,Alaska,AK2491,AK2491_2,Closed,1/1/1985 5:00:00 AM,,3000,Gasoline,,
52242,Alaska,AK2491,AK2491_3,Closed,1/1/1985 5:00:00 AM,,3000,Gasoline,,
52243,Alaska,AK2491,AK2491_4,Closed,1/1/1985 5:00:00 AM,,500,Gasoline,,
52244,Alaska,AK2508,AK2508_1,Closed,1/1/1985 5:00:00 AM,,2000,Gasoline,,
52245,Alaska,AK2508,AK2508_2,Closed,1/1/1985 5:00:00 AM,,2000,Diesel,,
52246,Alaska,AK2544,AK2544_1,Closed,1/1/1985 5:00:00 AM,,2500,Diesel,,
52247,Alaska,AK2548,AK2548_1,Closed,1/1/1985 5:00:00 AM,,2000,Diesel,,
52248,Alaska,AK2548,AK2548_2,Closed,1/1/1985 5:00:00 AM,,3000,Gasoline,,
52249,Alaska,AK2548,AK2548_3,Closed,1/1/1985 5:00:00 AM,,4000,Gasoline,,
52250,Alaska,AK2568,AK2568_1,Closed,1/1/1985 5:00:00 AM,,1500,Diesel,,
52251,Alaska,AK2568,AK2568_2,Closed,1/1/1985 5:00:00 AM,,1500,Gasoline,,
52252,Alaska,AK2582,AK2582_1,Closed,1/1/1985 5:00:00 AM,,1000,Gasoline,,
52253,Alaska,AK2587,AK2587_4,Closed,1/1/1985 5:00:00 AM,,5000,Gasoline,,
52254,Alaska,AK2631,AK2631_1,Closed,1/1/1985 5:00:00 AM,,1000,Diesel,,
52255,Alaska,AK2876,AK2876_1,Closed,1/1/1985 5:00:00 AM,,500,Gasoline,,
52256,Alaska,AK2910,AK2910_3,Closed,1/1/1985 5:00:00 AM,,2000,Diesel,,
52257,Alaska,AK3006,AK3006_1,Closed,1/1/1985 5:00:00 AM,,2000,Gasoline,,
52258,Alaska,AK2370,AK2370_3,Closed,10/10/1977 4:00:00 AM,,2000,Gasoline,,
52259,Alaska,AK2051,AK2051_1,Closed,10/2/1977 4:00:00 AM,,6000,Gasoline,,
52260,Alaska,AK1932,AK1932_2,Closed,9/1/1977 4:00:00 AM,,500,Diesel,,
52261,Alaska,AK2576,AK2576_1,Closed,9/1/1977 4:00:00 AM,,12000,Gasoline,,
52262,Alaska,AK2576,AK2576_2,Closed,9/1/1977 4:00:00 AM,,12000,Gasoline,,
52263,Alaska,AK1487,AK1487_1,Closed,8/28/1977 4:00:00 AM,,500,Gasoline,,
52264,Alaska,AK1454,AK1454_1,Closed,8/25/1977 4:00:00 AM,,1500,Gasoline,,
52265,Alaska,AK2269,AK2269_1,Closed,8/1/1977 4:00:00 AM,,10000,Gasoline,,
52266,Alaska,AK2269,AK2269_2,Closed,8/1/1977 4:00:00 AM,,10000,Gasoline,,
52267,Alaska,AK2269,AK2269_3,Closed,8/1/1977 4:00:00 AM,,5000,Gasoline,,
52268,Alaska,AK2269,AK2269_4,Closed,8/1/1977 4:00:00 AM,,5000,Diesel,,
52269,Alaska,AK3006,AK3006_2,Closed,1/1/1985 5:00:00 AM,,2000,Gasoline,,
52270,Alaska,AK2414,AK2414_1,Closed,8/1/1977 4:00:00 AM,,500,Gasoline,,
52271,Alaska,AK3012,AK3012_1,Closed,1/1/1985 5:00:00 AM,,300,Used Oil,,
52272,Alaska,AK968,AK968_3,Closed,7/25/1977 4:00:00 AM,,500,Gasoline,,
52273,Alaska,AK3089,AK3089_1,Closed,1/1/1985 5:00:00 AM,,15000,Gasoline,,
52274,Alaska,AK1130,AK1130_1,Closed,7/14/1977 4:00:00 AM,,3197,Diesel,,
52275,Alaska,AK3089,AK3089_2,Closed,1/1/1985 5:00:00 AM,,12000,Diesel,,
52276,Alaska,AK685,AK685_1,Closed,7/13/1977 4:00:00 AM,,1000,Gasoline,,
52277,Alaska,AK3089,AK3089_3,Closed,1/1/1985 5:00:00 AM,,4000,Gasoline,,
52278,Alaska,AK685,AK685_2,Closed,7/13/1977 4:00:00 AM,,6000,Gasoline,,
52279,Alaska,AK3089,AK3089_5,Closed,1/1/1985 5:00:00 AM,,1000,Used Oil,,
52280,Alaska,AK1270,AK1270_1,Closed,7/1/1977 4:00:00 AM,,20000,Gasoline,,
52281,Alaska,AK3211,AK3211_1,Closed,1/1/1985 5:00:00 AM,,500,Diesel,,
52282,Alaska,AK1270,AK1270_2,Closed,7/1/1977 4:00:00 AM,,20000,Gasoline,,
52283,Alaska,AK3245,AK3245_1,Closed,1/1/1985 5:00:00 AM,,240,Diesel,,
52284,Alaska,AK1270,AK1270_3,Closed,7/1/1977 4:00:00 AM,,20000,Gasoline,,
52285,Alaska,AK3586,AK3586_1,Closed,1/1/1985 5:00:00 AM,,300,Used Oil,,
52286,Alaska,AK1270,AK1270_4,Closed,7/1/1977 4:00:00 AM,,20000,Gasoline,,
52287,Alaska,AK490,AK490_1,Closed,1/1/1985 5:00:00 AM,,2000,Gasoline,,
52288,Alaska,AK1270,AK1270_5,Closed,7/1/1977 4:00:00 AM,,20000,Gasoline,,
52289,Alaska,AK490,AK490_2,Closed,1/1/1985 5:00:00 AM,,2000,Gasoline,,
52290,Alaska,AK1270,AK1270_6,Closed,7/1/1977 4:00:00 AM,,20000,Gasoline,,
52291,Alaska,AK53,AK53_4,Closed,1/1/1985 5:00:00 AM,,12000,Diesel,,
52292,Alaska,AK1270,AK1270_7,Closed,7/1/1977 4:00:00 AM,,500,Used Oil,,
52293,Alaska,AK901,AK901_51,Closed,1/1/1985 5:00:00 AM,,300,Used Oil,,
52294,Alaska,AK2444,AK2444_1,Closed,7/1/1977 4:00:00 AM,,12000,Gasoline,,
52295,Alaska,AK936,AK936_5,Closed,1/1/1985 5:00:00 AM,,500,Used Oil,,
52296,Alaska,AK2444,AK2444_2,Closed,7/1/1977 4:00:00 AM,,12000,Gasoline,,
52297,Alaska,AK951,AK951_3,Closed,1/1/1985 5:00:00 AM,,1000,Gasoline,,
52298,Alaska,AK1891,AK1891_3,Closed,6/30/1977 4:00:00 AM,,750,Gasoline,,
52299,Alaska,AK98,AK98_3,Closed,1/1/1985 5:00:00 AM,,2000,Diesel,,
52300,Alaska,AK1891,AK1891_4,Closed,6/30/1977 4:00:00 AM,,2000,Diesel,,
52301,Alaska,AK98,AK98_4,Closed,1/1/1985 5:00:00 AM,,2000,Diesel,,
52302,Alaska,AK684,AK684_1,Closed,6/27/1977 4:00:00 AM,,5000,Gasoline,,
52303,Alaska,AK1116,AK1116_1,Closed,12/1/1984 5:00:00 AM,,12000,Gasoline,,
52304,Alaska,AK799,AK799_1,Closed,6/17/1977 4:00:00 AM,,3000,Gasoline,,
52305,Alaska,AK1116,AK1116_2,Closed,12/1/1984 5:00:00 AM,,12000,Gasoline,,
52306,Alaska,AK799,AK799_2,Closed,6/17/1977 4:00:00 AM,,1000,Gasoline,,
52307,Alaska,AK1116,AK1116_3,Closed,12/1/1984 5:00:00 AM,,6000,Diesel,,
52308,Alaska,AK614,AK614_2,Closed,6/7/1977 4:00:00 AM,,500,Gasoline,,
52309,Alaska,AK2105,AK2105_1,Closed,12/1/1984 5:00:00 AM,,1000,Diesel,,
52310,Alaska,AK1141,AK1141_1,Closed,5/29/1977 4:00:00 AM,,500,Gasoline,,
52311,Alaska,AK1969,AK1969_1,Closed,11/9/1984 5:00:00 AM,,1000,Diesel,,
52312,Alaska,AK1141,AK1141_2,Closed,5/29/1977 4:00:00 AM,,500,Gasoline,,
52313,Alaska,AK2738,AK2738_1,Closed,11/1/1984 5:00:00 AM,,5000,Gasoline,,
52314,Alaska,AK1141,AK1141_3,Closed,5/29/1977 4:00:00 AM,,1000,Diesel,,
52315,Alaska,AK2738,AK2738_2,Closed,11/1/1984 5:00:00 AM,,5000,Diesel,,
52316,Alaska,AK1622,AK1622_1,Closed,5/14/1977 4:00:00 AM,,12000,Diesel,,
52317,Alaska,AK2856,AK2856_1,Closed,11/1/1984 5:00:00 AM,,5000,Diesel,,
52318,Alaska,AK1622,AK1622_2,Closed,5/14/1977 4:00:00 AM,,5000,Gasoline,,
52319,Alaska,AK2856,AK2856_2,Closed,11/1/1984 5:00:00 AM,,5000,Gasoline,,
52320,Alaska,AK1192,AK1192_1,Closed,5/8/1977 4:00:00 AM,,500,Diesel,,
52321,Alaska,AK2856,AK2856_3,Closed,11/1/1984 5:00:00 AM,,12000,Gasoline,,
52322,Alaska,AK1443,AK1443_18,Closed,5/8/1977 4:00:00 AM,,3000,Diesel,,
52323,Alaska,AK2856,AK2856_4,Closed,11/1/1984 5:00:00 AM,,12000,Gasoline,,
52324,Alaska,AK1443,AK1443_28,Closed,5/8/1977 4:00:00 AM,,5000,Diesel,,
52325,Alaska,AK797,AK797_1,Closed,10/31/1984 5:00:00 AM,,8000,Gasoline,,
52326,Alaska,AK797,AK797_2,Closed,10/31/1984 5:00:00 AM,,8000,Gasoline,,
52327,Alaska,AK483,AK483_1,Closed,5/8/1977 4:00:00 AM,,500,Gasoline,,
52328,Alaska,AK612,AK612_1,Closed,5/8/1977 4:00:00 AM,,500,Gasoline,,
52329,Alaska,AK1197,AK1197_1,Closed,5/7/1977 4:00:00 AM,,1000,Gasoline,,
52330,Alaska,AK228,AK228_1,Closed,5/7/1977 4:00:00 AM,,1000,Gasoline,,
52331,Alaska,AK1955,AK1955_1,Closed,10/1/1984 4:00:00 AM,,1000,Gasoline,,
52332,Alaska,AK228,AK228_2,Closed,5/7/1977 4:00:00 AM,,2000,Gasoline,,
52333,Alaska,AK798,AK798_1,Closed,10/1/1984 4:00:00 AM,,8000,Gasoline,,
52334,Alaska,AK594,AK594_2,Closed,5/7/1977 4:00:00 AM,,1000,Diesel,,
52335,Alaska,AK798,AK798_2,Closed,10/1/1984 4:00:00 AM,,8000,Diesel,,
52336,Alaska,AK226,AK226_1,Closed,5/6/1977 4:00:00 AM,,2000,Diesel,,
52337,Alaska,AK1492,AK1492_1,Closed,9/29/1984 4:00:00 AM,,5000,Gasoline,,
52338,Alaska,AK226,AK226_2,Closed,5/6/1977 4:00:00 AM,,1000,Gasoline,,
52339,Alaska,AK1492,AK1492_2,Closed,9/29/1984 4:00:00 AM,,5000,Diesel,,
52340,Alaska,AK548,AK548_2,Closed,5/5/1977 4:00:00 AM,,1000,Diesel,,
52341,Alaska,AK1929,AK1929_1,Closed,9/11/1984 4:00:00 AM,,2000,Gasoline,,
52342,Alaska,AK667,AK667_1,Closed,5/5/1977 4:00:00 AM,,1000,Gasoline,,
52343,Alaska,AK1957,AK1957_1,Closed,9/11/1984 4:00:00 AM,,2000,Kerosene,,
52344,Alaska,AK667,AK667_2,Closed,5/5/1977 4:00:00 AM,,500,Gasoline,,
52345,Alaska,AK1527,AK1527_1,Closed,9/1/1984 4:00:00 AM,,20000,Diesel,,
52346,Alaska,AK667,AK667_3,Closed,5/5/1977 4:00:00 AM,,500,Gasoline,,
52347,Alaska,AK1527,AK1527_2,Closed,9/1/1984 4:00:00 AM,,20000,Diesel,,
52348,Alaska,AK563,AK563_1,Closed,5/4/1977 4:00:00 AM,,2000,Gasoline,,
52349,Alaska,AK1529,AK1529_3,Closed,9/1/1984 4:00:00 AM,,1000,Diesel,,
52350,Alaska,AK563,AK563_2,Closed,5/4/1977 4:00:00 AM,,2000,Gasoline,,
52351,Alaska,AK1988,AK1988_3,Closed,9/1/1984 4:00:00 AM,,5000,Gasoline,,
52352,Alaska,AK1619,AK1619_1,Closed,5/3/1977 4:00:00 AM,,2000,Gasoline,,
52353,Alaska,AK2302,AK2302_1,Closed,9/1/1984 4:00:00 AM,,500,Used Oil,,
52354,Alaska,AK477,AK477_3,Closed,5/2/1977 4:00:00 AM,,3000,Gasoline,,
52355,Alaska,AK1143,AK1143_3,Closed,5/1/1977 4:00:00 AM,,500,Gasoline,,
52356,Alaska,AK1460,AK1460_2,Closed,5/1/1977 4:00:00 AM,,2000,Gasoline,,
52357,Alaska,AK2315,AK2315_1,Closed,9/1/1984 4:00:00 AM,,12000,Gasoline,,
52358,Alaska,AK2315,AK2315_2,Closed,9/1/1984 4:00:00 AM,,12000,Gasoline,,
52359,Alaska,AK223,AK223_3,Closed,5/1/1977 4:00:00 AM,,500,Gasoline,,
52360,Alaska,AK2315,AK2315_3,Closed,9/1/1984 4:00:00 AM,,5000,Diesel,,
52361,Alaska,AK1088,AK1088_1,Closed,4/28/1977 4:00:00 AM,,1500,Diesel,,
52362,Alaska,AK2354,AK2354_1,Temporarily out of Service,9/1/1984 4:00:00 AM,,12000,Gasoline,,
52363,Alaska,AK1088,AK1088_2,Closed,4/28/1977 4:00:00 AM,,1500,Gasoline,,
52364,Alaska,AK2354,AK2354_2,Temporarily out of Service,9/1/1984 4:00:00 AM,,12000,Diesel,,
52365,Alaska,AK1088,AK1088_3,Closed,4/28/1977 4:00:00 AM,,1500,Gasoline,,
52366,Alaska,AK2427,AK2427_1,Closed,9/1/1984 4:00:00 AM,,1500,Gasoline,,
52367,Alaska,AK972,AK972_1,Closed,4/26/1977 4:00:00 AM,,500,Gasoline,,
52368,Alaska,AK45,AK45_1,Closed,9/1/1984 4:00:00 AM,,500,Gasoline,,
52369,Alaska,AK1486,AK1486_1,Closed,4/25/1977 4:00:00 AM,,1000,Gasoline,,
52370,Alaska,AK45,AK45_2,Closed,9/1/1984 4:00:00 AM,,500,Gasoline,,
52371,Alaska,AK813,AK813_2,Closed,4/25/1977 4:00:00 AM,,5000,Gasoline,,
52372,Alaska,AK154,AK154_1,Closed,8/20/1984 4:00:00 AM,,5000,Diesel,,
52373,Alaska,AK813,AK813_3,Closed,4/25/1977 4:00:00 AM,,5000,Diesel,,
52374,Alaska,AK154,AK154_2,Closed,8/1/1984 4:00:00 AM,,999,Gasoline,,
52375,Alaska,AK813,AK813_4,Closed,4/25/1977 4:00:00 AM,,1000,Used Oil,,
52376,Alaska,AK154,AK154_3,Closed,8/1/1984 4:00:00 AM,,5000,Gasoline,,
52377,Alaska,AK388,AK388_3,Closed,4/23/1977 4:00:00 AM,,2000,Gasoline,,
52378,Alaska,AK949,AK949_1,Closed,7/23/1984 4:00:00 AM,,10000,Gasoline,,
52379,Alaska,AK388,AK388_4,Closed,4/23/1977 4:00:00 AM,,4000,Diesel,,
52380,Alaska,AK949,AK949_2,Closed,7/23/1984 4:00:00 AM,,10000,Gasoline,,
52381,Alaska,AK680,AK680_1,Closed,4/23/1977 4:00:00 AM,,25000,Diesel,,
52382,Alaska,AK1897,AK1897_3,Closed,7/21/1984 4:00:00 AM,,4000,Gasoline,,
52383,Alaska,AK680,AK680_3,Closed,4/23/1977 4:00:00 AM,,1000,Gasoline,,
52384,Alaska,AK1924,AK1924_1,Closed,7/20/1984 4:00:00 AM,,2500,Kerosene,,
52385,Alaska,AK766,AK766_1,Closed,4/17/1977 4:00:00 AM,,500,Used Oil,,
52386,Alaska,AK1575,AK1575_1,Closed,7/18/1984 4:00:00 AM,,1500,Gasoline,,
52387,Alaska,AK626,AK626_1,Closed,4/15/1977 4:00:00 AM,,1000,Gasoline,,
52388,Alaska,AK430,AK430_1,Closed,7/14/1984 4:00:00 AM,,500,Gasoline,,
52389,Alaska,AK626,AK626_2,Closed,4/15/1977 4:00:00 AM,,1000,Diesel,,
52390,Alaska,AK1704,AK1704_1,Closed,7/1/1984 4:00:00 AM,,10000,Kerosene,,
52391,Alaska,AK815,AK815_1,Closed,4/9/1977 4:00:00 AM,,10000,Gasoline,,
52392,Alaska,AK1928,AK1928_1,Closed,7/1/1984 4:00:00 AM,,1000,Gasoline,,
52393,Alaska,AK815,AK815_2,Closed,4/9/1977 4:00:00 AM,,500,Used Oil,,
52394,Alaska,AK2408,AK2408_1,Closed,7/1/1984 4:00:00 AM,,10000,Gasoline,,
52395,Alaska,AK979,AK979_1,Closed,4/7/1977 4:00:00 AM,,3000,Diesel,,
52396,Alaska,AK2408,AK2408_2,Closed,7/1/1984 4:00:00 AM,,10000,Gasoline,,
52397,Alaska,AK510,AK510_1,Closed,4/3/1977 5:00:00 AM,,750,Gasoline,,
52398,Alaska,AK753,AK753_1,Closed,3/28/1977 5:00:00 AM,,8000,Gasoline,,
52399,Alaska,AK753,AK753_2,Closed,3/28/1977 5:00:00 AM,,8000,Gasoline,,
52400,Alaska,AK753,AK753_3,Closed,3/28/1977 5:00:00 AM,,12000,Gasoline,,
52401,Alaska,AK753,AK753_4,Closed,3/28/1977 5:00:00 AM,,12000,Gasoline,,
52402,Alaska,AK683,AK683_1,Closed,3/26/1977 5:00:00 AM,,5000,Gasoline,,
52403,Alaska,AK683,AK683_2,Closed,3/26/1977 5:00:00 AM,,10000,Diesel,,
52404,Alaska,AK656,AK656_1,Closed,3/25/1977 5:00:00 AM,,2000,Diesel,,
52405,Alaska,AK656,AK656_2,Closed,3/25/1977 5:00:00 AM,,4000,Diesel,,
52406,Alaska,AK148,AK148_1,Closed,3/21/1977 5:00:00 AM,,2000,Diesel,,
52407,Alaska,AK837,AK837_2,Closed,3/16/1977 5:00:00 AM,,500,Diesel,,
52408,Alaska,AK2379,AK2379_2,Closed,3/10/1977 5:00:00 AM,,10000,Gasoline,,
52409,Alaska,AK2379,AK2379_3,Closed,3/10/1977 5:00:00 AM,,4000,Gasoline,,
52410,Alaska,AK1028,AK1028_2,Closed,3/3/1977 5:00:00 AM,,5000,Diesel,,
52411,Alaska,AK1529,AK1529_1,Open,3/1/1977 5:00:00 AM,,10000,Gasoline,,
52412,Alaska,AK1529,AK1529_2,Open,3/1/1977 5:00:00 AM,,10000,Gasoline,,
52413,Alaska,AK1412,AK1412_1,Closed,2/24/1977 5:00:00 AM,,1000,Diesel,,
52414,Alaska,AK911,AK911_1,Closed,2/24/1977 5:00:00 AM,,550,Used Oil,,
52415,Alaska,AK911,AK911_2,Closed,2/24/1977 5:00:00 AM,,4000,Gasoline,,
52416,Alaska,AK911,AK911_3,Closed,2/24/1977 5:00:00 AM,,4000,Gasoline,,
52417,Alaska,AK911,AK911_4,Closed,2/24/1977 5:00:00 AM,,4000,Gasoline,,
52418,Alaska,AK911,AK911_5,Closed,2/24/1977 5:00:00 AM,,4000,Gasoline,,
52419,Alaska,AK2518,AK2518_1,Open,7/1/1984 4:00:00 AM,,10000,Gasoline,,
52420,Alaska,AK997,AK997_1,Closed,2/21/1977 5:00:00 AM,,3000,Diesel,,
52421,Alaska,AK2518,AK2518_2,Open,7/1/1984 4:00:00 AM,,10000,Gasoline,,
52422,Alaska,AK997,AK997_2,Closed,2/21/1977 5:00:00 AM,,10000,Diesel,,
52423,Alaska,AK2518,AK2518_3,Open,7/1/1984 4:00:00 AM,,10000,Diesel,,
52424,Alaska,AK997,AK997_3,Closed,2/21/1977 5:00:00 AM,,5000,Gasoline,,
52425,Alaska,AK1108,AK1108_1,Closed,6/24/1984 4:00:00 AM,,8000,Gasoline,,
52426,Alaska,AK997,AK997_4,Closed,2/21/1977 5:00:00 AM,,500,Used Oil,,
52427,Alaska,AK1108,AK1108_2,Closed,6/24/1984 4:00:00 AM,,8000,Gasoline,,
52428,Alaska,AK157,AK157_1,Closed,2/10/1977 5:00:00 AM,,3000,Gasoline,,
52429,Alaska,AK1108,AK1108_3,Closed,6/24/1984 4:00:00 AM,,5000,Diesel,,
52430,Alaska,AK157,AK157_3,Closed,2/10/1977 5:00:00 AM,,500,Used Oil,,
52431,Alaska,AK288,AK288_1,Closed,6/24/1984 4:00:00 AM,,1000,Gasoline,,
52432,Alaska,AK441,AK441_1,Closed,1/26/1977 5:00:00 AM,,10000,Diesel,,
52433,Alaska,AK1235,AK1235_1,Closed,6/23/1984 4:00:00 AM,,2000,Gasoline,,
52434,Alaska,AK441,AK441_2,Closed,1/26/1977 5:00:00 AM,,10000,Diesel,,
52435,Alaska,AK1235,AK1235_2,Closed,6/23/1984 4:00:00 AM,,2000,Gasoline,,
52436,Alaska,AK441,AK441_4,Closed,1/26/1977 5:00:00 AM,,500,Gasoline,,
52437,Alaska,AK1235,AK1235_3,Closed,6/23/1984 4:00:00 AM,,2000,Diesel,,
52438,Alaska,AK1539,AK1539_1,Closed,6/16/1984 4:00:00 AM,,12000,Gasoline,,
52439,Alaska,AK1539,AK1539_2,Closed,6/16/1984 4:00:00 AM,,12000,Diesel,,
52440,Alaska,AK889,AK889_1,Closed,1/5/1977 5:00:00 AM,,10000,Gasoline,,
52441,Alaska,AK1540,AK1540_1,Closed,6/16/1984 4:00:00 AM,,4000,Gasoline,,
52442,Alaska,AK889,AK889_3,Closed,1/5/1977 5:00:00 AM,,10000,Gasoline,,
52443,Alaska,AK1540,AK1540_2,Closed,6/16/1984 4:00:00 AM,,4000,Diesel,,
52444,Alaska,AK104,AK104_14,Closed,1/1/1977 5:00:00 AM,,5000,Diesel,,
52445,Alaska,AK1544,AK1544_2,Closed,6/16/1984 4:00:00 AM,,1000,Gasoline,,
52446,Alaska,AK104,AK104_88,Closed,1/1/1977 5:00:00 AM,,1000,Diesel,,
52447,Alaska,AK1544,AK1544_3,Closed,6/16/1984 4:00:00 AM,,1000,Gasoline,,
52448,Alaska,AK1253,AK1253_2,Closed,1/1/1977 5:00:00 AM,,7000,Diesel,,
52449,Alaska,AK923,AK923_1,Closed,6/10/1984 4:00:00 AM,,515,Gasoline,,
52450,Alaska,AK1363,AK1363_2,Closed,1/1/1977 5:00:00 AM,,2000,Gasoline,,
52451,Alaska,AK923,AK923_2,Closed,6/10/1984 4:00:00 AM,,515,Gasoline,,
52452,Alaska,AK1381,AK1381_1,Closed,1/1/1977 5:00:00 AM,,500,Gasoline,,
52453,Alaska,AK1436,AK1436_1,Closed,6/1/1984 4:00:00 AM,,500,Gasoline,,
52454,Alaska,AK1456,AK1456_1,Closed,1/1/1977 5:00:00 AM,,2000,Diesel,,
52455,Alaska,AK182,AK182_1,Closed,6/1/1984 4:00:00 AM,,12000,Gasoline,,
52456,Alaska,AK1501,AK1501_13,Closed,1/1/1977 5:00:00 AM,,250,Diesel,,
52457,Alaska,AK182,AK182_2,Closed,6/1/1984 4:00:00 AM,,12000,Gasoline,,
52458,Alaska,AK1501,AK1501_2,Closed,1/1/1977 5:00:00 AM,,250,Diesel,,
52459,Alaska,AK182,AK182_3,Closed,6/1/1984 4:00:00 AM,,12000,Diesel,,
52460,Alaska,AK1501,AK1501_24,Closed,1/1/1977 5:00:00 AM,,1000,Diesel,,
52461,Alaska,AK2109,AK2109_1,Closed,6/1/1984 4:00:00 AM,,2000,Diesel,,
52462,Alaska,AK1501,AK1501_5,Closed,1/1/1977 5:00:00 AM,,240,Diesel,,
52463,Alaska,AK2297,AK2297_1,Closed,6/1/1984 4:00:00 AM,,300,Diesel,,
52464,Alaska,AK1535,AK1535_1,Closed,1/1/1977 5:00:00 AM,,10000,Gasoline,,
52465,Alaska,AK2331,AK2331_1,Closed,6/1/1984 4:00:00 AM,,1000,Diesel,,
52466,Alaska,AK1535,AK1535_2,Closed,1/1/1977 5:00:00 AM,,10000,Gasoline,,
52467,Alaska,AK1535,AK1535_3,Closed,1/1/1977 5:00:00 AM,,10000,Gasoline,,
52468,Alaska,AK1716,AK1716_3,Closed,1/1/1977 5:00:00 AM,,1850,Diesel,,
52469,Alaska,AK1873,AK1873_2,Closed,1/1/1977 5:00:00 AM,,10000,Diesel,,
52470,Alaska,AK1948,AK1948_3,Closed,1/1/1977 5:00:00 AM,,1000,Diesel,,
52471,Alaska,AK1954,AK1954_3,Closed,1/1/1977 5:00:00 AM,,500,Used Oil,,
52472,Alaska,AK2165,AK2165_1,Closed,1/1/1977 5:00:00 AM,,300,Diesel,,
52473,Alaska,AK2332,AK2332_1,Closed,6/1/1984 4:00:00 AM,,1000,Diesel,,
52474,Alaska,AK2166,AK2166_1,Closed,1/1/1977 5:00:00 AM,,300,Diesel,,
52475,Alaska,AK2541,AK2541_1,Closed,6/1/1984 4:00:00 AM,,1000,Gasoline,,
52476,Alaska,AK2172,AK2172_1,Closed,1/1/1977 5:00:00 AM,,300,Diesel,,
52477,Alaska,AK2174,AK2174_1,Closed,1/1/1977 5:00:00 AM,,300,Diesel,,
52478,Alaska,AK2175,AK2175_1,Closed,1/1/1977 5:00:00 AM,,300,Diesel,,
52479,Alaska,AK2541,AK2541_2,Closed,6/1/1984 4:00:00 AM,,500,Diesel,,
52480,Alaska,AK2381,AK2381_1,Closed,1/1/1977 5:00:00 AM,,2000,Gasoline,,
52481,Alaska,AK2381,AK2381_2,Closed,1/1/1977 5:00:00 AM,,1000,Gasoline,,
52482,Alaska,AK2541,AK2541_3,Closed,6/1/1984 4:00:00 AM,,300,Used Oil,,
52483,Alaska,AK2381,AK2381_3,Closed,1/1/1977 5:00:00 AM,,1000,Diesel,,
52484,Alaska,AK2389,AK2389_1,Closed,1/1/1977 5:00:00 AM,,5000,Gasoline,,
52485,Alaska,AK271,AK271_3,Closed,6/1/1984 4:00:00 AM,,1000,Gasoline,,
52486,Alaska,AK2389,AK2389_2,Closed,1/1/1977 5:00:00 AM,,5000,Gasoline,,
52487,Alaska,AK369,AK369_2,Closed,6/1/1984 4:00:00 AM,,1000,Gasoline,,
52488,Alaska,AK2420,AK2420_1,Closed,1/1/1977 5:00:00 AM,,3000,Diesel,,
52489,Alaska,AK1113,AK1113_1,Closed,5/27/1984 4:00:00 AM,,1000,Gasoline,,
52490,Alaska,AK2421,AK2421_1,Closed,1/1/1977 5:00:00 AM,,3000,Diesel,,
52491,Alaska,AK1301,AK1301_1,Closed,5/24/1984 4:00:00 AM,,1000,Diesel,,
52492,Alaska,AK2619,AK2619_1,Closed,1/1/1977 5:00:00 AM,,500,Diesel,,
52493,Alaska,AK1939,AK1939_1,Closed,5/24/1984 4:00:00 AM,,2000,Diesel,,
52494,Alaska,AK2927,AK2927_1,Closed,1/1/1977 5:00:00 AM,,560,Diesel,,
52495,Alaska,AK1940,AK1940_1,Closed,5/24/1984 4:00:00 AM,,1000,Diesel,,
52496,Alaska,AK351,AK351_2,Closed,1/1/1977 5:00:00 AM,,3000,Gasoline,,
52497,Alaska,AK464,AK464_3,Closed,5/20/1984 4:00:00 AM,,300,Used Oil,,
52498,Alaska,AK351,AK351_3,Closed,1/1/1977 5:00:00 AM,,1000,Gasoline,,
52499,Alaska,AK544,AK544_1,Closed,5/20/1984 4:00:00 AM,,10000,Diesel,,
52500,Alaska,AK384,AK384_1,Open,1/1/1977 5:00:00 AM,,6000,Gasoline,,
52501,Alaska,AK1193,AK1193_1,Closed,5/8/1984 4:00:00 AM,,300,Diesel,,
52502,Alaska,AK384,AK384_2,Open,1/1/1977 5:00:00 AM,,6000,Gasoline,,
52503,Alaska,AK1195,AK1195_1,Closed,5/8/1984 4:00:00 AM,,2000,Diesel,,
52504,Alaska,AK384,AK384_3,Open,1/1/1977 5:00:00 AM,,2000,Diesel,,
52505,Alaska,AK1414,AK1414_1,Closed,5/8/1984 4:00:00 AM,,670,Gasoline,,
52506,Alaska,AK839,AK839_1,Closed,1/1/1977 5:00:00 AM,,500,Gasoline,,
52507,Alaska,AK1522,AK1522_3,Closed,5/8/1984 4:00:00 AM,,1500,Gasoline,,
52508,Alaska,AK1910,AK1910_1,Closed,12/13/1976 5:00:00 AM,,3000,Gasoline,,
52509,Alaska,AK341,AK341_1,Closed,5/8/1984 4:00:00 AM,,3000,Gasoline,,
52510,Alaska,AK1910,AK1910_2,Closed,12/13/1976 5:00:00 AM,,3000,Gasoline,,
52511,Alaska,AK341,AK341_2,Closed,5/8/1984 4:00:00 AM,,3000,Gasoline,,
52512,Alaska,AK583,AK583_2,Closed,11/26/1976 5:00:00 AM,,6000,Diesel,,
52513,Alaska,AK455,AK455_8,Closed,5/8/1984 4:00:00 AM,,5000,Diesel,,
52514,Alaska,AK857,AK857_4,Closed,11/19/1976 5:00:00 AM,,2500,Diesel,,
52515,Alaska,AK462,AK462_2,Closed,5/8/1984 4:00:00 AM,,1000,Diesel,,
52516,Alaska,AK792,AK792_1,Closed,10/31/1976 4:00:00 AM,,4000,Gasoline,,
52517,Alaska,AK995,AK995_1,Closed,5/8/1984 4:00:00 AM,,7500,Diesel,,
52518,Alaska,AK792,AK792_2,Closed,10/31/1976 4:00:00 AM,,4000,Gasoline,,
52519,Alaska,AK995,AK995_2,Closed,5/8/1984 4:00:00 AM,,2500,Gasoline,,
52520,Alaska,AK792,AK792_3,Closed,10/31/1976 4:00:00 AM,,4000,Gasoline,,
52521,Alaska,AK995,AK995_3,Closed,5/8/1984 4:00:00 AM,,500,Used Oil,,
52522,Alaska,AK792,AK792_4,Closed,10/31/1976 4:00:00 AM,,4000,Gasoline,,
52523,Alaska,AK792,AK792_5,Closed,10/31/1976 4:00:00 AM,,6000,Gasoline,,
52524,Alaska,AK1552,AK1552_1,Closed,5/7/1984 4:00:00 AM,,500,Diesel,,
52525,Alaska,AK792,AK792_6,Closed,10/31/1976 4:00:00 AM,,500,Used Oil,,
52526,Alaska,AK206,AK206_1,Closed,5/7/1984 4:00:00 AM,,2000,Gasoline,,
52527,Alaska,AK206,AK206_2,Closed,5/7/1984 4:00:00 AM,,2000,Gasoline,,
52528,Alaska,AK1948,AK1948_1,Closed,10/25/1976 4:00:00 AM,,3000,Gasoline,,
52529,Alaska,AK206,AK206_3,Closed,5/7/1984 4:00:00 AM,,1000,Diesel,,
52530,Alaska,AK1948,AK1948_2,Closed,10/25/1976 4:00:00 AM,,3000,Diesel,,
52531,Alaska,AK671,AK671_1,Closed,5/7/1984 4:00:00 AM,,1000,Gasoline,,
52532,Alaska,AK1950,AK1950_1,Closed,10/11/1976 4:00:00 AM,,1000,Gasoline,,
52533,Alaska,AK726,AK726_3,Closed,5/7/1984 4:00:00 AM,,1000,Diesel,,
52534,Alaska,AK61,AK61_4,Closed,10/10/1976 4:00:00 AM,,500,Diesel,,
52535,Alaska,AK986,AK986_3,Closed,5/7/1984 4:00:00 AM,,10000,Diesel,,
52536,Alaska,AK2707,AK2707_1,Closed,10/1/1976 4:00:00 AM,,285,Diesel,,
52537,Alaska,AK113,AK113_1,Closed,5/6/1984 4:00:00 AM,,4000,Gasoline,,
52538,Alaska,AK113,AK113_2,Closed,5/6/1984 4:00:00 AM,,4000,Gasoline,,
52539,Alaska,AK1236,AK1236_4,Closed,5/6/1984 4:00:00 AM,,300,Diesel,,
52540,Alaska,AK1524,AK1524_1,Closed,5/6/1984 4:00:00 AM,,2000,Diesel,,
52541,Alaska,AK1524,AK1524_2,Closed,5/6/1984 4:00:00 AM,,1000,Diesel,,
52542,Alaska,AK1524,AK1524_3,Closed,5/6/1984 4:00:00 AM,,1000,Mixture,,
52543,Alaska,AK1694,AK1694_1,Closed,5/6/1984 4:00:00 AM,,2000,Gasoline,,
52544,Alaska,AK1694,AK1694_2,Closed,5/6/1984 4:00:00 AM,,1000,Gasoline,,
52545,Alaska,AK1694,AK1694_3,Closed,5/6/1984 4:00:00 AM,,500,Gasoline,,
52546,Alaska,AK240,AK240_2,Closed,5/6/1984 4:00:00 AM,,1000,Diesel,,
52547,Alaska,AK290,AK290_1,Closed,5/6/1984 4:00:00 AM,,1000,Gasoline,,
52548,Alaska,AK294,AK294_1,Closed,5/6/1984 4:00:00 AM,,1000,Gasoline,,
52549,Alaska,AK1002,AK1002_3,Closed,5/5/1984 4:00:00 AM,,600,Used Oil,,
52550,Alaska,AK2525,AK2525_1,Closed,9/1/1976 4:00:00 AM,,1500,Gasoline,,
52551,Alaska,AK115,AK115_1,Closed,5/5/1984 4:00:00 AM,,1000,Hazardous Substance,,
52552,Alaska,AK727,AK727_3,Closed,8/25/1976 4:00:00 AM,,12000,Gasoline,,
52553,Alaska,AK120,AK120_1,Closed,5/5/1984 4:00:00 AM,,1000,Diesel,,
52554,Alaska,AK727,AK727_4,Closed,8/25/1976 4:00:00 AM,,6000,Gasoline,,
52555,Alaska,AK1367,AK1367_1,Closed,5/5/1984 4:00:00 AM,,2000,Diesel,,
52556,Alaska,AK727,AK727_5,Closed,8/25/1976 4:00:00 AM,,6000,Gasoline,,
52557,Alaska,AK1367,AK1367_2,Closed,5/5/1984 4:00:00 AM,,2000,Diesel,,
52558,Alaska,AK2014,AK2014_1,Closed,8/5/1976 4:00:00 AM,,1000,Diesel,,
52559,Alaska,AK1367,AK1367_3,Closed,5/5/1984 4:00:00 AM,,2000,Gasoline,,
52560,Alaska,AK1430,AK1430_1,Closed,7/3/1976 4:00:00 AM,,10000,Diesel,,
52561,Alaska,AK1516,AK1516_3,Closed,5/5/1984 4:00:00 AM,,1000,Used Oil,,
52562,Alaska,AK1430,AK1430_2,Closed,7/3/1976 4:00:00 AM,,10000,Diesel,,
52563,Alaska,AK277,AK277_1,Closed,5/5/1984 4:00:00 AM,,1000,Gasoline,,
52564,Alaska,AK1430,AK1430_3,Closed,7/3/1976 4:00:00 AM,,2000,Gasoline,,
52565,Alaska,AK281,AK281_1,Closed,5/5/1984 4:00:00 AM,,500,Gasoline,,
52566,Alaska,AK1430,AK1430_4,Closed,7/3/1976 4:00:00 AM,,2000,Gasoline,,
52567,Alaska,AK1430,AK1430_5,Closed,7/3/1976 4:00:00 AM,,500,Diesel,,
52568,Alaska,AK1618,AK1618_1,Closed,7/2/1976 4:00:00 AM,,300,Gasoline,,
52569,Alaska,AK281,AK281_2,Closed,5/5/1984 4:00:00 AM,,500,Diesel,,
52570,Alaska,AK2326,AK2326_1,Closed,7/1/1976 4:00:00 AM,,12000,Gasoline,,
52571,Alaska,AK545,AK545_1,Closed,5/5/1984 4:00:00 AM,,2500,Diesel,,
52572,Alaska,AK2326,AK2326_2,Closed,7/1/1976 4:00:00 AM,,12000,Gasoline,,
52573,Alaska,AK545,AK545_2,Closed,5/5/1984 4:00:00 AM,,2500,Gasohol,,
52574,Alaska,AK2343,AK2343_1,Closed,7/1/1976 4:00:00 AM,,500,Used Oil,,
52575,Alaska,AK545,AK545_3,Closed,5/5/1984 4:00:00 AM,,1000,Used Oil,,
52576,Alaska,AK379,AK379_1,Closed,7/1/1976 4:00:00 AM,,2500,Diesel,,
52577,Alaska,AK828,AK828_1,Closed,5/5/1984 4:00:00 AM,,750,Used Oil,,
52578,Alaska,AK379,AK379_2,Closed,7/1/1976 4:00:00 AM,,2500,Diesel,,
52579,Alaska,AK1750,AK1750_1,Closed,5/3/1984 4:00:00 AM,,500,Gasoline,,
52580,Alaska,AK1891,AK1891_6,Closed,6/29/1976 4:00:00 AM,,10000,Diesel,,
52581,Alaska,AK311,AK311_1,Closed,6/27/1976 4:00:00 AM,,10000,Gasoline,,
52582,Alaska,AK172,AK172_1,Closed,5/2/1984 4:00:00 AM,,1000,Gasoline,,
52583,Alaska,AK311,AK311_2,Closed,6/27/1976 4:00:00 AM,,10000,Diesel,,
52584,Alaska,AK1095,AK1095_1,Closed,6/25/1976 4:00:00 AM,,15000,Gasoline,,
52585,Alaska,AK172,AK172_2,Closed,5/2/1984 4:00:00 AM,,1000,Gasoline,,
52586,Alaska,AK1095,AK1095_2,Closed,6/25/1976 4:00:00 AM,,15000,Gasoline,,
52587,Alaska,AK1369,AK1369_1,Closed,5/1/1984 4:00:00 AM,,1500,Diesel,,
52588,Alaska,AK1762,AK1762_3,Closed,6/24/1976 4:00:00 AM,,3000,Gasoline,,
52589,Alaska,AK1594,AK1594_1,Closed,5/1/1984 4:00:00 AM,,12000,Gasoline,,
52590,Alaska,AK1762,AK1762_5,Closed,6/24/1976 4:00:00 AM,,5000,Diesel,,
52591,Alaska,AK1594,AK1594_2,Closed,5/1/1984 4:00:00 AM,,12000,Gasoline,,
52592,Alaska,AK184,AK184_1,Closed,6/11/1976 4:00:00 AM,,2000,Gasoline,,
52593,Alaska,AK1594,AK1594_3,Closed,5/1/1984 4:00:00 AM,,6000,Diesel,,
52594,Alaska,AK184,AK184_2,Closed,6/11/1976 4:00:00 AM,,2000,Gasoline,,
52595,Alaska,AK2570,AK2570_1,Closed,5/1/1984 4:00:00 AM,,10000,Gasoline,,
52596,Alaska,AK184,AK184_3,Closed,6/11/1976 4:00:00 AM,,2000,Diesel,,
52597,Alaska,AK2570,AK2570_2,Closed,5/1/1984 4:00:00 AM,,10000,Gasoline,,
52598,Alaska,AK1373,AK1373_5,Closed,6/7/1976 4:00:00 AM,,500,Diesel,,
52599,Alaska,AK2888,AK2888_2,Closed,5/1/1984 4:00:00 AM,,500,Gasoline,,
52600,Alaska,AK1164,AK1164_1,Closed,6/4/1976 4:00:00 AM,,500,Gasoline,,
52601,Alaska,AK373,AK373_4,Closed,5/1/1984 4:00:00 AM,,1000,Hazardous Substance,,
52602,Alaska,AK1429,AK1429_1,Closed,6/1/1976 4:00:00 AM,,1000,Diesel,,
52603,Alaska,AK464,AK464_1,Closed,5/1/1984 4:00:00 AM,,1500,Diesel,,
52604,Alaska,AK1429,AK1429_2,Closed,6/1/1976 4:00:00 AM,,1000,Gasoline,,
52605,Alaska,AK464,AK464_2,Closed,5/1/1984 4:00:00 AM,,500,Gasoline,,
52606,Alaska,AK1448,AK1448_1,Closed,6/1/1976 4:00:00 AM,,500,Used Oil,,
52607,Alaska,AK516,AK516_4,Closed,5/1/1984 4:00:00 AM,,1000,Diesel,,
52608,Alaska,AK62,AK62_2,Closed,5/1/1984 4:00:00 AM,,500,Gasoline,,
52609,Alaska,AK917,AK917_1,Closed,4/30/1984 4:00:00 AM,,5000,Gasoline,,
52610,Alaska,AK917,AK917_2,Closed,4/30/1984 4:00:00 AM,,5000,Gasoline,,
52611,Alaska,AK1313,AK1313_2,Closed,4/29/1984 4:00:00 AM,,500,Gasoline,,
52612,Alaska,AK718,AK718_1,Closed,4/29/1984 4:00:00 AM,,3000,Diesel,,
52613,Alaska,AK718,AK718_2,Closed,4/29/1984 4:00:00 AM,,2100,Gasoline,,
52614,Alaska,AK720,AK720_1,Closed,4/29/1984 4:00:00 AM,,1000,Gasoline,,
52615,Alaska,AK855,AK855_1,Closed,4/29/1984 4:00:00 AM,,1000,Gasoline,,
52616,Alaska,AK855,AK855_2,Closed,4/29/1984 4:00:00 AM,,500,Gasoline,,
52617,Alaska,AK1092,AK1092_1,Closed,4/27/1984 4:00:00 AM,,500,Gasoline,,
52618,Alaska,AK898,AK898_1,Closed,4/26/1984 4:00:00 AM,,500,Gasoline,,
52619,Alaska,AK1704,AK1704_2,Closed,4/25/1984 4:00:00 AM,,550,Gasoline,,
52620,Alaska,AK1709,AK1709_1,Closed,4/25/1984 4:00:00 AM,,10000,Kerosene,,
52621,Alaska,AK1709,AK1709_2,Closed,4/25/1984 4:00:00 AM,,10000,Kerosene,,
52622,Alaska,AK1709,AK1709_3,Closed,4/25/1984 4:00:00 AM,,550,Gasoline,,
52623,Alaska,AK929,AK929_1,Closed,4/25/1984 4:00:00 AM,,500,Gasoline,,
52624,Alaska,AK1016,AK1016_1,Closed,4/24/1984 4:00:00 AM,,300,Gasoline,,
52625,Alaska,AK400,AK400_3,Closed,4/24/1984 4:00:00 AM,,500,Used Oil,,
52626,Alaska,AK403,AK403_3,Closed,4/24/1984 4:00:00 AM,,2000,Used Oil,,
52627,Alaska,AK417,AK417_4,Closed,4/24/1984 4:00:00 AM,,500,Used Oil,,
52628,Alaska,AK436,AK436_7,Closed,4/24/1984 4:00:00 AM,,1000,Used Oil,,
52629,Alaska,AK527,AK527_3,Closed,4/24/1984 4:00:00 AM,,500,Used Oil,,
52630,Alaska,AK558,AK558_3,Closed,4/24/1984 4:00:00 AM,,1000,Used Oil,,
52631,Alaska,AK1114,AK1114_5,Closed,4/23/1984 4:00:00 AM,,3000,Diesel,,
52632,Alaska,AK551,AK551_1,Closed,4/23/1984 4:00:00 AM,,500,Used Oil,,
52633,Alaska,AK846,AK846_1,Closed,4/22/1984 4:00:00 AM,,12000,Gasoline,,
52634,Alaska,AK846,AK846_2,Closed,4/22/1984 4:00:00 AM,,12000,Gasoline,,
52635,Alaska,AK946,AK946_2,Closed,4/22/1984 4:00:00 AM,,2500,Gasoline,,
52636,Alaska,AK873,AK873_1,Closed,4/21/1984 4:00:00 AM,,2000,Diesel,,
52637,Alaska,AK873,AK873_2,Closed,4/21/1984 4:00:00 AM,,2000,Gasoline,,
52638,Alaska,AK1115,AK1115_1,Closed,4/19/1984 4:00:00 AM,,5000,Diesel,,
52639,Alaska,AK1115,AK1115_2,Closed,4/19/1984 4:00:00 AM,,500,Gasoline,,
52640,Alaska,AK759,AK759_4,Closed,4/19/1984 4:00:00 AM,,1000,Gasoline,,
52641,Alaska,AK73,AK73_2,Closed,4/18/1984 4:00:00 AM,,1000,Used Oil,,
52642,Alaska,AK73,AK73_3,Closed,4/18/1984 4:00:00 AM,,4000,Gasoline,,
52643,Alaska,AK73,AK73_4,Closed,4/18/1984 4:00:00 AM,,2000,Gasoline,,
52644,Alaska,AK73,AK73_5,Closed,4/18/1984 4:00:00 AM,,2000,Diesel,,
52645,Alaska,AK1120,AK1120_1,Closed,4/15/1984 4:00:00 AM,,1000,Gasoline,,
52646,Alaska,AK1120,AK1120_2,Closed,4/15/1984 4:00:00 AM,,12000,Diesel,,
52647,Alaska,AK1263,AK1263_1,Closed,4/15/1984 4:00:00 AM,,3000,Used Oil,,
52648,Alaska,AK1306,AK1306_3,Closed,4/15/1984 4:00:00 AM,,3500,Used Oil,,
52649,Alaska,AK1531,AK1531_1,Closed,4/15/1984 4:00:00 AM,,2000,Diesel,,
52650,Alaska,AK1531,AK1531_2,Closed,4/15/1984 4:00:00 AM,,2000,Gasoline,,
52651,Alaska,AK1589,AK1589_3,Closed,4/10/1984 4:00:00 AM,,1000,Diesel,,
52652,Alaska,AK852,AK852_1,Closed,4/9/1984 4:00:00 AM,,1000,Gasoline,,
52653,Alaska,AK852,AK852_2,Closed,4/9/1984 4:00:00 AM,,1000,Gasoline,,
52654,Alaska,AK90,AK90_1,Closed,4/9/1984 4:00:00 AM,,20000,Diesel,,
52655,Alaska,AK90,AK90_2,Closed,4/9/1984 4:00:00 AM,,20000,Diesel,,
52656,Alaska,AK90,AK90_3,Closed,4/9/1984 4:00:00 AM,,20000,Gasoline,,
52657,Alaska,AK90,AK90_4,Closed,4/9/1984 4:00:00 AM,,20000,Gasoline,,
52658,Alaska,AK90,AK90_5,Closed,4/9/1984 4:00:00 AM,,20000,Gasoline,,
52659,Alaska,AK90,AK90_6,Closed,4/9/1984 4:00:00 AM,,20000,Gasoline,,
52660,Alaska,AK998,AK998_5,Closed,4/9/1984 4:00:00 AM,,1000,Diesel,,
52661,Alaska,AK998,AK998_83,Closed,4/9/1984 4:00:00 AM,,10000,Diesel,,
52662,Alaska,AK1662,AK1662_1,Closed,4/8/1984 4:00:00 AM,,12000,Gasoline,,
52663,Alaska,AK1662,AK1662_2,Closed,4/8/1984 4:00:00 AM,,12000,Gasoline,,
52664,Alaska,AK1747,AK1747_1,Closed,4/8/1984 4:00:00 AM,,1000,Gasoline,,
52665,Alaska,AK1768,AK1768_7,Closed,4/8/1984 4:00:00 AM,,1000,Gasoline,,
52666,Alaska,AK1768,AK1768_8,Closed,4/8/1984 4:00:00 AM,,1000,Gasoline,,
52667,Alaska,AK1310,AK1310_1,Closed,4/7/1984 4:00:00 AM,,500,Used Oil,,
52668,Alaska,AK716,AK716_1,Closed,4/7/1984 4:00:00 AM,,5000,Diesel,,
52669,Alaska,AK424,AK424_1,Closed,4/6/1984 4:00:00 AM,,5000,Gasoline,,
52670,Alaska,AK424,AK424_2,Closed,4/6/1984 4:00:00 AM,,5000,Gasoline,,
52671,Alaska,AK424,AK424_3,Closed,4/6/1984 4:00:00 AM,,3000,Diesel,,
52672,Alaska,AK1083,AK1083_1,Closed,4/5/1984 4:00:00 AM,,10000,Gasoline,,
52673,Alaska,AK327,AK327_4,Closed,4/3/1984 4:00:00 AM,,3000,Gasoline,,
52674,Alaska,AK327,AK327_5,Closed,4/3/1984 4:00:00 AM,,3000,Diesel,,
52675,Alaska,AK327,AK327_7,Closed,4/3/1984 4:00:00 AM,,500,Used Oil,,
52676,Alaska,AK1448,AK1448_2,Closed,6/1/1976 4:00:00 AM,,500,Used Oil,,
52677,Alaska,AK823,AK823_1,Closed,4/3/1984 4:00:00 AM,,1000,Used Oil,,
52678,Alaska,AK1448,AK1448_3,Closed,6/1/1976 4:00:00 AM,,10000,Diesel,,
52679,Alaska,AK741,AK741_3,Closed,3/27/1979 5:00:00 AM,,12000,Diesel,,
52680,Alaska,AK1281,AK1281_1,Closed,3/25/1979 5:00:00 AM,,4000,Diesel,,
52681,Alaska,AK1281,AK1281_2,Closed,3/25/1979 5:00:00 AM,,4000,Gasoline,,
52682,Alaska,AK1281,AK1281_3,Closed,3/25/1979 5:00:00 AM,,4000,Gasoline,,
52683,Alaska,AK189,AK189_1,Closed,3/23/1979 5:00:00 AM,,10000,Gasoline,,
52684,Alaska,AK1786,AK1786_1,Closed,3/22/1979 5:00:00 AM,,1000,Gasoline,,
52685,Alaska,AK437,AK437_2,Closed,3/22/1979 5:00:00 AM,,2000,Gasoline,,
52686,Alaska,AK1347,AK1347_2,Closed,3/20/1979 5:00:00 AM,,8000,Diesel,,
52687,Alaska,AK1049,AK1049_7,Closed,2/21/1979 5:00:00 AM,,3000,Gasoline,,
52688,Alaska,AK1049,AK1049_8,Closed,2/21/1979 5:00:00 AM,,3000,Gasoline,,
52689,Alaska,AK1049,AK1049_9,Closed,2/21/1979 5:00:00 AM,,4000,Gasoline,,
52690,Alaska,AK1053,AK1053_4,Closed,2/21/1979 5:00:00 AM,,5000,Diesel,,
52691,Alaska,AK921,AK921_1,Closed,2/18/1979 5:00:00 AM,,1000,Gasoline,,
52692,Alaska,AK1507,AK1507_1,Closed,2/7/1979 5:00:00 AM,,500,Diesel,,
52693,Alaska,AK293,AK293_1,Closed,1/28/1979 5:00:00 AM,,20000,Diesel,,
52694,Alaska,AK293,AK293_2,Closed,1/28/1979 5:00:00 AM,,500,Gasoline,,
52695,Alaska,AK39,AK39_2,Closed,1/28/1979 5:00:00 AM,,3000,Diesel,,
52696,Alaska,AK857,AK857_2,Closed,1/17/1979 5:00:00 AM,,1000,Diesel,,
52697,Alaska,AK1039,AK1039_3,Closed,1/1/1979 5:00:00 AM,,1000,Diesel,,
52698,Alaska,AK104,AK104_134,Closed,1/1/1979 5:00:00 AM,,4000,Diesel,,
52699,Alaska,AK104,AK104_148,Closed,1/1/1979 5:00:00 AM,,2240,Diesel,,
52700,Alaska,AK104,AK104_32,Closed,1/1/1979 5:00:00 AM,,1000,Diesel,,
52701,Alaska,AK1876,AK1876_1,Closed,1/1/1979 5:00:00 AM,,200,Diesel,,
52702,Alaska,AK1935,AK1935_1,Closed,1/1/1979 5:00:00 AM,,2500,Gasoline,,
52703,Alaska,AK1935,AK1935_2,Closed,1/1/1979 5:00:00 AM,,2500,Gasoline,,
52704,Alaska,AK195,AK195_2,Closed,1/1/1979 5:00:00 AM,,500,Gasoline,,
52705,Alaska,AK2169,AK2169_1,Closed,1/1/1979 5:00:00 AM,,4000,Gasoline,,
52706,Alaska,AK2169,AK2169_2,Closed,1/1/1979 5:00:00 AM,,4000,Diesel,,
52707,Alaska,AK2366,AK2366_4,Closed,1/1/1979 5:00:00 AM,,20000,Gasoline,,
52708,Alaska,AK2450,AK2450_1,Closed,1/1/1979 5:00:00 AM,,15000,Gasoline,,
52709,Alaska,AK2450,AK2450_2,Closed,1/1/1979 5:00:00 AM,,10000,Gasoline,,
52710,Alaska,AK2501,AK2501_1,Closed,1/1/1979 5:00:00 AM,,2000,Gasoline,,
52711,Alaska,AK2529,AK2529_1,Closed,1/1/1979 5:00:00 AM,,10000,Gasoline,,
52712,Alaska,AK2529,AK2529_2,Closed,1/1/1979 5:00:00 AM,,10000,Gasoline,,
52713,Alaska,AK2582,AK2582_2,Closed,1/1/1979 5:00:00 AM,,500,Diesel,,
52714,Alaska,AK2796,AK2796_1,Closed,1/1/1979 5:00:00 AM,,7028,Gasoline,,
52715,Alaska,AK2814,AK2814_1,Closed,1/1/1979 5:00:00 AM,,1000,Gasoline,,
52716,Alaska,AK2814,AK2814_2,Closed,1/1/1979 5:00:00 AM,,4000,Gasoline,,
52717,Alaska,AK2814,AK2814_3,Closed,1/1/1979 5:00:00 AM,,4000,Gasoline,,
52718,Alaska,AK2202,AK2202_3,Closed,1/1/1986 5:00:00 AM,,2000,Diesel,,
52719,Alaska,AK413,AK413_3,Closed,7/10/1978 4:00:00 AM,,2000,Gasoline,,
52720,Alaska,AK344,AK344_1,Closed,5/10/1978 4:00:00 AM,,1000,Gasoline,,
52721,Alaska,AK344,AK344_2,Closed,5/10/1978 4:00:00 AM,,500,Gasoline,,
52722,Alaska,AK1545,AK1545_1,Closed,7/3/1978 4:00:00 AM,,1000,Diesel,,
52723,Alaska,AK541,AK541_1,Closed,5/10/1978 4:00:00 AM,,300,Gasoline,,
52724,Alaska,AK1545,AK1545_2,Closed,7/3/1978 4:00:00 AM,,500,Gasoline,,
52725,Alaska,AK1698,AK1698_2,Closed,5/9/1978 4:00:00 AM,,12000,Diesel,,
52726,Alaska,AK1328,AK1328_1,Closed,7/1/1978 4:00:00 AM,,1000,Diesel,,
52727,Alaska,AK1037,AK1037_1,Closed,5/8/1978 4:00:00 AM,,500,Gasoline,,
52728,Alaska,AK1328,AK1328_2,Closed,7/1/1978 4:00:00 AM,,500,Gasoline,,
52729,Alaska,AK1037,AK1037_2,Closed,5/8/1978 4:00:00 AM,,500,Gasoline,,
52730,Alaska,AK2394,AK2394_2,Closed,7/1/1978 4:00:00 AM,,10000,Diesel,,
52731,Alaska,AK1110,AK1110_10,Closed,5/8/1978 4:00:00 AM,,500,Diesel,,
52732,Alaska,AK3115,AK3115_1,Closed,7/1/1978 4:00:00 AM,,275,Diesel,,
52733,Alaska,AK1110,AK1110_4,Closed,5/8/1978 4:00:00 AM,,500,Used Oil,,
52734,Alaska,AK631,AK631_1,Closed,7/1/1978 4:00:00 AM,,5000,Diesel,,
52735,Alaska,AK1110,AK1110_5,Closed,5/8/1978 4:00:00 AM,,5000,Gasoline,,
52736,Alaska,AK631,AK631_2,Closed,7/1/1978 4:00:00 AM,,1500,Gasoline,,
52737,Alaska,AK1110,AK1110_7,Closed,5/8/1978 4:00:00 AM,,2000,Gasoline,,
52738,Alaska,AK762,AK762_3,Closed,7/1/1978 4:00:00 AM,,10000,Gasoline,,
52739,Alaska,AK1110,AK1110_8,Closed,5/8/1978 4:00:00 AM,,2000,Diesel,,
52740,Alaska,AK1891,AK1891_5,Closed,6/30/1978 4:00:00 AM,,6000,Diesel,,
52741,Alaska,AK273,AK273_1,Closed,6/22/1978 4:00:00 AM,,12000,Diesel,,
52742,Alaska,AK1110,AK1110_9,Closed,5/8/1978 4:00:00 AM,,2000,Gasoline,,
52743,Alaska,AK970,AK970_2,Closed,6/11/1978 4:00:00 AM,,500,Gasoline,,
52744,Alaska,AK2717,AK2717_3,Closed,5/8/1978 4:00:00 AM,,500,Used Oil,,
52745,Alaska,AK442,AK442_1,Closed,6/10/1978 4:00:00 AM,,12000,Used Oil,,
52746,Alaska,AK442,AK442_2,Closed,6/10/1978 4:00:00 AM,,8000,Used Oil,,
52747,Alaska,AK2751,AK2751_1,Closed,5/8/1978 4:00:00 AM,,10000,Diesel,,
52748,Alaska,AK1702,AK1702_2,Closed,3/21/1984 5:00:00 AM,,500,Diesel,,
52749,Alaska,AK442,AK442_3,Closed,6/10/1978 4:00:00 AM,,2000,Used Oil,,
52750,Alaska,AK1167,AK1167_2,Closed,6/9/1978 4:00:00 AM,,550,Gasohol,,
52751,Alaska,AK176,AK176_2,Closed,6/9/1978 4:00:00 AM,,1000,Diesel,,
52752,Alaska,AK1160,AK1160_1,Closed,6/6/1978 4:00:00 AM,,7500,Diesel,,
52753,Alaska,AK1064,AK1064_1,Closed,6/1/1978 4:00:00 AM,,500,Gasoline,,
52754,Alaska,AK1658,AK1658_1,Closed,6/1/1978 4:00:00 AM,,5000,Gasoline,,
52755,Alaska,AK1658,AK1658_2,Closed,6/1/1978 4:00:00 AM,,5000,Gasoline,,
52756,Alaska,AK1658,AK1658_3,Closed,6/1/1978 4:00:00 AM,,3000,Diesel,,
52757,Alaska,AK2286,AK2286_1,Closed,6/1/1978 4:00:00 AM,,8500,Gasoline,,
52758,Alaska,AK2286,AK2286_2,Closed,6/1/1978 4:00:00 AM,,8500,Gasoline,,
52759,Alaska,AK865,AK865_2,Closed,1/16/1962 5:00:00 AM,,1000,Gasoline,,
52760,Alaska,AK109,AK109_5,Closed,1/1/1962 5:00:00 AM,,5000,Diesel,,
52761,Alaska,AK109,AK109_6,Closed,1/1/1962 5:00:00 AM,,2000,Diesel,,
52762,Alaska,AK109,AK109_7,Closed,1/1/1962 5:00:00 AM,,3000,Diesel,,
52763,Alaska,AK1133,AK1133_2,Closed,1/1/1962 5:00:00 AM,,20000,Diesel,,
52764,Alaska,AK1133,AK1133_3,Closed,1/1/1962 5:00:00 AM,,20000,Diesel,,
52765,Alaska,AK1133,AK1133_4,Closed,1/1/1962 5:00:00 AM,,20000,Diesel,,
52766,Alaska,AK1232,AK1232_1,Closed,1/1/1962 5:00:00 AM,,1000,Gasoline,,
52767,Alaska,AK1387,AK1387_1,Closed,1/1/1962 5:00:00 AM,,500,Gasoline,,
52768,Alaska,AK1387,AK1387_2,Closed,1/1/1962 5:00:00 AM,,500,Gasoline,,
52769,Alaska,AK1387,AK1387_3,Closed,1/1/1962 5:00:00 AM,,500,Diesel,,
52770,Alaska,AK1974,AK1974_2,Closed,1/1/1962 5:00:00 AM,,1000,Gasoline,,
52771,Alaska,AK2157,AK2157_1,Closed,1/1/1962 5:00:00 AM,,5000,Gasoline,,
52772,Alaska,AK2157,AK2157_2,Closed,1/1/1962 5:00:00 AM,,5000,Diesel,,
52773,Alaska,AK2178,AK2178_1,Closed,1/1/1962 5:00:00 AM,,500,Diesel,,
52774,Alaska,AK2193,AK2193_2,Closed,1/1/1962 5:00:00 AM,,500,Gasoline,,
52775,Alaska,AK2826,AK2826_2,Closed,1/1/1962 5:00:00 AM,,5000,Gasoline,,
52776,Alaska,AK2843,AK2843_3,Closed,1/1/1962 5:00:00 AM,,1000,Diesel,,
52777,Alaska,AK2843,AK2843_4,Closed,1/1/1962 5:00:00 AM,,500,Gasoline,,
52778,Alaska,AK2854,AK2854_2,Closed,1/1/1962 5:00:00 AM,,2000,Diesel,,
52779,Alaska,AK2909,AK2909_1,Closed,1/1/1962 5:00:00 AM,,2000,Diesel,,
52780,Alaska,AK2916,AK2916_2,Closed,1/1/1962 5:00:00 AM,,500,Gasoline,,
52781,Alaska,AK61,AK61_5,Closed,1/1/1962 5:00:00 AM,,2000,Used Oil,,
52782,Alaska,AK365,AK365_1,Closed,12/23/1961 5:00:00 AM,,500,Gasoline,,
52783,Alaska,AK370,AK370_1,Closed,12/23/1961 5:00:00 AM,,2000,Diesel,,
52784,Alaska,AK370,AK370_2,Closed,12/23/1961 5:00:00 AM,,500,Diesel,,
52785,Alaska,AK361,AK361_1,Closed,12/22/1961 5:00:00 AM,,500,Gasoline,,
52786,Alaska,AK2394,AK2394_1,Closed,7/1/1961 4:00:00 AM,,10000,Diesel,,
52787,Alaska,AK865,AK865_3,Closed,6/1/1961 4:00:00 AM,,500,Diesel,,
52788,Alaska,AK865,AK865_4,Closed,6/1/1961 4:00:00 AM,,500,Diesel,,
52789,Alaska,AK865,AK865_5,Closed,6/1/1961 4:00:00 AM,,500,Diesel,,
52790,Alaska,AK865,AK865_6,Closed,6/1/1961 4:00:00 AM,,500,Diesel,,
52791,Alaska,AK608,AK608_1,Closed,5/13/1961 4:00:00 AM,,3000,Gasoline,,
52792,Alaska,AK608,AK608_2,Closed,5/13/1961 4:00:00 AM,,3000,Gasoline,,
52793,Alaska,AK608,AK608_3,Closed,5/13/1961 4:00:00 AM,,3000,Gasoline,,
52794,Alaska,AK596,AK596_3,Closed,5/10/1961 4:00:00 AM,,2000,Gasoline,,
52795,Alaska,AK1226,AK1226_1,Closed,5/9/1961 4:00:00 AM,,500,Diesel,,
52796,Alaska,AK1241,AK1241_2,Closed,5/9/1961 4:00:00 AM,,1000,Diesel,,
52797,Alaska,AK1776,AK1776_3,Closed,5/8/1961 4:00:00 AM,,2000,Diesel,,
52798,Alaska,AK71,AK71_1,Closed,5/8/1961 4:00:00 AM,,2500,Gasoline,,
52799,Alaska,AK71,AK71_2,Closed,5/8/1961 4:00:00 AM,,2500,Gasoline,,
52800,Alaska,AK732,AK732_1,Closed,5/7/1961 4:00:00 AM,,10000,Diesel,,
52801,Alaska,AK732,AK732_2,Closed,5/7/1961 4:00:00 AM,,10000,Diesel,,
52802,Alaska,AK196,AK196_1,Closed,5/6/1961 4:00:00 AM,,500,Gasoline,,
52803,Alaska,AK1725,AK1725_1,Closed,5/5/1961 4:00:00 AM,,3000,Diesel,,
52804,Alaska,AK1725,AK1725_2,Closed,5/5/1961 4:00:00 AM,,1700,Diesel,,
52805,Alaska,AK192,AK192_1,Closed,5/5/1961 4:00:00 AM,,4000,Gasoline,,
52806,Alaska,AK192,AK192_2,Closed,5/5/1961 4:00:00 AM,,4000,Gasoline,,
52807,Alaska,AK192,AK192_4,Closed,5/5/1961 4:00:00 AM,,2500,Diesel,,
52808,Alaska,AK1096,AK1096_1,Closed,4/30/1961 4:00:00 AM,,500,Gasoline,,
52809,Alaska,AK1096,AK1096_2,Closed,4/30/1961 4:00:00 AM,,1000,Gasoline,,
52810,Alaska,AK1302,AK1302_3,Closed,4/30/1961 4:00:00 AM,,1000,Gasoline,,
52811,Alaska,AK579,AK579_1,Closed,4/30/1961 4:00:00 AM,,25000,Diesel,,
52812,Alaska,AK579,AK579_2,Closed,4/30/1961 4:00:00 AM,,25000,Diesel,,
52813,Alaska,AK1420,AK1420_1,Closed,4/9/1961 4:00:00 AM,,2000,Gasoline,,
52814,Alaska,AK1420,AK1420_2,Closed,4/9/1961 4:00:00 AM,,1000,Gasoline,,
52815,Alaska,AK809,AK809_1,Closed,4/2/1961 5:00:00 AM,,1000,Diesel,,
52816,Alaska,AK882,AK882_1,Closed,2/24/1961 5:00:00 AM,,550,Used Oil,,
52817,Alaska,AK882,AK882_2,Closed,2/24/1961 5:00:00 AM,,4000,Gasoline,,
52818,Alaska,AK882,AK882_3,Closed,2/24/1961 5:00:00 AM,,4000,Gasoline,,
52819,Alaska,AK882,AK882_4,Closed,2/24/1961 5:00:00 AM,,4000,Gasoline,,
52820,Alaska,AK231,AK231_6,Closed,1/1/1986 5:00:00 AM,,1000,Diesel,,
52821,Alaska,AK882,AK882_5,Closed,2/24/1961 5:00:00 AM,,4000,Gasoline,,
52822,Alaska,AK887,AK887_1,Closed,2/24/1961 5:00:00 AM,,550,Used Oil,,
52823,Alaska,AK887,AK887_2,Closed,2/24/1961 5:00:00 AM,,4000,Gasoline,,
52824,Alaska,AK887,AK887_3,Closed,2/24/1961 5:00:00 AM,,4000,Gasoline,,
52825,Alaska,AK887,AK887_4,Closed,2/24/1961 5:00:00 AM,,4000,Gasoline,,
52826,Alaska,AK887,AK887_5,Closed,2/24/1961 5:00:00 AM,,4000,Gasoline,,
52827,Alaska,AK1107,AK1107_3,Closed,2/6/1961 5:00:00 AM,,500,Gasoline,,
52828,Alaska,AK1494,AK1494_2,Closed,2/6/1961 5:00:00 AM,,500,Diesel,,
52829,Alaska,AK1494,AK1494_4,Closed,2/6/1961 5:00:00 AM,,500,Diesel,,
52830,Alaska,AK1564,AK1564_3,Closed,1/28/1961 5:00:00 AM,,500,Gasoline,,
52831,Alaska,AK1107,AK1107_9,Closed,1/1/1961 5:00:00 AM,,500,Gasoline,,
52832,Alaska,AK1693,AK1693_2,Closed,1/1/1961 5:00:00 AM,,15000,Diesel,,
52833,Alaska,AK1693,AK1693_3,Closed,1/1/1961 5:00:00 AM,,10000,Diesel,,
52834,Alaska,AK1696,AK1696_2,Closed,1/1/1961 5:00:00 AM,,4000,Diesel,,
52835,Alaska,AK1699,AK1699_2,Closed,1/1/1961 5:00:00 AM,,25000,Diesel,,
52836,Alaska,AK1712,AK1712_3,Closed,1/1/1961 5:00:00 AM,,1000,Gasoline,,
52837,Alaska,AK1923,AK1923_1,Closed,1/1/1961 5:00:00 AM,,10000,Gasoline,,
52838,Alaska,AK193,AK193_2,Closed,1/1/1961 5:00:00 AM,,25000,Diesel,,
52839,Alaska,AK198,AK198_2,Closed,1/1/1961 5:00:00 AM,,25000,Diesel,,
52840,Alaska,AK200,AK200_2,Closed,1/1/1961 5:00:00 AM,,20000,Diesel,,
52841,Alaska,AK2419,AK2419_1,Closed,1/1/1961 5:00:00 AM,,3000,Diesel,,
52842,Alaska,AK322,AK322_2,Closed,1/1/1961 5:00:00 AM,,15000,Diesel,,
52843,Alaska,AK322,AK322_3,Closed,1/1/1961 5:00:00 AM,,10000,Diesel,,
52844,Alaska,AK333,AK333_1,Closed,1/1/1961 5:00:00 AM,,2000,Gasoline,,
52845,Alaska,AK333,AK333_2,Closed,1/1/1961 5:00:00 AM,,7500,Diesel,,
52846,Alaska,AK668,AK668_1,Closed,7/6/1960 4:00:00 AM,,550,Used Oil,,
52847,Alaska,AK668,AK668_2,Closed,7/6/1960 4:00:00 AM,,1000,Diesel,,
52848,Alaska,AK668,AK668_3,Closed,7/6/1960 4:00:00 AM,,4000,Gasoline,,
52849,Alaska,AK668,AK668_4,Closed,7/6/1960 4:00:00 AM,,4000,Gasoline,,
52850,Alaska,AK668,AK668_5,Closed,7/6/1960 4:00:00 AM,,4000,Gasoline,,
52851,Alaska,AK668,AK668_6,Closed,7/6/1960 4:00:00 AM,,4000,Gasoline,,
52852,Alaska,AK925,AK925_1,Closed,7/2/1960 4:00:00 AM,,1000,Gasoline,,
52853,Alaska,AK599,AK599_6,Closed,5/6/1960 4:00:00 AM,,3000,Gasoline,,
52854,Alaska,AK599,AK599_7,Closed,5/6/1960 4:00:00 AM,,2500,Gasoline,,
52855,Alaska,AK223,AK223_4,Closed,5/1/1960 4:00:00 AM,,500,Gasoline,,
52856,Alaska,AK3048,AK3048_3,Closed,5/1/1960 4:00:00 AM,,10000,Diesel,,
52857,Alaska,AK3048,AK3048_4,Closed,5/1/1960 4:00:00 AM,,10000,Diesel,,
52858,Alaska,AK3048,AK3048_5,Closed,5/1/1960 4:00:00 AM,,8000,Diesel,,
52859,Alaska,AK3048,AK3048_6,Closed,5/1/1960 4:00:00 AM,,8000,Diesel,,
52860,Alaska,AK459,AK459_1,Closed,4/30/1960 4:00:00 AM,,350,Diesel,,
52861,Alaska,AK459,AK459_2,Closed,4/30/1960 4:00:00 AM,,9030,Gasoline,,
52862,Alaska,AK679,AK679_1,Closed,4/30/1960 4:00:00 AM,,40000,Diesel,,
52863,Alaska,AK1756,AK1756_1,Closed,4/25/1960 4:00:00 AM,,2000,Gasoline,,
52864,Alaska,AK509,AK509_1,Closed,4/25/1960 4:00:00 AM,,4000,Gasoline,,
52865,Alaska,AK1767,AK1767_2,Closed,3/17/1960 5:00:00 AM,,1000,Diesel,,
52866,Alaska,AK1767,AK1767_4,Closed,3/17/1960 5:00:00 AM,,5000,Gasoline,,
52867,Alaska,AK360,AK360_1,Closed,3/15/1960 5:00:00 AM,,325,Diesel,,
52868,Alaska,AK1718,AK1718_1,Closed,3/11/1960 5:00:00 AM,,2000,Gasoline,,
52869,Alaska,AK1718,AK1718_3,Closed,3/11/1960 5:00:00 AM,,2000,Diesel,,
52870,Alaska,AK1774,AK1774_1,Closed,3/4/1960 5:00:00 AM,,2000,Gasoline,,
52871,Alaska,AK903,AK903_10,Closed,2/25/1960 5:00:00 AM,,4000,Gasoline,,
52872,Alaska,AK903,AK903_11,Closed,2/25/1960 5:00:00 AM,,4000,Gasoline,,
52873,Alaska,AK903,AK903_6,Closed,2/25/1960 5:00:00 AM,,550,Used Oil,,
52874,Alaska,AK903,AK903_8,Closed,2/25/1960 5:00:00 AM,,4000,Gasoline,,
52875,Alaska,AK903,AK903_9,Closed,2/25/1960 5:00:00 AM,,4000,Gasoline,,
52876,Alaska,AK175,AK175_3,Closed,1/28/1960 5:00:00 AM,,1000,Gasoline,,
52877,Alaska,AK104,AK104_146,Closed,1/1/1960 5:00:00 AM,,600,Used Oil,,
52878,Alaska,AK1501,AK1501_21,Closed,1/1/1960 5:00:00 AM,,250,Diesel,,
52879,Alaska,AK998,AK998_3,Closed,4/9/1986 4:00:00 AM,,6000,Kerosene,,
52880,Alaska,AK1771,AK1771_4,Closed,1/1/1960 5:00:00 AM,,1200,Used Oil,,
52881,Alaska,AK1956,AK1956_13,Closed,1/1/1960 5:00:00 AM,,900,Gasoline,,
52882,Alaska,AK2070,AK2070_1,Closed,1/1/1960 5:00:00 AM,,8000,Diesel,,
52883,Alaska,AK209,AK209_3,Closed,1/1/1960 5:00:00 AM,,1000,Gasoline,,
52884,Alaska,AK209,AK209_4,Closed,1/1/1960 5:00:00 AM,,1500,Gasoline,,
52885,Alaska,AK209,AK209_5,Closed,1/1/1960 5:00:00 AM,,2500,Gasoline,,
52886,Alaska,AK2235,AK2235_9,Closed,1/1/1960 5:00:00 AM,,3000,Diesel,,
52887,Alaska,AK2384,AK2384_1,Closed,1/1/1960 5:00:00 AM,,1000,Gasoline,,
52888,Alaska,AK2391,AK2391_1,Closed,1/1/1960 5:00:00 AM,,300,Gasoline,,
52889,Alaska,AK2391,AK2391_2,Closed,1/1/1960 5:00:00 AM,,500,Diesel,,
52890,Alaska,AK2391,AK2391_3,Closed,1/1/1960 5:00:00 AM,,10000,Diesel,,
52891,Alaska,AK2391,AK2391_4,Closed,1/1/1960 5:00:00 AM,,10000,Diesel,,
52892,Alaska,AK2842,AK2842_1,Closed,1/1/1960 5:00:00 AM,,500,Gasoline,,
52893,Alaska,AK2895,AK2895_1,Closed,1/1/1960 5:00:00 AM,,1000,Diesel,,
52894,Alaska,AK2925,AK2925_1,Closed,1/1/1960 5:00:00 AM,,1000,Gasoline,,
52895,Alaska,AK2935,AK2935_1,Open,1/1/1960 5:00:00 AM,,7042,Gasoline,,
52896,Alaska,AK2935,AK2935_2,Open,1/1/1960 5:00:00 AM,,10137,Gasoline,,
52897,Alaska,AK2941,AK2941_1,Closed,1/1/1960 5:00:00 AM,,500,Gasoline,,
52898,Alaska,AK3018,AK3018_2,Closed,1/1/1960 5:00:00 AM,,2000,Gasoline,,
52899,Alaska,AK3087,AK3087_1,Closed,1/1/1960 5:00:00 AM,,500,Used Oil,,
52900,Alaska,AK3120,AK3120_1,Closed,1/1/1960 5:00:00 AM,,4500,Diesel,,
52901,Alaska,AK32,AK32_2,Closed,1/1/1960 5:00:00 AM,,500,Gasoline,,
52902,Alaska,AK3265,AK3265_1,Closed,1/1/1960 5:00:00 AM,,1500,Gasoline,,
52903,Alaska,AK3265,AK3265_2,Closed,1/1/1960 5:00:00 AM,,1500,Gasoline,,
52904,Alaska,AK3265,AK3265_3,Closed,1/1/1960 5:00:00 AM,,1500,Gasoline,,
52905,Alaska,AK3459,AK3459_1,Closed,1/1/1960 5:00:00 AM,,1000,Diesel,,
52906,Alaska,AK3472,AK3472_1,Closed,1/1/1960 5:00:00 AM,,375,Diesel,,
52907,Alaska,AK3472,AK3472_2,Closed,1/1/1960 5:00:00 AM,,375,Gasoline,,
52908,Alaska,AK3472,AK3472_3,Closed,1/1/1960 5:00:00 AM,,375,Unknown,,
52909,Alaska,AK756,AK756_6,Closed,1/1/1960 5:00:00 AM,,500,Used Oil,,
52910,Alaska,AK756,AK756_7,Closed,1/1/1960 5:00:00 AM,,500,Used Oil,,
52911,Alaska,AK857,AK857_22,Closed,1/1/1960 5:00:00 AM,,500,Diesel,,
52912,Alaska,AK901,AK901_45,Closed,1/1/1960 5:00:00 AM,,50000,Used Oil,,
52913,Alaska,AK2030,AK2030_1,Closed,12/1/1959 5:00:00 AM,,300,Gasoline,,
52914,Alaska,AK1783,AK1783_1,Closed,5/9/1959 4:00:00 AM,,2000,Diesel,,
52915,Alaska,AK1783,AK1783_2,Closed,5/9/1959 4:00:00 AM,,2000,Gasoline,,
52916,Alaska,AK1783,AK1783_3,Closed,5/9/1959 4:00:00 AM,,2100,Diesel,,
52917,Alaska,AK1783,AK1783_4,Closed,5/9/1959 4:00:00 AM,,1000,Diesel,,
52918,Alaska,AK1210,AK1210_5,Closed,5/7/1959 4:00:00 AM,,2000,Diesel,,
52919,Alaska,AK530,AK530_1,Closed,5/2/1959 4:00:00 AM,,20000,Used Oil,,
52920,Alaska,AK657,AK657_5,Closed,5/1/1959 4:00:00 AM,,4000,Diesel,,
52921,Alaska,AK1742,AK1742_1,Closed,4/30/1959 4:00:00 AM,,2000,Diesel,,
52922,Alaska,AK1742,AK1742_2,Closed,4/30/1959 4:00:00 AM,,2100,Gasoline,,
52923,Alaska,AK1938,AK1938_1,Closed,2/14/1959 5:00:00 AM,,5000,Gasoline,,
52924,Alaska,AK1938,AK1938_2,Closed,2/14/1959 5:00:00 AM,,5000,Gasoline,,
52925,Alaska,AK1938,AK1938_3,Closed,2/14/1959 5:00:00 AM,,5000,Diesel,,
52926,Alaska,AK175,AK175_1,Closed,1/28/1959 5:00:00 AM,,500,Gasoline,,
52927,Alaska,AK857,AK857_18,Closed,1/16/1959 5:00:00 AM,,1000,Gasoline,,
52928,Alaska,AK857,AK857_24,Closed,1/16/1959 5:00:00 AM,,500,Gasoline,,
52929,Alaska,AK320,AK320_2,Closed,1/15/1959 5:00:00 AM,,4000,Gasoline,,
52930,Alaska,AK320,AK320_3,Closed,1/15/1959 5:00:00 AM,,4000,Diesel,,
52931,Alaska,AK320,AK320_4,Closed,1/15/1959 5:00:00 AM,,500,Used Oil,,
52932,Alaska,AK1534,AK1534_1,Closed,1/1/1959 5:00:00 AM,,750,Gasoline,,
52933,Alaska,AK2706,AK2706_1,Closed,1/1/1959 5:00:00 AM,,1000,Gasoline,,
52934,Alaska,AK3267,AK3267_1,Closed,1/1/1959 5:00:00 AM,,5000,Diesel,,
52935,Alaska,AK3267,AK3267_2,Closed,1/1/1959 5:00:00 AM,,3000,Diesel,,
52936,Alaska,AK3267,AK3267_3,Closed,1/1/1959 5:00:00 AM,,3000,Gasoline,,
52937,Alaska,AK3267,AK3267_4,Closed,1/1/1959 5:00:00 AM,,3000,Gasoline,,
52938,Alaska,AK3267,AK3267_5,Closed,1/1/1959 5:00:00 AM,,5000,Gasoline,,
52939,Alaska,AK3267,AK3267_6,Closed,1/1/1959 5:00:00 AM,,5000,Diesel,,
52940,Alaska,AK1063,AK1063_20,Closed,10/6/1958 4:00:00 AM,,4000,Used Oil,,
52941,Alaska,AK1063,AK1063_21,Closed,10/6/1958 4:00:00 AM,,4000,Used Oil,,
52942,Alaska,AK1063,AK1063_22,Closed,10/6/1958 4:00:00 AM,,4000,Used Oil,,
52943,Alaska,AK1544,AK1544_1,Closed,6/16/1958 4:00:00 AM,,10000,Gasoline,,
52944,Alaska,AK540,AK540_18,Closed,4/30/1958 4:00:00 AM,,25000,Kerosene,,
52945,Alaska,AK540,AK540_19,Closed,4/30/1958 4:00:00 AM,,25000,Kerosene,,
52946,Alaska,AK540,AK540_20,Closed,4/30/1958 4:00:00 AM,,25000,Kerosene,,
52947,Alaska,AK540,AK540_21,Closed,4/30/1958 4:00:00 AM,,25000,Kerosene,,
52948,Alaska,AK540,AK540_22,Closed,4/30/1958 4:00:00 AM,,50000,Gasoline,,
52949,Alaska,AK540,AK540_23,Closed,4/30/1958 4:00:00 AM,,50000,Gasoline,,
52950,Alaska,AK586,AK586_3,Closed,4/30/1958 4:00:00 AM,,15000,Diesel,,
52951,Alaska,AK586,AK586_4,Closed,4/30/1958 4:00:00 AM,,20000,Diesel,,
52952,Alaska,AK586,AK586_5,Closed,4/30/1958 4:00:00 AM,,20000,Diesel,,
52953,Alaska,AK932,AK932_2,Closed,4/30/1958 4:00:00 AM,,120,Gasoline,,
52954,Alaska,AK932,AK932_4,Closed,4/30/1958 4:00:00 AM,,25000,Gasoline,,
52955,Alaska,AK932,AK932_5,Closed,4/30/1958 4:00:00 AM,,1000,Gasoline,,
52956,Alaska,AK953,AK953_1,Closed,4/30/1958 4:00:00 AM,,20000,Gasoline,,
52957,Alaska,AK953,AK953_2,Closed,4/30/1958 4:00:00 AM,,6000,Diesel,,
52958,Alaska,AK953,AK953_3,Closed,4/30/1958 4:00:00 AM,,6000,Diesel,,
52959,Alaska,AK953,AK953_4,Closed,4/30/1958 4:00:00 AM,,20000,Gasoline,,
52960,Alaska,AK958,AK958_1,Closed,4/30/1958 4:00:00 AM,,20000,Diesel,,
52961,Alaska,AK958,AK958_2,Closed,4/30/1958 4:00:00 AM,,20000,Diesel,,
52962,Alaska,AK1787,AK1787_4,Closed,4/20/1958 4:00:00 AM,,2000,Gasoline,,
52963,Alaska,AK1787,AK1787_5,Closed,4/20/1958 4:00:00 AM,,1000,Used Oil,,
52964,Alaska,AK635,AK635_1,Closed,4/9/1958 4:00:00 AM,,3000,Diesel,,
52965,Alaska,AK635,AK635_2,Closed,4/9/1958 4:00:00 AM,,1500,Gasoline,,
52966,Alaska,AK1534,AK1534_2,Closed,1/1/1958 5:00:00 AM,,500,Gasoline,,
52967,Alaska,AK1554,AK1554_4,Closed,1/1/1958 5:00:00 AM,,500,Used Oil,,
52968,Alaska,AK1554,AK1554_5,Closed,1/1/1958 5:00:00 AM,,500,Diesel,,
52969,Alaska,AK2126,AK2126_3,Closed,1/1/1958 5:00:00 AM,,600,Gasoline,,
52970,Alaska,AK227,AK227_1,Closed,1/1/1958 5:00:00 AM,,2000,Diesel,,
52971,Alaska,AK314,AK314_3,Closed,1/1/1958 5:00:00 AM,,6000,Gasoline,,
52972,Alaska,AK314,AK314_4,Closed,1/1/1958 5:00:00 AM,,5000,Gasoline,,
52973,Alaska,AK506,AK506_1,Closed,1/1/1958 5:00:00 AM,,1500,Diesel,,
52974,Alaska,AK540,AK540_24,Closed,1/1/1958 5:00:00 AM,,25000,Kerosene,,
52975,Alaska,AK1686,AK1686_13,Closed,6/5/1957 4:00:00 AM,,500,Diesel,,
52976,Alaska,AK2142,AK2142_4,Closed,6/1/1957 4:00:00 AM,,500,Diesel,,
52977,Alaska,AK2142,AK2142_5,Closed,6/1/1957 4:00:00 AM,,500,Diesel,,
52978,Alaska,AK1686,AK1686_8,Closed,5/7/1957 4:00:00 AM,,500,Gasoline,,
52979,Alaska,AK354,AK354_2,Closed,5/5/1957 4:00:00 AM,,2500,Diesel,,
52980,Alaska,AK354,AK354_3,Closed,5/1/1957 4:00:00 AM,,2000,Gasoline,,
52981,Alaska,AK540,AK540_27,Closed,4/30/1957 4:00:00 AM,,10000,Gasoline,,
52982,Alaska,AK604,AK604_1,Closed,4/30/1957 4:00:00 AM,,150,Gasoline,,
52983,Alaska,AK675,AK675_1,Closed,4/30/1957 4:00:00 AM,,500,Gasoline,,
52984,Alaska,AK675,AK675_2,Closed,4/30/1957 4:00:00 AM,,150,Gasoline,,
52985,Alaska,AK803,AK803_1,Closed,4/30/1957 4:00:00 AM,,200,Gasoline,,
52986,Alaska,AK998,AK998_10,Closed,4/9/1957 4:00:00 AM,,8000,Diesel,,
52987,Alaska,AK998,AK998_55,Closed,4/9/1957 4:00:00 AM,,8000,Diesel,,
52988,Alaska,AK998,AK998_9,Closed,4/9/1957 4:00:00 AM,,8000,Diesel,,
52989,Alaska,AK1107,AK1107_7,Closed,2/6/1957 5:00:00 AM,,500,Gasoline,,
52990,Alaska,AK1554,AK1554_1,Closed,1/15/1957 5:00:00 AM,,12000,Gasoline,,
52991,Alaska,AK1554,AK1554_2,Closed,1/15/1957 5:00:00 AM,,12000,Diesel,,
52992,Alaska,AK1554,AK1554_3,Closed,1/15/1957 5:00:00 AM,,2000,Gasoline,,
52993,Alaska,AK1107,AK1107_4,Closed,1/1/1957 5:00:00 AM,,1000,Gasoline,,
52994,Alaska,AK2513,AK2513_1,Closed,1/1/1957 5:00:00 AM,,1000,Diesel,,
52995,Alaska,AK2513,AK2513_2,Closed,1/1/1957 5:00:00 AM,,1000,Gasoline,,
52996,Alaska,AK2513,AK2513_3,Closed,1/1/1957 5:00:00 AM,,1000,Diesel,,
52997,Alaska,AK2826,AK2826_1,Closed,1/1/1957 5:00:00 AM,,5000,Gasoline,,
52998,Alaska,AK3129,AK3129_1,Closed,1/1/1957 5:00:00 AM,,675,Diesel,,
52999,Alaska,AK3512,AK3512_1,Closed,1/1/1957 5:00:00 AM,,20000,Diesel,,
53000,Alaska,AK3512,AK3512_2,Closed,1/1/1957 5:00:00 AM,,20000,Diesel,,
53001,Alaska,AK3512,AK3512_3,Closed,1/1/1957 5:00:00 AM,,500,Diesel,,
53002,Alaska,AK367,AK367_2,Closed,1/1/1957 5:00:00 AM,,4000,Diesel,,
53003,Alaska,AK218,AK218_11,Closed,8/5/1956 4:00:00 AM,,1000,Gasoline,,
53004,Alaska,AK560,AK560_4,Closed,8/1/1956 4:00:00 AM,,1500,Diesel,,
53005,Alaska,AK560,AK560_5,Closed,8/1/1956 4:00:00 AM,,1500,Diesel,,
53006,Alaska,AK44,AK44_6,Closed,6/3/1956 4:00:00 AM,,1000,Gasoline,,
53007,Alaska,AK1378,AK1378_1,Closed,5/13/1956 4:00:00 AM,,1000,Diesel,,
53008,Alaska,AK1378,AK1378_2,Closed,5/13/1956 4:00:00 AM,,1000,Gasoline,,
53009,Alaska,AK596,AK596_4,Closed,5/10/1956 4:00:00 AM,,500,Used Oil,,
53010,Alaska,AK1210,AK1210_6,Closed,5/7/1956 4:00:00 AM,,500,Diesel,,
53011,Alaska,AK1210,AK1210_7,Closed,5/7/1956 4:00:00 AM,,500,Diesel,,
53012,Alaska,AK1210,AK1210_8,Closed,5/7/1956 4:00:00 AM,,5000,Diesel,,
53013,Alaska,AK915,AK915_1,Closed,5/6/1956 4:00:00 AM,,10000,Gasoline,,
53014,Alaska,AK915,AK915_2,Closed,5/6/1956 4:00:00 AM,,2000,Gasoline,,
53015,Alaska,AK915,AK915_3,Closed,5/6/1956 4:00:00 AM,,2000,Gasoline,,
53016,Alaska,AK506,AK506_2,Closed,5/5/1956 4:00:00 AM,,1500,Gasoline,,
53017,Alaska,AK1670,AK1670_1,Closed,4/30/1956 4:00:00 AM,,2000,Diesel,,
53018,Alaska,AK291,AK291_1,Closed,4/30/1956 4:00:00 AM,,5000,Diesel,,
53019,Alaska,AK730,AK730_1,Closed,4/29/1956 4:00:00 AM,,3760,Diesel,,
53020,Alaska,AK730,AK730_2,Closed,4/29/1956 4:00:00 AM,,4000,Gasoline,,
53021,Alaska,AK318,AK318_1,Closed,4/20/1956 4:00:00 AM,,7200,Gasoline,,
53022,Alaska,AK318,AK318_2,Closed,4/20/1956 4:00:00 AM,,7200,Gasoline,,
53023,Alaska,AK371,AK371_1,Closed,4/14/1956 4:00:00 AM,,7000,Diesel,,
53024,Alaska,AK795,AK795_1,Closed,4/1/1956 5:00:00 AM,,1000,Gasoline,,
53025,Alaska,AK885,AK885_2,Closed,2/25/1956 5:00:00 AM,,500,Gasoline,,
53026,Alaska,AK540,AK540_40,Closed,2/3/1956 5:00:00 AM,,500,Gasoline,,
53027,Alaska,AK1021,AK1021_1,Closed,1/1/1956 5:00:00 AM,,1000,Gasoline,,
53028,Alaska,AK1029,AK1029_1,Closed,1/1/1956 5:00:00 AM,,5000,Diesel,,
53029,Alaska,AK1029,AK1029_2,Closed,1/1/1956 5:00:00 AM,,5000,Diesel,,
53030,Alaska,AK204,AK204_1,Closed,1/1/1956 5:00:00 AM,,1500,Gasoline,,
53031,Alaska,AK204,AK204_2,Closed,1/1/1956 5:00:00 AM,,1500,Gasoline,,
53032,Alaska,AK2193,AK2193_1,Closed,1/1/1956 5:00:00 AM,,5000,Diesel,,
53033,Alaska,AK2193,AK2193_3,Closed,1/1/1956 5:00:00 AM,,500,Diesel,,
53034,Alaska,AK247,AK247_1,Closed,1/1/1956 5:00:00 AM,,6000,Diesel,,
53035,Alaska,AK495,AK495_1,Closed,1/1/1956 5:00:00 AM,,1000,Diesel,,
53036,Alaska,AK885,AK885_3,Closed,1/1/1956 5:00:00 AM,,1000,Diesel,,
53037,Alaska,AK263,AK263_2,Closed,6/8/1955 4:00:00 AM,,3950,Gasoline,,
53038,Alaska,AK263,AK263_3,Closed,6/8/1955 4:00:00 AM,,5875,Gasoline,,
53039,Alaska,AK1686,AK1686_3,Closed,5/8/1955 4:00:00 AM,,5000,Gasoline,,
53040,Alaska,AK360,AK360_3,Closed,3/16/1955 5:00:00 AM,,325,Diesel,,
53041,Alaska,AK128,AK128_5,Closed,1/1/1955 5:00:00 AM,,550,Gasoline,,
53042,Alaska,AK2645,AK2645_1,Closed,1/1/1955 5:00:00 AM,,2000,Gasoline,,
53043,Alaska,AK2645,AK2645_2,Closed,1/1/1955 5:00:00 AM,,2000,Gasoline,,
53044,Alaska,AK2645,AK2645_3,Closed,1/1/1955 5:00:00 AM,,2000,Gasoline,,
53045,Alaska,AK2645,AK2645_4,Closed,1/1/1955 5:00:00 AM,,1000,Gasoline,,
53046,Alaska,AK2919,AK2919_6,Closed,1/1/1955 5:00:00 AM,,500,Gasoline,,
53047,Alaska,AK3604,AK3604_1,Closed,1/1/1955 5:00:00 AM,,1000,Gasoline,,
53048,Alaska,AK425,AK425_10,Closed,1/1/1955 5:00:00 AM,,1000,Gasoline,,
53049,Alaska,AK425,AK425_9,Closed,1/1/1955 5:00:00 AM,,500,Diesel,,
53050,Alaska,AK994,AK994_4,Closed,1/1/1955 5:00:00 AM,,500,Diesel,,
53051,Alaska,AK994,AK994_5,Closed,1/1/1955 5:00:00 AM,,1000,Diesel,,
53052,Alaska,AK2024,AK2024_1,Closed,12/1/1954 5:00:00 AM,,300,Gasoline,,
53053,Alaska,AK2026,AK2026_1,Closed,12/1/1954 5:00:00 AM,,500,Gasoline,,
53054,Alaska,AK2027,AK2027_1,Closed,12/1/1954 5:00:00 AM,,300,Gasoline,,
53055,Alaska,AK356,AK356_1,Closed,12/1/1954 5:00:00 AM,,300,Gasoline,,
53056,Alaska,AK2022,AK2022_1,Closed,8/1/1954 4:00:00 AM,,300,Gasoline,,
53057,Alaska,AK2028,AK2028_1,Closed,8/1/1954 4:00:00 AM,,300,Gasoline,,
53058,Alaska,AK1686,AK1686_12,Closed,5/7/1954 4:00:00 AM,,1000,Diesel,,
53059,Alaska,AK1686,AK1686_4,Closed,5/7/1954 4:00:00 AM,,5288,Diesel,,
53060,Alaska,AK1686,AK1686_5,Closed,5/7/1954 4:00:00 AM,,5288,Diesel,,
53061,Alaska,AK1613,AK1613_1,Closed,4/2/1954 5:00:00 AM,,850,Gasoline,,
53062,Alaska,AK1576,AK1576_2,Closed,3/19/1954 5:00:00 AM,,1000,Gasoline,,
53063,Alaska,AK2281,AK2281_1,Closed,1/1/1954 5:00:00 AM,,2500,Diesel,,
53064,Alaska,AK2854,AK2854_1,Closed,1/1/1954 5:00:00 AM,,5000,Gasoline,,
53065,Alaska,AK2919,AK2919_1,Closed,1/1/1954 5:00:00 AM,,1500,Diesel,,
53066,Alaska,AK2932,AK2932_3,Closed,1/1/1954 5:00:00 AM,,10000,Diesel,,
53067,Alaska,AK364,AK364_1,Closed,1/1/1954 5:00:00 AM,,10000,Diesel,,
53068,Alaska,AK73,AK73_6,Closed,6/15/1953 4:00:00 AM,,2500,Diesel,,
53069,Alaska,AK2306,AK2306_1,Closed,6/1/1953 4:00:00 AM,,675,Diesel,,
53070,Alaska,AK1686,AK1686_1,Closed,5/7/1953 4:00:00 AM,,5000,Diesel,,
53071,Alaska,AK1686,AK1686_10,Closed,5/7/1953 4:00:00 AM,,500,Gasoline,,
53072,Alaska,AK1686,AK1686_2,Closed,5/7/1953 4:00:00 AM,,5000,Diesel,,
53073,Alaska,AK1686,AK1686_6,Closed,5/7/1953 4:00:00 AM,,3000,Diesel,,
53074,Alaska,AK1686,AK1686_9,Closed,5/7/1953 4:00:00 AM,,500,Gasoline,,
53075,Alaska,AK295,AK295_1,Closed,4/30/1953 4:00:00 AM,,1000,Gasoline,,
53076,Alaska,AK295,AK295_2,Closed,4/30/1953 4:00:00 AM,,6000,Gasoline,,
53077,Alaska,AK295,AK295_3,Closed,4/30/1953 4:00:00 AM,,6000,Diesel,,
53078,Alaska,AK774,AK774_1,Closed,4/30/1953 4:00:00 AM,,6000,Diesel,,
53079,Alaska,AK774,AK774_2,Closed,4/30/1953 4:00:00 AM,,6000,Diesel,,
53080,Alaska,AK998,AK998_34,Closed,4/9/1953 4:00:00 AM,,23352,Used Oil,,
53081,Alaska,AK998,AK998_35,Closed,4/9/1953 4:00:00 AM,,23352,Used Oil,,
53082,Alaska,AK998,AK998_36,Closed,4/9/1953 4:00:00 AM,,23352,Used Oil,,
53083,Alaska,AK998,AK998_37,Closed,4/9/1953 4:00:00 AM,,23352,Used Oil,,
53084,Alaska,AK998,AK998_38,Closed,4/9/1953 4:00:00 AM,,23352,Used Oil,,
53085,Alaska,AK998,AK998_39,Closed,4/9/1953 4:00:00 AM,,23352,Used Oil,,
53086,Alaska,AK998,AK998_40,Closed,4/9/1953 4:00:00 AM,,23352,Used Oil,,
53087,Alaska,AK998,AK998_41,Closed,4/9/1953 4:00:00 AM,,23352,Used Oil,,
53088,Alaska,AK998,AK998_42,Closed,4/9/1953 4:00:00 AM,,23352,Used Oil,,
53089,Alaska,AK998,AK998_43,Closed,4/9/1953 4:00:00 AM,,23352,Used Oil,,
53090,Alaska,AK998,AK998_44,Closed,4/9/1953 4:00:00 AM,,23352,Used Oil,,
53091,Alaska,AK998,AK998_45,Closed,4/9/1953 4:00:00 AM,,23352,Used Oil,,
53092,Alaska,AK998,AK998_46,Closed,4/9/1953 4:00:00 AM,,23352,Used Oil,,
53093,Alaska,AK998,AK998_47,Closed,4/9/1953 4:00:00 AM,,23352,Used Oil,,
53094,Alaska,AK998,AK998_48,Closed,4/9/1953 4:00:00 AM,,23352,Used Oil,,
53095,Alaska,AK998,AK998_49,Closed,4/9/1953 4:00:00 AM,,23352,Used Oil,,
53096,Alaska,AK998,AK998_50,Closed,4/9/1953 4:00:00 AM,,23352,Used Oil,,
53097,Alaska,AK998,AK998_51,Closed,4/9/1953 4:00:00 AM,,23352,Used Oil,,
53098,Alaska,AK2418,AK2418_1,Closed,1/1/1953 5:00:00 AM,,2000,Diesel,,
53099,Alaska,AK3614,AK3614_1,Closed,1/1/1953 5:00:00 AM,,2500,Gasoline,,
53100,Alaska,AK998,AK998_61,Closed,1/1/1953 5:00:00 AM,,8000,Diesel,,
53101,Alaska,AK998,AK998_62,Closed,1/1/1953 5:00:00 AM,,8000,Diesel,,
53102,Alaska,AK998,AK998_63,Closed,1/1/1953 5:00:00 AM,,8000,Diesel,,
53103,Alaska,AK998,AK998_64,Closed,1/1/1953 5:00:00 AM,,8000,Diesel,,
53104,Alaska,AK998,AK998_65,Closed,1/1/1953 5:00:00 AM,,8000,Diesel,,
53105,Alaska,AK657,AK657_2,Closed,4/30/1952 4:00:00 AM,,6000,Gasoline,,
53106,Alaska,AK661,AK661_1,Closed,4/30/1952 4:00:00 AM,,10000,Diesel,,
53107,Alaska,AK838,AK838_3,Closed,4/9/1952 4:00:00 AM,,1000,Gasoline,,
53108,Alaska,AK838,AK838_4,Closed,4/9/1952 4:00:00 AM,,500,Kerosene,,
53109,Alaska,AK540,AK540_4,Closed,2/3/1952 5:00:00 AM,,10000,Diesel,,
53110,Alaska,AK104,AK104_114,Closed,1/1/1952 5:00:00 AM,,6000,Diesel,,
53111,Alaska,AK1226,AK1226_2,Closed,1/1/1952 5:00:00 AM,,1000,Diesel,,
53112,Alaska,AK2497,AK2497_1,Closed,1/1/1952 5:00:00 AM,,2000,Gasoline,,
53113,Alaska,AK2912,AK2912_1,Closed,1/1/1952 5:00:00 AM,,150,Diesel,,
53114,Alaska,AK76,AK76_1,Closed,1/1/1952 5:00:00 AM,,4000,Gasoline,,
53115,Alaska,AK76,AK76_2,Closed,1/1/1952 5:00:00 AM,,4000,Gasoline,,
53116,Alaska,AK76,AK76_3,Closed,1/1/1952 5:00:00 AM,,4000,Gasoline,,
53117,Alaska,AK76,AK76_4,Closed,1/1/1952 5:00:00 AM,,4000,Gasoline,,
53118,Alaska,AK76,AK76_5,Closed,1/1/1952 5:00:00 AM,,6000,Gasoline,,
53119,Alaska,AK76,AK76_6,Closed,1/1/1952 5:00:00 AM,,1000,Diesel,,
53120,Alaska,AK76,AK76_7,Closed,1/1/1952 5:00:00 AM,,500,Used Oil,,
53121,Alaska,AK1499,AK1499_1,Closed,6/20/1951 4:00:00 AM,,500,Gasoline,,
53122,Alaska,AK1460,AK1460_3,Closed,5/1/1951 4:00:00 AM,,2000,Gasoline,,
53123,Alaska,AK1460,AK1460_4,Closed,5/1/1951 4:00:00 AM,,2000,Gasoline,,
53124,Alaska,AK1460,AK1460_5,Closed,5/1/1951 4:00:00 AM,,500,Used Oil,,
53125,Alaska,AK295,AK295_4,Closed,5/1/1951 4:00:00 AM,,500,Gasoline,,
53126,Alaska,AK657,AK657_1,Closed,5/1/1951 4:00:00 AM,,300,Gasoline,,
53127,Alaska,AK657,AK657_3,Closed,5/1/1951 4:00:00 AM,,10000,Diesel,,
53128,Alaska,AK1312,AK1312_1,Closed,4/26/1951 4:00:00 AM,,550,Gasoline,,
53129,Alaska,AK849,AK849_1,Closed,4/21/1951 4:00:00 AM,,3000,Diesel,,
53130,Alaska,AK849,AK849_2,Closed,4/21/1951 4:00:00 AM,,500,Diesel,,
53131,Alaska,AK993,AK993_1,Closed,4/2/1951 4:00:00 AM,,20000,Gasoline,,
53132,Alaska,AK2823,AK2823_1,Closed,1/1/1951 5:00:00 AM,,500,Used Oil,,
53133,Alaska,AK2823,AK2823_3,Closed,1/1/1951 5:00:00 AM,,500,Gasoline,,
53134,Alaska,AK354,AK354_1,Closed,1/1/1951 5:00:00 AM,,2500,Diesel,,
53135,Alaska,AK838,AK838_2,Closed,4/9/1950 4:00:00 AM,,1000,Gasoline,,
53136,Alaska,AK1576,AK1576_1,Closed,3/19/1950 5:00:00 AM,,1000,Gasoline,,
53137,Alaska,AK104,AK104_150,Closed,1/1/1950 5:00:00 AM,,25000,Diesel,,
53138,Alaska,AK104,AK104_151,Closed,1/1/1950 5:00:00 AM,,25000,Diesel,,
53139,Alaska,AK1247,AK1247_6,Closed,1/1/1950 5:00:00 AM,,6800,Diesel,,
53140,Alaska,AK1697,AK1697_3,Closed,1/1/1950 5:00:00 AM,,500,Gasoline,,
53141,Alaska,AK2235,AK2235_5,Closed,1/1/1950 5:00:00 AM,,500,Diesel,,
53142,Alaska,AK2235,AK2235_8,Closed,1/1/1950 5:00:00 AM,,3000,Diesel,,
53143,Alaska,AK2497,AK2497_2,Closed,1/1/1950 5:00:00 AM,,2000,Gasoline,,
53144,Alaska,AK1697,AK1697_6,Closed,1/1/1948 5:00:00 AM,,2200,Gasoline,,
53145,Alaska,AK2271,AK2271_1,Closed,1/1/1948 5:00:00 AM,,500,Diesel,,
53146,Alaska,AK114,AK114_1,Closed,1/1/1947 5:00:00 AM,,300,Diesel,,
53147,Alaska,AK596,AK596_1,Closed,5/10/1946 4:00:00 AM,,6000,Gasoline,,
53148,Alaska,AK596,AK596_2,Closed,5/10/1946 4:00:00 AM,,6000,Gasoline,,
53149,Alaska,AK599,AK599_4,Closed,5/6/1946 4:00:00 AM,,3000,Diesel,,
53150,Alaska,AK599,AK599_5,Closed,5/6/1946 4:00:00 AM,,3000,Gasoline,,
53151,Alaska,AK599,AK599_8,Closed,5/6/1946 4:00:00 AM,,3000,Gasoline,,
53152,Alaska,AK998,AK998_84,Closed,4/9/1946 4:00:00 AM,,5700,Gasoline,,
53153,Alaska,AK2363,AK2363_1,Closed,1/1/1945 5:00:00 AM,,5000,Diesel,,
53154,Alaska,AK2363,AK2363_2,Closed,1/1/1945 5:00:00 AM,,5000,Gasoline,,
53155,Alaska,AK2363,AK2363_3,Closed,1/1/1945 5:00:00 AM,,1000,Diesel,,
53156,Alaska,AK2363,AK2363_4,Closed,1/1/1945 5:00:00 AM,,1000,Diesel,,
53157,Alaska,AK104,AK104_1,Closed,1/1/1944 5:00:00 AM,,420000,Diesel,,
53158,Alaska,AK104,AK104_157,Closed,1/1/1944 5:00:00 AM,,500,Diesel,,
53159,Alaska,AK104,AK104_158,Closed,1/1/1944 5:00:00 AM,,500,Diesel,,
53160,Alaska,AK104,AK104_159,Closed,1/1/1944 5:00:00 AM,,1300,Other,,
53161,Alaska,AK104,AK104_160,Closed,1/1/1944 5:00:00 AM,,1300,Other,,
53162,Alaska,AK104,AK104_161,Closed,1/1/1944 5:00:00 AM,,1300,Other,,
53163,Alaska,AK104,AK104_31,Closed,1/1/1944 5:00:00 AM,,420000,Diesel,,
53164,Alaska,AK838,AK838_1,Closed,4/10/1943 4:00:00 AM,,6000,Gasoline,,
53165,Alaska,AK1659,AK1659_1,Closed,4/11/1942 4:00:00 AM,,24192,Hazardous Substance,,
53166,Alaska,AK1659,AK1659_2,Closed,4/11/1942 4:00:00 AM,,24192,Hazardous Substance,,
53167,Alaska,AK1659,AK1659_3,Closed,4/11/1942 4:00:00 AM,,24192,Hazardous Substance,,
53168,Alaska,AK1659,AK1659_4,Closed,4/11/1942 4:00:00 AM,,24192,Hazardous Substance,,
53169,Alaska,AK1659,AK1659_5,Closed,4/11/1942 4:00:00 AM,,24192,Hazardous Substance,,
53170,Alaska,AK1659,AK1659_6,Closed,4/11/1942 4:00:00 AM,,24192,Diesel,,
53171,Alaska,AK1659,AK1659_7,Closed,4/11/1942 4:00:00 AM,,24192,Diesel,,
53172,Alaska,AK1659,AK1659_8,Closed,4/11/1942 4:00:00 AM,,24192,Diesel,,
53173,Alaska,AK998,AK998_21,Closed,4/9/1942 4:00:00 AM,,556584,Unknown,,
53174,Alaska,AK919,AK919_2,Closed,3/7/1942 5:00:00 AM,,556584,Diesel,,
53175,Alaska,AK2126,AK2126_1,Closed,1/1/1942 5:00:00 AM,,350,Diesel,,
53176,Alaska,AK2126,AK2126_2,Closed,1/1/1942 5:00:00 AM,,500,Diesel,,
53177,Alaska,AK3306,AK3306_1,Closed,1/1/1942 5:00:00 AM,,25000,Other,,
53178,Alaska,AK3306,AK3306_2,Closed,1/1/1942 5:00:00 AM,,25000,Unknown,,
53179,Alaska,AK3306,AK3306_3,Closed,1/1/1942 5:00:00 AM,,25000,Other,,
53180,Alaska,AK3306,AK3306_4,Closed,1/1/1942 5:00:00 AM,,25000,Other,,
53181,Alaska,AK104,AK104_108,Closed,1/1/1940 5:00:00 AM,,23800,Gasoline,,
53182,Alaska,AK104,AK104_109,Closed,1/1/1940 5:00:00 AM,,23800,Gasoline,,
53183,Alaska,AK104,AK104_112,Closed,1/1/1940 5:00:00 AM,,23800,Gasoline,,
53184,Alaska,AK104,AK104_113,Closed,1/1/1940 5:00:00 AM,,23800,Gasoline,,
53185,Alaska,AK104,AK104_125,Closed,1/1/1940 5:00:00 AM,,23800,Gasoline,,
53186,Alaska,AK104,AK104_126,Closed,1/1/1940 5:00:00 AM,,23800,Gasoline,,
53187,Alaska,AK104,AK104_127,Closed,1/1/1940 5:00:00 AM,,23800,Gasoline,,
53188,Alaska,AK104,AK104_128,Closed,1/1/1940 5:00:00 AM,,23800,Gasoline,,
53189,Alaska,AK104,AK104_15,Closed,1/1/1940 5:00:00 AM,,23800,Gasoline,,
53190,Alaska,AK104,AK104_152,Closed,1/1/1940 5:00:00 AM,,23800,Gasoline,,
53191,Alaska,AK104,AK104_153,Closed,1/1/1940 5:00:00 AM,,23800,Gasoline,,
53192,Alaska,AK104,AK104_154,Closed,1/1/1940 5:00:00 AM,,23800,Gasoline,,
53193,Alaska,AK104,AK104_156,Closed,1/1/1940 5:00:00 AM,,23800,Gasoline,,
53194,Alaska,AK104,AK104_16,Closed,1/1/1940 5:00:00 AM,,23800,Gasoline,,
53195,Alaska,AK104,AK104_28,Closed,1/1/1940 5:00:00 AM,,23800,Gasoline,,
53196,Alaska,AK104,AK104_29,Closed,1/1/1940 5:00:00 AM,,23800,Gasoline,,
53197,Alaska,AK104,AK104_34,Closed,1/1/1940 5:00:00 AM,,23800,Gasoline,,
53198,Alaska,AK104,AK104_35,Closed,1/1/1940 5:00:00 AM,,23800,Gasoline,,
53199,Alaska,AK104,AK104_5,Closed,1/1/1940 5:00:00 AM,,23800,Gasoline,,
53200,Alaska,AK104,AK104_53,Closed,1/1/1940 5:00:00 AM,,23800,Gasoline,,
53201,Alaska,AK104,AK104_54,Closed,1/1/1940 5:00:00 AM,,23800,Gasoline,,
53202,Alaska,AK104,AK104_58,Closed,1/1/1940 5:00:00 AM,,23800,Gasoline,,
53203,Alaska,AK104,AK104_59,Closed,1/1/1940 5:00:00 AM,,23800,Gasoline,,
53204,Alaska,AK104,AK104_6,Closed,1/1/1940 5:00:00 AM,,23800,Gasoline,,
53205,Alaska,AK104,AK104_68,Closed,1/1/1940 5:00:00 AM,,23800,Gasoline,,
53206,Alaska,AK104,AK104_69,Closed,1/1/1940 5:00:00 AM,,23800,Gasoline,,
53207,Alaska,AK104,AK104_75,Closed,1/1/1940 5:00:00 AM,,23800,Gasoline,,
53208,Alaska,AK104,AK104_76,Closed,1/1/1940 5:00:00 AM,,23800,Gasoline,,
53209,Alaska,AK104,AK104_87,Closed,1/1/1940 5:00:00 AM,,23800,Gasoline,,
53210,Alaska,AK241,AK241_1,Closed,1/1/1940 5:00:00 AM,,550,Diesel,,
53211,Alaska,AK2712,AK2712_1,Closed,1/1/1940 5:00:00 AM,,25000,Diesel,,
53212,Alaska,AK2712,AK2712_18,Closed,1/1/1940 5:00:00 AM,,25000,Diesel,,
53213,Alaska,AK2712,AK2712_19,Closed,1/1/1940 5:00:00 AM,,25000,Diesel,,
53214,Alaska,AK2712,AK2712_2,Closed,1/1/1940 5:00:00 AM,,25000,Diesel,,
53215,Alaska,AK2712,AK2712_20,Closed,1/1/1940 5:00:00 AM,,25000,Diesel,,
53216,Alaska,AK2712,AK2712_21,Closed,1/1/1940 5:00:00 AM,,25000,Diesel,,
53217,Alaska,AK2712,AK2712_22,Closed,1/1/1940 5:00:00 AM,,25000,Diesel,,
53218,Alaska,AK2712,AK2712_23,Closed,1/1/1940 5:00:00 AM,,25000,Diesel,,
53219,Alaska,AK2712,AK2712_24,Closed,1/1/1940 5:00:00 AM,,25000,Diesel,,
53220,Alaska,AK2712,AK2712_25,Closed,1/1/1940 5:00:00 AM,,25000,Diesel,,
53221,Alaska,AK2712,AK2712_26,Closed,1/1/1940 5:00:00 AM,,,Diesel,,
53222,Alaska,AK2712,AK2712_3,Closed,1/1/1940 5:00:00 AM,,25000,Diesel,,
53223,Alaska,AK2712,AK2712_4,Closed,1/1/1940 5:00:00 AM,,25000,Diesel,,
53224,Alaska,AK2712,AK2712_5,Closed,1/1/1940 5:00:00 AM,,25000,Diesel,,
53225,Alaska,AK2712,AK2712_6,Closed,1/1/1940 5:00:00 AM,,5000,Gasoline,,
53226,Alaska,AK2712,AK2712_7,Closed,1/1/1940 5:00:00 AM,,5000,Diesel,,
53227,Alaska,AK3540,AK3540_1,Closed,1/1/1940 5:00:00 AM,,11000,Gasoline,,
53228,Alaska,AK3540,AK3540_2,Closed,1/1/1940 5:00:00 AM,,10000,Diesel,,
53229,Alaska,AK1584,AK1584_1,Closed,5/8/1936 4:00:00 AM,,1000,Gasoline,,
53230,Alaska,AK1584,AK1584_2,Closed,5/8/1936 4:00:00 AM,,1000,Gasoline,,
53231,Alaska,AK1571,AK1571_4,Closed,3/19/1936 5:00:00 AM,,10000,Diesel,,
53232,Alaska,AK1571,AK1571_5,Closed,3/19/1936 5:00:00 AM,,10000,Gasoline,,
53233,Alaska,AK2878,AK2878_1,Closed,1/1/1935 5:00:00 AM,,500,Gasoline,,
53234,Alaska,AK1009,AK1009_1,Closed,,,300,Used Oil,,
53235,Alaska,AK1009,AK1009_2,Closed,,,5500,Gasoline,,
53236,Alaska,AK1009,AK1009_3,Closed,,,1100,Gasoline,,
53237,Alaska,AK1009,AK1009_4,Closed,,,2200,Used Oil,,
53238,Alaska,AK1009,AK1009_5,Closed,,,2000,Used Oil,,
53239,Alaska,AK1009,AK1009_6,Closed,,,5500,Used Oil,,
53240,Alaska,AK1013,AK1013_1,Closed,,,500,Gasoline,,
53241,Alaska,AK1015,AK1015_1,Closed,,,500,Gasoline,,
53242,Alaska,AK1015,AK1015_2,Closed,,,500,Gasoline,,
53243,Alaska,AK104,AK104_10,Closed,,,600,Used Oil,,
53244,Alaska,AK104,AK104_103,Closed,,,600,Diesel,,
53245,Alaska,AK104,AK104_104,Closed,,,600,Diesel,,
53246,Alaska,AK104,AK104_105,Closed,,,500,Used Oil,,
53247,Alaska,AK104,AK104_106,Closed,,,500,Used Oil,,
53248,Alaska,AK104,AK104_107,Closed,,,8000,Diesel,,
53249,Alaska,AK104,AK104_110,Closed,,,13000,Diesel,,
53250,Alaska,AK104,AK104_111,Closed,,,13000,Diesel,,
53251,Alaska,AK104,AK104_115,Closed,,,500,Gasoline,,
53252,Alaska,AK104,AK104_116,Closed,,,500,Diesel,,
53253,Alaska,AK104,AK104_123,Closed,,,550,Diesel,,
53254,Alaska,AK104,AK104_129,Closed,,,300,Used Oil,,
53255,Alaska,AK104,AK104_130,Closed,,,2000,Gasoline,,
53256,Alaska,AK104,AK104_137,Closed,,,300,Used Oil,,
53257,Alaska,AK104,AK104_140,Closed,,,500,Used Oil,,
53258,Alaska,AK104,AK104_143,Closed,,,22000,Diesel,,
53259,Alaska,AK104,AK104_164,Closed,,,150,Used Oil,,
53260,Alaska,AK104,AK104_165,Closed,,,275,Used Oil,,
53261,Alaska,AK104,AK104_166,Closed,,,1800,Diesel,,
53262,Alaska,AK104,AK104_167,Closed,,,500,Diesel,,
53263,Alaska,AK104,AK104_18,Closed,,,300,Used Oil,,
53264,Alaska,AK104,AK104_19,Closed,,,500,Kerosene,,
53265,Alaska,AK104,AK104_22,Closed,,,1500,Kerosene,,
53266,Alaska,AK104,AK104_23,Closed,,,500,Diesel,,
53267,Alaska,AK104,AK104_33,Closed,,,20000,Diesel,,
53268,Alaska,AK104,AK104_36,Closed,,,800,Used Oil,,
53269,Alaska,AK104,AK104_37,Closed,,,1300,Diesel,,
53270,Alaska,AK104,AK104_38,Closed,,,1300,Diesel,,
53271,Alaska,AK104,AK104_39,Closed,,,1300,Diesel,,
53272,Alaska,AK104,AK104_40,Closed,,,1000,Diesel,,
53273,Alaska,AK104,AK104_41,Closed,,,1000,Diesel,,
53274,Alaska,AK104,AK104_42,Closed,,,1000,Diesel,,
53275,Alaska,AK104,AK104_43,Closed,,,1000,Diesel,,
53276,Alaska,AK104,AK104_45,Closed,,,10300,Diesel,,
53277,Alaska,AK104,AK104_46,Closed,,,10300,Diesel,,
53278,Alaska,AK104,AK104_47,Closed,,,10300,Diesel,,
53279,Alaska,AK104,AK104_48,Closed,,,500,Used Oil,,
53280,Alaska,AK104,AK104_50,Closed,,,1000,Diesel,,
53281,Alaska,AK104,AK104_51,Closed,,,22000,Diesel,,
53282,Alaska,AK104,AK104_55,Closed,,,500,Diesel,,
53283,Alaska,AK104,AK104_56,Closed,,,500,Used Oil,,
53284,Alaska,AK104,AK104_57,Closed,,,500,Diesel,,
53285,Alaska,AK104,AK104_61,Closed,,,1000,Diesel,,
53286,Alaska,AK104,AK104_62,Closed,,,500,Diesel,,
53287,Alaska,AK104,AK104_63,Closed,,,12500,Diesel,,
53288,Alaska,AK104,AK104_65,Closed,,,300,Diesel,,
53289,Alaska,AK104,AK104_66,Closed,,,600,Used Oil,,
53290,Alaska,AK104,AK104_67,Closed,,,7500,Diesel,,
53291,Alaska,AK104,AK104_71,Closed,,,10000,Diesel,,
53292,Alaska,AK104,AK104_72,Closed,,,10000,Diesel,,
53293,Alaska,AK104,AK104_73,Closed,,,1000,Gasoline,,
53294,Alaska,AK104,AK104_74,Closed,,,850,Diesel,,
53295,Alaska,AK104,AK104_78,Closed,,,500,Diesel,,
53296,Alaska,AK104,AK104_79,Closed,,,300,Diesel,,
53297,Alaska,AK104,AK104_80,Closed,,,300,Diesel,,
53298,Alaska,AK104,AK104_81,Closed,,,300,Diesel,,
53299,Alaska,AK104,AK104_82,Closed,,,300,Diesel,,
53300,Alaska,AK104,AK104_83,Closed,,,850,Diesel,,
53301,Alaska,AK104,AK104_84,Closed,,,850,Diesel,,
53302,Alaska,AK104,AK104_85,Closed,,,500,Diesel,,
53303,Alaska,AK104,AK104_86,Closed,,,5000,Kerosene,,
53304,Alaska,AK104,AK104_9,Closed,,,600,Used Oil,,
53305,Alaska,AK104,AK104_90,Closed,,,600,Used Oil,,
53306,Alaska,AK104,AK104_91,Closed,,,500,Used Oil,,
53307,Alaska,AK104,AK104_92,Closed,,,23450,Used Oil,,
53308,Alaska,AK104,AK104_93,Closed,,,1000,Diesel,,
53309,Alaska,AK104,AK104_95,Closed,,,600,Diesel,,
53310,Alaska,AK104,AK104_96,Closed,,,600,Diesel,,
53311,Alaska,AK104,AK104_97,Closed,,,600,Diesel,,
53312,Alaska,AK104,AK104_98,Closed,,,1000,Diesel,,
53313,Alaska,AK1045,AK1045_1,Closed,,,500,Gasoline,,
53314,Alaska,AK1057,AK1057_1,Closed,,,500,Gasoline,,
53315,Alaska,AK1057,AK1057_2,Closed,,,500,Diesel,,
53316,Alaska,AK1110,AK1110_6,Closed,,,250,Diesel,,
53317,Alaska,AK1115,AK1115_5,Closed,,,10000,Diesel,,
53318,Alaska,AK1115,AK1115_6,Closed,,,10000,Diesel,,
53319,Alaska,AK113,AK113_5,Closed,,,3000,Diesel,,
53320,Alaska,AK1157,AK1157_1,Closed,,,500,Gasoline,,
53321,Alaska,AK116,AK116_1,Closed,,,1000,Gasoline,,
53322,Alaska,AK116,AK116_2,Closed,,,500,Gasoline,,
53323,Alaska,AK116,AK116_3,Closed,,,500,Unknown,,
53324,Alaska,AK1165,AK1165_1,Closed,,,1000,Gasoline,,
53325,Alaska,AK1165,AK1165_2,Closed,,,1000,Diesel,,
53326,Alaska,AK118,AK118_2,Closed,,,1000,Gasoline,,
53327,Alaska,AK118,AK118_3,Closed,,,300,Diesel,,
53328,Alaska,AK1187,AK1187_2,Closed,,,1500,Gasoline,,
53329,Alaska,AK1187,AK1187_3,Closed,,,1500,Gasoline,,
53330,Alaska,AK1200,AK1200_3,Closed,,,1000,Used Oil,,
53331,Alaska,AK1221,AK1221_2,Closed,,,500,Used Oil,,
53332,Alaska,AK1248,AK1248_5,Closed,,,2000,Diesel,,
53333,Alaska,AK1251,AK1251_2,Closed,,,500,Diesel,,
53334,Alaska,AK1261,AK1261_4,Closed,,,1000,Other,,
53335,Alaska,AK1269,AK1269_2,Closed,,,5000,Gasoline,,
53336,Alaska,AK1296,AK1296_1,Closed,,,1500,Diesel,,
53337,Alaska,AK132,AK132_3,Closed,,,1000,Diesel,,
53338,Alaska,AK1326,AK1326_4,Open,,,550,Used Oil,,
53339,Alaska,AK1329,AK1329_2,Closed,,,500,Diesel,,
53340,Alaska,AK1338,AK1338_7,Closed,,,1000,Gasoline,,
53341,Alaska,AK1338,AK1338_8,Closed,,,1000,Diesel,,
53342,Alaska,AK134,AK134_10,Closed,,,5000,Diesel,,
53343,Alaska,AK134,AK134_9,Closed,,,2000,Diesel,,
53344,Alaska,AK1347,AK1347_3,Closed,,,1500,Diesel,,
53345,Alaska,AK135,AK135_2,Closed,,,1000,Diesel,,
53346,Alaska,AK1356,AK1356_2,Closed,,,1000,Diesel,,
53347,Alaska,AK1363,AK1363_4,Closed,,,1000,Used Oil,,
53348,Alaska,AK1363,AK1363_5,Closed,,,500,Used Oil,,
53349,Alaska,AK1366,AK1366_2,Closed,,,6200,Diesel,,
53350,Alaska,AK138,AK138_1,Closed,,,1000,Gasoline,,
53351,Alaska,AK138,AK138_2,Closed,,,1000,Gasoline,,
53352,Alaska,AK138,AK138_3,Closed,,,500,Gasoline,,
53353,Alaska,AK1400,AK1400_1,Closed,,,1000,Gasoline,,
53354,Alaska,AK1400,AK1400_2,Closed,,,1000,Gasoline,,
53355,Alaska,AK1403,AK1403_3,Closed,,,3000,Gasoline,,
53356,Alaska,AK1403,AK1403_4,Closed,,,500,Used Oil,,
53357,Alaska,AK1404,AK1404_5,Closed,,,400,Used Oil,,
53358,Alaska,AK1404,AK1404_6,Closed,,,500,Used Oil,,
53359,Alaska,AK1410,AK1410_1,Closed,,,500,Diesel,,
53360,Alaska,AK1410,AK1410_6,Closed,,,500,Diesel,,
53361,Alaska,AK1410,AK1410_7,Closed,,,500,Diesel,,
53362,Alaska,AK1420,AK1420_3,Closed,,,1100,Diesel,,
53363,Alaska,AK1432,AK1432_2,Closed,,,2000,Used Oil,,
53364,Alaska,AK1443,AK1443_23,Closed,,,12000,Diesel,,
53365,Alaska,AK1443,AK1443_24,Closed,,,1000,Diesel,,
53366,Alaska,AK1443,AK1443_26,Closed,,,300,Diesel,,
53367,Alaska,AK1450,AK1450_1,Closed,,,500,Gasoline,,
53368,Alaska,AK1455,AK1455_1,Closed,,,2000,Gasoline,,
53369,Alaska,AK1455,AK1455_2,Closed,,,750,Used Oil,,
53370,Alaska,AK1459,AK1459_1,Closed,,,1000,Gasoline,,
53371,Alaska,AK1459,AK1459_2,Closed,,,800,Diesel,,
53372,Alaska,AK1459,AK1459_3,Closed,,,500,Gasoline,,
53373,Alaska,AK1476,AK1476_11,Closed,,,1000,Gasoline,,
53374,Alaska,AK1476,AK1476_12,Closed,,,500,Used Oil,,
53375,Alaska,AK1479,AK1479_2,Closed,,,3000,Gasoline,,
53376,Alaska,AK1479,AK1479_3,Closed,,,650,Gasoline,,
53377,Alaska,AK1479,AK1479_4,Closed,,,650,Gasoline,,
53378,Alaska,AK1494,AK1494_3,Closed,,,1000,Gasoline,,
53379,Alaska,AK1501,AK1501_10,Closed,,,240,Used Oil,,
53380,Alaska,AK1501,AK1501_20,Closed,,,500,Used Oil,,
53381,Alaska,AK1501,AK1501_29,Closed,,,5000,Diesel,,
53382,Alaska,AK1501,AK1501_30,Closed,,,240,Used Oil,,
53383,Alaska,AK1501,AK1501_7,Closed,,,1000,Diesel,,
53384,Alaska,AK1501,AK1501_9,Closed,,,240,Used Oil,,
53385,Alaska,AK1509,AK1509_1,Closed,,,500,Gasoline,,
53386,Alaska,AK1539,AK1539_3,Closed,,,12000,Diesel,,
53387,Alaska,AK1543,AK1543_1,Closed,,,3000,Diesel,,
53388,Alaska,AK1543,AK1543_2,Closed,,,2000,Gasoline,,
53389,Alaska,AK1543,AK1543_3,Closed,,,3000,Gasoline,,
53390,Alaska,AK1543,AK1543_6,Closed,,,3000,Diesel,,
53391,Alaska,AK1550,AK1550_1,Closed,,,500,Gasoline,,
53392,Alaska,AK1550,AK1550_2,Closed,,,1000,Gasoline,,
53393,Alaska,AK1561,AK1561_5,Closed,,,2400,Used Oil,,
53394,Alaska,AK1564,AK1564_4,Closed,,,1000,Diesel,,
53395,Alaska,AK1574,AK1574_1,Closed,,,4000,Diesel,,
53396,Alaska,AK1582,AK1582_2,Closed,,,10000,Gasoline,,
53397,Alaska,AK1582,AK1582_3,Closed,,,10000,Diesel,,
53398,Alaska,AK1582,AK1582_6,Closed,,,50000,Diesel,,
53399,Alaska,AK1582,AK1582_7,Closed,,,50000,Gasoline,,
53400,Alaska,AK1583,AK1583_1,Closed,,,500,Diesel,,
53401,Alaska,AK1590,AK1590_1,Closed,,,1000,Diesel,,
53402,Alaska,AK1592,AK1592_1,Closed,,,2000,Gasoline,,
53403,Alaska,AK1592,AK1592_2,Closed,,,2000,Gasoline,,
53404,Alaska,AK1592,AK1592_3,Closed,,,2000,Gasoline,,
53405,Alaska,AK1592,AK1592_4,Closed,,,2000,Gasoline,,
53406,Alaska,AK1592,AK1592_5,Closed,,,500,Diesel,,
53407,Alaska,AK1599,AK1599_6,Closed,,,1000,Diesel,,
53408,Alaska,AK1599,AK1599_7,Closed,,,500,Used Oil,,
53409,Alaska,AK1611,AK1611_5,Closed,,,500,Used Oil,,
53410,Alaska,AK162,AK162_5,Closed,,,5000,Gasoline,,
53411,Alaska,AK162,AK162_6,Closed,,,5000,Diesel,,
53412,Alaska,AK162,AK162_7,Closed,,,2000,Diesel,,
53413,Alaska,AK1643,AK1643_1,Closed,,,1000,Gasoline,,
53414,Alaska,AK1643,AK1643_2,Closed,,,1000,Gasoline,,
53415,Alaska,AK1655,AK1655_3,Closed,,,500,Gasoline,,
53416,Alaska,AK1676,AK1676_3,Closed,,,300,Diesel,,
53417,Alaska,AK1678,AK1678_2,Closed,,,1000,Diesel,,
53418,Alaska,AK1686,AK1686_14,Closed,,,500,Diesel,,
53419,Alaska,AK1697,AK1697_4,Closed,,,1000,Diesel,,
53420,Alaska,AK1714,AK1714_3,Closed,,,15000,Gasoline,,
53421,Alaska,AK1728,AK1728_3,Closed,,,500,Diesel,,
53422,Alaska,AK1732,AK1732_3,Closed,,,550,Diesel,,
53423,Alaska,AK1736,AK1736_1,Closed,,,1000,Gasoline,,
53424,Alaska,AK1736,AK1736_2,Closed,,,1000,Gasoline,,
53425,Alaska,AK1739,AK1739_1,Closed,,,4000,Gasoline,,
53426,Alaska,AK1739,AK1739_2,Closed,,,4000,Gasoline,,
53427,Alaska,AK1746,AK1746_1,Closed,,,4000,Gasoline,,
53428,Alaska,AK1746,AK1746_2,Closed,,,4000,Gasoline,,
53429,Alaska,AK1746,AK1746_3,Closed,,,500,Used Oil,,
53430,Alaska,AK1748,AK1748_1,Closed,,,5000,Gasoline,,
53431,Alaska,AK1748,AK1748_2,Closed,,,1000,Gasoline,,
53432,Alaska,AK1748,AK1748_3,Closed,,,1000,Diesel,,
53433,Alaska,AK1748,AK1748_4,Closed,,,1000,Diesel,,
53434,Alaska,AK1774,AK1774_2,Closed,,,2000,Diesel,,
53435,Alaska,AK1775,AK1775_2,Closed,,,1800,Diesel,,
53436,Alaska,AK1775,AK1775_3,Closed,,,500,Gasoline,,
53437,Alaska,AK1778,AK1778_9,Closed,,,550,Used Oil,,
53438,Alaska,AK1783,AK1783_5,Closed,,,500,Used Oil,,
53439,Alaska,AK1784,AK1784_4,Closed,,,1000,Used Oil,,
53440,Alaska,AK1785,AK1785_6,Closed,,,275,Used Oil,,
53441,Alaska,AK1785,AK1785_7,Closed,,,10000,Used Oil,,
53442,Alaska,AK1785,AK1785_8,Closed,,,10000,Diesel,,
53443,Alaska,AK183,AK183_2,Closed,,,1000,Diesel,,
53444,Alaska,AK183,AK183_3,Closed,,,1000,Diesel,,
53445,Alaska,AK183,AK183_4,Closed,,,1000,Gasoline,,
53446,Alaska,AK183,AK183_5,Closed,,,1000,Gasoline,,
53447,Alaska,AK1880,AK1880_1,Closed,,,1000,Diesel,,
53448,Alaska,AK1880,AK1880_2,Closed,,,2000,Gasoline,,
53449,Alaska,AK19,AK19_8,Closed,,,1000,Used Oil,,
53450,Alaska,AK1918,AK1918_1,Closed,,,1600,Gasoline,,
53451,Alaska,AK1918,AK1918_2,Closed,,,1600,Gasoline,,
53452,Alaska,AK1921,AK1921_1,Closed,,,500,Gasoline,,
53453,Alaska,AK1945,AK1945_6,Closed,,,300,Used Oil,,
53454,Alaska,AK1949,AK1949_2,Closed,,,1000,Gasoline,,
53455,Alaska,AK1949,AK1949_3,Closed,,,1000,Gasoline,,
53456,Alaska,AK1954,AK1954_4,Closed,,,6000,Diesel,,
53457,Alaska,AK1958,AK1958_1,Closed,,,3000,Gasoline,,
53458,Alaska,AK1995,AK1995_1,Closed,,,1200,Used Oil,,
53459,Alaska,AK1996,AK1996_1,Closed,,,300,Used Oil,,
53460,Alaska,AK1998,AK1998_1,Closed,,,10000,Diesel,,
53461,Alaska,AK2002,AK2002_1,Closed,,,5000,Gasoline,,
53462,Alaska,AK2002,AK2002_2,Closed,,,5000,Gasoline,,
53463,Alaska,AK2004,AK2004_1,Closed,,,5000,Gasoline,,
53464,Alaska,AK2004,AK2004_2,Closed,,,500,Used Oil,,
53465,Alaska,AK2006,AK2006_1,Closed,,,12000,Gasoline,,
53466,Alaska,AK2006,AK2006_2,Closed,,,5000,Gasoline,,
53467,Alaska,AK2011,AK2011_1,Closed,,,500,Gasoline,,
53468,Alaska,AK2011,AK2011_2,Closed,,,500,Gasoline,,
53469,Alaska,AK2011,AK2011_3,Closed,,,500,Gasoline,,
53470,Alaska,AK2011,AK2011_4,Closed,,,500,Gasoline,,
53471,Alaska,AK2013,AK2013_10,Closed,,,2000,Used Oil,,
53472,Alaska,AK2013,AK2013_11,Closed,,,500,Diesel,,
53473,Alaska,AK2018,AK2018_1,Closed,,,10000,Diesel,,
53474,Alaska,AK2018,AK2018_2,Closed,,,400,Diesel,,
53475,Alaska,AK2043,AK2043_1,Closed,,,500,Gasoline,,
53476,Alaska,AK2043,AK2043_2,Closed,,,500,Gasoline,,
53477,Alaska,AK2043,AK2043_3,Closed,,,500,Gasoline,,
53478,Alaska,AK2043,AK2043_4,Closed,,,500,Gasoline,,
53479,Alaska,AK2048,AK2048_2,Closed,,,500,Mixture,,
53480,Alaska,AK2050,AK2050_1,Closed,,,1000,Diesel,,
53481,Alaska,AK2050,AK2050_2,Closed,,,1000,Diesel,,
53482,Alaska,AK2087,AK2087_1,Closed,,,,Diesel,,
53483,Alaska,AK2087,AK2087_2,Closed,,,,Diesel,,
53484,Alaska,AK2087,AK2087_3,Closed,,,,Diesel,,
53485,Alaska,AK2087,AK2087_4,Closed,,,,Diesel,,
53486,Alaska,AK21,AK21_1,Closed,,,2000,Gasoline,,
53487,Alaska,AK21,AK21_2,Closed,,,1000,Diesel,,
53488,Alaska,AK21,AK21_3,Closed,,,500,Gasoline,,
53489,Alaska,AK2101,AK2101_1,Closed,,,500,Gasoline,,
53490,Alaska,AK2102,AK2102_1,Closed,,,500,Gasoline,,
53491,Alaska,AK2103,AK2103_1,Closed,,,25000,Diesel,,
53492,Alaska,AK2132,AK2132_1,Closed,,,500,Gasoline,,
53493,Alaska,AK2133,AK2133_1,Closed,,,1000,Diesel,,
53494,Alaska,AK2156,AK2156_1,Closed,,,1500,Gasoline,,
53495,Alaska,AK2157,AK2157_3,Closed,,,750,Diesel,,
53496,Alaska,AK2157,AK2157_4,Closed,,,750,Diesel,,
53497,Alaska,AK2168,AK2168_2,Closed,,,1000,Diesel,,
53498,Alaska,AK217,AK217_4,Open,,,1000,Used Oil,,
53499,Alaska,AK2179,AK2179_1,Closed,,,500,Gasoline,,
53500,Alaska,AK2181,AK2181_3,Closed,,,500,Diesel,,
53501,Alaska,AK2181,AK2181_4,Closed,,,500,Diesel,,
53502,Alaska,AK2181,AK2181_5,Closed,,,500,Diesel,,
53503,Alaska,AK2181,AK2181_6,Closed,,,500,Gasoline,,
53504,Alaska,AK2182,AK2182_1,Closed,,,500,Diesel,,
53505,Alaska,AK2191,AK2191_2,Closed,,,2000,Gasoline,,
53506,Alaska,AK2191,AK2191_3,Closed,,,2000,Gasoline,,
53507,Alaska,AK2191,AK2191_4,Closed,,,500,Used Oil,,
53508,Alaska,AK2191,AK2191_5,Closed,,,1400,Gasoline,,
53509,Alaska,AK2191,AK2191_6,Closed,,,1200,Gasoline,,
53510,Alaska,AK2191,AK2191_7,Closed,,,1600,Gasoline,,
53511,Alaska,AK2211,AK2211_2,Open,,,10000,Diesel,,
53512,Alaska,AK2214,AK2214_1,Closed,,,500,Gasoline,,
53513,Alaska,AK2215,AK2215_1,Closed,,,500,Gasoline,,
53514,Alaska,AK2215,AK2215_2,Open,,,5000,Diesel,,
53515,Alaska,AK2235,AK2235_7,Closed,,,1000,Diesel,,
53516,Alaska,AK2264,AK2264_6,Closed,,,4000,Diesel,,
53517,Alaska,AK2274,AK2274_2,Closed,,,2000,Gasoline,,
53518,Alaska,AK2274,AK2274_3,Closed,,,2000,Gasoline,,
53519,Alaska,AK2274,AK2274_4,Closed,,,2000,Gasoline,,
53520,Alaska,AK2287,AK2287_1,Closed,,,12000,Gasoline,,
53521,Alaska,AK2287,AK2287_2,Closed,,,12000,Gasoline,,
53522,Alaska,AK2287,AK2287_3,Closed,,,2000,Diesel,,
53523,Alaska,AK2287,AK2287_4,Closed,,,500,Used Oil,,
53524,Alaska,AK2288,AK2288_1,Closed,,,12000,Gasoline,,
53525,Alaska,AK2288,AK2288_2,Closed,,,4000,Gasoline,,
53526,Alaska,AK2288,AK2288_3,Closed,,,3000,Gasoline,,
53527,Alaska,AK2288,AK2288_4,Closed,,,2000,Gasoline,,
53528,Alaska,AK2288,AK2288_5,Closed,,,12000,Gasoline,,
53529,Alaska,AK2288,AK2288_6,Closed,,,2000,Diesel,,
53530,Alaska,AK2288,AK2288_7,Closed,,,2000,Diesel,,
53531,Alaska,AK2288,AK2288_8,Closed,,,10000,Diesel,,
53532,Alaska,AK2288,AK2288_9,Closed,,,500,Used Oil,,
53533,Alaska,AK2291,AK2291_1,Closed,,,500,Gasoline,,
53534,Alaska,AK2307,AK2307_1,Closed,,,2500,Gasoline,,
53535,Alaska,AK2307,AK2307_2,Closed,,,2500,Gasoline,,
53536,Alaska,AK2307,AK2307_3,Closed,,,1000,Diesel,,
53537,Alaska,AK2313,AK2313_1,Closed,,,6000,Gasoline,,
53538,Alaska,AK2324,AK2324_6,Closed,,,2000,Diesel,,
53539,Alaska,AK2324,AK2324_7,Closed,,,2000,Diesel,,
53540,Alaska,AK2338,AK2338_1,Closed,,,2000,Gasoline,,
53541,Alaska,AK2339,AK2339_1,Closed,,,1200,Gasoline,,
53542,Alaska,AK2339,AK2339_2,Closed,,,500,Diesel,,
53543,Alaska,AK2341,AK2341_4,Open,,,4000,Gasoline,,
53544,Alaska,AK2355,AK2355_1,Closed,,,500,Gasoline,,
53545,Alaska,AK2355,AK2355_2,Closed,,,500,Gasoline,,
53546,Alaska,AK2357,AK2357_1,Closed,,,950,Gasoline,,
53547,Alaska,AK2357,AK2357_2,Closed,,,950,Gasoline,,
53548,Alaska,AK2357,AK2357_3,Closed,,,950,Gasoline,,
53549,Alaska,AK2368,AK2368_2,Closed,,,1000,Diesel,,
53550,Alaska,AK2371,AK2371_1,Closed,,,1000,Gasoline,,
53551,Alaska,AK2372,AK2372_1,Closed,,,5000,Gasoline,,
53552,Alaska,AK2372,AK2372_2,Closed,,,10000,Gasoline,,
53553,Alaska,AK2372,AK2372_3,Closed,,,5000,Gasoline,,
53554,Alaska,AK2372,AK2372_4,Closed,,,5000,Diesel,,
53555,Alaska,AK2375,AK2375_1,Closed,,,10000,Gasoline,,
53556,Alaska,AK2375,AK2375_3,Closed,,,1200,Diesel,,
53557,Alaska,AK2375,AK2375_4,Closed,,,1950,Diesel,,
53558,Alaska,AK2375,AK2375_5,Closed,,,1950,Diesel,,
53559,Alaska,AK2392,AK2392_1,Closed,,,500,Diesel,,
53560,Alaska,AK2392,AK2392_2,Closed,,,500,Diesel,,
53561,Alaska,AK2392,AK2392_3,Closed,,,500,Diesel,,
53562,Alaska,AK2392,AK2392_4,Closed,,,500,Diesel,,
53563,Alaska,AK2392,AK2392_5,Closed,,,500,Diesel,,
53564,Alaska,AK2396,AK2396_1,Closed,,,500,Gasoline,,
53565,Alaska,AK2396,AK2396_2,Closed,,,500,Gasoline,,
53566,Alaska,AK2396,AK2396_3,Closed,,,500,Diesel,,
53567,Alaska,AK2404,AK2404_1,Closed,,,5000,Gasoline,,
53568,Alaska,AK2408,AK2408_3,Closed,,,1000,Gasoline,,
53569,Alaska,AK2422,AK2422_1,Closed,,,1000,Gasoline,,
53570,Alaska,AK2422,AK2422_2,Closed,,,4000,Diesel,,
53571,Alaska,AK2424,AK2424_1,Closed,,,2000,Gasoline,,
53572,Alaska,AK2424,AK2424_2,Closed,,,2000,Diesel,,
53573,Alaska,AK2424,AK2424_3,Closed,,,3000,Diesel,,
53574,Alaska,AK2428,AK2428_2,Closed,,,500,Gasoline,,
53575,Alaska,AK2429,AK2429_1,Closed,,,1000,Gasoline,,
53576,Alaska,AK2429,AK2429_2,Closed,,,1000,Gasoline,,
53577,Alaska,AK2438,AK2438_1,Closed,,,1000,Gasoline,,
53578,Alaska,AK2439,AK2439_1,Closed,,,500,Gasoline,,
53579,Alaska,AK244,AK244_3,Closed,,,1000,Gasoline,,
53580,Alaska,AK2446,AK2446_1,Closed,,,1500,Gasoline,,
53581,Alaska,AK2446,AK2446_2,Closed,,,1000,Gasoline,,
53582,Alaska,AK2446,AK2446_3,Closed,,,1000,Gasoline,,
53583,Alaska,AK2446,AK2446_4,Closed,,,1000,Other,,
53584,Alaska,AK2449,AK2449_1,Closed,,,1000,Gasoline,,
53585,Alaska,AK2449,AK2449_2,Closed,,,5000,Gasoline,,
53586,Alaska,AK2449,AK2449_3,Closed,,,5000,Gasoline,,
53587,Alaska,AK2455,AK2455_1,Closed,,,500,Gasoline,,
53588,Alaska,AK2457,AK2457_1,Closed,,,25000,Gasoline,,
53589,Alaska,AK2463,AK2463_1,Closed,,,3000,Gasoline,,
53590,Alaska,AK2463,AK2463_2,Closed,,,4000,Gasoline,,
53591,Alaska,AK2463,AK2463_3,Closed,,,5000,Diesel,,
53592,Alaska,AK2463,AK2463_4,Closed,,,700,Used Oil,,
53593,Alaska,AK2464,AK2464_1,Closed,,,900,Gasoline,,
53594,Alaska,AK247,AK247_3,Closed,,,2500,Gasoline,,
53595,Alaska,AK247,AK247_4,Closed,,,1300,Diesel,,
53596,Alaska,AK247,AK247_5,Closed,,,9000,Used Oil,,
53597,Alaska,AK247,AK247_6,Closed,,,800,Diesel,,
53598,Alaska,AK2474,AK2474_7,Closed,,,550,Used Oil,,
53599,Alaska,AK2479,AK2479_3,Closed,,,4000,Gasoline,,
53600,Alaska,AK2483,AK2483_4,Closed,,,250,Used Oil,,
53601,Alaska,AK2492,AK2492_1,Closed,,,12000,Gasoline,,
53602,Alaska,AK2492,AK2492_2,Closed,,,12000,Gasoline,,
53603,Alaska,AK2492,AK2492_4,Closed,,,8000,Diesel,,
53604,Alaska,AK2495,AK2495_1,Closed,,,500,Gasoline,,
53605,Alaska,AK2495,AK2495_2,Closed,,,500,Gasoline,,
53606,Alaska,AK2495,AK2495_3,Closed,,,500,Gasoline,,
53607,Alaska,AK2498,AK2498_1,Closed,,,1000,Gasoline,,
53608,Alaska,AK2500,AK2500_1,Closed,,,3000,Gasoline,,
53609,Alaska,AK2500,AK2500_2,Closed,,,3000,Diesel,,
53610,Alaska,AK2500,AK2500_3,Closed,,,3000,Gasoline,,
53611,Alaska,AK2504,AK2504_1,Closed,,,500,Gasoline,,
53612,Alaska,AK2508,AK2508_3,Closed,,,2000,Gasoline,,
53613,Alaska,AK2515,AK2515_1,Closed,,,500,Gasoline,,
53614,Alaska,AK2516,AK2516_1,Closed,,,8000,Gasoline,,
53615,Alaska,AK2516,AK2516_2,Closed,,,8000,Diesel,,
53616,Alaska,AK2523,AK2523_1,Closed,,,500,Gasoline,,
53617,Alaska,AK253,AK253_5,Closed,,,500,Unknown,,
53618,Alaska,AK253,AK253_6,Closed,,,500,Unknown,,
53619,Alaska,AK2547,AK2547_1,Closed,,,24000,Gasoline,,
53620,Alaska,AK2547,AK2547_2,Closed,,,24000,Gasoline,,
53621,Alaska,AK2551,AK2551_1,Closed,,,8000,Gasoline,,
53622,Alaska,AK2551,AK2551_2,Closed,,,8000,Gasoline,,
53623,Alaska,AK2551,AK2551_3,Closed,,,8000,Gasoline,,
53624,Alaska,AK2551,AK2551_4,Closed,,,5000,Diesel,,
53625,Alaska,AK2554,AK2554_4,Closed,,,300,Diesel,,
53626,Alaska,AK2559,AK2559_1,Closed,,,2000,Gasoline,,
53627,Alaska,AK2559,AK2559_2,Closed,,,2000,Gasoline,,
53628,Alaska,AK2560,AK2560_4,Closed,,,500,Gasoline,,
53629,Alaska,AK2560,AK2560_5,Closed,,,2000,Used Oil,,
53630,Alaska,AK2569,AK2569_2,Closed,,,10000,Diesel,,
53631,Alaska,AK2583,AK2583_1,Closed,,,1000,Diesel,,
53632,Alaska,AK2587,AK2587_6,Closed,,,2000,Gasoline,,
53633,Alaska,AK2605,AK2605_2,Closed,,,1000,Heating Oil,,
53634,Alaska,AK2605,AK2605_3,Closed,,,1000,Gasoline,,
53635,Alaska,AK2605,AK2605_4,Closed,,,2000,Diesel,,
53636,Alaska,AK1393,AK1393_2,Closed,3/20/1984 5:00:00 AM,,300,Used Oil,,
53637,Alaska,AK1730,AK1730_1,Closed,3/20/1984 5:00:00 AM,,2000,Gasoline,,
53638,Alaska,AK134,AK134_4,Closed,3/17/1984 5:00:00 AM,,3000,Diesel,,
53639,Alaska,AK922,AK922_1,Closed,3/2/1984 5:00:00 AM,,5000,Diesel,,
53640,Alaska,AK922,AK922_2,Closed,3/2/1984 5:00:00 AM,,1500,Diesel,,
53641,Alaska,AK1248,AK1248_3,Closed,2/29/1984 5:00:00 AM,,200,Gasoline,,
53642,Alaska,AK1492,AK1492_3,Closed,2/29/1984 5:00:00 AM,,5000,Gasoline,,
53643,Alaska,AK1951,AK1951_3,Closed,2/29/1984 5:00:00 AM,,2000,Diesel,,
53644,Alaska,AK653,AK653_1,Closed,2/29/1984 5:00:00 AM,,1200,Gasoline,,
53645,Alaska,AK653,AK653_2,Closed,2/29/1984 5:00:00 AM,,1200,Gasoline,,
53646,Alaska,AK1053,AK1053_1,Closed,2/21/1984 5:00:00 AM,,300,Gasoline,,
53647,Alaska,AK1293,AK1293_1,Closed,2/20/1984 5:00:00 AM,,5000,Diesel,,
53648,Alaska,AK1936,AK1936_1,Closed,2/17/1984 5:00:00 AM,,5000,Gasoline,,
53649,Alaska,AK2333,AK2333_1,Closed,2/1/1984 5:00:00 AM,,1000,Diesel,,
53650,Alaska,AK2336,AK2336_1,Closed,2/1/1984 5:00:00 AM,,1000,Diesel,,
53651,Alaska,AK2948,AK2948_1,Closed,2/1/1984 5:00:00 AM,,12000,Gasoline,,
53652,Alaska,AK2948,AK2948_2,Closed,2/1/1984 5:00:00 AM,,12000,Gasoline,,
53653,Alaska,AK2948,AK2948_3,Closed,2/1/1984 5:00:00 AM,,8000,Gasoline,,
53654,Alaska,AK2948,AK2948_4,Closed,2/1/1984 5:00:00 AM,,8000,Diesel,,
53655,Alaska,AK825,AK825_2,Closed,1/30/1984 5:00:00 AM,,4000,Gasoline,,
53656,Alaska,AK1408,AK1408_1,Closed,1/1/1984 5:00:00 AM,,1500,Gasoline,,
53657,Alaska,AK1436,AK1436_2,Closed,1/1/1984 5:00:00 AM,,500,Used Oil,,
53658,Alaska,AK1986,AK1986_1,Closed,1/1/1984 5:00:00 AM,,10000,Gasoline,,
53659,Alaska,AK1986,AK1986_2,Closed,1/1/1984 5:00:00 AM,,10000,Gasoline,,
53660,Alaska,AK1986,AK1986_3,Closed,1/1/1984 5:00:00 AM,,4500,Diesel,,
53661,Alaska,AK2149,AK2149_1,Closed,1/1/1984 5:00:00 AM,,1000,Gasoline,,
53662,Alaska,AK2151,AK2151_1,Closed,1/1/1984 5:00:00 AM,,300,Diesel,,
53663,Alaska,AK2170,AK2170_1,Closed,1/1/1984 5:00:00 AM,,1000,Used Oil,,
53664,Alaska,AK218,AK218_1,Closed,1/1/1984 5:00:00 AM,,7500,Gasoline,,
53665,Alaska,AK218,AK218_2,Closed,1/1/1984 5:00:00 AM,,7500,Gasoline,,
53666,Alaska,AK218,AK218_3,Closed,1/1/1984 5:00:00 AM,,15000,Diesel,,
53667,Alaska,AK2279,AK2279_1,Closed,1/1/1984 5:00:00 AM,,5000,Gasoline,,
53668,Alaska,AK2279,AK2279_2,Closed,1/1/1984 5:00:00 AM,,5000,Gasoline,,
53669,Alaska,AK2279,AK2279_3,Closed,1/1/1984 5:00:00 AM,,2500,Diesel,,
53670,Alaska,AK2349,AK2349_1,Closed,1/1/1984 5:00:00 AM,,1500,Gasoline,,
53671,Alaska,AK2349,AK2349_2,Closed,1/1/1984 5:00:00 AM,,1500,Diesel,,
53672,Alaska,AK2465,AK2465_1,Closed,1/1/1984 5:00:00 AM,,1000,Diesel,,
53673,Alaska,AK2465,AK2465_2,Closed,1/1/1984 5:00:00 AM,,1000,Gasoline,,
53674,Alaska,AK2505,AK2505_1,Closed,1/1/1984 5:00:00 AM,,900,Gasoline,,
53675,Alaska,AK2555,AK2555_1,Closed,1/1/1984 5:00:00 AM,,1000,Diesel,,
53676,Alaska,AK2555,AK2555_3,Closed,1/1/1984 5:00:00 AM,,10000,Diesel,,
53677,Alaska,AK2569,AK2569_1,Closed,1/1/1984 5:00:00 AM,,300,Used Oil,,
53678,Alaska,AK2582,AK2582_3,Closed,1/1/1984 5:00:00 AM,,1000,Gasoline,,
53679,Alaska,AK2620,AK2620_1,Closed,1/1/1984 5:00:00 AM,,2000,Gasoline,,
53680,Alaska,AK2657,AK2657_1,Closed,1/1/1984 5:00:00 AM,,1000,Diesel,,
53681,Alaska,AK2658,AK2658_1,Closed,1/1/1984 5:00:00 AM,,1000,Diesel,,
53682,Alaska,AK2659,AK2659_1,Closed,1/1/1984 5:00:00 AM,,1000,Diesel,,
53683,Alaska,AK2752,AK2752_1,Closed,1/1/1984 5:00:00 AM,,1000,Diesel,,
53684,Alaska,AK2752,AK2752_2,Closed,1/1/1984 5:00:00 AM,,250,Used Oil,,
53685,Alaska,AK2765,AK2765_1,Closed,1/1/1984 5:00:00 AM,,12000,Diesel,,
53686,Alaska,AK1448,AK1448_4,Closed,6/1/1976 4:00:00 AM,,10000,Diesel,,
53687,Alaska,AK2835,AK2835_1,Closed,1/1/1984 5:00:00 AM,,6423,Diesel,,
53688,Alaska,AK2454,AK2454_1,Closed,6/1/1976 4:00:00 AM,,3000,Gasoline,,
53689,Alaska,AK2454,AK2454_2,Closed,6/1/1976 4:00:00 AM,,2000,Gasoline,,
53690,Alaska,AK2835,AK2835_3,Closed,1/1/1984 5:00:00 AM,,300,Used Oil,,
53691,Alaska,AK1628,AK1628_1,Closed,5/30/1976 4:00:00 AM,,500,Gasoline,,
53692,Alaska,AK2928,AK2928_1,Closed,1/1/1984 5:00:00 AM,,1000,Diesel,,
53693,Alaska,AK1944,AK1944_1,Closed,5/24/1976 4:00:00 AM,,4000,Diesel,,
53694,Alaska,AK2931,AK2931_1,Closed,1/1/1984 5:00:00 AM,,1000,Diesel,,
53695,Alaska,AK1604,AK1604_1,Closed,5/22/1976 4:00:00 AM,,500,Gasoline,,
53696,Alaska,AK2937,AK2937_1,Closed,1/1/1984 5:00:00 AM,,500,Gasoline,,
53697,Alaska,AK1145,AK1145_1,Closed,5/21/1976 4:00:00 AM,,1000,Gasoline,,
53698,Alaska,AK2942,AK2942_1,Closed,1/1/1984 5:00:00 AM,,500,Diesel,,
53699,Alaska,AK25,AK25_1,Closed,5/20/1976 4:00:00 AM,,6000,Gasoline,,
53700,Alaska,AK2952,AK2952_1,Closed,1/1/1984 5:00:00 AM,,500,Gasoline,,
53701,Alaska,AK25,AK25_2,Closed,5/20/1976 4:00:00 AM,,4000,Gasoline,,
53702,Alaska,AK2952,AK2952_2,Closed,1/1/1984 5:00:00 AM,,500,Gasoline,,
53703,Alaska,AK305,AK305_1,Closed,5/20/1976 4:00:00 AM,,6000,Diesel,,
53704,Alaska,AK2952,AK2952_3,Closed,1/1/1984 5:00:00 AM,,1000,Gasoline,,
53705,Alaska,AK2970,AK2970_3,Closed,1/1/1984 5:00:00 AM,,5000,Diesel,,
53706,Alaska,AK305,AK305_2,Closed,5/20/1976 4:00:00 AM,,1000,Gasoline,,
53707,Alaska,AK2970,AK2970_4,Closed,1/1/1984 5:00:00 AM,,5000,Gasoline,,
53708,Alaska,AK2970,AK2970_5,Closed,1/1/1984 5:00:00 AM,,5000,Gasoline,,
53709,Alaska,AK547,AK547_1,Closed,5/20/1976 4:00:00 AM,,2000,Diesel,,
53710,Alaska,AK3075,AK3075_1,Closed,1/1/1984 5:00:00 AM,,500,Diesel,,
53711,Alaska,AK72,AK72_1,Closed,5/20/1976 4:00:00 AM,,1200,Gasoline,,
53712,Alaska,AK3082,AK3082_1,Closed,1/1/1984 5:00:00 AM,,300,Diesel,,
53713,Alaska,AK72,AK72_2,Closed,5/20/1976 4:00:00 AM,,1200,Gasoline,,
53714,Alaska,AK3085,AK3085_1,Closed,1/1/1984 5:00:00 AM,,350,Diesel,,
53715,Alaska,AK1597,AK1597_1,Closed,5/18/1976 4:00:00 AM,,500,Gasoline,,
53716,Alaska,AK3198,AK3198_1,Closed,1/1/1984 5:00:00 AM,,1000,Diesel,,
53717,Alaska,AK831,AK831_1,Closed,5/14/1976 4:00:00 AM,,2000,Gasoline,,
53718,Alaska,AK3198,AK3198_2,Closed,1/1/1984 5:00:00 AM,,500,Gasoline,,
53719,Alaska,AK1027,AK1027_1,Closed,5/12/1976 4:00:00 AM,,500,Gasoline,,
53720,Alaska,AK3200,AK3200_1,Closed,1/1/1984 5:00:00 AM,,2000,Diesel,,
53721,Alaska,AK404,AK404_1,Closed,5/12/1976 4:00:00 AM,,4000,Gasoline,,
53722,Alaska,AK3210,AK3210_1,Closed,1/1/1984 5:00:00 AM,,500,Diesel,,
53723,Alaska,AK404,AK404_2,Closed,5/12/1976 4:00:00 AM,,4000,Gasoline,,
53724,Alaska,AK3274,AK3274_1,Closed,1/1/1984 5:00:00 AM,,20000,Diesel,,
53725,Alaska,AK404,AK404_3,Closed,5/12/1976 4:00:00 AM,,4000,Gasoline,,
53726,Alaska,AK34,AK34_5,Closed,1/1/1984 5:00:00 AM,,1000,Gasoline,,
53727,Alaska,AK404,AK404_4,Closed,5/12/1976 4:00:00 AM,,4000,Diesel,,
53728,Alaska,AK34,AK34_6,Closed,1/1/1984 5:00:00 AM,,1000,Gasoline,,
53729,Alaska,AK1323,AK1323_1,Closed,5/10/1976 4:00:00 AM,,500,Gasoline,,
53730,Alaska,AK3476,AK3476_1,Closed,1/1/1984 5:00:00 AM,,1500,Diesel,,
53731,Alaska,AK1635,AK1635_1,Closed,5/10/1976 4:00:00 AM,,980,Gasoline,,
53732,Alaska,AK569,AK569_2,Closed,1/1/1984 5:00:00 AM,,300,Used Oil,,
53733,Alaska,AK1070,AK1070_1,Closed,5/8/1976 4:00:00 AM,,4000,Gasoline,,
53734,Alaska,AK603,AK603_1,Closed,1/1/1984 5:00:00 AM,,500,Diesel,,
53735,Alaska,AK1174,AK1174_1,Closed,5/8/1976 4:00:00 AM,,1000,Diesel,,
53736,Alaska,AK603,AK603_2,Closed,1/1/1984 5:00:00 AM,,500,Gasoline,,
53737,Alaska,AK1174,AK1174_2,Closed,5/8/1976 4:00:00 AM,,1000,Gasoline,,
53738,Alaska,AK643,AK643_1,Closed,1/1/1984 5:00:00 AM,,10000,Gasoline,,
53739,Alaska,AK1392,AK1392_1,Closed,5/8/1976 4:00:00 AM,,500,Gasoline,,
53740,Alaska,AK643,AK643_2,Closed,1/1/1984 5:00:00 AM,,10000,Gasoline,,
53741,Alaska,AK1498,AK1498_1,Closed,5/8/1976 4:00:00 AM,,12000,Gasoline,,
53742,Alaska,AK828,AK828_2,Closed,1/1/1984 5:00:00 AM,,1000,Diesel,,
53743,Alaska,AK1498,AK1498_2,Closed,5/8/1976 4:00:00 AM,,12000,Gasoline,,
53744,Alaska,AK1498,AK1498_3,Closed,5/8/1976 4:00:00 AM,,5000,Diesel,,
53745,Alaska,AK94,AK94_4,Closed,1/1/1984 5:00:00 AM,,500,Diesel,,
53746,Alaska,AK1510,AK1510_1,Closed,5/8/1976 4:00:00 AM,,12000,Gasoline,,
53747,Alaska,AK43,AK43_7,Closed,12/20/1983 5:00:00 AM,,1000,Gasoline,,
53748,Alaska,AK1510,AK1510_2,Closed,5/8/1976 4:00:00 AM,,12000,Gasoline,,
53749,Alaska,AK1063,AK1063_23,Closed,12/19/1983 5:00:00 AM,,5000,Diesel,,
53750,Alaska,AK1510,AK1510_3,Closed,5/8/1976 4:00:00 AM,,5000,Diesel,,
53751,Alaska,AK1335,AK1335_1,Closed,12/19/1983 5:00:00 AM,,2000,Gasoline,,
53752,Alaska,AK1780,AK1780_2,Closed,5/8/1976 4:00:00 AM,,1000,Gasoline,,
53753,Alaska,AK1326,AK1326_1,Closed,11/12/1983 5:00:00 AM,,2000,Diesel,,
53754,Alaska,AK1785,AK1785_1,Closed,5/8/1976 4:00:00 AM,,3000,Diesel,,
53755,Alaska,AK1326,AK1326_2,Closed,11/12/1983 5:00:00 AM,,8000,Gasoline,,
53756,Alaska,AK1785,AK1785_2,Closed,5/8/1976 4:00:00 AM,,3000,Gasoline,,
53757,Alaska,AK1970,AK1970_1,Closed,11/9/1983 5:00:00 AM,,3000,Diesel,,
53758,Alaska,AK1956,AK1956_11,Closed,10/25/1983 4:00:00 AM,,1000,Diesel,,
53759,Alaska,AK1956,AK1956_2,Closed,10/25/1983 4:00:00 AM,,500,Diesel,,
53760,Alaska,AK264,AK264_3,Closed,10/3/1983 4:00:00 AM,,15000,Diesel,,
53761,Alaska,AK2956,AK2956_1,Closed,10/1/1983 4:00:00 AM,,2000,Diesel,,
53762,Alaska,AK2010,AK2010_1,Closed,9/19/1983 4:00:00 AM,,2000,Gasoline,,
53763,Alaska,AK2203,AK2203_1,Closed,9/1/1983 4:00:00 AM,,2000,Gasoline,,
53764,Alaska,AK336,AK336_1,Closed,9/1/1983 4:00:00 AM,,4000,Gasoline,,
53765,Alaska,AK336,AK336_2,Closed,9/1/1983 4:00:00 AM,,2000,Gasoline,,
53766,Alaska,AK1415,AK1415_3,Closed,8/26/1983 4:00:00 AM,,500,Used Oil,,
53767,Alaska,AK1963,AK1963_1,Closed,8/8/1983 4:00:00 AM,,10000,Diesel,,
53768,Alaska,AK1963,AK1963_2,Closed,8/8/1983 4:00:00 AM,,10000,Diesel,,
53769,Alaska,AK1963,AK1963_3,Closed,8/8/1983 4:00:00 AM,,1500,Gasoline,,
53770,Alaska,AK1913,AK1913_1,Closed,8/2/1983 4:00:00 AM,,2400,Diesel,,
53771,Alaska,AK1926,AK1926_1,Closed,7/26/1983 4:00:00 AM,,10000,Gasoline,,
53772,Alaska,AK1926,AK1926_2,Closed,7/26/1983 4:00:00 AM,,10000,Gasoline,,
53773,Alaska,AK1926,AK1926_3,Closed,7/26/1983 4:00:00 AM,,10000,Diesel,,
53774,Alaska,AK1729,AK1729_1,Closed,7/25/1983 4:00:00 AM,,500,Gasoline,,
53775,Alaska,AK948,AK948_1,Closed,7/24/1983 4:00:00 AM,,1500,Gasoline,,
53776,Alaska,AK1925,AK1925_1,Closed,7/21/1983 4:00:00 AM,,2000,Diesel,,
53777,Alaska,AK1925,AK1925_2,Closed,7/21/1983 4:00:00 AM,,2000,Gasoline,,
53778,Alaska,AK123,AK123_1,Closed,7/1/1983 4:00:00 AM,,10000,Gasoline,,
53779,Alaska,AK123,AK123_2,Closed,7/1/1983 4:00:00 AM,,10000,Gasoline,,
53780,Alaska,AK1988,AK1988_1,Closed,7/1/1983 4:00:00 AM,,10000,Gasoline,,
53781,Alaska,AK1988,AK1988_2,Closed,7/1/1983 4:00:00 AM,,10000,Gasoline,,
53782,Alaska,AK2127,AK2127_1,Closed,7/1/1983 4:00:00 AM,,10000,Diesel,,
53783,Alaska,AK2301,AK2301_1,Closed,7/1/1983 4:00:00 AM,,550,Diesel,,
53784,Alaska,AK2579,AK2579_1,Closed,7/1/1983 4:00:00 AM,,4000,Gasoline,,
53785,Alaska,AK2733,AK2733_1,Closed,7/1/1983 4:00:00 AM,,500,Diesel,,
53786,Alaska,AK2733,AK2733_2,Closed,7/1/1983 4:00:00 AM,,1000,Gasoline,,
53787,Alaska,AK1617,AK1617_1,Closed,6/27/1983 4:00:00 AM,,2000,Gasoline,,
53788,Alaska,AK1617,AK1617_2,Closed,6/27/1983 4:00:00 AM,,2000,Gasoline,,
53789,Alaska,AK1617,AK1617_3,Closed,6/27/1983 4:00:00 AM,,3000,Diesel,,
53790,Alaska,AK1010,AK1010_1,Closed,6/19/1983 4:00:00 AM,,2000,Diesel,,
53791,Alaska,AK1010,AK1010_2,Closed,6/19/1983 4:00:00 AM,,4000,Gasoline,,
53792,Alaska,AK1010,AK1010_3,Closed,6/19/1983 4:00:00 AM,,4000,Gasoline,,
53793,Alaska,AK666,AK666_1,Closed,6/10/1983 4:00:00 AM,,1000,Gasoline,,
53794,Alaska,AK666,AK666_2,Closed,6/10/1983 4:00:00 AM,,500,Gasoline,,
53795,Alaska,AK438,AK438_1,Closed,6/7/1983 4:00:00 AM,,500,Used Oil,,
53796,Alaska,AK170,AK170_1,Closed,6/2/1983 4:00:00 AM,,500,Gasoline,,
53797,Alaska,AK1409,AK1409_1,Closed,6/1/1983 4:00:00 AM,,5000,Diesel,,
53798,Alaska,AK1409,AK1409_2,Closed,6/1/1983 4:00:00 AM,,12000,Diesel,,
53799,Alaska,AK1409,AK1409_3,Closed,6/1/1983 4:00:00 AM,,3000,Gasoline,,
53800,Alaska,AK1411,AK1411_1,Closed,6/1/1983 4:00:00 AM,,12000,Gasoline,,
53801,Alaska,AK1411,AK1411_2,Closed,6/1/1983 4:00:00 AM,,12000,Diesel,,
53802,Alaska,AK1444,AK1444_1,Closed,6/1/1983 4:00:00 AM,,500,Gasoline,,
53803,Alaska,AK1444,AK1444_2,Closed,6/1/1983 4:00:00 AM,,500,Diesel,,
53804,Alaska,AK2186,AK2186_1,Closed,6/1/1983 4:00:00 AM,,10000,Gasoline,,
53805,Alaska,AK2186,AK2186_2,Closed,6/1/1983 4:00:00 AM,,10000,Gasoline,,
53806,Alaska,AK2186,AK2186_3,Closed,6/1/1983 4:00:00 AM,,5000,Gasoline,,
53807,Alaska,AK2186,AK2186_4,Closed,6/1/1983 4:00:00 AM,,1000,Used Oil,,
53808,Alaska,AK2334,AK2334_1,Closed,6/1/1983 4:00:00 AM,,4000,Diesel,,
53809,Alaska,AK2335,AK2335_1,Closed,6/1/1983 4:00:00 AM,,1000,Diesel,,
53810,Alaska,AK2350,AK2350_1,Closed,6/1/1983 4:00:00 AM,,5000,Diesel,,
53811,Alaska,AK2410,AK2410_1,Closed,6/1/1983 4:00:00 AM,,500,Gasoline,,
53812,Alaska,AK2456,AK2456_1,Closed,6/1/1983 4:00:00 AM,,1000,Gasoline,,
53813,Alaska,AK2906,AK2906_1,Closed,6/1/1983 4:00:00 AM,,2000,Diesel,,
53814,Alaska,AK3345,AK3345_1,Closed,6/1/1983 4:00:00 AM,,12000,Diesel,,
53815,Alaska,AK3347,AK3347_3,Closed,6/1/1983 4:00:00 AM,,500,Diesel,,
53816,Alaska,AK3347,AK3347_4,Closed,6/1/1983 4:00:00 AM,,500,Diesel,,
53817,Alaska,AK93,AK93_2,Closed,6/1/1983 4:00:00 AM,,4000,Gasoline,,
53818,Alaska,AK93,AK93_3,Closed,6/1/1983 4:00:00 AM,,8000,Diesel,,
53819,Alaska,AK203,AK203_1,Closed,5/30/1983 4:00:00 AM,,3000,Gasoline,,
53820,Alaska,AK203,AK203_2,Closed,5/30/1983 4:00:00 AM,,3000,Gasoline,,
53821,Alaska,AK1941,AK1941_1,Closed,5/24/1983 4:00:00 AM,,1000,Diesel,,
53822,Alaska,AK1942,AK1942_1,Closed,5/24/1983 4:00:00 AM,,500,Diesel,,
53823,Alaska,AK1942,AK1942_2,Closed,5/24/1983 4:00:00 AM,,500,Diesel,,
53824,Alaska,AK1065,AK1065_1,Closed,5/21/1983 4:00:00 AM,,5000,Gasoline,,
53825,Alaska,AK1065,AK1065_2,Closed,5/21/1983 4:00:00 AM,,5000,Gasoline,,
53826,Alaska,AK896,AK896_1,Closed,5/18/1983 4:00:00 AM,,1500,Gasoline,,
53827,Alaska,AK1785,AK1785_3,Closed,5/8/1976 4:00:00 AM,,2000,Gasoline,,
53828,Alaska,AK1785,AK1785_4,Closed,5/8/1976 4:00:00 AM,,6000,Diesel,,
53829,Alaska,AK1785,AK1785_5,Closed,5/8/1976 4:00:00 AM,,3000,Diesel,,
53830,Alaska,AK1191,AK1191_1,Open,5/9/1983 4:00:00 AM,,5000,Gasoline,,
53831,Alaska,AK1191,AK1191_2,Open,5/9/1983 4:00:00 AM,,5000,Diesel,,
53832,Alaska,AK421,AK421_2,Closed,5/9/1983 4:00:00 AM,,2000,Gasoline,,
53833,Alaska,AK49,AK49_1,Closed,5/9/1983 4:00:00 AM,,10000,Gasoline,,
53834,Alaska,AK49,AK49_2,Closed,5/9/1983 4:00:00 AM,,4000,Gasoline,,
53835,Alaska,AK183,AK183_1,Closed,5/8/1983 4:00:00 AM,,500,Used Oil,,
53836,Alaska,AK307,AK307_1,Closed,5/8/1983 4:00:00 AM,,500,Gasoline,,
53837,Alaska,AK307,AK307_2,Closed,5/8/1983 4:00:00 AM,,1000,Gasoline,,
53838,Alaska,AK425,AK425_2,Closed,5/8/1983 4:00:00 AM,,15000,Diesel,,
53839,Alaska,AK425,AK425_3,Closed,5/8/1983 4:00:00 AM,,15000,Diesel,,
53840,Alaska,AK425,AK425_4,Closed,5/8/1983 4:00:00 AM,,10000,Diesel,,
53841,Alaska,AK726,AK726_2,Closed,5/8/1983 4:00:00 AM,,5000,Gasoline,,
53842,Alaska,AK1547,AK1547_1,Closed,5/7/1983 4:00:00 AM,,1000,Gasoline,,
53843,Alaska,AK1547,AK1547_2,Closed,5/7/1983 4:00:00 AM,,1000,Gasoline,,
53844,Alaska,AK1630,AK1630_3,Closed,5/7/1983 4:00:00 AM,,1500,Diesel,,
53845,Alaska,AK264,AK264_10,Closed,5/7/1983 4:00:00 AM,,4000,Gasoline,,
53846,Alaska,AK264,AK264_11,Closed,5/7/1983 4:00:00 AM,,4000,Gasoline,,
53847,Alaska,AK264,AK264_4,Closed,5/7/1983 4:00:00 AM,,4000,Used Oil,,
53848,Alaska,AK264,AK264_5,Closed,5/7/1983 4:00:00 AM,,4000,Used Oil,,
53849,Alaska,AK264,AK264_6,Closed,5/7/1983 4:00:00 AM,,4000,Used Oil,,
53850,Alaska,AK264,AK264_7,Closed,5/7/1983 4:00:00 AM,,4000,Used Oil,,
53851,Alaska,AK264,AK264_8,Open,5/7/1983 4:00:00 AM,,2000,Hazardous Substance,,
53852,Alaska,AK445,AK445_3,Closed,5/7/1983 4:00:00 AM,,1200,Used Oil,,
53853,Alaska,AK594,AK594_3,Closed,5/7/1983 4:00:00 AM,,1000,Diesel,,
53854,Alaska,AK1290,AK1290_1,Closed,5/6/1983 4:00:00 AM,,500,Diesel,,
53855,Alaska,AK1290,AK1290_2,Closed,5/6/1983 4:00:00 AM,,500,Gasoline,,
53856,Alaska,AK1600,AK1600_1,Closed,5/6/1983 4:00:00 AM,,5000,Gasoline,,
53857,Alaska,AK1600,AK1600_2,Closed,5/6/1983 4:00:00 AM,,5000,Gasoline,,
53858,Alaska,AK17,AK17_1,Open,5/6/1983 4:00:00 AM,,25000,Kerosene,,
53859,Alaska,AK17,AK17_2,Open,5/6/1983 4:00:00 AM,,50000,Diesel,,
53860,Alaska,AK17,AK17_3,Open,5/6/1983 4:00:00 AM,,50000,Diesel,,
53861,Alaska,AK17,AK17_4,Open,5/6/1983 4:00:00 AM,,25000,Kerosene,,
53862,Alaska,AK1735,AK1735_1,Closed,5/6/1983 4:00:00 AM,,2000,Gasoline,,
53863,Alaska,AK186,AK186_1,Closed,5/6/1983 4:00:00 AM,,1500,Gasoline,,
53864,Alaska,AK186,AK186_2,Closed,5/6/1983 4:00:00 AM,,1500,Gasoline,,
53865,Alaska,AK422,AK422_1,Closed,5/6/1983 4:00:00 AM,,3000,Diesel,,
53866,Alaska,AK422,AK422_2,Closed,5/6/1983 4:00:00 AM,,3000,Kerosene,,
53867,Alaska,AK422,AK422_3,Closed,5/6/1983 4:00:00 AM,,2000,Kerosene,,
53868,Alaska,AK422,AK422_4,Closed,5/6/1983 4:00:00 AM,,2000,Kerosene,,
53869,Alaska,AK548,AK548_3,Closed,5/6/1983 4:00:00 AM,,1000,Used Oil,,
53870,Alaska,AK646,AK646_1,Closed,5/6/1983 4:00:00 AM,,2000,Diesel,,
53871,Alaska,AK872,AK872_4,Closed,5/6/1983 4:00:00 AM,,8000,Diesel,,
53872,Alaska,AK122,AK122_1,Closed,5/4/1983 4:00:00 AM,,500,Gasoline,,
53873,Alaska,AK1753,AK1753_1,Closed,5/3/1983 4:00:00 AM,,2000,Gasoline,,
53874,Alaska,AK1753,AK1753_2,Closed,5/3/1983 4:00:00 AM,,2000,Gasoline,,
53875,Alaska,AK219,AK219_2,Closed,5/3/1983 4:00:00 AM,,2000,Diesel,,
53876,Alaska,AK1673,AK1673_1,Closed,5/2/1983 4:00:00 AM,,500,Gasoline,,
53877,Alaska,AK37,AK37_3,Closed,5/2/1983 4:00:00 AM,,1000,Gasoline,,
53878,Alaska,AK1143,AK1143_1,Closed,5/1/1983 4:00:00 AM,,5000,Gasoline,,
53879,Alaska,AK1367,AK1367_5,Closed,5/1/1983 4:00:00 AM,,500,Used Oil,,
53880,Alaska,AK1367,AK1367_6,Closed,5/1/1983 4:00:00 AM,,500,Used Oil,,
53881,Alaska,AK2862,AK2862_1,Closed,5/1/1983 4:00:00 AM,,10000,Gasoline,,
53882,Alaska,AK2862,AK2862_2,Closed,5/1/1983 4:00:00 AM,,10000,Diesel,,
53883,Alaska,AK2862,AK2862_3,Closed,5/1/1983 4:00:00 AM,,10000,Gasoline,,
53884,Alaska,AK1269,AK1269_1,Closed,4/30/1983 4:00:00 AM,,5000,Gasoline,,
53885,Alaska,AK1707,AK1707_1,Closed,4/30/1983 4:00:00 AM,,500,Gasoline,,
53886,Alaska,AK1162,AK1162_1,Closed,4/29/1983 4:00:00 AM,,460,Gasoline,,
53887,Alaska,AK1265,AK1265_1,Closed,4/29/1983 4:00:00 AM,,500,Gasoline,,
53888,Alaska,AK1663,AK1663_1,Closed,4/29/1983 4:00:00 AM,,500,Gasoline,,
53889,Alaska,AK1224,AK1224_3,Closed,4/28/1983 4:00:00 AM,,5000,Gasoline,,
53890,Alaska,AK2003,AK2003_2,Closed,4/28/1983 4:00:00 AM,,2000,Gasoline,,
53891,Alaska,AK38,AK38_1,Closed,4/27/1983 4:00:00 AM,,2500,Diesel,,
53892,Alaska,AK38,AK38_2,Closed,4/27/1983 4:00:00 AM,,5000,Diesel,,
53893,Alaska,AK1137,AK1137_1,Closed,4/26/1983 4:00:00 AM,,2000,Gasoline,,
53894,Alaska,AK1452,AK1452_1,Closed,4/26/1983 4:00:00 AM,,12000,Gasoline,,
53895,Alaska,AK1452,AK1452_2,Closed,4/26/1983 4:00:00 AM,,10000,Gasoline,,
53896,Alaska,AK1452,AK1452_3,Closed,4/26/1983 4:00:00 AM,,10000,Gasoline,,
53897,Alaska,AK1452,AK1452_4,Closed,4/26/1983 4:00:00 AM,,5000,Gasoline,,
53898,Alaska,AK1452,AK1452_5,Closed,4/26/1983 4:00:00 AM,,5000,Gasoline,,
53899,Alaska,AK913,AK913_1,Closed,4/26/1983 4:00:00 AM,,500,Gasoline,,
53900,Alaska,AK1114,AK1114_1,Closed,4/24/1983 4:00:00 AM,,12000,Diesel,,
53901,Alaska,AK1114,AK1114_2,Closed,4/24/1983 4:00:00 AM,,12000,Diesel,,
53902,Alaska,AK1114,AK1114_3,Closed,4/24/1983 4:00:00 AM,,12000,Gasoline,,
53903,Alaska,AK1114,AK1114_4,Closed,4/24/1983 4:00:00 AM,,12000,Gasoline,,
53904,Alaska,AK1159,AK1159_2,Closed,4/24/1983 4:00:00 AM,,2000,Gasoline,,
53905,Alaska,AK1159,AK1159_3,Closed,4/24/1983 4:00:00 AM,,2000,Gasoline,,
53906,Alaska,AK1422,AK1422_1,Closed,4/23/1983 4:00:00 AM,,500,Gasoline,,
53907,Alaska,AK1471,AK1471_1,Closed,4/23/1983 4:00:00 AM,,12000,Gasoline,,
53908,Alaska,AK1471,AK1471_2,Closed,4/23/1983 4:00:00 AM,,12000,Diesel,,
53909,Alaska,AK1471,AK1471_3,Closed,4/23/1983 4:00:00 AM,,12000,Gasoline,,
53910,Alaska,AK1471,AK1471_4,Closed,4/23/1983 4:00:00 AM,,12000,Gasoline,,
53911,Alaska,AK1471,AK1471_6,Closed,4/23/1983 4:00:00 AM,,1000,Used Oil,,
53912,Alaska,AK639,AK639_1,Closed,4/22/1983 4:00:00 AM,,8000,Gasoline,,
53913,Alaska,AK639,AK639_2,Closed,4/22/1983 4:00:00 AM,,8000,Gasoline,,
53914,Alaska,AK639,AK639_3,Closed,4/22/1983 4:00:00 AM,,8000,Gasoline,,
53915,Alaska,AK639,AK639_4,Closed,4/22/1983 4:00:00 AM,,8000,Diesel,,
53916,Alaska,AK964,AK964_1,Closed,4/22/1983 4:00:00 AM,,2000,Diesel,,
53917,Alaska,AK662,AK662_1,Closed,4/20/1983 4:00:00 AM,,1000,Gasoline,,
53918,Alaska,AK934,AK934_1,Closed,4/19/1983 4:00:00 AM,,500,Diesel,,
53919,Alaska,AK136,AK136_1,Closed,4/18/1983 4:00:00 AM,,3000,Gasoline,,
53920,Alaska,AK136,AK136_2,Closed,4/18/1983 4:00:00 AM,,3000,Gasoline,,
53921,Alaska,AK673,AK673_1,Closed,4/16/1983 4:00:00 AM,,5000,Diesel,,
53922,Alaska,AK107,AK107_1,Closed,4/15/1983 4:00:00 AM,,1000,Gasoline,,
53923,Alaska,AK107,AK107_2,Closed,4/15/1983 4:00:00 AM,,1000,Gasoline,,
53924,Alaska,AK107,AK107_3,Closed,4/15/1983 4:00:00 AM,,5000,Gasoline,,
53925,Alaska,AK728,AK728_3,Closed,4/15/1983 4:00:00 AM,,12000,Kerosene,,
53926,Alaska,AK1286,AK1286_1,Closed,4/12/1983 4:00:00 AM,,1000,Diesel,,
53927,Alaska,AK1286,AK1286_2,Closed,4/12/1983 4:00:00 AM,,1000,Gasoline,,
53928,Alaska,AK1398,AK1398_1,Closed,4/11/1983 4:00:00 AM,,1000,Gasoline,,
53929,Alaska,AK1700,AK1700_1,Closed,4/11/1983 4:00:00 AM,,1500,Gasoline,,
53930,Alaska,AK1700,AK1700_2,Closed,4/11/1983 4:00:00 AM,,1500,Gasoline,,
53931,Alaska,AK1700,AK1700_3,Closed,4/11/1983 4:00:00 AM,,2000,Gasoline,,
53932,Alaska,AK84,AK84_5,Closed,4/10/1983 4:00:00 AM,,20000,Gasoline,,
53933,Alaska,AK84,AK84_6,Closed,4/10/1983 4:00:00 AM,,20000,Gasoline,,
53934,Alaska,AK84,AK84_7,Closed,4/10/1983 4:00:00 AM,,20000,Diesel,,
53935,Alaska,AK84,AK84_8,Closed,4/10/1983 4:00:00 AM,,20000,Diesel,,
53936,Alaska,AK1441,AK1441_1,Closed,4/9/1983 4:00:00 AM,,1000,Gasoline,,
53937,Alaska,AK1441,AK1441_2,Closed,4/9/1983 4:00:00 AM,,1000,Diesel,,
53938,Alaska,AK1768,AK1768_5,Closed,4/9/1983 4:00:00 AM,,6000,Gasoline,,
53939,Alaska,AK270,AK270_1,Closed,4/9/1983 4:00:00 AM,,6000,Gasoline,,
53940,Alaska,AK270,AK270_2,Closed,4/9/1983 4:00:00 AM,,1000,Gasoline,,
53941,Alaska,AK270,AK270_3,Closed,4/9/1983 4:00:00 AM,,300,Used Oil,,
53942,Alaska,AK1528,AK1528_1,Closed,4/8/1983 4:00:00 AM,,1000,Diesel,,
53943,Alaska,AK1528,AK1528_2,Closed,4/8/1983 4:00:00 AM,,1000,Diesel,,
53944,Alaska,AK1528,AK1528_3,Closed,4/8/1983 4:00:00 AM,,1000,Used Oil,,
53945,Alaska,AK979,AK979_3,Closed,4/8/1983 4:00:00 AM,,1500,Diesel,,
53946,Alaska,AK565,AK565_4,Closed,4/5/1983 4:00:00 AM,,500,Used Oil,,
53947,Alaska,AK1215,AK1215_1,Closed,4/3/1983 5:00:00 AM,,2500,Diesel,,
53948,Alaska,AK1215,AK1215_2,Closed,4/3/1983 5:00:00 AM,,1500,Gasoline,,
53949,Alaska,AK1215,AK1215_3,Closed,4/3/1983 5:00:00 AM,,1500,Gasoline,,
53950,Alaska,AK1215,AK1215_4,Closed,4/3/1983 5:00:00 AM,,1200,Used Oil,,
53951,Alaska,AK1752,AK1752_1,Closed,4/3/1983 5:00:00 AM,,500,Gasoline,,
53952,Alaska,AK1040,AK1040_1,Closed,4/2/1983 5:00:00 AM,,10000,Gasoline,,
53953,Alaska,AK674,AK674_1,Closed,4/2/1983 5:00:00 AM,,10000,Gasoline,,
53954,Alaska,AK1483,AK1483_1,Closed,4/1/1983 5:00:00 AM,,1000,Gasoline,,
53955,Alaska,AK1483,AK1483_2,Closed,4/1/1983 5:00:00 AM,,1000,Used Oil,,
53956,Alaska,AK1883,AK1883_2,Closed,4/1/1983 5:00:00 AM,,500,Diesel,,
53957,Alaska,AK2566,AK2566_1,Closed,4/1/1983 5:00:00 AM,,500,Used Oil,,
53958,Alaska,AK536,AK536_1,Closed,4/1/1983 5:00:00 AM,,2000,Gasoline,,
53959,Alaska,AK694,AK694_1,Closed,4/1/1983 5:00:00 AM,,1000,Gasoline,,
53960,Alaska,AK694,AK694_2,Closed,4/1/1983 5:00:00 AM,,1000,Gasoline,,
53961,Alaska,AK1515,AK1515_1,Closed,3/28/1983 5:00:00 AM,,1000,Diesel,,
53962,Alaska,AK245,AK245_1,Closed,3/27/1983 5:00:00 AM,,2000,Gasoline,,
53963,Alaska,AK245,AK245_2,Closed,3/27/1983 5:00:00 AM,,1000,Gasoline,,
53964,Alaska,AK1432,AK1432_1,Closed,3/26/1983 5:00:00 AM,,2000,Gasoline,,
53965,Alaska,AK332,AK332_1,Closed,3/26/1983 5:00:00 AM,,1000,Gasoline,,
53966,Alaska,AK332,AK332_2,Closed,3/26/1983 5:00:00 AM,,500,Gasoline,,
53967,Alaska,AK408,AK408_1,Closed,3/26/1983 5:00:00 AM,,1000,Gasoline,,
53968,Alaska,AK408,AK408_2,Closed,3/26/1983 5:00:00 AM,,8000,Diesel,,
53969,Alaska,AK408,AK408_3,Closed,3/26/1983 5:00:00 AM,,500,Used Oil,,
53970,Alaska,AK455,AK455_3,Closed,5/8/1976 4:00:00 AM,,10000,Gasoline,,
53971,Alaska,AK455,AK455_4,Closed,5/8/1976 4:00:00 AM,,10000,Gasoline,,
53972,Alaska,AK1708,AK1708_1,Closed,3/25/1983 5:00:00 AM,,1000,Gasoline,,
53973,Alaska,AK455,AK455_5,Closed,5/8/1976 4:00:00 AM,,5000,Gasoline,,
53974,Alaska,AK1708,AK1708_2,Closed,3/25/1983 5:00:00 AM,,500,Gasoline,,
53975,Alaska,AK455,AK455_6,Closed,5/8/1976 4:00:00 AM,,2000,Gasoline,,
53976,Alaska,AK1708,AK1708_3,Closed,3/25/1983 5:00:00 AM,,4000,Used Oil,,
53977,Alaska,AK455,AK455_7,Closed,5/8/1976 4:00:00 AM,,2000,Gasoline,,
53978,Alaska,AK1743,AK1743_1,Closed,3/25/1983 5:00:00 AM,,1100,Diesel,,
53979,Alaska,AK480,AK480_1,Closed,5/8/1976 4:00:00 AM,,1000,Gasoline,,
53980,Alaska,AK1743,AK1743_2,Closed,3/25/1983 5:00:00 AM,,1100,Gasoline,,
53981,Alaska,AK1599,AK1599_1,Closed,5/7/1976 4:00:00 AM,,12000,Gasoline,,
53982,Alaska,AK146,AK146_3,Closed,3/24/1983 5:00:00 AM,,4000,Gasoline,,
53983,Alaska,AK1599,AK1599_2,Closed,5/7/1976 4:00:00 AM,,12000,Gasoline,,
53984,Alaska,AK1249,AK1249_1,Closed,3/22/1983 5:00:00 AM,,500,Gasoline,,
53985,Alaska,AK1744,AK1744_2,Closed,5/7/1976 4:00:00 AM,,500,Gasoline,,
53986,Alaska,AK1201,AK1201_1,Closed,3/21/1983 5:00:00 AM,,4000,Gasoline,,
53987,Alaska,AK425,AK425_1,Closed,5/7/1976 4:00:00 AM,,20000,Diesel,,
53988,Alaska,AK1201,AK1201_2,Closed,3/21/1983 5:00:00 AM,,4000,Diesel,,
53989,Alaska,AK425,AK425_7,Closed,5/7/1976 4:00:00 AM,,500,Diesel,,
53990,Alaska,AK1393,AK1393_1,Closed,3/21/1983 5:00:00 AM,,300,Used Oil,,
53991,Alaska,AK425,AK425_8,Closed,5/7/1976 4:00:00 AM,,1500,Gasoline,,
53992,Alaska,AK562,AK562_2,Closed,3/1/1983 5:00:00 AM,,1000,Gasoline,,
53993,Alaska,AK779,AK779_1,Closed,3/1/1983 5:00:00 AM,,8000,Gasoline,,
53994,Alaska,AK538,AK538_1,Closed,5/7/1976 4:00:00 AM,,1000,Diesel,,
53995,Alaska,AK779,AK779_2,Closed,3/1/1983 5:00:00 AM,,8000,Gasoline,,
53996,Alaska,AK538,AK538_2,Closed,5/7/1976 4:00:00 AM,,1500,Gasoline,,
53997,Alaska,AK794,AK794_1,Closed,3/1/1983 5:00:00 AM,,8000,Gasoline,,
53998,Alaska,AK1236,AK1236_1,Closed,5/6/1976 4:00:00 AM,,300,Diesel,,
53999,Alaska,AK1236,AK1236_11,Closed,5/6/1976 4:00:00 AM,,1000,Diesel,,
54000,Alaska,AK794,AK794_2,Closed,3/1/1983 5:00:00 AM,,8000,Gasoline,,
54001,Alaska,AK1236,AK1236_5,Closed,5/6/1976 4:00:00 AM,,500,Diesel,,
54002,Alaska,AK1293,AK1293_2,Closed,2/20/1983 5:00:00 AM,,5000,Used Oil,,
54003,Alaska,AK1236,AK1236_6,Closed,5/6/1976 4:00:00 AM,,500,Diesel,,
54004,Alaska,AK1183,AK1183_2,Closed,2/19/1983 5:00:00 AM,,1000,Diesel,,
54005,Alaska,AK1402,AK1402_1,Closed,5/6/1976 4:00:00 AM,,1000,Gasoline,,
54006,Alaska,AK1039,AK1039_1,Closed,1/1/1983 5:00:00 AM,,3000,Gasoline,,
54007,Alaska,AK264,AK264_1,Closed,5/6/1976 4:00:00 AM,,5000,Used Oil,,
54008,Alaska,AK1039,AK1039_2,Closed,1/1/1983 5:00:00 AM,,3000,Gasoline,,
54009,Alaska,AK1233,AK1233_1,Closed,1/1/1983 5:00:00 AM,,1000,Diesel,,
54010,Alaska,AK40,AK40_1,Closed,5/6/1976 4:00:00 AM,,3000,Gasoline,,
54011,Alaska,AK1233,AK1233_10,Closed,1/1/1983 5:00:00 AM,,8000,Used Oil,,
54012,Alaska,AK40,AK40_2,Closed,5/6/1976 4:00:00 AM,,1500,Diesel,,
54013,Alaska,AK1233,AK1233_11,Closed,1/1/1983 5:00:00 AM,,8000,Used Oil,,
54014,Alaska,AK474,AK474_1,Closed,5/6/1976 4:00:00 AM,,500,Gasoline,,
54015,Alaska,AK1233,AK1233_12,Closed,1/1/1983 5:00:00 AM,,8000,Used Oil,,
54016,Alaska,AK589,AK589_1,Closed,5/6/1976 4:00:00 AM,,500,Gasoline,,
54017,Alaska,AK1233,AK1233_4,Closed,1/1/1983 5:00:00 AM,,10000,Used Oil,,
54018,Alaska,AK632,AK632_3,Closed,5/6/1976 4:00:00 AM,,500,Gasoline,,
54019,Alaska,AK1233,AK1233_5,Closed,1/1/1983 5:00:00 AM,,10000,Used Oil,,
54020,Alaska,AK881,AK881_3,Closed,5/6/1976 4:00:00 AM,,3000,Diesel,,
54021,Alaska,AK1233,AK1233_6,Closed,1/1/1983 5:00:00 AM,,10000,Used Oil,,
54022,Alaska,AK881,AK881_4,Closed,5/6/1976 4:00:00 AM,,500,Gasoline,,
54023,Alaska,AK1233,AK1233_7,Closed,1/1/1983 5:00:00 AM,,10000,Used Oil,,
54024,Alaska,AK120,AK120_2,Closed,5/5/1976 4:00:00 AM,,1000,Diesel,,
54025,Alaska,AK1233,AK1233_8,Closed,1/1/1983 5:00:00 AM,,10000,Used Oil,,
54026,Alaska,AK120,AK120_3,Closed,5/5/1976 4:00:00 AM,,500,Used Oil,,
54027,Alaska,AK1233,AK1233_9,Closed,1/1/1983 5:00:00 AM,,10000,Used Oil,,
54028,Alaska,AK120,AK120_4,Closed,5/5/1976 4:00:00 AM,,5000,Gasoline,,
54029,Alaska,AK1343,AK1343_1,Closed,1/1/1983 5:00:00 AM,,1000,Diesel,,
54030,Alaska,AK1380,AK1380_1,Closed,5/5/1976 4:00:00 AM,,1000,Gasoline,,
54031,Alaska,AK1343,AK1343_2,Closed,1/1/1983 5:00:00 AM,,1000,Gasoline,,
54032,Alaska,AK249,AK249_1,Closed,5/5/1976 4:00:00 AM,,500,Gasoline,,
54033,Alaska,AK1355,AK1355_1,Closed,1/1/1983 5:00:00 AM,,5000,Diesel,,
54034,Alaska,AK308,AK308_1,Closed,5/5/1976 4:00:00 AM,,1000,Gasoline,,
54035,Alaska,AK1355,AK1355_8,Closed,1/1/1983 5:00:00 AM,,5000,Diesel,,
54036,Alaska,AK308,AK308_2,Closed,5/5/1976 4:00:00 AM,,10000,Diesel,,
54037,Alaska,AK1771,AK1771_1,Closed,1/1/1983 5:00:00 AM,,2000,Diesel,,
54038,Alaska,AK41,AK41_3,Closed,5/5/1976 4:00:00 AM,,10000,Diesel,,
54039,Alaska,AK439,AK439_1,Closed,5/5/1976 4:00:00 AM,,500,Gasoline,,
54040,Alaska,AK630,AK630_2,Closed,5/5/1976 4:00:00 AM,,6000,Gasoline,,
54041,Alaska,AK1771,AK1771_2,Closed,1/1/1983 5:00:00 AM,,5000,Gasoline,,
54042,Alaska,AK707,AK707_1,Closed,5/5/1976 4:00:00 AM,,1000,Gasoline,,
54043,Alaska,AK1771,AK1771_3,Closed,1/1/1983 5:00:00 AM,,3000,Gasoline,,
54044,Alaska,AK707,AK707_2,Closed,5/5/1976 4:00:00 AM,,3000,Gasoline,,
54045,Alaska,AK1866,AK1866_1,Closed,1/1/1983 5:00:00 AM,,3000,Diesel,,
54046,Alaska,AK88,AK88_1,Closed,5/5/1976 4:00:00 AM,,2000,Gasoline,,
54047,Alaska,AK1881,AK1881_2,Closed,1/1/1983 5:00:00 AM,,2000,Diesel,,
54048,Alaska,AK990,AK990_1,Closed,5/5/1976 4:00:00 AM,,5000,Diesel,,
54049,Alaska,AK1881,AK1881_3,Closed,1/1/1983 5:00:00 AM,,2000,Gasoline,,
54050,Alaska,AK177,AK177_1,Closed,5/3/1976 4:00:00 AM,,500,Gasoline,,
54051,Alaska,AK2069,AK2069_1,Closed,1/1/1983 5:00:00 AM,,10000,Diesel,,
54052,Alaska,AK1080,AK1080_1,Closed,5/2/1976 4:00:00 AM,,12000,Gasoline,,
54053,Alaska,AK2069,AK2069_2,Closed,1/1/1983 5:00:00 AM,,1000,Gasoline,,
54054,Alaska,AK1080,AK1080_2,Closed,5/2/1976 4:00:00 AM,,12000,Gasoline,,
54055,Alaska,AK2129,AK2129_1,Closed,1/1/1983 5:00:00 AM,,500,Used Oil,,
54056,Alaska,AK1080,AK1080_3,Closed,5/2/1976 4:00:00 AM,,5000,Gasoline,,
54057,Alaska,AK2153,AK2153_1,Closed,1/1/1983 5:00:00 AM,,1000,Diesel,,
54058,Alaska,AK1132,AK1132_1,Closed,5/2/1976 4:00:00 AM,,1000,Gasoline,,
54059,Alaska,AK2185,AK2185_1,Closed,1/1/1983 5:00:00 AM,,20000,Diesel,,
54060,Alaska,AK1678,AK1678_1,Closed,5/2/1976 4:00:00 AM,,1000,Gasoline,,
54061,Alaska,AK2377,AK2377_1,Closed,1/1/1983 5:00:00 AM,,5000,Gasoline,,
54062,Alaska,AK1682,AK1682_1,Closed,5/2/1976 4:00:00 AM,,500,Gasoline,,
54063,Alaska,AK2417,AK2417_1,Closed,1/1/1983 5:00:00 AM,,1000,Gasoline,,
54064,Alaska,AK187,AK187_2,Closed,5/2/1976 4:00:00 AM,,500,Used Oil,,
54065,Alaska,AK2417,AK2417_2,Closed,1/1/1983 5:00:00 AM,,1000,Gasoline,,
54066,Alaska,AK207,AK207_1,Closed,5/2/1976 4:00:00 AM,,1500,Gasoline,,
54067,Alaska,AK2423,AK2423_1,Closed,1/1/1983 5:00:00 AM,,10000,Diesel,,
54068,Alaska,AK242,AK242_1,Closed,5/2/1976 4:00:00 AM,,3000,Kerosene,,
54069,Alaska,AK2423,AK2423_2,Closed,1/1/1983 5:00:00 AM,,10000,Diesel,,
54070,Alaska,AK242,AK242_2,Closed,5/2/1976 4:00:00 AM,,10000,Gasoline,,
54071,Alaska,AK2448,AK2448_1,Closed,1/1/1983 5:00:00 AM,,10000,Gasoline,,
54072,Alaska,AK242,AK242_3,Closed,5/2/1976 4:00:00 AM,,10000,Gasoline,,
54073,Alaska,AK2448,AK2448_2,Closed,1/1/1983 5:00:00 AM,,10000,Gasoline,,
54074,Alaska,AK577,AK577_2,Closed,5/2/1976 4:00:00 AM,,500,Gasoline,,
54075,Alaska,AK2448,AK2448_3,Closed,1/1/1983 5:00:00 AM,,5000,Gasoline,,
54076,Alaska,AK1143,AK1143_4,Closed,5/1/1976 4:00:00 AM,,1500,Gasoline,,
54077,Alaska,AK2521,AK2521_3,Closed,1/1/1983 5:00:00 AM,,4000,Gasoline,,
54078,Alaska,AK1143,AK1143_5,Closed,5/1/1976 4:00:00 AM,,500,Gasoline,,
54079,Alaska,AK2554,AK2554_1,Closed,1/1/1983 5:00:00 AM,,500,Gasoline,,
54080,Alaska,AK1731,AK1731_1,Closed,5/1/1976 4:00:00 AM,,1000,Gasoline,,
54081,Alaska,AK2555,AK2555_2,Closed,1/1/1983 5:00:00 AM,,700,Gasoline,,
54082,Alaska,AK2325,AK2325_1,Closed,5/1/1976 4:00:00 AM,,12000,Gasoline,,
54083,Alaska,AK2558,AK2558_1,Closed,1/1/1983 5:00:00 AM,,500,Gasoline,,
54084,Alaska,AK2325,AK2325_2,Closed,5/1/1976 4:00:00 AM,,12000,Gasoline,,
54085,Alaska,AK2626,AK2626_1,Closed,1/1/1983 5:00:00 AM,,8000,Gasoline,,
54086,Alaska,AK2325,AK2325_3,Closed,5/1/1976 4:00:00 AM,,6000,Diesel,,
54087,Alaska,AK2626,AK2626_2,Closed,1/1/1983 5:00:00 AM,,8000,Gasoline,,
54088,Alaska,AK516,AK516_1,Closed,5/1/1976 4:00:00 AM,,1000,Used Oil,,
54089,Alaska,AK2626,AK2626_3,Closed,1/1/1983 5:00:00 AM,,3000,Diesel,,
54090,Alaska,AK516,AK516_3,Closed,5/1/1976 4:00:00 AM,,550,Gasoline,,
54091,Alaska,AK2704,AK2704_1,Closed,1/1/1983 5:00:00 AM,,1000,Gasoline,,
54092,Alaska,AK1255,AK1255_1,Closed,4/30/1976 4:00:00 AM,,3000,Gasoline,,
54093,Alaska,AK2704,AK2704_2,Closed,1/1/1983 5:00:00 AM,,2000,Gasoline,,
54094,Alaska,AK1294,AK1294_1,Closed,4/30/1976 4:00:00 AM,,500,Gasoline,,
54095,Alaska,AK2769,AK2769_1,Closed,1/1/1983 5:00:00 AM,,500,Gasoline,,
54096,Alaska,AK159,AK159_1,Closed,4/30/1976 4:00:00 AM,,1000,Diesel,,
54097,Alaska,AK2769,AK2769_2,Closed,1/1/1983 5:00:00 AM,,500,Gasoline,,
54098,Alaska,AK159,AK159_2,Closed,4/30/1976 4:00:00 AM,,1000,Gasoline,,
54099,Alaska,AK2852,AK2852_2,Closed,1/1/1983 5:00:00 AM,,10000,Diesel,,
54100,Alaska,AK1687,AK1687_1,Closed,4/30/1976 4:00:00 AM,,500,Gasoline,,
54101,Alaska,AK2852,AK2852_3,Closed,1/1/1983 5:00:00 AM,,4000,Gasoline,,
54102,Alaska,AK213,AK213_1,Closed,4/30/1976 4:00:00 AM,,1500,Diesel,,
54103,Alaska,AK2858,AK2858_1,Closed,1/1/1983 5:00:00 AM,,300,Diesel,,
54104,Alaska,AK213,AK213_2,Closed,4/30/1976 4:00:00 AM,,1500,Diesel,,
54105,Alaska,AK2864,AK2864_1,Closed,1/1/1983 5:00:00 AM,,2000,Gasoline,,
54106,Alaska,AK2864,AK2864_2,Closed,1/1/1983 5:00:00 AM,,2000,Gasoline,,
54107,Alaska,AK487,AK487_1,Closed,4/30/1976 4:00:00 AM,,1500,Diesel,,
54108,Alaska,AK2907,AK2907_4,Closed,1/1/1983 5:00:00 AM,,2000,Gasoline,,
54109,Alaska,AK291,AK291_2,Closed,1/1/1983 5:00:00 AM,,1000,Used Oil,,
54110,Alaska,AK2915,AK2915_1,Closed,1/1/1983 5:00:00 AM,,1000,Diesel,,
54111,Alaska,AK2920,AK2920_1,Closed,1/1/1983 5:00:00 AM,,12000,Gasoline,,
54112,Alaska,AK2920,AK2920_2,Closed,1/1/1983 5:00:00 AM,,12000,Gasoline,,
54113,Alaska,AK2920,AK2920_3,Closed,1/1/1983 5:00:00 AM,,6000,Gasoline,,
54114,Alaska,AK2981,AK2981_1,Closed,1/1/1983 5:00:00 AM,,6000,Gasoline,,
54115,Alaska,AK2981,AK2981_2,Closed,1/1/1983 5:00:00 AM,,6000,Gasoline,,
54116,Alaska,AK2981,AK2981_3,Closed,1/1/1983 5:00:00 AM,,6000,Gasoline,,
54117,Alaska,AK3078,AK3078_1,Closed,1/1/1983 5:00:00 AM,,350,Diesel,,
54118,Alaska,AK3079,AK3079_1,Closed,1/1/1983 5:00:00 AM,,350,Diesel,,
54119,Alaska,AK3199,AK3199_1,Closed,1/1/1983 5:00:00 AM,,1000,Diesel,,
54120,Alaska,AK3285,AK3285_1,Closed,1/1/1983 5:00:00 AM,,3000,Diesel,,
54121,Alaska,AK3346,AK3346_1,Closed,1/1/1983 5:00:00 AM,,5000,Heating Oil,,
54122,Alaska,AK3347,AK3347_2,Closed,1/1/1983 5:00:00 AM,,12000,Diesel,,
54123,Alaska,AK3477,AK3477_1,Closed,1/1/1983 5:00:00 AM,,500,Used Oil,,
54124,Alaska,AK3485,AK3485_1,Closed,1/1/1983 5:00:00 AM,,289000,Diesel,,
54125,Alaska,AK384,AK384_4,Closed,1/1/1983 5:00:00 AM,,2000,Gasoline,,
54126,Alaska,AK386,AK386_3,Closed,1/1/1983 5:00:00 AM,,2000,Diesel,,
54127,Alaska,AK537,AK537_2,Closed,1/1/1983 5:00:00 AM,,4000,Gasoline,,
54128,Alaska,AK726,AK726_8,Closed,1/1/1983 5:00:00 AM,,1000,Diesel,,
54129,Alaska,AK761,AK761_1,Closed,1/1/1983 5:00:00 AM,,2000,Gasoline,,
54130,Alaska,AK761,AK761_2,Closed,1/1/1983 5:00:00 AM,,2000,Diesel,,
54131,Alaska,AK872,AK872_5,Closed,1/1/1983 5:00:00 AM,,8000,Diesel,,
54132,Alaska,AK872,AK872_6,Closed,1/1/1983 5:00:00 AM,,8000,Diesel,,
54133,Alaska,AK258,AK258_1,Closed,11/30/1982 5:00:00 AM,,1500,Gasoline,,
54134,Alaska,AK790,AK790_1,Closed,10/31/1982 4:00:00 AM,,8000,Gasoline,,
54135,Alaska,AK790,AK790_2,Closed,10/31/1982 4:00:00 AM,,8000,Gasoline,,
54136,Alaska,AK2187,AK2187_1,Closed,10/1/1982 4:00:00 AM,,10000,Diesel,,
54137,Alaska,AK2187,AK2187_2,Closed,10/1/1982 4:00:00 AM,,10000,Gasoline,,
54138,Alaska,AK1348,AK1348_2,Closed,9/25/1982 4:00:00 AM,,5000,Gasoline,,
54139,Alaska,AK1348,AK1348_3,Closed,9/25/1982 4:00:00 AM,,5000,Diesel,,
54140,Alaska,AK1348,AK1348_4,Closed,9/25/1982 4:00:00 AM,,300,Used Oil,,
54141,Alaska,AK1093,AK1093_1,Closed,9/1/1982 4:00:00 AM,,1000,Diesel,,
54142,Alaska,AK1093,AK1093_2,Closed,9/1/1982 4:00:00 AM,,1000,Gasoline,,
54143,Alaska,AK2365,AK2365_1,Closed,9/1/1982 4:00:00 AM,,4000,Diesel,,
54144,Alaska,AK2365,AK2365_2,Closed,9/1/1982 4:00:00 AM,,4000,Gasoline,,
54145,Alaska,AK2365,AK2365_3,Closed,9/1/1982 4:00:00 AM,,4000,Gasoline,,
54146,Alaska,AK2459,AK2459_1,Closed,9/1/1982 4:00:00 AM,,5000,Gasoline,,
54147,Alaska,AK2459,AK2459_2,Closed,9/1/1982 4:00:00 AM,,2000,Diesel,,
54148,Alaska,AK2459,AK2459_3,Closed,9/1/1982 4:00:00 AM,,500,Used Oil,,
54149,Alaska,AK2459,AK2459_4,Closed,9/1/1982 4:00:00 AM,,500,Used Oil,,
54150,Alaska,AK2496,AK2496_1,Closed,9/1/1982 4:00:00 AM,,2000,Gasoline,,
54151,Alaska,AK2496,AK2496_2,Closed,9/1/1982 4:00:00 AM,,2000,Diesel,,
54152,Alaska,AK901,AK901_8,Closed,4/30/1976 4:00:00 AM,,20000,Diesel,,
54153,Alaska,AK1006,AK1006_1,Closed,4/29/1976 4:00:00 AM,,2000,Diesel,,
54154,Alaska,AK1151,AK1151_1,Closed,4/29/1976 4:00:00 AM,,500,Gasoline,,
54155,Alaska,AK1313,AK1313_1,Closed,4/29/1976 4:00:00 AM,,275,Gasoline,,
54156,Alaska,AK132,AK132_1,Closed,4/29/1976 4:00:00 AM,,1000,Diesel,,
54157,Alaska,AK132,AK132_2,Closed,4/29/1976 4:00:00 AM,,500,Gasoline,,
54158,Alaska,AK144,AK144_1,Closed,4/29/1976 4:00:00 AM,,3000,Gasoline,,
54159,Alaska,AK144,AK144_2,Closed,4/29/1976 4:00:00 AM,,2000,Diesel,,
54160,Alaska,AK144,AK144_3,Closed,4/29/1976 4:00:00 AM,,3000,Diesel,,
54161,Alaska,AK688,AK688_1,Closed,4/29/1976 4:00:00 AM,,500,Gasoline,,
54162,Alaska,AK850,AK850_1,Closed,4/29/1976 4:00:00 AM,,2000,Gasoline,,
54163,Alaska,AK850,AK850_2,Closed,4/29/1976 4:00:00 AM,,3000,Diesel,,
54164,Alaska,AK1076,AK1076_1,Closed,4/28/1976 4:00:00 AM,,8000,Gasoline,,
54165,Alaska,AK1076,AK1076_2,Closed,4/28/1976 4:00:00 AM,,4000,Gasoline,,
54166,Alaska,AK1076,AK1076_3,Closed,4/28/1976 4:00:00 AM,,4000,Gasoline,,
54167,Alaska,AK1134,AK1134_1,Closed,4/28/1976 4:00:00 AM,,500,Gasoline,,
54168,Alaska,AK1153,AK1153_1,Closed,4/28/1976 4:00:00 AM,,500,Gasoline,,
54169,Alaska,AK1155,AK1155_1,Closed,4/28/1976 4:00:00 AM,,3000,Diesel,,
54170,Alaska,AK1155,AK1155_2,Closed,4/28/1976 4:00:00 AM,,3000,Diesel,,
54171,Alaska,AK269,AK269_1,Closed,4/28/1976 4:00:00 AM,,500,Gasoline,,
54172,Alaska,AK765,AK765_1,Closed,4/28/1976 4:00:00 AM,,500,Used Oil,,
54173,Alaska,AK1078,AK1078_1,Closed,4/27/1976 4:00:00 AM,,1000,Gasoline,,
54174,Alaska,AK1078,AK1078_2,Closed,4/27/1976 4:00:00 AM,,500,Gasoline,,
54175,Alaska,AK1158,AK1158_1,Closed,4/27/1976 4:00:00 AM,,500,Gasoline,,
54176,Alaska,AK1163,AK1163_1,Closed,4/26/1976 4:00:00 AM,,500,Gasoline,,
54177,Alaska,AK1588,AK1588_1,Closed,4/25/1976 4:00:00 AM,,1000,Gasoline,,
54178,Alaska,AK935,AK935_1,Closed,4/25/1976 4:00:00 AM,,500,Gasoline,,
54179,Alaska,AK960,AK960_1,Closed,4/25/1976 4:00:00 AM,,300,Gasoline,,
54180,Alaska,AK1086,AK1086_1,Closed,4/24/1976 4:00:00 AM,,1000,Gasoline,,
54181,Alaska,AK1200,AK1200_1,Closed,4/24/1976 4:00:00 AM,,1500,Kerosene,,
54182,Alaska,AK1200,AK1200_2,Closed,4/24/1976 4:00:00 AM,,2000,Gasoline,,
54183,Alaska,AK401,AK401_1,Closed,4/24/1976 4:00:00 AM,,2000,Gasoline,,
54184,Alaska,AK1123,AK1123_1,Closed,4/23/1976 4:00:00 AM,,2000,Gasoline,,
54185,Alaska,AK1123,AK1123_2,Closed,4/23/1976 4:00:00 AM,,2000,Gasoline,,
54186,Alaska,AK1123,AK1123_3,Closed,4/23/1976 4:00:00 AM,,1000,Diesel,,
54187,Alaska,AK391,AK391_2,Closed,4/23/1976 4:00:00 AM,,2000,Gasoline,,
54188,Alaska,AK391,AK391_3,Closed,4/23/1976 4:00:00 AM,,2000,Diesel,,
54189,Alaska,AK492,AK492_1,Closed,4/23/1976 4:00:00 AM,,5000,Gasoline,,
54190,Alaska,AK492,AK492_2,Closed,4/23/1976 4:00:00 AM,,5000,Diesel,,
54191,Alaska,AK492,AK492_3,Closed,4/23/1976 4:00:00 AM,,5000,Gasoline,,
54192,Alaska,AK557,AK557_1,Closed,4/23/1976 4:00:00 AM,,550,Used Oil,,
54193,Alaska,AK561,AK561_1,Closed,4/23/1976 4:00:00 AM,,500,Used Oil,,
54194,Alaska,AK870,AK870_1,Closed,4/23/1976 4:00:00 AM,,12000,Diesel,,
54195,Alaska,AK870,AK870_2,Closed,4/23/1976 4:00:00 AM,,12000,Diesel,,
54196,Alaska,AK870,AK870_3,Closed,4/23/1976 4:00:00 AM,,12000,Gasoline,,
54197,Alaska,AK870,AK870_4,Closed,4/23/1976 4:00:00 AM,,12000,Gasoline,,
54198,Alaska,AK1344,AK1344_1,Closed,4/19/1976 4:00:00 AM,,1000,Gasoline,,
54199,Alaska,AK1349,AK1349_1,Closed,4/19/1976 4:00:00 AM,,500,Gasoline,,
54200,Alaska,AK1351,AK1351_1,Closed,4/19/1976 4:00:00 AM,,1000,Diesel,,
54201,Alaska,AK1405,AK1405_1,Closed,4/17/1976 4:00:00 AM,,1000,Diesel,,
54202,Alaska,AK1405,AK1405_2,Closed,4/17/1976 4:00:00 AM,,5000,Diesel,,
54203,Alaska,AK1405,AK1405_3,Closed,4/17/1976 4:00:00 AM,,500,Gasoline,,
54204,Alaska,AK296,AK296_1,Closed,4/17/1976 4:00:00 AM,,1000,Gasoline,,
54205,Alaska,AK686,AK686_1,Closed,4/15/1976 4:00:00 AM,,1000,Gasoline,,
54206,Alaska,AK754,AK754_2,Closed,4/15/1976 4:00:00 AM,,1000,Gasoline,,
54207,Alaska,AK216,AK216_1,Closed,4/14/1976 4:00:00 AM,,8000,Diesel,,
54208,Alaska,AK216,AK216_2,Closed,4/14/1976 4:00:00 AM,,5000,Diesel,,
54209,Alaska,AK216,AK216_3,Closed,4/14/1976 4:00:00 AM,,1000,Gasoline,,
54210,Alaska,AK601,AK601_1,Closed,4/14/1976 4:00:00 AM,,3000,Diesel,,
54211,Alaska,AK601,AK601_2,Closed,4/14/1976 4:00:00 AM,,2000,Gasoline,,
54212,Alaska,AK1777,AK1777_1,Closed,4/11/1976 4:00:00 AM,,2000,Gasoline,,
54213,Alaska,AK1577,AK1577_1,Closed,4/9/1976 4:00:00 AM,,10000,Diesel,,
54214,Alaska,AK1425,AK1425_1,Closed,4/8/1976 4:00:00 AM,,500,Gasoline,,
54215,Alaska,AK215,AK215_1,Closed,4/7/1976 4:00:00 AM,,8000,Gasoline,,
54216,Alaska,AK215,AK215_2,Closed,4/7/1976 4:00:00 AM,,6000,Gasoline,,
54217,Alaska,AK215,AK215_3,Closed,4/7/1976 4:00:00 AM,,2000,Gasoline,,
54218,Alaska,AK215,AK215_4,Closed,4/7/1976 4:00:00 AM,,4000,Diesel,,
54219,Alaska,AK397,AK397_1,Closed,4/7/1976 4:00:00 AM,,10000,Diesel,,
54220,Alaska,AK397,AK397_2,Closed,4/7/1976 4:00:00 AM,,10000,Gasoline,,
54221,Alaska,AK397,AK397_3,Closed,4/7/1976 4:00:00 AM,,2500,Used Oil,,
54222,Alaska,AK609,AK609_1,Closed,4/7/1976 4:00:00 AM,,1500,Gasoline,,
54223,Alaska,AK2617,AK2617_1,Closed,4/6/1976 4:00:00 AM,,3000,Gasoline,,
54224,Alaska,AK2617,AK2617_2,Closed,4/6/1976 4:00:00 AM,,3000,Gasoline,,
54225,Alaska,AK590,AK590_2,Closed,4/3/1976 5:00:00 AM,,8000,Gasoline,,
54226,Alaska,AK823,AK823_2,Closed,4/3/1976 5:00:00 AM,,1000,Gasoline,,
54227,Alaska,AK823,AK823_3,Closed,4/3/1976 5:00:00 AM,,500,Diesel,,
54228,Alaska,AK823,AK823_4,Closed,4/3/1976 5:00:00 AM,,500,Diesel,,
54229,Alaska,AK1649,AK1649_1,Closed,4/2/1976 5:00:00 AM,,5000,Gasoline,,
54230,Alaska,AK1649,AK1649_2,Closed,4/2/1976 5:00:00 AM,,2000,Diesel,,
54231,Alaska,AK695,AK695_1,Closed,4/2/1976 5:00:00 AM,,2000,Gasoline,,
54232,Alaska,AK1449,AK1449_1,Closed,4/1/1976 5:00:00 AM,,1000,Gasoline,,
54233,Alaska,AK1054,AK1054_1,Closed,3/31/1976 5:00:00 AM,,5000,Gasoline,,
54234,Alaska,AK1054,AK1054_2,Closed,3/31/1976 5:00:00 AM,,5000,Gasoline,,
54235,Alaska,AK1054,AK1054_3,Closed,3/31/1976 5:00:00 AM,,5000,Diesel,,
54236,Alaska,AK306,AK306_1,Closed,3/31/1976 5:00:00 AM,,1500,Gasoline,,
54237,Alaska,AK254,AK254_3,Closed,3/28/1976 5:00:00 AM,,4000,Diesel,,
54238,Alaska,AK111,AK111_1,Closed,3/25/1976 5:00:00 AM,,3000,Kerosene,,
54239,Alaska,AK111,AK111_2,Closed,3/25/1976 5:00:00 AM,,3000,Gasoline,,
54240,Alaska,AK1185,AK1185_1,Closed,3/25/1976 5:00:00 AM,,30000,Diesel,,
54241,Alaska,AK121,AK121_2,Closed,3/25/1976 5:00:00 AM,,300,Gasoline,,
54242,Alaska,AK1284,AK1284_2,Closed,3/24/1976 5:00:00 AM,,5000,Gasoline,,
54243,Alaska,AK1284,AK1284_3,Closed,3/24/1976 5:00:00 AM,,5000,Gasoline,,
54244,Alaska,AK427,AK427_1,Closed,3/24/1976 5:00:00 AM,,2000,Diesel,,
54245,Alaska,AK427,AK427_2,Closed,3/24/1976 5:00:00 AM,,2000,Gasoline,,
54246,Alaska,AK297,AK297_2,Closed,3/23/1976 5:00:00 AM,,7500,Gasoline,,
54247,Alaska,AK297,AK297_3,Closed,3/23/1976 5:00:00 AM,,10000,Gasoline,,
54248,Alaska,AK297,AK297_4,Closed,3/23/1976 5:00:00 AM,,5000,Diesel,,
54249,Alaska,AK1216,AK1216_1,Closed,3/21/1976 5:00:00 AM,,3000,Gasoline,,
54250,Alaska,AK1334,AK1334_1,Closed,3/21/1976 5:00:00 AM,,1000,Gasoline,,
54251,Alaska,AK1334,AK1334_2,Closed,3/21/1976 5:00:00 AM,,1000,Gasoline,,
54252,Alaska,AK1055,AK1055_2,Closed,3/20/1976 5:00:00 AM,,500,Gasoline,,
54253,Alaska,AK1055,AK1055_3,Closed,3/20/1976 5:00:00 AM,,500,Gasoline,,
54254,Alaska,AK1055,AK1055_4,Closed,3/20/1976 5:00:00 AM,,500,Diesel,,
54255,Alaska,AK1056,AK1056_2,Closed,3/20/1976 5:00:00 AM,,1000,Gasoline,,
54256,Alaska,AK1173,AK1173_1,Closed,3/19/1976 5:00:00 AM,,10000,Gasoline,,
54257,Alaska,AK1173,AK1173_2,Closed,3/19/1976 5:00:00 AM,,10000,Gasoline,,
54258,Alaska,AK1173,AK1173_3,Closed,3/19/1976 5:00:00 AM,,10000,Gasoline,,
54259,Alaska,AK1173,AK1173_4,Closed,3/19/1976 5:00:00 AM,,5000,Diesel,,
54260,Alaska,AK1423,AK1423_1,Closed,3/19/1976 5:00:00 AM,,1000,Gasoline,,
54261,Alaska,AK1576,AK1576_3,Closed,3/19/1976 5:00:00 AM,,5000,Diesel,,
54262,Alaska,AK1723,AK1723_1,Closed,3/19/1976 5:00:00 AM,,2000,Gasoline,,
54263,Alaska,AK1723,AK1723_2,Closed,3/19/1976 5:00:00 AM,,2000,Kerosene,,
54264,Alaska,AK702,AK702_1,Closed,3/19/1976 5:00:00 AM,,2000,Gasoline,,
54265,Alaska,AK1493,AK1493_1,Closed,3/12/1976 5:00:00 AM,,500,Gasoline,,
54266,Alaska,AK1493,AK1493_2,Closed,3/12/1976 5:00:00 AM,,500,Gasoline,,
54267,Alaska,AK1542,AK1542_1,Closed,3/3/1976 5:00:00 AM,,1000,Gasoline,,
54268,Alaska,AK164,AK164_1,Closed,3/3/1976 5:00:00 AM,,1000,Hazardous Substance,,
54269,Alaska,AK1758,AK1758_2,Closed,3/3/1976 5:00:00 AM,,3000,Gasoline,,
54270,Alaska,AK1758,AK1758_3,Closed,3/3/1976 5:00:00 AM,,3000,Gasoline,,
54271,Alaska,AK1475,AK1475_1,Closed,2/25/1976 5:00:00 AM,,3000,Gasoline,,
54272,Alaska,AK1684,AK1684_1,Closed,2/22/1976 5:00:00 AM,,1000,Gasoline,,
54273,Alaska,AK1684,AK1684_2,Closed,2/22/1976 5:00:00 AM,,1500,Gasoline,,
54274,Alaska,AK1661,AK1661_1,Closed,2/21/1976 5:00:00 AM,,1500,Diesel,,
54275,Alaska,AK1681,AK1681_1,Closed,2/21/1976 5:00:00 AM,,2000,Gasoline,,
54276,Alaska,AK409,AK409_1,Closed,2/21/1976 5:00:00 AM,,1000,Gasoline,,
54277,Alaska,AK908,AK908_1,Closed,2/21/1976 5:00:00 AM,,5000,Gasoline,,
54278,Alaska,AK1289,AK1289_3,Closed,2/20/1976 5:00:00 AM,,10000,Diesel,,
54279,Alaska,AK1102,AK1102_1,Closed,2/6/1976 5:00:00 AM,,1000,Diesel,,
54280,Alaska,AK1458,AK1458_1,Closed,1/12/1976 5:00:00 AM,,1000,Diesel,,
54281,Alaska,AK1089,AK1089_1,Closed,1/2/1976 5:00:00 AM,,10000,Gasoline,,
54282,Alaska,AK1089,AK1089_2,Closed,1/2/1976 5:00:00 AM,,10000,Gasoline,,
54283,Alaska,AK1089,AK1089_3,Closed,1/2/1976 5:00:00 AM,,3000,Diesel,,
54284,Alaska,AK106,AK106_1,Closed,1/1/1976 5:00:00 AM,,10000,Gasoline,,
54285,Alaska,AK106,AK106_2,Closed,1/1/1976 5:00:00 AM,,10000,Gasoline,,
54286,Alaska,AK1105,AK1105_1,Closed,1/1/1976 5:00:00 AM,,10000,Gasoline,,
54287,Alaska,AK1105,AK1105_2,Closed,1/1/1976 5:00:00 AM,,10000,Gasoline,,
54288,Alaska,AK112,AK112_1,Closed,1/1/1976 5:00:00 AM,,10000,Gasoline,,
54289,Alaska,AK112,AK112_2,Closed,1/1/1976 5:00:00 AM,,10000,Gasoline,,
54290,Alaska,AK1122,AK1122_1,Closed,1/1/1976 5:00:00 AM,,12000,Gasoline,,
54291,Alaska,AK1122,AK1122_2,Closed,1/1/1976 5:00:00 AM,,12000,Gasoline,,
54292,Alaska,AK1122,AK1122_3,Closed,1/1/1976 5:00:00 AM,,2000,Diesel,,
54293,Alaska,AK1125,AK1125_1,Closed,1/1/1976 5:00:00 AM,,12000,Gasoline,,
54294,Alaska,AK1125,AK1125_2,Closed,1/1/1976 5:00:00 AM,,12000,Gasoline,,
54295,Alaska,AK1125,AK1125_3,Closed,1/1/1976 5:00:00 AM,,12000,Diesel,,
54296,Alaska,AK1125,AK1125_4,Closed,1/1/1976 5:00:00 AM,,12000,Diesel,,
54297,Alaska,AK1127,AK1127_1,Closed,1/1/1976 5:00:00 AM,,12000,Gasoline,,
54298,Alaska,AK1127,AK1127_2,Closed,1/1/1976 5:00:00 AM,,12000,Gasoline,,
54299,Alaska,AK1127,AK1127_3,Closed,1/1/1976 5:00:00 AM,,12000,Diesel,,
54300,Alaska,AK1190,AK1190_3,Closed,1/1/1976 5:00:00 AM,,2500,Diesel,,
54301,Alaska,AK1190,AK1190_4,Closed,1/1/1976 5:00:00 AM,,2500,Gasoline,,
54302,Alaska,AK1322,AK1322_3,Closed,1/1/1976 5:00:00 AM,,500,Used Oil,,
54303,Alaska,AK1377,AK1377_1,Closed,1/1/1976 5:00:00 AM,,2000,Gasoline,,
54304,Alaska,AK1502,AK1502_1,Closed,1/1/1976 5:00:00 AM,,12000,Gasoline,,
54305,Alaska,AK1502,AK1502_2,Closed,1/1/1976 5:00:00 AM,,12000,Gasoline,,
54306,Alaska,AK1516,AK1516_1,Closed,1/1/1976 5:00:00 AM,,1000,Diesel,,
54307,Alaska,AK1516,AK1516_2,Closed,1/1/1976 5:00:00 AM,,1000,Gasoline,,
54308,Alaska,AK1556,AK1556_1,Closed,1/1/1976 5:00:00 AM,,500,Diesel,,
54309,Alaska,AK1563,AK1563_1,Closed,1/1/1976 5:00:00 AM,,300,Gasoline,,
54310,Alaska,AK1611,AK1611_1,Closed,1/1/1976 5:00:00 AM,,8000,Gasoline,,
54311,Alaska,AK1611,AK1611_2,Closed,1/1/1976 5:00:00 AM,,2000,Gasoline,,
54312,Alaska,AK1611,AK1611_3,Closed,1/1/1976 5:00:00 AM,,4000,Gasoline,,
54313,Alaska,AK1611,AK1611_4,Closed,1/1/1976 5:00:00 AM,,2000,Diesel,,
54314,Alaska,AK1778,AK1778_5,Closed,1/1/1976 5:00:00 AM,,12000,Gasoline,,
54315,Alaska,AK1857,AK1857_1,Closed,1/1/1976 5:00:00 AM,,2500,Diesel,,
54316,Alaska,AK2340,AK2340_1,Closed,1/1/1976 5:00:00 AM,,10000,Gasoline,,
54317,Alaska,AK2340,AK2340_2,Closed,1/1/1976 5:00:00 AM,,10000,Gasoline,,
54318,Alaska,AK2450,AK2450_3,Closed,1/1/1976 5:00:00 AM,,10000,Gasoline,,
54319,Alaska,AK2533,AK2533_1,Closed,1/1/1976 5:00:00 AM,,500,Gasoline,,
54320,Alaska,AK2616,AK2616_4,Closed,1/1/1976 5:00:00 AM,,2000,Gasoline,,
54321,Alaska,AK2616,AK2616_5,Closed,1/1/1976 5:00:00 AM,,4000,Gasoline,,
54322,Alaska,AK2907,AK2907_2,Closed,1/1/1976 5:00:00 AM,,5000,Diesel,,
54323,Alaska,AK2907,AK2907_3,Closed,1/1/1976 5:00:00 AM,,5000,Gasoline,,
54324,Alaska,AK441,AK441_5,Closed,1/1/1976 5:00:00 AM,,1000,Diesel,,
54325,Alaska,AK535,AK535_2,Closed,1/1/1976 5:00:00 AM,,3000,Gasoline,,
54326,Alaska,AK535,AK535_4,Closed,1/1/1976 5:00:00 AM,,500,Diesel,,
54327,Alaska,AK537,AK537_1,Closed,1/1/1976 5:00:00 AM,,2000,Gasoline,,
54328,Alaska,AK727,AK727_7,Closed,1/1/1976 5:00:00 AM,,6000,Diesel,,
54329,Alaska,AK770,AK770_1,Closed,1/1/1976 5:00:00 AM,,2000,Diesel,,
54330,Alaska,AK770,AK770_2,Closed,1/1/1976 5:00:00 AM,,2000,Diesel,,
54331,Alaska,AK901,AK901_28,Closed,1/1/1976 5:00:00 AM,,20000,Diesel,,
54332,Alaska,AK901,AK901_29,Closed,1/1/1976 5:00:00 AM,,40000,Diesel,,
54333,Alaska,AK901,AK901_33,Closed,1/1/1976 5:00:00 AM,,800,Diesel,,
54334,Alaska,AK951,AK951_1,Closed,1/1/1976 5:00:00 AM,,1000,Diesel,,
54335,Alaska,AK951,AK951_2,Closed,1/1/1976 5:00:00 AM,,1000,Gasoline,,
54336,Alaska,AK971,AK971_1,Closed,1/1/1976 5:00:00 AM,,1000,Diesel,,
54337,Alaska,AK971,AK971_2,Closed,1/1/1976 5:00:00 AM,,1000,Gasoline,,
54338,Alaska,AK998,AK998_97,Closed,1/1/1976 5:00:00 AM,,236,Gasoline,,
54339,Alaska,AK549,AK549_1,Closed,12/8/1975 5:00:00 AM,,350,Diesel,,
54340,Alaska,AK1973,AK1973_1,Closed,11/28/1975 5:00:00 AM,,2000,Diesel,,
54341,Alaska,AK1973,AK1973_2,Closed,11/28/1975 5:00:00 AM,,2000,Diesel,,
54342,Alaska,AK2008,AK2008_1,Closed,10/30/1975 5:00:00 AM,,2000,Diesel,,
54343,Alaska,AK2008,AK2008_2,Closed,10/30/1975 5:00:00 AM,,2000,Gasoline,,
54344,Alaska,AK711,AK711_1,Closed,9/17/1975 4:00:00 AM,,1000,Gasoline,,
54345,Alaska,AK738,AK738_1,Closed,9/17/1975 4:00:00 AM,,1000,Gasoline,,
54346,Alaska,AK1715,AK1715_1,Closed,9/1/1975 4:00:00 AM,,500,Gasoline,,
54347,Alaska,AK1745,AK1745_1,Closed,7/1/1975 4:00:00 AM,,500,Gasoline,,
54348,Alaska,AK2567,AK2567_2,Closed,7/1/1975 4:00:00 AM,,1500,Heating Oil,,
54349,Alaska,AK2579,AK2579_2,Closed,7/1/1975 4:00:00 AM,,2000,Gasoline,,
54350,Alaska,AK2579,AK2579_3,Closed,7/1/1975 4:00:00 AM,,5000,Gasoline,,
54351,Alaska,AK1891,AK1891_7,Closed,6/30/1975 4:00:00 AM,,1500,Diesel,,
54352,Alaska,AK460,AK460_2,Closed,6/17/1975 4:00:00 AM,,1000,Diesel,,
54353,Alaska,AK260,AK260_2,Closed,6/8/1975 4:00:00 AM,,500,Diesel,,
54354,Alaska,AK260,AK260_3,Closed,6/8/1975 4:00:00 AM,,500,Gasoline,,
54355,Alaska,AK1308,AK1308_2,Closed,6/1/1975 4:00:00 AM,,300,Diesel,,
54356,Alaska,AK1650,AK1650_1,Closed,6/1/1975 4:00:00 AM,,1000,Gasoline,,
54357,Alaska,AK1650,AK1650_2,Closed,6/1/1975 4:00:00 AM,,3000,Gasoline,,
54358,Alaska,AK1650,AK1650_3,Closed,6/1/1975 4:00:00 AM,,6000,Gasoline,,
54359,Alaska,AK431,AK431_4,Closed,6/1/1975 4:00:00 AM,,500,Gasoline,,
54360,Alaska,AK381,AK381_2,Closed,5/14/1975 4:00:00 AM,,950,Gasoline,,
54361,Alaska,AK1209,AK1209_1,Closed,5/13/1975 4:00:00 AM,,20000,Diesel,,
54362,Alaska,AK1209,AK1209_2,Closed,5/13/1975 4:00:00 AM,,20000,Diesel,,
54363,Alaska,AK1209,AK1209_3,Closed,5/13/1975 4:00:00 AM,,10000,Gasoline,,
54364,Alaska,AK645,AK645_1,Closed,5/10/1975 4:00:00 AM,,2000,Diesel,,
54365,Alaska,AK645,AK645_2,Closed,5/10/1975 4:00:00 AM,,1000,Gasoline,,
54366,Alaska,AK1221,AK1221_1,Closed,5/9/1975 4:00:00 AM,,500,Used Oil,,
54367,Alaska,AK450,AK450_2,Closed,5/9/1975 4:00:00 AM,,2000,Gasoline,,
54368,Alaska,AK192,AK192_3,Closed,5/6/1975 4:00:00 AM,,4000,Gasoline,,
54369,Alaska,AK41,AK41_2,Closed,5/6/1975 4:00:00 AM,,15000,Diesel,,
54370,Alaska,AK1616,AK1616_5,Closed,5/2/1975 4:00:00 AM,,2000,Gasoline,,
54371,Alaska,AK223,AK223_5,Closed,5/2/1975 4:00:00 AM,,500,Gasoline,,
54372,Alaska,AK657,AK657_4,Closed,5/1/1975 4:00:00 AM,,1000,Diesel,,
54373,Alaska,AK751,AK751_2,Closed,4/30/1975 4:00:00 AM,,2000,Kerosene,,
54374,Alaska,AK145,AK145_1,Closed,4/29/1975 4:00:00 AM,,1000,Diesel,,
54375,Alaska,AK24,AK24_4,Closed,4/23/1975 4:00:00 AM,,10000,Gasoline,,
54376,Alaska,AK24,AK24_5,Closed,4/23/1975 4:00:00 AM,,10000,Gasoline,,
54377,Alaska,AK69,AK69_1,Closed,4/19/1975 4:00:00 AM,,500,Used Oil,,
54378,Alaska,AK1768,AK1768_3,Closed,4/9/1975 4:00:00 AM,,1000,Gasoline,,
54379,Alaska,AK1768,AK1768_4,Closed,4/9/1975 4:00:00 AM,,1000,Gasoline,,
54380,Alaska,AK553,AK553_1,Closed,4/9/1975 4:00:00 AM,,10000,Diesel,,
54381,Alaska,AK553,AK553_2,Closed,4/9/1975 4:00:00 AM,,1000,Gasoline,,
54382,Alaska,AK553,AK553_3,Closed,4/9/1975 4:00:00 AM,,2000,Diesel,,
54383,Alaska,AK327,AK327_2,Closed,4/4/1975 5:00:00 AM,,4000,Kerosene,,
54384,Alaska,AK510,AK510_2,Closed,4/4/1975 5:00:00 AM,,1500,Gasoline,,
54385,Alaska,AK2959,AK2959_1,Closed,4/1/1975 5:00:00 AM,,500,Used Oil,,
54386,Alaska,AK3264,AK3264_1,Closed,4/1/1975 5:00:00 AM,,600,Other,,
54387,Alaska,AK1767,AK1767_1,Closed,3/18/1975 5:00:00 AM,,1000,Diesel,,
54388,Alaska,AK1085,AK1085_1,Closed,3/9/1975 5:00:00 AM,,500,Gasoline,,
54389,Alaska,AK1714,AK1714_1,Closed,2/28/1975 5:00:00 AM,,5000,Gasoline,,
54390,Alaska,AK419,AK419_1,Closed,1/12/1975 5:00:00 AM,,500,Diesel,,
54391,Alaska,AK1186,AK1186_2,Closed,1/1/1975 5:00:00 AM,,500,Gasoline,,
54392,Alaska,AK1186,AK1186_3,Closed,1/1/1975 5:00:00 AM,,500,Diesel,,
54393,Alaska,AK2106,AK2106_1,Closed,1/1/1975 5:00:00 AM,,2000,Gasoline,,
54394,Alaska,AK2146,AK2146_1,Closed,1/1/1975 5:00:00 AM,,1000,Diesel,,
54395,Alaska,AK2146,AK2146_2,Closed,1/1/1975 5:00:00 AM,,1000,Diesel,,
54396,Alaska,AK2146,AK2146_3,Closed,1/1/1975 5:00:00 AM,,300,Used Oil,,
54397,Alaska,AK218,AK218_10,Closed,1/1/1975 5:00:00 AM,,7500,Diesel,,
54398,Alaska,AK218,AK218_6,Closed,1/1/1975 5:00:00 AM,,7500,Diesel,,
54399,Alaska,AK218,AK218_7,Closed,1/1/1975 5:00:00 AM,,7500,Diesel,,
54400,Alaska,AK218,AK218_8,Closed,1/1/1975 5:00:00 AM,,7500,Diesel,,
54401,Alaska,AK218,AK218_9,Closed,1/1/1975 5:00:00 AM,,7500,Diesel,,
54402,Alaska,AK2201,AK2201_1,Closed,1/1/1975 5:00:00 AM,,500,Used Oil,,
54403,Alaska,AK2211,AK2211_1,Closed,1/1/1975 5:00:00 AM,,500,Diesel,,
54404,Alaska,AK2212,AK2212_2,Closed,1/1/1975 5:00:00 AM,,500,Used Oil,,
54405,Alaska,AK2235,AK2235_6,Closed,1/1/1975 5:00:00 AM,,1000,Gasoline,,
54406,Alaska,AK2458,AK2458_1,Closed,1/1/1975 5:00:00 AM,,500,Gasoline,,
54407,Alaska,AK2458,AK2458_2,Closed,1/1/1975 5:00:00 AM,,500,Gasoline,,
54408,Alaska,AK2503,AK2503_1,Closed,1/1/1975 5:00:00 AM,,500,Used Oil,,
54409,Alaska,AK2608,AK2608_1,Closed,1/1/1975 5:00:00 AM,,1000,Gasoline,,
54410,Alaska,AK2630,AK2630_1,Closed,1/1/1975 5:00:00 AM,,300,Used Oil,,
54411,Alaska,AK2712,AK2712_10,Closed,1/1/1975 5:00:00 AM,,500,Diesel,,
54412,Alaska,AK2712,AK2712_11,Closed,1/1/1975 5:00:00 AM,,500,Diesel,,
54413,Alaska,AK2741,AK2741_2,Closed,1/1/1975 5:00:00 AM,,1500,Diesel,,
54414,Alaska,AK2746,AK2746_1,Closed,1/1/1975 5:00:00 AM,,1000,Gasoline,,
54415,Alaska,AK2793,AK2793_1,Closed,1/1/1975 5:00:00 AM,,10000,Gasoline,,
54416,Alaska,AK2793,AK2793_2,Closed,1/1/1975 5:00:00 AM,,10000,Gasoline,,
54417,Alaska,AK2810,AK2810_1,Closed,1/1/1975 5:00:00 AM,,900,Gasoline,,
54418,Alaska,AK2811,AK2811_1,Closed,1/1/1975 5:00:00 AM,,500,Gasoline,,
54419,Alaska,AK2811,AK2811_2,Closed,1/1/1975 5:00:00 AM,,1000,Gasoline,,
54420,Alaska,AK2832,AK2832_1,Closed,1/1/1975 5:00:00 AM,,10000,Diesel,,
54421,Alaska,AK2832,AK2832_2,Closed,1/1/1975 5:00:00 AM,,5000,Gasoline,,
54422,Alaska,AK2847,AK2847_1,Closed,1/1/1975 5:00:00 AM,,500,Gasoline,,
54423,Alaska,AK2847,AK2847_2,Closed,1/1/1975 5:00:00 AM,,1000,Diesel,,
54424,Alaska,AK2891,AK2891_1,Closed,1/1/1975 5:00:00 AM,,1000,Gasoline,,
54425,Alaska,AK2891,AK2891_2,Closed,1/1/1975 5:00:00 AM,,1000,Gasoline,,
54426,Alaska,AK2919,AK2919_3,Closed,1/1/1975 5:00:00 AM,,1500,Diesel,,
54427,Alaska,AK2973,AK2973_1,Closed,1/1/1975 5:00:00 AM,,500,Gasoline,,
54428,Alaska,AK3003,AK3003_2,Closed,1/1/1975 5:00:00 AM,,500,Used Oil,,
54429,Alaska,AK3313,AK3313_1,Closed,1/1/1975 5:00:00 AM,,20000,Diesel,,
54430,Alaska,AK3381,AK3381_1,Closed,1/1/1975 5:00:00 AM,,1000,Gasoline,,
54431,Alaska,AK3381,AK3381_2,Closed,1/1/1975 5:00:00 AM,,1000,Gasoline,,
54432,Alaska,AK3487,AK3487_1,Closed,1/1/1975 5:00:00 AM,,1000,Gasoline,,
54433,Alaska,AK3542,AK3542_2,Closed,1/1/1975 5:00:00 AM,,3000,Diesel,,
54434,Alaska,AK3542,AK3542_3,Closed,1/1/1975 5:00:00 AM,,2000,Diesel,,
54435,Alaska,AK528,AK528_1,Closed,1/1/1975 5:00:00 AM,,1000,Gasoline,,
54436,Alaska,AK607,AK607_1,Closed,1/1/1975 5:00:00 AM,,500,Diesel,,
54437,Alaska,AK611,AK611_2,Closed,1/1/1975 5:00:00 AM,,3000,Gasoline,,
54438,Alaska,AK901,AK901_65,Closed,1/1/1975 5:00:00 AM,,3000,Diesel,,
54439,Alaska,AK1585,AK1585_1,Closed,12/30/1974 5:00:00 AM,,2000,Diesel,,
54440,Alaska,AK43,AK43_1,Closed,12/20/1974 5:00:00 AM,,2500,Used Oil,,
54441,Alaska,AK43,AK43_2,Closed,12/20/1974 5:00:00 AM,,2500,Gasoline,,
54442,Alaska,AK43,AK43_4,Closed,12/20/1974 5:00:00 AM,,20000,Diesel,,
54443,Alaska,AK43,AK43_5,Closed,12/20/1974 5:00:00 AM,,20000,Diesel,,
54444,Alaska,AK43,AK43_6,Closed,12/20/1974 5:00:00 AM,,10000,Gasoline,,
54445,Alaska,AK2035,AK2035_1,Closed,12/1/1974 5:00:00 AM,,300,Gasoline,,
54446,Alaska,AK2036,AK2036_1,Closed,12/1/1974 5:00:00 AM,,300,Diesel,,
54447,Alaska,AK2037,AK2037_1,Closed,12/1/1974 5:00:00 AM,,300,Diesel,,
54448,Alaska,AK1971,AK1971_1,Closed,11/8/1974 5:00:00 AM,,10000,Diesel,,
54449,Alaska,AK1971,AK1971_2,Closed,11/8/1974 5:00:00 AM,,10000,Gasoline,,
54450,Alaska,AK1947,AK1947_4,Closed,10/13/1974 4:00:00 AM,,7000,Diesel,,
54451,Alaska,AK1947,AK1947_5,Closed,10/13/1974 4:00:00 AM,,20000,Diesel,,
54452,Alaska,AK1947,AK1947_6,Closed,10/13/1974 4:00:00 AM,,2500,Diesel,,
54453,Alaska,AK1952,AK1952_10,Closed,9/21/1974 4:00:00 AM,,1000,Used Oil,,
54454,Alaska,AK1952,AK1952_8,Closed,9/21/1974 4:00:00 AM,,3000,Gasoline,,
54455,Alaska,AK1952,AK1952_9,Closed,9/21/1974 4:00:00 AM,,3000,Diesel,,
54456,Alaska,AK2395,AK2395_1,Closed,8/1/1974 4:00:00 AM,,300,Gasoline,,
54457,Alaska,AK2460,AK2460_1,Closed,8/1/1974 4:00:00 AM,,500,Gasoline,,
54458,Alaska,AK2345,AK2345_3,Closed,7/1/1974 4:00:00 AM,,236,Used Oil,,
54459,Alaska,AK328,AK328_1,Closed,6/11/1974 4:00:00 AM,,10000,Gasoline,,
54460,Alaska,AK328,AK328_2,Closed,6/11/1974 4:00:00 AM,,10000,Gasoline,,
54461,Alaska,AK328,AK328_3,Closed,6/11/1974 4:00:00 AM,,2000,Diesel,,
54462,Alaska,AK328,AK328_4,Closed,6/11/1974 4:00:00 AM,,1000,Gasoline,,
54463,Alaska,AK410,AK410_1,Closed,6/5/1974 4:00:00 AM,,10000,Gasoline,,
54464,Alaska,AK410,AK410_2,Closed,6/5/1974 4:00:00 AM,,10000,Gasoline,,
54465,Alaska,AK410,AK410_3,Closed,6/5/1974 4:00:00 AM,,10000,Diesel,,
54466,Alaska,AK3034,AK3034_1,Closed,6/1/1974 4:00:00 AM,,8000,Gasoline,,
54467,Alaska,AK613,AK613_1,Closed,6/1/1974 4:00:00 AM,,1000,Used Oil,,
54468,Alaska,AK613,AK613_2,Closed,6/1/1974 4:00:00 AM,,1000,Gasoline,,
54469,Alaska,AK998,AK998_95,Closed,6/1/1974 4:00:00 AM,,1500,Diesel,,
54470,Alaska,AK998,AK998_96,Closed,6/1/1974 4:00:00 AM,,1500,Diesel,,
54471,Alaska,AK1124,AK1124_4,Closed,5/21/1974 4:00:00 AM,,2000,Diesel,,
54472,Alaska,AK1144,AK1144_1,Closed,5/21/1974 4:00:00 AM,,1000,Gasoline,,
54473,Alaska,AK2017,AK2017_1,Closed,5/18/1974 4:00:00 AM,,3000,Gasoline,,
54474,Alaska,AK2017,AK2017_2,Closed,5/18/1974 4:00:00 AM,,3000,Gasoline,,
54475,Alaska,AK2017,AK2017_3,Closed,5/18/1974 4:00:00 AM,,3000,Diesel,,
54476,Alaska,AK2017,AK2017_4,Closed,5/18/1974 4:00:00 AM,,2000,Gasoline,,
54477,Alaska,AK2017,AK2017_5,Closed,5/18/1974 4:00:00 AM,,2000,Gasoline,,
54478,Alaska,AK2017,AK2017_6,Closed,5/18/1974 4:00:00 AM,,500,Kerosene,,
54479,Alaska,AK2017,AK2017_7,Closed,5/18/1974 4:00:00 AM,,500,Diesel,,
54480,Alaska,AK1434,AK1434_1,Closed,5/12/1974 4:00:00 AM,,8000,Diesel,,
54481,Alaska,AK468,AK468_1,Closed,5/7/1974 4:00:00 AM,,6000,Gasoline,,
54482,Alaska,AK468,AK468_2,Closed,5/7/1974 4:00:00 AM,,1000,Kerosene,,
54483,Alaska,AK1333,AK1333_1,Closed,5/6/1974 4:00:00 AM,,8000,Gasoline,,
54484,Alaska,AK1333,AK1333_2,Closed,5/6/1974 4:00:00 AM,,8000,Gasoline,,
54485,Alaska,AK1333,AK1333_4,Closed,5/6/1974 4:00:00 AM,,500,Used Oil,,
54486,Alaska,AK1612,AK1612_1,Closed,5/6/1974 4:00:00 AM,,2000,Gasoline,,
54487,Alaska,AK599,AK599_10,Closed,5/6/1974 4:00:00 AM,,10000,Gasoline,,
54488,Alaska,AK599,AK599_9,Closed,5/6/1974 4:00:00 AM,,10000,Gasoline,,
54489,Alaska,AK848,AK848_1,Closed,5/6/1974 4:00:00 AM,,1000,Diesel,,
54490,Alaska,AK1526,AK1526_2,Closed,5/5/1974 4:00:00 AM,,2000,Gasoline,,
54491,Alaska,AK1633,AK1633_1,Closed,5/5/1974 4:00:00 AM,,1000,Hazardous Substance,,
54492,Alaska,AK1633,AK1633_2,Closed,5/5/1974 4:00:00 AM,,1000,Hazardous Substance,,
54493,Alaska,AK208,AK208_1,Closed,5/5/1974 4:00:00 AM,,10000,Gasoline,,
54494,Alaska,AK208,AK208_3,Closed,5/5/1974 4:00:00 AM,,1000,Diesel,,
54495,Alaska,AK208,AK208_4,Closed,5/5/1974 4:00:00 AM,,1000,Used Oil,,
54496,Alaska,AK61,AK61_1,Closed,5/5/1974 4:00:00 AM,,1000,Diesel,,
54497,Alaska,AK61,AK61_2,Closed,5/5/1974 4:00:00 AM,,2000,Gasoline,,
54498,Alaska,AK61,AK61_3,Closed,5/5/1974 4:00:00 AM,,2000,Used Oil,,
54499,Alaska,AK1234,AK1234_1,Closed,5/2/1974 4:00:00 AM,,10000,Diesel,,
54500,Alaska,AK1234,AK1234_2,Closed,5/2/1974 4:00:00 AM,,10000,Gasoline,,
54501,Alaska,AK1234,AK1234_3,Closed,5/2/1974 4:00:00 AM,,5000,Gasoline,,
54502,Alaska,AK390,AK390_1,Closed,5/2/1974 4:00:00 AM,,500,Gasoline,,
54503,Alaska,AK1143,AK1143_2,Closed,5/1/1974 4:00:00 AM,,5000,Gasoline,,
54504,Alaska,AK222,AK222_1,Closed,5/1/1974 4:00:00 AM,,12000,Gasoline,,
54505,Alaska,AK222,AK222_2,Closed,5/1/1974 4:00:00 AM,,4000,Gasoline,,
54506,Alaska,AK222,AK222_3,Closed,5/1/1974 4:00:00 AM,,9500,Gasoline,,
54507,Alaska,AK234,AK234_1,Closed,5/1/1974 4:00:00 AM,,3000,Gasoline,,
54508,Alaska,AK234,AK234_2,Closed,5/1/1974 4:00:00 AM,,10000,Gasoline,,
54509,Alaska,AK234,AK234_3,Closed,5/1/1974 4:00:00 AM,,10000,Gasoline,,
54510,Alaska,AK1626,AK1626_4,Closed,4/30/1974 4:00:00 AM,,3000,Gasoline,,
54511,Alaska,AK1660,AK1660_1,Closed,4/29/1974 4:00:00 AM,,1000,Gasoline,,
54512,Alaska,AK1660,AK1660_2,Closed,4/29/1974 4:00:00 AM,,1000,Gasoline,,
54513,Alaska,AK387,AK387_1,Closed,4/29/1974 4:00:00 AM,,1500,Gasoline,,
54514,Alaska,AK994,AK994_1,Closed,4/29/1974 4:00:00 AM,,2000,Diesel,,
54515,Alaska,AK994,AK994_2,Closed,4/29/1974 4:00:00 AM,,2000,Gasoline,,
54516,Alaska,AK1087,AK1087_1,Closed,4/21/1974 4:00:00 AM,,4000,Diesel,,
54517,Alaska,AK1810,AK1810_1,Closed,4/20/1974 4:00:00 AM,,2000,Gasoline,,
54518,Alaska,AK1303,AK1303_1,Closed,4/15/1974 4:00:00 AM,,1000,Diesel,,
54519,Alaska,AK1303,AK1303_2,Closed,4/15/1974 4:00:00 AM,,500,Used Oil,,
54520,Alaska,AK697,AK697_1,Closed,4/15/1974 4:00:00 AM,,1000,Gasoline,,
54521,Alaska,AK324,AK324_1,Closed,4/11/1974 4:00:00 AM,,6000,Gasoline,,
54522,Alaska,AK324,AK324_2,Closed,4/11/1974 4:00:00 AM,,4000,Gasoline,,
54523,Alaska,AK282,AK282_1,Closed,4/10/1974 4:00:00 AM,,10000,Diesel,,
54524,Alaska,AK282,AK282_2,Closed,4/10/1974 4:00:00 AM,,10000,Diesel,,
54525,Alaska,AK282,AK282_3,Closed,4/10/1974 4:00:00 AM,,10000,Diesel,,
54526,Alaska,AK282,AK282_4,Closed,4/10/1974 4:00:00 AM,,10000,Gasoline,,
54527,Alaska,AK282,AK282_5,Closed,4/10/1974 4:00:00 AM,,5000,Gasoline,,
54528,Alaska,AK998,AK998_85,Closed,4/9/1974 4:00:00 AM,,5000,Diesel,,
54529,Alaska,AK740,AK740_1,Closed,4/8/1974 4:00:00 AM,,1500,Gasoline,,
54530,Alaska,AK740,AK740_2,Closed,4/8/1974 4:00:00 AM,,1500,Gasoline,,
54531,Alaska,AK740,AK740_3,Closed,4/8/1974 4:00:00 AM,,500,Gasoline,,
54532,Alaska,AK510,AK510_3,Closed,4/3/1974 5:00:00 AM,,3000,Diesel,,
54533,Alaska,AK689,AK689_1,Closed,4/2/1974 5:00:00 AM,,2000,Diesel,,
54534,Alaska,AK689,AK689_2,Closed,4/2/1974 5:00:00 AM,,500,Diesel,,
54535,Alaska,AK1014,AK1014_1,Closed,4/1/1974 5:00:00 AM,,1000,Gasoline,,
54536,Alaska,AK1018,AK1018_1,Closed,4/1/1974 5:00:00 AM,,1000,Gasoline,,
54537,Alaska,AK1606,AK1606_1,Closed,4/1/1974 5:00:00 AM,,500,Gasoline,,
54538,Alaska,AK941,AK941_1,Closed,3/31/1974 5:00:00 AM,,20000,Used Oil,,
54539,Alaska,AK274,AK274_1,Closed,3/26/1974 5:00:00 AM,,1000,Gasoline,,
54540,Alaska,AK279,AK279_2,Closed,3/23/1974 5:00:00 AM,,500,Gasoline,,
54541,Alaska,AK189,AK189_5,Closed,3/22/1974 5:00:00 AM,,1000,Used Oil,,
54542,Alaska,AK2988,AK2988_1,Closed,3/1/1974 5:00:00 AM,,1500,Gasoline,,
54543,Alaska,AK882,AK882_6,Closed,2/24/1974 5:00:00 AM,,6000,Gasoline,,
54544,Alaska,AK893,AK893_8,Closed,2/24/1974 5:00:00 AM,,6000,Gasoline,,
54545,Alaska,AK911,AK911_6,Closed,2/24/1974 5:00:00 AM,,6000,Gasoline,,
54546,Alaska,AK747,AK747_3,Closed,2/19/1974 5:00:00 AM,,1000,Gasoline,,
54547,Alaska,AK747,AK747_4,Closed,2/19/1974 5:00:00 AM,,1000,Gasoline,,
54548,Alaska,AK1427,AK1427_6,Closed,2/14/1974 5:00:00 AM,,6000,Gasoline,,
54549,Alaska,AK931,AK931_1,Closed,2/13/1974 5:00:00 AM,,5000,Gasoline,,
54550,Alaska,AK1494,AK1494_7,Closed,2/7/1974 5:00:00 AM,,500,Diesel,,
54551,Alaska,AK1680,AK1680_4,Closed,1/29/1974 5:00:00 AM,,12000,Used Oil,,
54552,Alaska,AK1002,AK1002_1,Closed,1/1/1974 5:00:00 AM,,2000,Diesel,,
54553,Alaska,AK1002,AK1002_2,Closed,1/1/1974 5:00:00 AM,,2000,Gasoline,,
54554,Alaska,AK1038,AK1038_1,Closed,1/1/1974 5:00:00 AM,,300,Gasoline,,
54555,Alaska,AK104,AK104_11,Closed,1/1/1974 5:00:00 AM,,10000,Diesel,,
54556,Alaska,AK104,AK104_141,Closed,1/1/1974 5:00:00 AM,,420,Diesel,,
54557,Alaska,AK104,AK104_155,Closed,1/1/1974 5:00:00 AM,,500,Diesel,,
54558,Alaska,AK104,AK104_162,Closed,1/1/1974 5:00:00 AM,,15000,Kerosene,,
54559,Alaska,AK1443,AK1443_30,Closed,1/1/1974 5:00:00 AM,,15000,Gasoline,,
54560,Alaska,AK1474,AK1474_3,Closed,1/1/1974 5:00:00 AM,,4000,Used Oil,,
54561,Alaska,AK1474,AK1474_4,Closed,1/1/1974 5:00:00 AM,,2500,Used Oil,,
54562,Alaska,AK1502,AK1502_3,Closed,1/1/1974 5:00:00 AM,,8000,Diesel,,
54563,Alaska,AK2013,AK2013_4,Closed,1/1/1974 5:00:00 AM,,2000,Diesel,,
54564,Alaska,AK2013,AK2013_5,Closed,1/1/1974 5:00:00 AM,,2000,Gasoline,,
54565,Alaska,AK2013,AK2013_6,Closed,1/1/1974 5:00:00 AM,,2000,Gasoline,,
54566,Alaska,AK2013,AK2013_7,Closed,1/1/1974 5:00:00 AM,,8000,Diesel,,
54567,Alaska,AK2013,AK2013_8,Closed,1/1/1974 5:00:00 AM,,8000,Diesel,,
54568,Alaska,AK2013,AK2013_9,Closed,1/1/1974 5:00:00 AM,,2000,Diesel,,
54569,Alaska,AK2070,AK2070_2,Closed,1/1/1974 5:00:00 AM,,600,Diesel,,
54570,Alaska,AK2073,AK2073_2,Closed,1/1/1974 5:00:00 AM,,600,Diesel,,
54571,Alaska,AK2160,AK2160_1,Closed,1/1/1974 5:00:00 AM,,300,Diesel,,
54572,Alaska,AK2161,AK2161_1,Closed,1/1/1974 5:00:00 AM,,300,Diesel,,
54573,Alaska,AK2163,AK2163_1,Closed,1/1/1974 5:00:00 AM,,300,Diesel,,
54574,Alaska,AK2164,AK2164_1,Closed,1/1/1974 5:00:00 AM,,1000,Diesel,,
54575,Alaska,AK244,AK244_1,Closed,1/1/1974 5:00:00 AM,,500,Gasoline,,
54576,Alaska,AK244,AK244_2,Closed,1/1/1974 5:00:00 AM,,10000,Diesel,,
54577,Alaska,AK252,AK252_1,Closed,1/1/1974 5:00:00 AM,,500,Gasoline,,
54578,Alaska,AK2521,AK2521_1,Closed,1/1/1974 5:00:00 AM,,500,Gasoline,,
54579,Alaska,AK2521,AK2521_2,Closed,1/1/1974 5:00:00 AM,,500,Gasoline,,
54580,Alaska,AK2549,AK2549_1,Closed,1/1/1974 5:00:00 AM,,990,Gasoline,,
54581,Alaska,AK2597,AK2597_1,Closed,1/1/1974 5:00:00 AM,,4500,Gasoline,,
54582,Alaska,AK2597,AK2597_2,Closed,1/1/1974 5:00:00 AM,,4500,Gasoline,,
54583,Alaska,AK2652,AK2652_1,Closed,1/1/1974 5:00:00 AM,,3000,Gasoline,,
54584,Alaska,AK2766,AK2766_1,Closed,1/1/1974 5:00:00 AM,,2000,Gasoline,,
54585,Alaska,AK2766,AK2766_2,Closed,1/1/1974 5:00:00 AM,,1000,Gasoline,,
54586,Alaska,AK2783,AK2783_1,Closed,1/1/1974 5:00:00 AM,,500,Gasoline,,
54587,Alaska,AK2907,AK2907_1,Closed,1/1/1974 5:00:00 AM,,500,Used Oil,,
54588,Alaska,AK2907,AK2907_5,Closed,1/1/1974 5:00:00 AM,,500,Used Oil,,
54589,Alaska,AK2907,AK2907_7,Closed,1/1/1974 5:00:00 AM,,500,Used Oil,,
54590,Alaska,AK2907,AK2907_8,Closed,1/1/1974 5:00:00 AM,,500,Used Oil,,
54591,Alaska,AK3,AK3_1,Closed,1/1/1974 5:00:00 AM,,2000,Gasoline,,
54592,Alaska,AK3,AK3_2,Closed,1/1/1974 5:00:00 AM,,1000,Gasoline,,
54593,Alaska,AK3003,AK3003_3,Closed,1/1/1974 5:00:00 AM,,3000,Diesel,,
54594,Alaska,AK3003,AK3003_5,Closed,1/1/1974 5:00:00 AM,,3000,Gasoline,,
54595,Alaska,AK3030,AK3030_1,Closed,1/1/1974 5:00:00 AM,,3000,Gasoline,,
54596,Alaska,AK3030,AK3030_2,Closed,1/1/1974 5:00:00 AM,,3000,Diesel,,
54597,Alaska,AK312,AK312_1,Closed,1/1/1974 5:00:00 AM,,350,Diesel,,
54598,Alaska,AK315,AK315_1,Closed,1/1/1974 5:00:00 AM,,350,Diesel,,
54599,Alaska,AK319,AK319_1,Closed,1/1/1974 5:00:00 AM,,350,Diesel,,
54600,Alaska,AK3258,AK3258_1,Closed,1/1/1974 5:00:00 AM,,2000,Gasoline,,
54601,Alaska,AK3258,AK3258_2,Closed,1/1/1974 5:00:00 AM,,1000,Gasoline,,
54602,Alaska,AK3328,AK3328_1,Closed,1/1/1974 5:00:00 AM,,1000,Diesel,,
54603,Alaska,AK3328,AK3328_2,Closed,1/1/1974 5:00:00 AM,,1000,Diesel,,
54604,Alaska,AK554,AK554_1,Closed,1/1/1974 5:00:00 AM,,350,Diesel,,
54605,Alaska,AK559,AK559_1,Closed,1/1/1974 5:00:00 AM,,350,Diesel,,
54606,Alaska,AK613,AK613_4,Closed,1/1/1974 5:00:00 AM,,1000,Diesel,,
54607,Alaska,AK806,AK806_3,Closed,1/1/1974 5:00:00 AM,,300,Used Oil,,
54608,Alaska,AK98,AK98_2,Closed,1/1/1974 5:00:00 AM,,2000,Diesel,,
54609,Alaska,AK2007,AK2007_1,Closed,10/10/1973 4:00:00 AM,,1000,Diesel,,
54610,Alaska,AK508,AK508_3,Closed,10/10/1973 4:00:00 AM,,15000,Diesel,,
54611,Alaska,AK508,AK508_4,Closed,10/10/1973 4:00:00 AM,,15000,Diesel,,
54612,Alaska,AK2003,AK2003_1,Closed,9/19/1973 4:00:00 AM,,1000,Gasoline,,
54613,Alaska,AK819,AK819_4,Closed,9/10/1973 4:00:00 AM,,10000,Gasoline,,
54614,Alaska,AK2649,AK2649_1,Closed,9/1/1973 4:00:00 AM,,1000,Gasoline,,
54615,Alaska,AK819,AK819_5,Closed,8/10/1973 4:00:00 AM,,10000,Gasoline,,
54633,Alaska,AK817,AK817_12,Closed,,,10000,Diesel,,
54643,Alaska,AK817,AK817_13,Closed,,,10000,Diesel,,
54648,Alaska,AK817,AK817_2,Closed,,,500,Diesel,,
54658,Alaska,AK817,AK817_3,Closed,,,500,Diesel,,
54674,Alaska,AK817,AK817_6,Closed,,,500,Used Oil,,
54745,Alaska,AK2855,AK2855_5,Closed,,,1000,Gasoline,,
54748,Alaska,AK2859,AK2859_1,Closed,,,2000,Gasoline,,
54750,Alaska,AK2859,AK2859_2,Closed,,,2000,Gasoline,,
54752,Alaska,AK2865,AK2865_1,Closed,,,500,Gasoline,,
54753,Alaska,AK2870,AK2870_1,Closed,,,4000,Diesel,,
54755,Alaska,AK2880,AK2880_1,Closed,,,150,Diesel,,
54757,Alaska,AK2880,AK2880_2,Closed,,,150,Diesel,,
54761,Alaska,AK2887,AK2887_1,Closed,,,250,Gasoline,,
54763,Alaska,AK2894,AK2894_1,Closed,,,2000,Diesel,,
54765,Alaska,AK2899,AK2899_1,Closed,,,500,Gasoline,,
54766,Alaska,AK2903,AK2903_2,Closed,,,1000,Used Oil,,
54767,Alaska,AK2907,AK2907_10,Closed,,,1000,Used Oil,,
54769,Alaska,AK2907,AK2907_9,Closed,,,300,Used Oil,,
54770,Alaska,AK2910,AK2910_2,Closed,,,1000,Gasoline,,
54772,Alaska,AK2910,AK2910_4,Closed,,,500,Diesel,,
54774,Alaska,AK2911,AK2911_1,Closed,,,1000,Gasoline,,
54776,Alaska,AK2911,AK2911_3,Closed,,,550,Used Oil,,
54778,Alaska,AK2913,AK2913_1,Closed,,,5000,Gasoline,,
54780,Alaska,AK2913,AK2913_2,Closed,,,2000,Used Oil,,
54782,Alaska,AK2919,AK2919_4,Closed,,,5000,Diesel,,
54783,Alaska,AK2919,AK2919_5,Closed,,,4000,Diesel,,
54785,Alaska,AK2927,AK2927_2,Closed,,,1000,Diesel,,
54787,Alaska,AK2932,AK2932_1,Closed,,,10000,Diesel,,
54789,Alaska,AK2932,AK2932_2,Closed,,,5000,Gasoline,,
54791,Alaska,AK2937,AK2937_2,Closed,,,15000,Gasoline,,
54793,Alaska,AK2937,AK2937_3,Closed,,,15000,Diesel,,
54795,Alaska,AK2937,AK2937_4,Closed,,,15000,Diesel,,
54797,Alaska,AK2939,AK2939_1,Closed,,,,Diesel,,
54799,Alaska,AK2943,AK2943_1,Closed,,,500,Used Oil,,
54801,Alaska,AK2946,AK2946_1,Closed,,,500,Used Oil,,
54803,Alaska,AK2951,AK2951_1,Closed,,,1500,Diesel,,
54805,Alaska,AK2951,AK2951_2,Closed,,,1500,Diesel,,
54807,Alaska,AK2953,AK2953_1,Closed,,,5000,Gasoline,,
54809,Alaska,AK2953,AK2953_2,Closed,,,10000,Gasoline,,
54811,Alaska,AK2953,AK2953_3,Closed,,,10000,Gasoline,,
54813,Alaska,AK2953,AK2953_4,Closed,,,550,Used Oil,,
54815,Alaska,AK2954,AK2954_1,Closed,,,500,Gasoline,,
54817,Alaska,AK2954,AK2954_2,Closed,,,7000,Gasoline,,
54819,Alaska,AK2954,AK2954_3,Closed,,,3000,Gasoline,,
54821,Alaska,AK2954,AK2954_4,Closed,,,3000,Diesel,,
54822,Alaska,AK2954,AK2954_5,Closed,,,550,Used Oil,,
54824,Alaska,AK2954,AK2954_7,Closed,,,550,Diesel,,
54826,Alaska,AK2958,AK2958_1,Closed,,,,Diesel,,
54828,Alaska,AK2958,AK2958_2,Closed,,,,Diesel,,
54829,Alaska,AK2961,AK2961_1,Closed,,,500,Diesel,,
54831,Alaska,AK2962,AK2962_3,Closed,,,500,Gasoline,,
54833,Alaska,AK2962,AK2962_4,Closed,,,500,Gasoline,,
54835,Alaska,AK2970,AK2970_1,Closed,,,1000,Diesel,,
54837,Alaska,AK2970,AK2970_2,Closed,,,1000,Diesel,,
54839,Alaska,AK2972,AK2972_1,Closed,,,500,Gasoline,,
54840,Alaska,AK2974,AK2974_1,Closed,,,,Diesel,,
54842,Alaska,AK2975,AK2975_1,Closed,,,5000,Diesel,,
54843,Alaska,AK2975,AK2975_2,Closed,,,5000,Gasoline,,
54845,Alaska,AK2976,AK2976_1,Closed,,,2000,Gasoline,,
54847,Alaska,AK2979,AK2979_1,Closed,,,,Diesel,,
54849,Alaska,AK2979,AK2979_2,Closed,,,,Diesel,,
54851,Alaska,AK2979,AK2979_3,Closed,,,1000,Diesel,,
54852,Alaska,AK2979,AK2979_4,Closed,,,3000,Diesel,,
54853,Alaska,AK2984,AK2984_1,Closed,,,500,Diesel,,
54855,Alaska,AK299,AK299_1,Closed,,,300,Gasoline,,
54857,Alaska,AK2990,AK2990_1,Closed,,,400,Other,,
54859,Alaska,AK2991,AK2991_1,Closed,,,1500,Gasoline,,
54861,Alaska,AK2991,AK2991_2,Closed,,,1500,Gasoline,,
54863,Alaska,AK2991,AK2991_5,Closed,,,25000,Diesel,,
54865,Alaska,AK2992,AK2992_1,Closed,,,6000,Gasoline,,
54867,Alaska,AK2785,AK2785_1,Closed,,,500,Gasoline,,
54869,Alaska,AK2992,AK2992_10,Closed,,,6000,Diesel,,
54871,Alaska,AK2992,AK2992_2,Closed,,,6000,Gasoline,,
54873,Alaska,AK2992,AK2992_3,Closed,,,6000,Gasoline,,
54875,Alaska,AK2992,AK2992_4,Closed,,,6000,Gasoline,,
54877,Alaska,AK2992,AK2992_5,Closed,,,6000,Gasoline,,
54879,Alaska,AK2992,AK2992_6,Closed,,,6000,Diesel,,
54882,Alaska,AK2992,AK2992_7,Closed,,,6000,Diesel,,
54886,Alaska,AK2992,AK2992_8,Closed,,,6000,Diesel,,
54889,Alaska,AK2992,AK2992_9,Closed,,,6000,Diesel,,
54892,Alaska,AK2995,AK2995_1,Closed,,,500,Used Oil,,
54895,Alaska,AK300,AK300_6,Closed,,,500,Used Oil,,
54898,Alaska,AK300,AK300_9,Closed,,,500,Used Oil,,
54901,Alaska,AK3001,AK3001_1,Closed,,,1500,Diesel,,
54904,Alaska,AK3002,AK3002_1,Closed,,,,Diesel,,
54905,Alaska,AK2787,AK2787_1,Closed,,,500,Gasoline,,
54907,Alaska,AK3005,AK3005_1,Closed,,,500,Gasoline,,
54909,Alaska,AK3011,AK3011_1,Closed,,,10000,Gasoline,,
54912,Alaska,AK3011,AK3011_2,Closed,,,10000,Gasoline,,
54914,Alaska,AK2787,AK2787_2,Closed,,,500,Gasoline,,
54915,Alaska,AK3014,AK3014_1,Closed,,,500,Diesel,,
54918,Alaska,AK3014,AK3014_2,Closed,,,500,Diesel,,
54920,Alaska,AK2790,AK2790_1,Closed,,,5000,Diesel,,
54921,Alaska,AK3018,AK3018_1,Closed,,,500,Gasoline,,
54924,Alaska,AK3040,AK3040_1,Closed,,,1000,Used Oil,,
54927,Alaska,AK3041,AK3041_1,Closed,,,500,Diesel,,
54929,Alaska,AK3048,AK3048_7,Closed,,,500,Gasoline,,
54930,Alaska,AK305,AK305_3,Closed,,,2000,Gasoline,,
54932,Alaska,AK2790,AK2790_2,Closed,,,10000,Gasoline,,
54933,Alaska,AK305,AK305_4,Closed,,,2000,Diesel,,
54936,Alaska,AK3053,AK3053_1,Closed,,,300,Gasoline,,
54939,Alaska,AK3054,AK3054_1,Closed,,,200,Gasoline,,
54941,Alaska,AK3057,AK3057_1,Closed,,,4000,Diesel,,
54943,Alaska,AK3057,AK3057_2,Closed,,,4000,Diesel,,
54946,Alaska,AK3057,AK3057_3,Closed,,,4000,Diesel,,
54947,Alaska,AK2791,AK2791_1,Closed,,,1500,Diesel,,
54949,Alaska,AK3061,AK3061_1,Closed,,,1200,Diesel,,
54952,Alaska,AK3062,AK3062_1,Closed,,,10000,Diesel,,
54955,Alaska,AK3063,AK3063_1,Closed,,,500,Used Oil,,
54958,Alaska,AK3064,AK3064_1,Closed,,,1000,Used Oil,,
54959,Alaska,AK2791,AK2791_2,Closed,,,750,Gasoline,,
54961,Alaska,AK3064,AK3064_2,Closed,,,2000,Diesel,,
54964,Alaska,AK3064,AK3064_3,Closed,,,2000,Used Oil,,
54967,Alaska,AK3065,AK3065_1,Closed,,,500,Gasoline,,
54970,Alaska,AK3065,AK3065_2,Closed,,,500,Diesel,,
54971,Alaska,AK2792,AK2792_1,Closed,,,500,Gasoline,,
54973,Alaska,AK3073,AK3073_1,Closed,,,300,Diesel,,
54975,Alaska,AK3074,AK3074_2,Closed,,,12000,Diesel,,
54978,Alaska,AK3085,AK3085_2,Closed,,,300,Diesel,,
54981,Alaska,AK309,AK309_1,Closed,,,500,Gasoline,,
54983,Alaska,AK2794,AK2794_1,Closed,,,500,Gasoline,,
54984,Alaska,AK3090,AK3090_1,Closed,,,3500,Gasoline,,
54987,Alaska,AK3090,AK3090_2,Closed,,,3000,Gasoline,,
54991,Alaska,AK2795,AK2795_1,Closed,,,500,Gasoline,,
54992,Alaska,AK3092,AK3092_1,Closed,,,5000,Diesel,,
54995,Alaska,AK3092,AK3092_2,Closed,,,5000,Diesel,,
54998,Alaska,AK3094,AK3094_1,Closed,,,1000,Gasoline,,
55001,Alaska,AK3094,AK3094_2,Closed,,,1000,Gasoline,,
55003,Alaska,AK2800,AK2800_1,Closed,,,6000,Gasoline,,
55004,Alaska,AK3095,AK3095_1,Closed,,,5600,Other,,
55007,Alaska,AK3095,AK3095_2,Closed,,,1000,Other,,
55010,Alaska,AK3099,AK3099_1,Closed,,,500,Gasoline,,
55013,Alaska,AK3100,AK3100_1,Closed,,,600,Gasoline,,
55015,Alaska,AK2800,AK2800_2,Closed,,,1000,Diesel,,
55016,Alaska,AK3100,AK3100_2,Closed,,,1000,Gasoline,,
55019,Alaska,AK3101,AK3101_3,Closed,,,1030,Diesel,,
55022,Alaska,AK3103,AK3103_1,Closed,,,1000,Diesel,,
55025,Alaska,AK311,AK311_3,Closed,,,500,Used Oil,,
55027,Alaska,AK2802,AK2802_1,Closed,,,550,Gasoline,,
55028,Alaska,AK3112,AK3112_1,Closed,,,6500,Gasoline,,
55031,Alaska,AK3112,AK3112_2,Closed,,,10000,Diesel,,
55034,Alaska,AK3113,AK3113_1,Closed,,,500,Used Oil,,
55037,Alaska,AK3117,AK3117_1,Closed,,,500,Diesel,,
55039,Alaska,AK2806,AK2806_1,Closed,,,1000,Gasoline,,
55040,Alaska,AK3117,AK3117_2,Closed,,,500,Diesel,,
55044,Alaska,AK3122,AK3122_1,Closed,,,500,Diesel,,
55048,Alaska,AK3127,AK3127_1,Closed,,,5000,Diesel,,
55050,Alaska,AK3133,AK3133_1,Closed,,,1000,Gasoline,,
55051,Alaska,AK3136,AK3136_1,Closed,,,12000,Gasoline,,
55053,Alaska,AK3136,AK3136_2,Closed,,,12000,Gasoline,,
55054,Alaska,AK3136,AK3136_3,Closed,,,12000,Diesel,,
55056,Alaska,AK3140,AK3140_1,Closed,,,5000,Diesel,,
55058,Alaska,AK3145,AK3145_1,Closed,,,500,Gasoline,,
55060,Alaska,AK3146,AK3146_1,Closed,,,500,Gasoline,,
55062,Alaska,AK3147,AK3147_1,Closed,,,500,Gasoline,,
55064,Alaska,AK3148,AK3148_1,Closed,,,500,Gasoline,,
55066,Alaska,AK3150,AK3150_1,Closed,,,500,Gasoline,,
55067,Alaska,AK3151,AK3151_1,Closed,,,500,Gasoline,,
55069,Alaska,AK3152,AK3152_1,Closed,,,500,Gasoline,,
55070,Alaska,AK3153,AK3153_1,Closed,,,500,Gasoline,,
55072,Alaska,AK3154,AK3154_1,Closed,,,500,Gasoline,,
55073,Alaska,AK3155,AK3155_1,Closed,,,500,Gasoline,,
55075,Alaska,AK3156,AK3156_1,Closed,,,500,Gasoline,,
55076,Alaska,AK3157,AK3157_1,Closed,,,500,Gasoline,,
55078,Alaska,AK3158,AK3158_1,Closed,,,500,Gasoline,,
55079,Alaska,AK3159,AK3159_1,Closed,,,500,Gasoline,,
55081,Alaska,AK3160,AK3160_1,Closed,,,500,Gasoline,,
55082,Alaska,AK3162,AK3162_1,Closed,,,500,Gasoline,,
55084,Alaska,AK3163,AK3163_1,Closed,,,500,Gasoline,,
55085,Alaska,AK3164,AK3164_1,Closed,,,500,Gasoline,,
55087,Alaska,AK3165,AK3165_1,Closed,,,500,Gasoline,,
55088,Alaska,AK3166,AK3166_1,Closed,,,500,Gasoline,,
55090,Alaska,AK3167,AK3167_1,Closed,,,500,Gasoline,,
55092,Alaska,AK3168,AK3168_1,Closed,,,500,Not Listed,,
55094,Alaska,AK3169,AK3169_1,Closed,,,500,Gasoline,,
55095,Alaska,AK3170,AK3170_1,Closed,,,500,Gasoline,,
55097,Alaska,AK3171,AK3171_1,Closed,,,500,Gasoline,,
55098,Alaska,AK3172,AK3172_1,Closed,,,500,Not Listed,,
55100,Alaska,AK3173,AK3173_1,Closed,,,500,Gasoline,,
55101,Alaska,AK3174,AK3174_1,Closed,,,500,Gasoline,,
55103,Alaska,AK3175,AK3175_1,Closed,,,500,Not Listed,,
55104,Alaska,AK3176,AK3176_1,Closed,,,500,Gasoline,,
55106,Alaska,AK3177,AK3177_1,Closed,,,500,Gasoline,,
55107,Alaska,AK3179,AK3179_1,Closed,,,500,Gasoline,,
55109,Alaska,AK3180,AK3180_1,Closed,,,500,Gasoline,,
55110,Alaska,AK3181,AK3181_1,Closed,,,500,Gasoline,,
55113,Alaska,AK3183,AK3183_1,Closed,,,3500,Diesel,,
55114,Alaska,AK2808,AK2808_1,Closed,,,500,Gasoline,,
55115,Alaska,AK3183,AK3183_2,Closed,,,3500,Diesel,,
55117,Alaska,AK3183,AK3183_3,Open,,,4000,Diesel,,
55120,Alaska,AK3184,AK3184_1,Closed,,,5000,Gasoline,,
55123,Alaska,AK3184,AK3184_2,Closed,,,5000,Gasoline,,
55125,Alaska,AK2808,AK2808_2,Closed,,,500,Diesel,,
55126,Alaska,AK3184,AK3184_4,Closed,,,500,Diesel,,
55128,Alaska,AK3190,AK3190_1,Closed,,,6000,Diesel,,
55131,Alaska,AK3193,AK3193_1,Closed,,,1000,Diesel,,
55134,Alaska,AK3193,AK3193_3,Closed,,,1000,Diesel,,
55137,Alaska,AK3195,AK3195_1,Closed,,,500,Gasoline,,
55138,Alaska,AK2808,AK2808_3,Closed,,,500,Used Oil,,
55140,Alaska,AK3196,AK3196_1,Closed,,,500,Gasoline,,
55142,Alaska,AK3202,AK3202_1,Closed,,,500,Diesel,,
55145,Alaska,AK3204,AK3204_1,Closed,,,1000,Gasoline,,
55148,Alaska,AK3204,AK3204_2,Closed,,,1000,Diesel,,
55151,Alaska,AK3206,AK3206_1,Closed,,,300,Diesel,,
55154,Alaska,AK3207,AK3207_1,Closed,,,500,Diesel,,
55157,Alaska,AK3208,AK3208_1,Closed,,,5000,Diesel,,
55160,Alaska,AK3221,AK3221_1,Closed,,,500,Diesel,,
55163,Alaska,AK3230,AK3230_1,Closed,,,500,Used Oil,,
55166,Alaska,AK3236,AK3236_1,Closed,,,20000,Gasoline,,
55169,Alaska,AK3238,AK3238_1,Closed,,,1000,Gasoline,,
55172,Alaska,AK3238,AK3238_2,Closed,,,1000,Gasoline,,
55174,Alaska,AK3238,AK3238_3,Closed,,,1000,Diesel,,
55176,Alaska,AK3239,AK3239_1,Closed,,,500,Gasoline,,
55179,Alaska,AK3243,AK3243_1,Closed,,,500,Gasoline,,
55182,Alaska,AK3247,AK3247_1,Closed,,,500,Used Oil,,
55184,Alaska,AK3248,AK3248_1,Closed,,,300,Used Oil,,
55187,Alaska,AK325,AK325_1,Closed,,,500,Gasoline,,
55190,Alaska,AK325,AK325_2,Closed,,,500,Diesel,,
55193,Alaska,AK3250,AK3250_1,Closed,,,1000,Gasoline,,
55196,Alaska,AK326,AK326_4,Closed,,,500,Diesel,,
55199,Alaska,AK3269,AK3269_1,Closed,,,5000,Gasoline,,
55202,Alaska,AK3270,AK3270_1,Closed,,,1000,Diesel,,
55205,Alaska,AK3273,AK3273_1,Closed,,,900,Gasoline,,
55207,Alaska,AK3278,AK3278_1,Closed,,,500,Diesel,,
55210,Alaska,AK3278,AK3278_2,Closed,,,500,Diesel,,
55213,Alaska,AK3292,AK3292_1,Closed,,,500,Diesel,,
55219,Alaska,AK3292,AK3292_2,Closed,,,500,Diesel,,
55223,Alaska,AK3293,AK3293_1,Closed,,,1200,Diesel,,
55226,Alaska,AK3294,AK3294_1,Open,,,10000,Diesel,,
55229,Alaska,AK3299,AK3299_1,Closed,,,6000,Diesel,,
55260,Alaska,AK3300,AK3300_1,Closed,,,5600,Gasoline,,
55263,Alaska,AK3300,AK3300_2,Closed,,,1000,Used Oil,,
55267,Alaska,AK3300,AK3300_3,Closed,,,200,Other,,
55270,Alaska,AK3301,AK3301_1,Closed,,,1000,Gasoline,,
55273,Alaska,AK3308,AK3308_1,Closed,,,20000,Diesel,,
55277,Alaska,AK3310,AK3310_1,Closed,,,5000,Diesel,,
55280,Alaska,AK3311,AK3311_1,Closed,,,3000,Gasoline,,
55283,Alaska,AK3311,AK3311_2,Closed,,,2500,Gasoline,,
55285,Alaska,AK3316,AK3316_1,Closed,,,300,Other,,
55288,Alaska,AK3319,AK3319_1,Closed,,,2000,Diesel,,
55291,Alaska,AK3319,AK3319_2,Closed,,,1000,Diesel,,
55294,Alaska,AK3325,AK3325_1,Closed,,,300,Used Oil,,
55297,Alaska,AK3326,AK3326_1,Closed,,,10000,Diesel,,
55301,Alaska,AK334,AK334_1,Closed,,,1500,Gasoline,,
55304,Alaska,AK334,AK334_2,Closed,,,1500,Gasoline,,
55306,Alaska,AK3345,AK3345_2,Closed,,,500,Diesel,,
55309,Alaska,AK3374,AK3374_2,Closed,,,20000,Diesel,,
55311,Alaska,AK3374,AK3374_4,Closed,,,5000,Diesel,,
55314,Alaska,AK3375,AK3375_1,Closed,,,500,Gasoline,,
55317,Alaska,AK3375,AK3375_2,Closed,,,1000,Diesel,,
55320,Alaska,AK3378,AK3378_1,Closed,,,600,Gasoline,,
55321,Alaska,AK3391,AK3391_1,Closed,,,5000,Gasoline,,
55324,Alaska,AK3391,AK3391_2,Closed,,,5000,Gasoline,,
55325,Alaska,AK3425,AK3425_1,Closed,,,1000,Gasoline,,
55328,Alaska,AK3427,AK3427_1,Closed,,,1000,Gasoline,,
55329,Alaska,AK3427,AK3427_2,Closed,,,500,Diesel,,
55332,Alaska,AK3435,AK3435_1,Closed,,,500,Gasoline,,
55333,Alaska,AK3437,AK3437_1,Closed,,,500,Used Oil,,
55336,Alaska,AK3453,AK3453_1,Closed,,,750,Used Oil,,
55337,Alaska,AK3454,AK3454_1,Closed,,,670,Gasoline,,
55340,Alaska,AK346,AK346_1,Closed,,,2000,Gasoline,,
55343,Alaska,AK346,AK346_2,Closed,,,2000,Gasoline,,
55346,Alaska,AK3465,AK3465_1,Closed,,,635,Gasoline,,
55348,Alaska,AK3471,AK3471_1,Closed,,,300,Gasoline,,
55351,Alaska,AK3473,AK3473_1,Closed,,,550,Diesel,,
55354,Alaska,AK3474,AK3474_1,Closed,,,500,Diesel,,
55356,Alaska,AK3486,AK3486_1,Closed,,,300,Diesel,,
55359,Alaska,AK3492,AK3492_1,Open,,,6000,Diesel,,
55362,Alaska,AK3493,AK3493_1,Closed,,,5000,Diesel,,
55365,Alaska,AK3493,AK3493_2,Closed,,,5000,Diesel,,
55368,Alaska,AK3493,AK3493_3,Closed,,,500,Diesel,,
55371,Alaska,AK3494,AK3494_1,Closed,,,3000,Diesel,,
55374,Alaska,AK3495,AK3495_1,Closed,,,5000,Diesel,,
55377,Alaska,AK3498,AK3498_1,Closed,,,8000,Diesel,,
55381,Alaska,AK3499,AK3499_1,Open,,,5000,Diesel,,
55384,Alaska,AK3500,AK3500_1,Closed,,,5000,Diesel,,
55389,Alaska,AK3501,AK3501_1,Closed,,,10000,Diesel,,
55392,Alaska,AK3503,AK3503_1,Closed,,,5000,Diesel,,
55395,Alaska,AK3505,AK3505_1,Closed,,,3000,Diesel,,
55398,Alaska,AK3507,AK3507_1,Closed,,,5000,Diesel,,
55401,Alaska,AK3508,AK3508_1,Closed,,,5000,Diesel,,
55404,Alaska,AK3509,AK3509_1,Closed,,,5000,Diesel,,
55406,Alaska,AK3510,AK3510_1,Closed,,,5000,Diesel,,
55409,Alaska,AK3511,AK3511_1,Closed,,,12000,Diesel,,
55412,Alaska,AK3543,AK3543_1,Closed,,,1200,Gasoline,,
55415,Alaska,AK3543,AK3543_2,Closed,,,1200,Gasoline,,
55418,Alaska,AK3543,AK3543_3,Closed,,,300,Gasoline,,
55421,Alaska,AK3563,AK3563_2,Closed,,,300,Unknown,,
55424,Alaska,AK3567,AK3567_1,Closed,,,1000,Gasoline,,
55427,Alaska,AK3567,AK3567_2,Closed,,,1000,Diesel,,
55430,Alaska,AK3576,AK3576_1,Closed,,,500,Gasoline,,
55431,Alaska,AK3577,AK3577_1,Closed,,,1000,Used Oil,,
55434,Alaska,AK3584,AK3584_1,Closed,,,250,Used Oil,,
55437,Alaska,AK3589,AK3589_1,Closed,,,300,Diesel,,
55441,Alaska,AK3590,AK3590_1,Closed,,,10000,Mixture,,
55444,Alaska,AK3593,AK3593_1,Closed,,,600,Diesel,,
55448,Alaska,AK3594,AK3594_1,Closed,,,2000,Diesel,,
55451,Alaska,AK3597,AK3597_1,Closed,,,250,Diesel,,
55454,Alaska,AK3605,AK3605_2,Open,,,2000,Diesel,,
55457,Alaska,AK3607,AK3607_1,Open,,,5000,Diesel,,
55461,Alaska,AK3609,AK3609_1,Open,,,5000,Heating Oil,,
55464,Alaska,AK3611,AK3611_1,Open,,,1000,Used Oil,,
55467,Alaska,AK3611,AK3611_2,Open,,,1000,Diesel,,
55469,Alaska,AK3613,AK3613_1,Closed,,,500,Used Oil,,
55472,Alaska,AK3615,AK3615_1,Open,,,1500,Gasoline,,
55474,Alaska,AK3618,AK3618_1,Open,,,10000,Diesel,,
55478,Alaska,AK3619,AK3619_1,Open,,,10000,Diesel,,
55481,Alaska,AK375,AK375_3,Closed,,,1000,Gasoline,,
55484,Alaska,AK386,AK386_4,Closed,,,3000,Gasoline,,
55487,Alaska,AK386,AK386_5,Closed,,,1000,Diesel,,
55490,Alaska,AK4,AK4_4,Closed,,,500,Used Oil,,
55494,Alaska,AK40,AK40_3,Closed,,,4000,Gasoline,,
55497,Alaska,AK40,AK40_4,Closed,,,4000,Diesel,,
55500,Alaska,AK40,AK40_5,Closed,,,1800,Gasoline,,
55503,Alaska,AK40,AK40_6,Closed,,,500,Used Oil,,
55506,Alaska,AK429,AK429_1,Closed,,,400,Gasoline,,
55509,Alaska,AK434,AK434_1,Closed,,,1500,Diesel,,
55512,Alaska,AK434,AK434_2,Closed,,,1500,Gasoline,,
55515,Alaska,AK44,AK44_10,Closed,,,500,Diesel,,
55519,Alaska,AK44,AK44_11,Closed,,,500,Diesel,,
55523,Alaska,AK44,AK44_12,Closed,,,500,Diesel,,
55526,Alaska,AK44,AK44_13,Closed,,,500,Gasoline,,
55528,Alaska,AK44,AK44_8,Closed,,,2000,Gasoline,,
55530,Alaska,AK44,AK44_9,Closed,,,500,Gasoline,,
55532,Alaska,AK445,AK445_1,Closed,,,1300,Gasoline,,
55534,Alaska,AK445,AK445_2,Closed,,,1300,Diesel,,
55537,Alaska,AK449,AK449_3,Closed,,,1000,Gasoline,,
55540,Alaska,AK457,AK457_1,Closed,,,1000,Gasoline,,
55541,Alaska,AK465,AK465_1,Closed,,,12000,Gasoline,,
55544,Alaska,AK465,AK465_2,Closed,,,12000,Gasoline,,
55546,Alaska,AK465,AK465_3,Closed,,,6000,Gasoline,,
55548,Alaska,AK47,AK47_5,Closed,,,500,Diesel,,
55551,Alaska,AK5,AK5_4,Closed,,,1500,Gasoline,,
55554,Alaska,AK518,AK518_1,Closed,,,10000,Gasoline,,
55557,Alaska,AK518,AK518_2,Closed,,,4000,Gasoline,,
55560,Alaska,AK518,AK518_3,Closed,,,3000,Gasoline,,
55564,Alaska,AK518,AK518_4,Closed,,,2000,Gasoline,,
55567,Alaska,AK520,AK520_3,Closed,,,1000,Gasoline,,
55570,Alaska,AK520,AK520_4,Closed,,,1000,Gasoline,,
55573,Alaska,AK521,AK521_1,Closed,,,1000,Diesel,,
55576,Alaska,AK524,AK524_2,Closed,,,1000,Gasoline,,
55579,Alaska,AK525,AK525_1,Closed,,,1000,Gasoline,,
55582,Alaska,AK525,AK525_2,Closed,,,1000,Diesel,,
55588,Alaska,AK532,AK532_1,Closed,,,500,Diesel,,
55590,Alaska,AK533,AK533_1,Closed,,,1000,Diesel,,
55592,Alaska,AK533,AK533_2,Closed,,,1000,Gasoline,,
55594,Alaska,AK533,AK533_3,Closed,,,1000,Gasoline,,
55596,Alaska,AK533,AK533_4,Closed,,,500,Used Oil,,
55598,Alaska,AK538,AK538_3,Closed,,,200,Used Oil,,
55600,Alaska,AK540,AK540_7,Closed,,,500,Diesel,,
55603,Alaska,AK545,AK545_4,Closed,,,500,Used Oil,,
55606,Alaska,AK558,AK558_4,Closed,,,8000,Diesel,,
55609,Alaska,AK574,AK574_2,Closed,,,300,Used Oil,,
55612,Alaska,AK587,AK587_1,Closed,,,1000,Gasoline,,
55615,Alaska,AK587,AK587_2,Closed,,,2000,Diesel,,
55618,Alaska,AK591,AK591_1,Closed,,,500,Gasoline,,
55621,Alaska,AK595,AK595_1,Closed,,,8000,Gasoline,,
55624,Alaska,AK595,AK595_2,Closed,,,12000,Gasoline,,
55627,Alaska,AK595,AK595_3,Closed,,,6000,Gasoline,,
55630,Alaska,AK595,AK595_4,Closed,,,6000,Diesel,,
55633,Alaska,AK611,AK611_3,Closed,,,1000,Gasoline,,
55636,Alaska,AK635,AK635_3,Temporarily out of Service,,,500,Used Oil,,
55639,Alaska,AK66,AK66_5,Closed,,,200,Diesel,,
55640,Alaska,AK66,AK66_6,Closed,,,500,Diesel,,
55642,Alaska,AK66,AK66_7,Closed,,,1000,Diesel,,
55644,Alaska,AK661,AK661_2,Closed,,,300,Used Oil,,
55646,Alaska,AK663,AK663_1,Closed,,,1000,Gasoline,,
55647,Alaska,AK680,AK680_5,Closed,,,400,Used Oil,,
55649,Alaska,AK7,AK7_7,Closed,,,1000,Used Oil,,
55651,Alaska,AK71,AK71_6,Closed,,,500,Used Oil,,
55653,Alaska,AK725,AK725_3,Closed,,,1000,Used Oil,,
55655,Alaska,AK736,AK736_4,Closed,,,25000,Gasoline,,
55657,Alaska,AK736,AK736_5,Closed,,,1000,Gasoline,,
55659,Alaska,AK769,AK769_7,Closed,,,300,Used Oil,,
55661,Alaska,AK781,AK781_2,Closed,,,3000,Diesel,,
55663,Alaska,AK781,AK781_3,Closed,,,2000,Gasoline,,
55666,Alaska,AK781,AK781_4,Closed,,,550,Used Oil,,
55668,Alaska,AK791,AK791_2,Closed,,,1000,Gasoline,,
55670,Alaska,AK817,AK817_10,Closed,,,500,Diesel,,
55674,Alaska,AK817,AK817_9,Closed,,,500,Diesel,,
55686,Alaska,AK83,AK83_1,Closed,,,8000,Gasoline,,
55698,Alaska,AK851,AK851_3,Closed,,,2000,Gasoline,,
55710,Alaska,AK857,AK857_10,Closed,,,1000,Gasoline,,
55808,Alaska,AK2812,AK2812_1,Closed,,,500,Diesel,,
55810,Alaska,AK2813,AK2813_1,Closed,,,500,Gasoline,,
55872,Alaska,AK2816,AK2816_1,Closed,,,500,Gasoline,,
56699,Alaska,AK857,AK857_11,Closed,,,500,Diesel,,
56702,Alaska,AK857,AK857_28,Closed,,,625,Used Oil,,
56705,Alaska,AK857,AK857_5,Closed,,,200,Used Oil,,
56719,Alaska,AK858,AK858_1,Closed,,,500,Diesel,,
56721,Alaska,AK86,AK86_1,Closed,,,500,Gasoline,,
56724,Alaska,AK861,AK861_4,Closed,,,300,Used Oil,,
56727,Alaska,AK869,AK869_1,Closed,,,500,Diesel,,
56729,Alaska,AK87,AK87_2,Closed,,,1000,Gasoline,,
56732,Alaska,AK870,AK870_6,Closed,,,2000,Used Oil,,
56734,Alaska,AK872,AK872_2,Closed,,,500,Unknown,,
56737,Alaska,AK872,AK872_7,Closed,,,500,Diesel,,
56740,Alaska,AK872,AK872_8,Closed,,,250,Diesel,,
56743,Alaska,AK872,AK872_9,Closed,,,500,Diesel,,
56745,Alaska,AK892,AK892_2,Closed,,,10000,Gasoline,,
56747,Alaska,AK900,AK900_1,Closed,,,2000,Diesel,,
56752,Alaska,AK901,AK901_19,Closed,,,300,Used Oil,,
56755,Alaska,AK901,AK901_31,Closed,,,300,Diesel,,
56758,Alaska,AK901,AK901_34,Closed,,,3000,Used Oil,,
56761,Alaska,AK901,AK901_46,Closed,,,500,Diesel,,
56764,Alaska,AK901,AK901_47,Closed,,,500,Gasoline,,
56766,Alaska,AK901,AK901_48,Closed,,,500,Unknown,,
56769,Alaska,AK901,AK901_52,Closed,,,500,Used Oil,,
56772,Alaska,AK901,AK901_61,Closed,,,3500,Diesel,,
56773,Alaska,AK901,AK901_62,Closed,,,1000,Used Oil,,
56783,Alaska,AK901,AK901_64,Closed,,,500,Used Oil,,
56786,Alaska,AK901,AK901_66,Closed,,,300,Diesel,,
56789,Alaska,AK901,AK901_67,Closed,,,1035,Diesel,,
56792,Alaska,AK901,AK901_68,Closed,,,1800,Diesel,,
56795,Alaska,AK901,AK901_72,Closed,,,3050,Diesel,,
56797,Alaska,AK901,AK901_74,Closed,,,20000,Diesel,,
56799,Alaska,AK901,AK901_75,Closed,,,20000,Diesel,,
56802,Alaska,AK901,AK901_77,Closed,,,20000,Diesel,,
56804,Alaska,AK928,AK928_4,Closed,,,1000,Used Oil,,
56807,Alaska,AK93,AK93_1,Closed,,,6000,Gasoline,,
56810,Alaska,AK93,AK93_4,Closed,,,6000,Gasoline,,
56812,Alaska,AK932,AK932_10,Closed,,,20000,Diesel,,
56815,Alaska,AK932,AK932_3,Closed,,,600,Diesel,,
56817,Alaska,AK932,AK932_6,Closed,,,25000,Diesel,,
56820,Alaska,AK932,AK932_7,Closed,,,600,Gasoline,,
56825,Alaska,AK932,AK932_8,Closed,,,600,Gasoline,,
56827,Alaska,AK932,AK932_9,Closed,,,20000,Diesel,,
56828,Alaska,AK938,AK938_1,Closed,,,8000,Diesel,,
56831,Alaska,AK938,AK938_2,Closed,,,1000,Gasoline,,
56839,Alaska,AK94,AK94_10,Open,,,2000,Diesel,,
56843,Alaska,AK94,AK94_15,Open,,,1500,Diesel,,
56846,Alaska,AK94,AK94_9,Open,,,2000,Gasoline,,
56849,Alaska,AK944,AK944_1,Closed,,,500,Gasoline,,
56851,Alaska,AK967,AK967_2,Closed,,,1000,Used Oil,,
56854,Alaska,AK967,AK967_3,Closed,,,500,Used Oil,,
56856,Alaska,AK969,AK969_10,Closed,,,1000,Used Oil,,
56859,Alaska,AK976,AK976_2,Closed,,,500,Gasoline,,
56861,Alaska,AK976,AK976_3,Closed,,,500,Gasoline,,
56864,Alaska,AK986,AK986_4,Closed,,,2500,Diesel,,
56866,Alaska,AK994,AK994_3,Closed,,,3000,Gasoline,,
56869,Alaska,AK998,AK998_1,Closed,,,500,Unknown,,
56872,Alaska,AK998,AK998_26,Closed,,,1000,Diesel,,
56874,Alaska,AK998,AK998_28,Closed,,,500,Unknown,,
56876,Alaska,AK998,AK998_29,Closed,,,500,Unknown,,
56879,Alaska,AK998,AK998_52,Closed,,,25000,Used Oil,,
56882,Alaska,AK998,AK998_6,Closed,,,1000,Gasoline,,
56885,Alaska,AK998,AK998_68,Closed,,,5000,Gasoline,,
56888,Alaska,AK998,AK998_69,Closed,,,5000,Gasoline,,
56899,Alaska,AK998,AK998_70,Closed,,,5000,Unknown,,
56902,Alaska,AK998,AK998_71,Closed,,,5000,Gasoline,,
56904,Alaska,AK998,AK998_72,Closed,,,5000,Gasoline,,
56906,Alaska,AK998,AK998_73,Closed,,,5000,Gasoline,,
56909,Alaska,AK998,AK998_74,Closed,,,5000,Gasoline,,
56912,Alaska,AK998,AK998_75,Closed,,,5000,Gasoline,,
56913,Alaska,AK998,AK998_76,Closed,,,5000,Gasoline,,
56916,Alaska,AK998,AK998_87,Closed,,,5000,Gasoline,,
56919,Alaska,AK998,AK998_88,Closed,,,5000,Gasoline,,
56922,Alaska,AK998,AK998_89,Closed,,,5000,Unknown,,
56924,Alaska,AK998,AK998_90,Closed,,,5000,Gasoline,,
56927,Alaska,AK998,AK998_91,Closed,,,5000,Gasoline,,
56929,Alaska,AK998,AK998_92,Closed,,,5000,Gasoline,,
56932,Alaska,AK998,AK998_94,Closed,,,600,Diesel,,
57719,Alaska,AK2821,AK2821_1,Closed,,,500,Diesel,,
57723,Alaska,AK2822,AK2822_1,Closed,,,1000,Diesel,,
57727,Alaska,AK2822,AK2822_2,Closed,,,2000,Gasoline,,
57731,Alaska,AK2825,AK2825_1,Closed,,,1000,Gasoline,,
57735,Alaska,AK2835,AK2835_2,Closed,,,300,Used Oil,,
57739,Alaska,AK2838,AK2838_2,Closed,,,10000,Gasoline,,
57743,Alaska,AK2840,AK2840_1,Closed,,,500,Gasoline,,
57751,Alaska,AK2840,AK2840_2,Closed,,,500,Gasoline,,
57759,Alaska,AK2840,AK2840_3,Closed,,,2500,Gasoline,,
57767,Alaska,AK2852,AK2852_4,Closed,,,2000,Gasoline,,
57775,Alaska,AK2855,AK2855_1,Closed,,,1000,Gasoline,,
57783,Alaska,AK2855,AK2855_2,Closed,,,1000,Gasoline,,
57791,Alaska,AK2855,AK2855_3,Closed,,,1000,Gasoline,,
57799,Alaska,AK2855,AK2855_4,Closed,,,1000,Gasoline,,
58862,Alaska,AK2818,AK2818_1,Closed,,,2000,Diesel,,
2295833,Alaska,1100001,Tank 45-A-02,Permanently Out of Use,1/1/1973 5:00:00 AM,11/10/1998 5:00:00 AM,1000,Diesel,,U
2295834,Alaska,1100001,Tank Site 76A,Permanently Out of Use,1/1/1900 5:00:00 AM,9/26/1999 4:00:00 AM,1000,Used Oil,,U
2295835,Alaska,1100001,Tank Site 76B,Permanently Out of Use,1/1/1900 5:00:00 AM,9/23/1999 4:00:00 AM,1200,Gasoline (containing <=10% ethanol),,U
2295836,Alaska,1100001,Tank Site 78B,Permanently Out of Use,8/1/1942 4:00:00 AM,9/24/1999 4:00:00 AM,580,Diesel,,U
2295837,Alaska,1100001,Tank 45-C-01,Permanently Out of Use,1/1/1966 5:00:00 AM,1/1/1995 5:00:00 AM,515,Gasoline (containing <=10% ethanol),,U
2295838,Alaska,1100001,Tank 45-B-01,Permanently Out of Use,1/1/1962 5:00:00 AM,11/10/1998 5:00:00 AM,515,Gasoline (containing <=10% ethanol),,U
2295839,Alaska,1100002,Tank 1,Permanently Out of Use,1/1/1900 5:00:00 AM,8/21/2003 4:00:00 AM,1000,Gasoline (containing <=10% ethanol),,U
2295840,Alaska,1100003,Tank 1,Permanently Out of Use,1/1/1958 5:00:00 AM,8/23/2003 4:00:00 AM,1000,Diesel,,U
2295841,Alaska,1100004,Tank FUDS UST1,Permanently Out of Use,4/1/1947 5:00:00 AM,10/13/1998 4:00:00 AM,25000,Av Gas,,U
2295842,Alaska,1100004,Tank FUDS UST2,Permanently Out of Use,4/1/1947 5:00:00 AM,10/15/1998 4:00:00 AM,25000,Av Gas,,U
2295843,Alaska,1100004,Tank FUDS UST5,Permanently Out of Use,4/1/1947 5:00:00 AM,10/31/1998 5:00:00 AM,25000,Av Gas,,U
2295844,Alaska,1100004,Tank FUDS UST4,Permanently Out of Use,4/1/1947 5:00:00 AM,10/20/1998 4:00:00 AM,25000,Av Gas,,U
2295845,Alaska,1100004,Tank FUDS UST3,Permanently Out of Use,4/1/1947 5:00:00 AM,11/4/1998 5:00:00 AM,25000,Av Gas,,U
2295846,Alaska,1100005,Tank 1,Permanently Out of Use,1/1/1900 5:00:00 AM,12/21/1998 5:00:00 AM,2500,Other,,U
2295847,Alaska,1100005,Tank 2,Permanently Out of Use,1/1/1900 5:00:00 AM,12/21/1998 5:00:00 AM,2500,Other,,U
2295848,Alaska,1200001,Tank 2,Abandoned,1/1/1900 5:00:00 AM,,5000,Diesel,,U
2295849,Alaska,1200001,Tank 1,Abandoned,1/1/1900 5:00:00 AM,,5000,Diesel,,U
